ISO-10303-21;
HEADER;
FILE_DESCRIPTION (( 'STEP AP214' ),
    '1' );
FILE_NAME ('GreenBlueBrownGold.STEP',
    '2022-03-10T09:31:15',
    ( '' ),
    ( '' ),
    'SwSTEP 2.0',
    'SolidWorks 2017',
    '' );
FILE_SCHEMA (( 'AUTOMOTIVE_DESIGN' ));
ENDSEC;

DATA;
#1 = DIRECTION ( 'NONE',  ( -1.000000000000000000, -0.0000000000000000000, -0.0000000000000000000 ) ) ;
#2 = DIRECTION ( 'NONE',  ( -1.000000000000000000, 0.0000000000000000000, 0.0000000000000000000 ) ) ;
#3 = EDGE_CURVE ( 'NONE', #1118, #2115, #2050, .T. ) ;
#4 = DIRECTION ( 'NONE',  ( 0.0000000000000000000, 0.0000000000000000000, 1.000000000000000000 ) ) ;
#5 = ORIENTED_EDGE ( 'NONE', *, *, #934, .F. ) ;
#6 = DIRECTION ( 'NONE',  ( 0.0000000000000000000, 0.0000000000000000000, 1.000000000000000000 ) ) ;
#7 = AXIS2_PLACEMENT_3D ( 'NONE', #992, #1187, #1539 ) ;
#8 = ORIENTED_EDGE ( 'NONE', *, *, #2391, .T. ) ;
#9 = EDGE_LOOP ( 'NONE', ( #621, #518 ) ) ;
#10 = DIRECTION ( 'NONE',  ( 1.000000000000000000, 0.0000000000000000000, 0.0000000000000000000 ) ) ;
#11 = ORIENTED_EDGE ( 'NONE', *, *, #1963, .F. ) ;
#12 = DIRECTION ( 'NONE',  ( -1.000000000000000000, 0.0000000000000000000, 0.0000000000000000000 ) ) ;
#13 = ORIENTED_EDGE ( 'NONE', *, *, #595, .T. ) ;
#14 = CIRCLE ( 'NONE', #1987, 2.904411906293519000 ) ;
#15 = PLANE ( 'NONE',  #68 ) ;
#16 = VERTEX_POINT ( 'NONE', #77 ) ;
#17 = CIRCLE ( 'NONE', #103, 3.104411906293518700 ) ;
#18 = EDGE_LOOP ( 'NONE', ( #1754, #2107, #1379, #619 ) ) ;
#19 = EDGE_CURVE ( 'NONE', #789, #2244, #2079, .T. ) ;
#20 = CARTESIAN_POINT ( 'NONE',  ( 4.599999999999999600, 3.250000000000000000, 0.4000000000000000800 ) ) ;
#21 = LINE ( 'NONE', #964, #226 ) ;
#22 = DIRECTION ( 'NONE',  ( -1.000000000000000000, 0.0000000000000000000, 0.0000000000000000000 ) ) ;
#23 = CIRCLE ( 'NONE', #53, 0.4000000000000000800 ) ;
#24 = AXIS2_PLACEMENT_3D ( 'NONE', #688, #2000, #2374 ) ;
#25 = EDGE_LOOP ( 'NONE', ( #1092, #901, #347, #1942 ) ) ;
#26 = FACE_OUTER_BOUND ( 'NONE', #1230, .T. ) ;
#27 = AXIS2_PLACEMENT_3D ( 'NONE', #1299, #1853, #1843 ) ;
#28 = CARTESIAN_POINT ( 'NONE',  ( 0.0000000000000000000, 0.0000000000000000000, 0.0000000000000000000 ) ) ;
#29 = ORIENTED_EDGE ( 'NONE', *, *, #2190, .T. ) ;
#30 = DIRECTION ( 'NONE',  ( 0.0000000000000000000, 0.0000000000000000000, -1.000000000000000000 ) ) ;
#31 = DIRECTION ( 'NONE',  ( 0.0000000000000000000, 0.0000000000000000000, 1.000000000000000000 ) ) ;
#32 = CARTESIAN_POINT ( 'NONE',  ( 1.979061101946970200, 3.250000000000000000, 0.0000000000000000000 ) ) ;
#33 = EDGE_CURVE ( 'NONE', #350, #2003, #1580, .T. ) ;
#34 = CARTESIAN_POINT ( 'NONE',  ( 3.446978872283181300, 3.250000000000000000, 0.0000000000000000000 ) ) ;
#35 = EDGE_CURVE ( 'NONE', #73, #1455, #1047, .T. ) ;
#36 = VERTEX_POINT ( 'NONE', #1834 ) ;
#37 = ORIENTED_EDGE ( 'NONE', *, *, #1849, .T. ) ;
#38 = AXIS2_PLACEMENT_3D ( 'NONE', #1985, #1789, #1817 ) ;
#39 = VERTEX_POINT ( 'NONE', #881 ) ;
#40 = CARTESIAN_POINT ( 'NONE',  ( -3.259040348126000600, 3.250000000000000000, 0.0000000000000000000 ) ) ;
#41 = ORIENTED_EDGE ( 'NONE', *, *, #2070, .F. ) ;
#42 = LINE ( 'NONE', #1116, #1357 ) ;
#43 = CARTESIAN_POINT ( 'NONE',  ( 10.79397851914335000, 3.249999999999999600, 2.904411906293519000 ) ) ;
#44 = MANIFOLD_SOLID_BREP ( 'Sweep1', #483 ) ;
#45 = FACE_OUTER_BOUND ( 'NONE', #521, .T. ) ;
#46 = CARTESIAN_POINT ( 'NONE',  ( 1.979061101946970200, 0.0000000000000000000, 0.0000000000000000000 ) ) ;
#47 = EDGE_LOOP ( 'NONE', ( #423, #223, #1425, #79 ) ) ;
#48 = CIRCLE ( 'NONE', #663, 0.4000000000000000800 ) ;
#49 = EDGE_CURVE ( 'NONE', #1182, #1633, #2160, .T. ) ;
#50 = CARTESIAN_POINT ( 'NONE',  ( -4.400000000000000400, 3.250000000000000000, 0.0000000000000000000 ) ) ;
#51 = CARTESIAN_POINT ( 'NONE',  ( 4.599999999999999600, 3.250000000000000000, 0.0000000000000000000 ) ) ;
#52 = CARTESIAN_POINT ( 'NONE',  ( 0.3990818557679416400, 3.250000000000000000, 0.0000000000000000000 ) ) ;
#53 = AXIS2_PLACEMENT_3D ( 'NONE', #342, #699, #1850 ) ;
#54 = AXIS2_PLACEMENT_3D ( 'NONE', #493, #127, #120 ) ;
#55 = DIRECTION ( 'NONE',  ( -1.000000000000000000, -0.0000000000000000000, -0.0000000000000000000 ) ) ;
#56 = DIRECTION ( 'NONE',  ( 0.0000000000000000000, 0.0000000000000000000, 1.000000000000000000 ) ) ;
#57 = DIRECTION ( 'NONE',  ( 0.0000000000000000000, 0.0000000000000000000, -1.000000000000000000 ) ) ;
#58 = VECTOR ( 'NONE', #1642, 1000.000000000000000 ) ;
#59 = DIRECTION ( 'NONE',  ( -1.000000000000000000, 0.0000000000000000000, 0.0000000000000000000 ) ) ;
#60 = VERTEX_POINT ( 'NONE', #1055 ) ;
#61 = ADVANCED_FACE ( 'NONE', ( #2312 ), #208, .T. ) ;
#62 = EDGE_CURVE ( 'NONE', #2417, #1794, #388, .T. ) ;
#63 = EDGE_LOOP ( 'NONE', ( #857, #167, #1927, #1971 ) ) ;
#64 = CARTESIAN_POINT ( 'NONE',  ( -3.259040348126000600, 3.250000000000000000, 3.049999999999999800 ) ) ;
#65 = AXIS2_PLACEMENT_3D ( 'NONE', #1663, #2073, #2265 ) ;
#66 = DIRECTION ( 'NONE',  ( 0.0000000000000000000, 0.0000000000000000000, -1.000000000000000000 ) ) ;
#67 = VERTEX_POINT ( 'NONE', #1806 ) ;
#68 = AXIS2_PLACEMENT_3D ( 'NONE', #581, #951, #2259 ) ;
#69 = ORIENTED_EDGE ( 'NONE', *, *, #62, .T. ) ;
#70 = ORIENTED_EDGE ( 'NONE', *, *, #1360, .T. ) ;
#71 = CIRCLE ( 'NONE', #913, 2.904411906293519000 ) ;
#72 = CARTESIAN_POINT ( 'NONE',  ( -3.259040348126000600, 3.250000000000000000, 0.0000000000000000000 ) ) ;
#73 = VERTEX_POINT ( 'NONE', #1426 ) ;
#74 = ADVANCED_FACE ( 'NONE', ( #1315, #1260 ), #695, .T. ) ;
#75 = DIRECTION ( 'NONE',  ( -1.000000000000000000, -0.0000000000000000000, -0.0000000000000000000 ) ) ;
#76 = FACE_OUTER_BOUND ( 'NONE', #146, .T. ) ;
#77 = CARTESIAN_POINT ( 'NONE',  ( -4.400000000000000400, 3.250000000000000000, 0.5000000000000000000 ) ) ;
#78 = CIRCLE ( 'NONE', #434, 0.4000000000000000800 ) ;
#79 = ORIENTED_EDGE ( 'NONE', *, *, #1680, .T. ) ;
#80 = EDGE_CURVE ( 'NONE', #739, #2087, #1820, .T. ) ;
#81 = DIRECTION ( 'NONE',  ( -1.000000000000000000, 0.0000000000000000000, 0.0000000000000000000 ) ) ;
#82 = APPLICATION_CONTEXT ( 'automotive_design' ) ;
#83 = DIRECTION ( 'NONE',  ( 0.0000000000000000000, 0.0000000000000000000, 1.000000000000000000 ) ) ;
#84 = AXIS2_PLACEMENT_3D ( 'NONE', #1760, #81, #636 ) ;
#85 = VECTOR ( 'NONE', #317, 1000.000000000000000 ) ;
#86 = ADVANCED_FACE ( 'NONE', ( #639 ), #2189, .T. ) ;
#87 = CARTESIAN_POINT ( 'NONE',  ( 4.599999999999999600, 3.250000000000000000, 3.104411906293518700 ) ) ;
#88 = DIRECTION ( 'NONE',  ( 0.0000000000000000000, 0.0000000000000000000, -1.000000000000000000 ) ) ;
#89 = CARTESIAN_POINT ( 'NONE',  ( -6.599999999999998800, 2.449999999999998800, 0.0000000000000000000 ) ) ;
#90 = DIRECTION ( 'NONE',  ( -1.000000000000000000, 0.0000000000000000000, 0.0000000000000000000 ) ) ;
#91 = ORIENTED_EDGE ( 'NONE', *, *, #2239, .F. ) ;
#92 = EDGE_CURVE ( 'NONE', #983, #1182, #1016, .T. ) ;
#93 = ORIENTED_EDGE ( 'NONE', *, *, #149, .T. ) ;
#94 = CARTESIAN_POINT ( 'NONE',  ( 1.979061101946970200, 3.249999999999999600, -3.249999999999999600 ) ) ;
#95 = VERTEX_POINT ( 'NONE', #335 ) ;
#96 = AXIS2_PLACEMENT_3D ( 'NONE', #2218, #360, #2038 ) ;
#97 = DIRECTION ( 'NONE',  ( 0.0000000000000000000, 0.0000000000000000000, -1.000000000000000000 ) ) ;
#98 = ADVANCED_FACE ( 'NONE', ( #755 ), #1632, .T. ) ;
#99 = FACE_OUTER_BOUND ( 'NONE', #967, .T. ) ;
#100 = EDGE_LOOP ( 'NONE', ( #568, #2392 ) ) ;
#101 = FACE_OUTER_BOUND ( 'NONE', #1478, .T. ) ;
#102 = CARTESIAN_POINT ( 'NONE',  ( -1.979061101946970600, 3.250000000000000000, -2.904411906293519000 ) ) ;
#103 = AXIS2_PLACEMENT_3D ( 'NONE', #1414, #1076, #862 ) ;
#104 =( LENGTH_UNIT ( ) NAMED_UNIT ( * ) SI_UNIT ( .MILLI., .METRE. ) );
#105 = ORIENTED_EDGE ( 'NONE', *, *, #2212, .T. ) ;
#106 = VECTOR ( 'NONE', #473, 1000.000000000000000 ) ;
#107 = CARTESIAN_POINT ( 'NONE',  ( -4.599999999999999600, 3.250000000000000000, 0.0000000000000000000 ) ) ;
#108 = DIRECTION ( 'NONE',  ( 0.0000000000000000000, 0.0000000000000000000, 1.000000000000000000 ) ) ;
#109 = EDGE_LOOP ( 'NONE', ( #185, #1676 ) ) ;
#110 = LINE ( 'NONE', #1582, #2096 ) ;
#111 = DIRECTION ( 'NONE',  ( 0.0000000000000000000, 0.0000000000000000000, 1.000000000000000000 ) ) ;
#112 = DIRECTION ( 'NONE',  ( 0.0000000000000000000, 0.0000000000000000000, 1.000000000000000000 ) ) ;
#113 = CARTESIAN_POINT ( 'NONE',  ( 0.9990818557679406200, 3.250000000000000000, 0.0000000000000000000 ) ) ;
#114 = EDGE_CURVE ( 'NONE', #1192, #1893, #1087, .T. ) ;
#115 = CARTESIAN_POINT ( 'NONE',  ( -2.579061101946970200, 3.250000000000000400, -3.249999999999999600 ) ) ;
#116 = ADVANCED_FACE ( 'NONE', ( #263 ), #1671, .T. ) ;
#117 = DIRECTION ( 'NONE',  ( 1.000000000000000000, 0.0000000000000000000, 0.0000000000000000000 ) ) ;
#118 = AXIS2_PLACEMENT_3D ( 'NONE', #2065, #1523, #1909 ) ;
#119 = CARTESIAN_POINT ( 'NONE',  ( 4.599999999999999600, 3.250000000000000000, 0.0000000000000000000 ) ) ;
#120 = DIRECTION ( 'NONE',  ( 0.0000000000000000000, 0.0000000000000000000, 1.000000000000000000 ) ) ;
#121 = DIRECTION ( 'NONE',  ( 1.000000000000000000, 0.0000000000000000000, 0.0000000000000000000 ) ) ;
#122 = DIRECTION ( 'NONE',  ( 1.000000000000000000, 0.0000000000000000000, 0.0000000000000000000 ) ) ;
#123 = AXIS2_PLACEMENT_3D ( 'NONE', #2154, #1014, #823 ) ;
#124 = CIRCLE ( 'NONE', #2058, 3.104411906293518700 ) ;
#125 = DIRECTION ( 'NONE',  ( 1.000000000000000000, -0.0000000000000000000, -0.0000000000000000000 ) ) ;
#126 = EDGE_LOOP ( 'NONE', ( #746, #1081 ) ) ;
#127 = DIRECTION ( 'NONE',  ( 1.000000000000000000, -0.0000000000000000000, -0.0000000000000000000 ) ) ;
#128 = ORIENTED_EDGE ( 'NONE', *, *, #1048, .F. ) ;
#129 = CARTESIAN_POINT ( 'NONE',  ( 4.599999999999999600, 3.250000000000000000, 0.0000000000000000000 ) ) ;
#130 = CARTESIAN_POINT ( 'NONE',  ( -3.259040348126000600, 3.250000000000000000, 0.0000000000000000000 ) ) ;
#131 = VERTEX_POINT ( 'NONE', #1858 ) ;
#132 = EDGE_CURVE ( 'NONE', #789, #240, #1467, .T. ) ;
#133 = ORIENTED_EDGE ( 'NONE', *, *, #1286, .T. ) ;
#134 = CIRCLE ( 'NONE', #237, 2.904411906293519000 ) ;
#135 = SURFACE_STYLE_USAGE ( .BOTH. , #512 ) ;
#136 = CIRCLE ( 'NONE', #27, 2.904411906293519000 ) ;
#137 = AXIS2_PLACEMENT_3D ( 'NONE', #1917, #2123, #2286 ) ;
#138 = CARTESIAN_POINT ( 'NONE',  ( -0.3990818557679409200, 0.0000000000000000000, 0.0000000000000000000 ) ) ;
#139 = ORIENTED_EDGE ( 'NONE', *, *, #267, .T. ) ;
#140 = FACE_OUTER_BOUND ( 'NONE', #2135, .T. ) ;
#141 = CYLINDRICAL_SURFACE ( 'NONE', #137, 3.249999999999999600 ) ;
#142 = DIRECTION ( 'NONE',  ( 0.0000000000000000000, 0.0000000000000000000, 1.000000000000000000 ) ) ;
#143 = FACE_OUTER_BOUND ( 'NONE', #937, .T. ) ;
#144 = ADVANCED_FACE ( 'NONE', ( #1961, #961 ), #356, .F. ) ;
#145 = DIRECTION ( 'NONE',  ( 0.0000000000000000000, 0.0000000000000000000, 1.000000000000000000 ) ) ;
#146 = EDGE_LOOP ( 'NONE', ( #1148, #1941, #1502, #2072 ) ) ;
#147 = DIRECTION ( 'NONE',  ( -1.000000000000000000, -0.0000000000000000000, -0.0000000000000000000 ) ) ;
#148 = CARTESIAN_POINT ( 'NONE',  ( 1.899081855767940800, 3.250000000000000000, 0.0000000000000000000 ) ) ;
#149 = EDGE_CURVE ( 'NONE', #1273, #1100, #1137, .T. ) ;
#150 = DIRECTION ( 'NONE',  ( 0.0000000000000000000, 0.0000000000000000000, -1.000000000000000000 ) ) ;
#151 = DIRECTION ( 'NONE',  ( -1.000000000000000000, 0.0000000000000000000, 0.0000000000000000000 ) ) ;
#152 = CARTESIAN_POINT ( 'NONE',  ( 2.579061101946970200, 0.0000000000000000000, 0.0000000000000000000 ) ) ;
#153 = CARTESIAN_POINT ( 'NONE',  ( 6.199999999999999300, 3.250000000000000000, 0.4000000000000000800 ) ) ;
#154 = CARTESIAN_POINT ( 'NONE',  ( -4.599999999999999600, 3.250000000000000000, 0.4000000000000000800 ) ) ;
#155 =( GEOMETRIC_REPRESENTATION_CONTEXT ( 3 ) GLOBAL_UNCERTAINTY_ASSIGNED_CONTEXT ( ( #298 ) ) GLOBAL_UNIT_ASSIGNED_CONTEXT ( ( #719, #2022, #367 ) ) REPRESENTATION_CONTEXT ( 'NONE', 'WORKASPACE' ) );
#156 = UNCERTAINTY_MEASURE_WITH_UNIT (LENGTH_MEASURE( 1.000000000000000100E-005 ), #231, 'distance_accuracy_value', 'NONE');
#157 = ORIENTED_EDGE ( 'NONE', *, *, #786, .T. ) ;
#158 = CARTESIAN_POINT ( 'NONE',  ( 4.400000000000000400, 3.250000000000000000, 0.5000000000000000000 ) ) ;
#159 = EDGE_LOOP ( 'NONE', ( #91, #1836, #1904, #1124, #2083 ) ) ;
#160 = DIRECTION ( 'NONE',  ( 1.000000000000000000, -0.0000000000000000000, -0.0000000000000000000 ) ) ;
#161 = SURFACE_STYLE_FILL_AREA ( #1638 ) ;
#162 = DIRECTION ( 'NONE',  ( 0.0000000000000000000, 0.0000000000000000000, 1.000000000000000000 ) ) ;
#163 = EDGE_CURVE ( 'NONE', #743, #1949, #1167, .T. ) ;
#164 = DIRECTION ( 'NONE',  ( -0.0000000000000000000, 1.000000000000000000, -0.0000000000000000000 ) ) ;
#165 = ORIENTED_EDGE ( 'NONE', *, *, #1256, .F. ) ;
#166 = VECTOR ( 'NONE', #2071, 1000.000000000000000 ) ;
#167 = ORIENTED_EDGE ( 'NONE', *, *, #1759, .T. ) ;
#168 = EDGE_CURVE ( 'NONE', #36, #2087, #1823, .T. ) ;
#169 = VECTOR ( 'NONE', #430, 1000.000000000000000 ) ;
#170 = DIRECTION ( 'NONE',  ( -0.3420201433256694900, -1.150791560227850300E-016, 0.9396926207859082100 ) ) ;
#171 = CIRCLE ( 'NONE', #470, 3.104411906293518700 ) ;
#172 = AXIS2_PLACEMENT_3D ( 'NONE', #2195, #1618, #668 ) ;
#173 = CARTESIAN_POINT ( 'NONE',  ( 4.599999999999999600, 3.250000000000000000, 0.0000000000000000000 ) ) ;
#174 = FACE_OUTER_BOUND ( 'NONE', #1764, .T. ) ;
#175 = EDGE_LOOP ( 'NONE', ( #329, #1809, #459, #1572 ) ) ;
#176 = CARTESIAN_POINT ( 'NONE',  ( 0.3990818557679408100, 3.250000000000000000, 0.0000000000000000000 ) ) ;
#177 = CARTESIAN_POINT ( 'NONE',  ( 0.3990818557679408100, 3.250000000000000000, 0.0000000000000000000 ) ) ;
#178 = CARTESIAN_POINT ( 'NONE',  ( 2.579061101946970700, 3.249999999999999600, 2.904411906293519000 ) ) ;
#179 = EDGE_CURVE ( 'NONE', #1300, #1295, #1855, .T. ) ;
#180 = AXIS2_PLACEMENT_3D ( 'NONE', #1305, #1297, #389 ) ;
#181 = FILL_AREA_STYLE_COLOUR ( '', #2114 ) ;
#182 = ORIENTED_EDGE ( 'NONE', *, *, #1333, .T. ) ;
#183 = CARTESIAN_POINT ( 'NONE',  ( -0.9990818557679406200, 3.250000000000000000, 0.0000000000000000000 ) ) ;
#184 = AXIS2_PLACEMENT_3D ( 'NONE', #202, #1501, #1354 ) ;
#185 = ORIENTED_EDGE ( 'NONE', *, *, #318, .T. ) ;
#186 = EDGE_LOOP ( 'NONE', ( #1651, #544, #13, #1827 ) ) ;
#187 = ORIENTED_EDGE ( 'NONE', *, *, #286, .F. ) ;
#188 = EDGE_CURVE ( 'NONE', #395, #833, #919, .T. ) ;
#189 = FACE_OUTER_BOUND ( 'NONE', #575, .T. ) ;
#190 = DIRECTION ( 'NONE',  ( 1.000000000000000000, 0.0000000000000000000, 0.0000000000000000000 ) ) ;
#191 = CIRCLE ( 'NONE', #985, 0.5000000000000000000 ) ;
#192 = ORIENTED_EDGE ( 'NONE', *, *, #956, .T. ) ;
#193 = PRODUCT_DEFINITION_CONTEXT ( 'detailed design', #290, 'design' ) ;
#194 = CIRCLE ( 'NONE', #418, 0.1999999999999996500 ) ;
#195 = CARTESIAN_POINT ( 'NONE',  ( 1.499081855767941100, 3.250000000000000000, 0.0000000000000000000 ) ) ;
#196 = MECHANICAL_DESIGN_GEOMETRIC_PRESENTATION_REPRESENTATION (  '', ( #270 ), #1668 ) ;
#197 = VERTEX_POINT ( 'NONE', #2402 ) ;
#198 = CYLINDRICAL_SURFACE ( 'NONE', #1469, 2.904411906293519000 ) ;
#199 = DIRECTION ( 'NONE',  ( 1.000000000000000000, 0.0000000000000000000, 0.0000000000000000000 ) ) ;
#200 = DIRECTION ( 'NONE',  ( 0.0000000000000000000, 0.0000000000000000000, 1.000000000000000000 ) ) ;
#201 = AXIS2_PLACEMENT_3D ( 'NONE', #256, #620, #1932 ) ;
#202 = CARTESIAN_POINT ( 'NONE',  ( 6.199999999999999300, 2.449999999999999300, 0.0000000000000000000 ) ) ;
#203 = DIRECTION ( 'NONE',  ( -1.000000000000000000, 0.0000000000000000000, 0.0000000000000000000 ) ) ;
#204 = VERTEX_POINT ( 'NONE', #2219 ) ;
#205 = CARTESIAN_POINT ( 'NONE',  ( 6.199999999999999300, 3.250000000000000000, 0.0000000000000000000 ) ) ;
#206 = CARTESIAN_POINT ( 'NONE',  ( 6.199999999999999300, 3.250000000000000000, 0.0000000000000000000 ) ) ;
#207 = EDGE_CURVE ( 'NONE', #1455, #36, #1121, .T. ) ;
#208 = CYLINDRICAL_SURFACE ( 'NONE', #24, 3.249999999999999600 ) ;
#209 = EDGE_CURVE ( 'NONE', #1295, #1065, #1683, .T. ) ;
#210 = CYLINDRICAL_SURFACE ( 'NONE', #753, 0.4000000000000001900 ) ;
#211 = FACE_OUTER_BOUND ( 'NONE', #896, .T. ) ;
#212 = CARTESIAN_POINT ( 'NONE',  ( 10.79397851914335000, 3.250000000000000000, 0.0000000000000000000 ) ) ;
#213 = ORIENTED_EDGE ( 'NONE', *, *, #465, .F. ) ;
#214 = CARTESIAN_POINT ( 'NONE',  ( -0.3990818557679408100, 3.250000000000000000, 3.104411906293518700 ) ) ;
#215 = AXIS2_PLACEMENT_3D ( 'NONE', #1577, #264, #1570 ) ;
#216 = ORIENTED_EDGE ( 'NONE', *, *, #822, .T. ) ;
#217 = ORIENTED_EDGE ( 'NONE', *, *, #1742, .F. ) ;
#218 = ORIENTED_EDGE ( 'NONE', *, *, #1599, .T. ) ;
#219 = DIRECTION ( 'NONE',  ( -1.000000000000000000, -0.0000000000000000000, -0.0000000000000000000 ) ) ;
#220 = VERTEX_POINT ( 'NONE', #1279 ) ;
#221 = CARTESIAN_POINT ( 'NONE',  ( 1.899081855767940800, 3.250000000000000000, 0.0000000000000000000 ) ) ;
#222 = CIRCLE ( 'NONE', #485, 3.249999999999999600 ) ;
#223 = ORIENTED_EDGE ( 'NONE', *, *, #1759, .F. ) ;
#224 = EDGE_CURVE ( 'NONE', #220, #1794, #2357, .T. ) ;
#225 = DIRECTION ( 'NONE',  ( -1.000000000000000000, 0.0000000000000000000, 0.0000000000000000000 ) ) ;
#226 = VECTOR ( 'NONE', #435, 1000.000000000000000 ) ;
#227 = DIRECTION ( 'NONE',  ( 0.0000000000000000000, 0.0000000000000000000, 1.000000000000000000 ) ) ;
#228 = FACE_OUTER_BOUND ( 'NONE', #1024, .T. ) ;
#229 = AXIS2_PLACEMENT_3D ( 'NONE', #2204, #2214, #1090 ) ;
#230 = CARTESIAN_POINT ( 'NONE',  ( 4.599999999999999600, 3.250000000000000000, 0.0000000000000000000 ) ) ;
#231 =( LENGTH_UNIT ( ) NAMED_UNIT ( * ) SI_UNIT ( .MILLI., .METRE. ) );
#232 = DIRECTION ( 'NONE',  ( 0.0000000000000000000, 0.0000000000000000000, -1.000000000000000000 ) ) ;
#233 = DIRECTION ( 'NONE',  ( -1.172110456741085800E-016, -1.000000000000000000, 0.0000000000000000000 ) ) ;
#234 = DIRECTION ( 'NONE',  ( -1.000000000000000000, 0.0000000000000000000, 0.0000000000000000000 ) ) ;
#235 = VECTOR ( 'NONE', #2040, 1000.000000000000000 ) ;
#236 = DIRECTION ( 'NONE',  ( -1.000000000000000000, -0.0000000000000000000, -0.0000000000000000000 ) ) ;
#237 = AXIS2_PLACEMENT_3D ( 'NONE', #1741, #253, #593 ) ;
#238 = EDGE_LOOP ( 'NONE', ( #1945, #715, #242, #1538 ) ) ;
#239 = DIRECTION ( 'NONE',  ( -1.000000000000000000, -0.0000000000000000000, -0.0000000000000000000 ) ) ;
#240 = VERTEX_POINT ( 'NONE', #1463 ) ;
#241 = AXIS2_PLACEMENT_3D ( 'NONE', #319, #506, #2159 ) ;
#242 = ORIENTED_EDGE ( 'NONE', *, *, #2340, .T. ) ;
#243 = DIRECTION ( 'NONE',  ( 0.0000000000000000000, 0.0000000000000000000, -1.000000000000000000 ) ) ;
#244 = SURFACE_STYLE_USAGE ( .BOTH. , #962 ) ;
#245 = VERTEX_POINT ( 'NONE', #543 ) ;
#246 = CONICAL_SURFACE ( 'NONE', #765, 3.250000000000000000, 0.3490658503988667800 ) ;
#247 = ADVANCED_FACE ( 'NONE', ( #1503, #2323 ), #908, .F. ) ;
#248 = LINE ( 'NONE', #540, #1504 ) ;
#249 = DIRECTION ( 'NONE',  ( 0.0000000000000000000, 0.0000000000000000000, -1.000000000000000000 ) ) ;
#250 = ORIENTED_EDGE ( 'NONE', *, *, #1465, .T. ) ;
#251 = VECTOR ( 'NONE', #1057, 1000.000000000000000 ) ;
#252 = FACE_OUTER_BOUND ( 'NONE', #126, .T. ) ;
#253 = DIRECTION ( 'NONE',  ( -1.000000000000000000, -0.0000000000000000000, -0.0000000000000000000 ) ) ;
#254 = CYLINDRICAL_SURFACE ( 'NONE', #738, 3.104411906293518700 ) ;
#255 = EDGE_CURVE ( 'NONE', #197, #436, #853, .T. ) ;
#256 = CARTESIAN_POINT ( 'NONE',  ( -2.579061101946970200, 3.250000000000000000, 0.0000000000000000000 ) ) ;
#257 = CARTESIAN_POINT ( 'NONE',  ( 4.599999999999999600, 3.250000000000000000, 0.0000000000000000000 ) ) ;
#258 = ORIENTED_EDGE ( 'NONE', *, *, #33, .T. ) ;
#259 = AXIS2_PLACEMENT_3D ( 'NONE', #1105, #2406, #1251 ) ;
#260 = VECTOR ( 'NONE', #871, 1000.000000000000000 ) ;
#261 = ADVANCED_FACE ( 'NONE', ( #101 ), #550, .F. ) ;
#262 =( GEOMETRIC_REPRESENTATION_CONTEXT ( 3 ) GLOBAL_UNCERTAINTY_ASSIGNED_CONTEXT ( ( #702 ) ) GLOBAL_UNIT_ASSIGNED_CONTEXT ( ( #104, #810, #450 ) ) REPRESENTATION_CONTEXT ( 'NONE', 'WORKASPACE' ) );
#263 = FACE_OUTER_BOUND ( 'NONE', #337, .T. ) ;
#264 = DIRECTION ( 'NONE',  ( 1.000000000000000000, 0.0000000000000000000, 0.0000000000000000000 ) ) ;
#265 = FACE_OUTER_BOUND ( 'NONE', #565, .T. ) ;
#266 = EDGE_LOOP ( 'NONE', ( #933, #2056, #133, #785 ) ) ;
#267 = EDGE_CURVE ( 'NONE', #644, #370, #1098, .T. ) ;
#268 = ORIENTED_EDGE ( 'NONE', *, *, #2375, .T. ) ;
#269 = DIRECTION ( 'NONE',  ( 0.0000000000000000000, 0.0000000000000000000, 1.000000000000000000 ) ) ;
#270 = STYLED_ITEM ( 'NONE', ( #274 ), #336 ) ;
#271 = ADVANCED_FACE ( 'NONE', ( #1030 ), #2233, .T. ) ;
#272 = ORIENTED_EDGE ( 'NONE', *, *, #1552, .F. ) ;
#273 = DIRECTION ( 'NONE',  ( 0.0000000000000000000, 0.0000000000000000000, -1.000000000000000000 ) ) ;
#274 = PRESENTATION_STYLE_ASSIGNMENT (( #780 ) ) ;
#275 = AXIS2_PLACEMENT_3D ( 'NONE', #566, #561, #929 ) ;
#276 = VERTEX_POINT ( 'NONE', #1723 ) ;
#277 = LINE ( 'NONE', #781, #1801 ) ;
#278 = ORIENTED_EDGE ( 'NONE', *, *, #19, .T. ) ;
#279 = CARTESIAN_POINT ( 'NONE',  ( 4.599999999999999600, 3.250000000000000000, 0.0000000000000000000 ) ) ;
#280 = ORIENTED_EDGE ( 'NONE', *, *, #2158, .F. ) ;
#281 = CIRCLE ( 'NONE', #1799, 2.904411906293519000 ) ;
#282 = CYLINDRICAL_SURFACE ( 'NONE', #1728, 0.4000000000000001900 ) ;
#283 = ADVANCED_FACE ( 'NONE', ( #997 ), #246, .T. ) ;
#284 = ORIENTED_EDGE ( 'NONE', *, *, #1173, .F. ) ;
#285 = CARTESIAN_POINT ( 'NONE',  ( -6.999999999999999100, 2.449999999999998800, 0.0000000000000000000 ) ) ;
#286 = EDGE_CURVE ( 'NONE', #782, #608, #790, .T. ) ;
#287 = CARTESIAN_POINT ( 'NONE',  ( 0.9990818557679406200, 3.250000000000000000, 3.104411906293518700 ) ) ;
#288 = AXIS2_PLACEMENT_3D ( 'NONE', #844, #856, #1404 ) ;
#289 = DIRECTION ( 'NONE',  ( -1.000000000000000000, 0.0000000000000000000, 0.0000000000000000000 ) ) ;
#290 = APPLICATION_CONTEXT ( 'automotive_design' ) ;
#291 = CARTESIAN_POINT ( 'NONE',  ( 1.979061101946970200, 0.0000000000000000000, 0.0000000000000000000 ) ) ;
#292 = DIRECTION ( 'NONE',  ( 1.000000000000000000, -0.0000000000000000000, -0.0000000000000000000 ) ) ;
#293 = DIRECTION ( 'NONE',  ( 0.0000000000000000000, 0.0000000000000000000, -1.000000000000000000 ) ) ;
#294 = ADVANCED_FACE ( 'NONE', ( #740, #426 ), #988, .T. ) ;
#295 = DIRECTION ( 'NONE',  ( -1.000000000000000000, -0.0000000000000000000, -0.0000000000000000000 ) ) ;
#296 = DIRECTION ( 'NONE',  ( 0.0000000000000000000, 0.0000000000000000000, -1.000000000000000000 ) ) ;
#297 = VERTEX_POINT ( 'NONE', #972 ) ;
#298 = UNCERTAINTY_MEASURE_WITH_UNIT (LENGTH_MEASURE( 1.000000000000000100E-005 ), #719, 'distance_accuracy_value', 'NONE');
#299 = EDGE_CURVE ( 'NONE', #2150, #245, #1242, .T. ) ;
#300 = ORIENTED_EDGE ( 'NONE', *, *, #2224, .F. ) ;
#301 = CARTESIAN_POINT ( 'NONE',  ( -1.979061101946970600, 3.250000000000000000, 0.0000000000000000000 ) ) ;
#302 = DIRECTION ( 'NONE',  ( 0.0000000000000000000, 0.0000000000000000000, 1.000000000000000000 ) ) ;
#303 = VERTEX_POINT ( 'NONE', #1920 ) ;
#304 = AXIS2_PLACEMENT_3D ( 'NONE', #1828, #1840, #2014 ) ;
#305 = CARTESIAN_POINT ( 'NONE',  ( -0.3990818557679416400, 3.250000000000000000, 0.0000000000000000000 ) ) ;
#306 = CARTESIAN_POINT ( 'NONE',  ( -1.499081855767941100, 3.250000000000000000, 0.0000000000000000000 ) ) ;
#307 = DIRECTION ( 'NONE',  ( 1.000000000000000000, 0.0000000000000000000, 0.0000000000000000000 ) ) ;
#308 = EDGE_LOOP ( 'NONE', ( #996, #735 ) ) ;
#309 = CIRCLE ( 'NONE', #2200, 0.5000000000000000000 ) ;
#310 = AXIS2_PLACEMENT_3D ( 'NONE', #2217, #1832, #1470 ) ;
#311 = ORIENTED_EDGE ( 'NONE', *, *, #776, .F. ) ;
#312 = LINE ( 'NONE', #1008, #922 ) ;
#313 = DIRECTION ( 'NONE',  ( -1.000000000000000000, -0.0000000000000000000, -0.0000000000000000000 ) ) ;
#314 = CARTESIAN_POINT ( 'NONE',  ( 10.79397851914335000, 3.250000000000000000, 0.0000000000000000000 ) ) ;
#315 = LINE ( 'NONE', #2121, #106 ) ;
#316 = DIRECTION ( 'NONE',  ( -1.000000000000000000, 0.0000000000000000000, 0.0000000000000000000 ) ) ;
#317 = DIRECTION ( 'NONE',  ( 1.000000000000000000, 0.0000000000000000000, 0.0000000000000000000 ) ) ;
#318 = EDGE_CURVE ( 'NONE', #1633, #1182, #456, .T. ) ;
#319 = CARTESIAN_POINT ( 'NONE',  ( -0.3990818557679409200, 0.0000000000000000000, 0.0000000000000000000 ) ) ;
#320 = VERTEX_POINT ( 'NONE', #1752 ) ;
#321 = CIRCLE ( 'NONE', #927, 2.904411906293519000 ) ;
#322 = AXIS2_PLACEMENT_3D ( 'NONE', #2249, #22, #1509 ) ;
#323 = DIRECTION ( 'NONE',  ( -1.000000000000000000, -0.0000000000000000000, -0.0000000000000000000 ) ) ;
#324 = CARTESIAN_POINT ( 'NONE',  ( -4.599999999999999600, 3.250000000000000400, -3.249999999999999600 ) ) ;
#325 = ADVANCED_FACE ( 'NONE', ( #2061, #2174 ), #1341, .T. ) ;
#326 = CARTESIAN_POINT ( 'NONE',  ( -0.9990818557679415100, 3.250000000000000400, 2.904411906293519000 ) ) ;
#327 = FACE_OUTER_BOUND ( 'NONE', #615, .T. ) ;
#328 = DIRECTION ( 'NONE',  ( 0.0000000000000000000, 0.0000000000000000000, -1.000000000000000000 ) ) ;
#329 = ORIENTED_EDGE ( 'NONE', *, *, #1316, .F. ) ;
#330 = FILL_AREA_STYLE ('',( #1060 ) ) ;
#331 = DIRECTION ( 'NONE',  ( -1.000000000000000000, 0.0000000000000000000, 0.0000000000000000000 ) ) ;
#332 = ORIENTED_EDGE ( 'NONE', *, *, #179, .F. ) ;
#333 = EDGE_CURVE ( 'NONE', #2112, #1889, #134, .T. ) ;
#334 = DIRECTION ( 'NONE',  ( 1.000000000000000000, 0.0000000000000000000, 0.0000000000000000000 ) ) ;
#335 = CARTESIAN_POINT ( 'NONE',  ( 2.579061101946970700, 3.250000000000000000, -2.904411906293519000 ) ) ;
#336 = MANIFOLD_SOLID_BREP ( 'Mirror2[3]', #1857 ) ;
#337 = EDGE_LOOP ( 'NONE', ( #1609, #1351, #1027, #216 ) ) ;
#338 = ADVANCED_FACE ( 'NONE', ( #978, #252 ), #768, .F. ) ;
#339 = EDGE_CURVE ( 'NONE', #1246, #2091, #191, .T. ) ;
#340 = PRESENTATION_STYLE_ASSIGNMENT (( #491 ) ) ;
#341 = ORIENTED_EDGE ( 'NONE', *, *, #1978, .F. ) ;
#342 = CARTESIAN_POINT ( 'NONE',  ( 6.999999999999997300, -19.75000000000000000, 0.0000000000000000000 ) ) ;
#343 = DIRECTION ( 'NONE',  ( 0.0000000000000000000, 0.0000000000000000000, -1.000000000000000000 ) ) ;
#344 = FACE_OUTER_BOUND ( 'NONE', #1068, .T. ) ;
#345 = AXIS2_PLACEMENT_3D ( 'NONE', #592, #233, #1337 ) ;
#346 = DIRECTION ( 'NONE',  ( 0.0000000000000000000, 0.0000000000000000000, 1.000000000000000000 ) ) ;
#347 = ORIENTED_EDGE ( 'NONE', *, *, #168, .T. ) ;
#348 = DIRECTION ( 'NONE',  ( 0.0000000000000000000, 0.0000000000000000000, 1.000000000000000000 ) ) ;
#349 = CYLINDRICAL_SURFACE ( 'NONE', #1292, 2.904411906293519000 ) ;
#350 = VERTEX_POINT ( 'NONE', #2139 ) ;
#351 = EDGE_LOOP ( 'NONE', ( #272, #1679 ) ) ;
#352 = CIRCLE ( 'NONE', #481, 3.249999999999999600 ) ;
#353 = CARTESIAN_POINT ( 'NONE',  ( -10.79397851914335000, 3.250000000000000000, -2.904411906293519000 ) ) ;
#354 = ORIENTED_EDGE ( 'NONE', *, *, #1756, .T. ) ;
#355 = CARTESIAN_POINT ( 'NONE',  ( -0.3990818557679416400, 3.250000000000000000, 0.0000000000000000000 ) ) ;
#356 = PLANE ( 'NONE',  #2378 ) ;
#357 = EDGE_CURVE ( 'NONE', #1702, #297, #974, .T. ) ;
#358 = AXIS2_PLACEMENT_3D ( 'NONE', #107, #313, #1616 ) ;
#359 = DIRECTION ( 'NONE',  ( 1.000000000000000000, -0.0000000000000000000, -0.0000000000000000000 ) ) ;
#360 = DIRECTION ( 'NONE',  ( -1.000000000000000000, 0.0000000000000000000, 0.0000000000000000000 ) ) ;
#361 = DIRECTION ( 'NONE',  ( 0.0000000000000000000, 0.0000000000000000000, 1.000000000000000000 ) ) ;
#362 = CARTESIAN_POINT ( 'NONE',  ( -10.79397851914335000, 3.250000000000000400, 2.904411906293519000 ) ) ;
#363 = AXIS2_PLACEMENT_3D ( 'NONE', #152, #2046, #1285 ) ;
#364 = ORIENTED_EDGE ( 'NONE', *, *, #567, .F. ) ;
#365 = CARTESIAN_POINT ( 'NONE',  ( -6.199999999999999300, 3.250000000000000000, 0.0000000000000000000 ) ) ;
#366 = VERTEX_POINT ( 'NONE', #2405 ) ;
#367 =( NAMED_UNIT ( * ) SI_UNIT ( $, .STERADIAN. ) SOLID_ANGLE_UNIT ( ) );
#368 = CARTESIAN_POINT ( 'NONE',  ( -6.199999999999999300, 2.449999999999999300, 0.0000000000000000000 ) ) ;
#369 = CARTESIAN_POINT ( 'NONE',  ( 6.999999999999999100, 2.449999999999998800, 0.0000000000000000000 ) ) ;
#370 = VERTEX_POINT ( 'NONE', #2211 ) ;
#371 = CIRCLE ( 'NONE', #769, 2.904411906293519000 ) ;
#372 = ORIENTED_EDGE ( 'NONE', *, *, #2110, .F. ) ;
#373 = MECHANICAL_DESIGN_GEOMETRIC_PRESENTATION_REPRESENTATION (  '', ( #1953 ), #2433 ) ;
#374 = VECTOR ( 'NONE', #160, 1000.000000000000000 ) ;
#375 = CARTESIAN_POINT ( 'NONE',  ( -1.979061101946970200, 3.250000000000000000, 0.0000000000000000000 ) ) ;
#376 = ORIENTED_EDGE ( 'NONE', *, *, #707, .F. ) ;
#377 = LINE ( 'NONE', #2176, #251 ) ;
#378 = AXIS2_PLACEMENT_3D ( 'NONE', #176, #1493, #1881 ) ;
#379 = CARTESIAN_POINT ( 'NONE',  ( 4.599999999999999600, 3.249999999999999600, -3.249999999999999600 ) ) ;
#380 = CARTESIAN_POINT ( 'NONE',  ( -6.999999999999997300, -19.75000000000000000, 0.0000000000000000000 ) ) ;
#381 = CIRCLE ( 'NONE', #1653, 2.904411906293519000 ) ;
#382 = ORIENTED_EDGE ( 'NONE', *, *, #1788, .F. ) ;
#383 = DIRECTION ( 'NONE',  ( -1.000000000000000000, -0.0000000000000000000, -0.0000000000000000000 ) ) ;
#384 = DIRECTION ( 'NONE',  ( 0.0000000000000000000, 0.0000000000000000000, -1.000000000000000000 ) ) ;
#385 = CARTESIAN_POINT ( 'NONE',  ( 4.599999999999999600, 3.250000000000000000, 0.0000000000000000000 ) ) ;
#386 = EDGE_CURVE ( 'NONE', #1300, #1437, #1711, .T. ) ;
#387 = DIRECTION ( 'NONE',  ( -1.000000000000000000, -0.0000000000000000000, -0.0000000000000000000 ) ) ;
#388 = CIRCLE ( 'NONE', #2043, 0.1999999999999996500 ) ;
#389 = DIRECTION ( 'NONE',  ( 0.0000000000000000000, 0.0000000000000000000, 1.000000000000000000 ) ) ;
#390 = AXIS2_PLACEMENT_3D ( 'NONE', #469, #1226, #1973 ) ;
#391 = CARTESIAN_POINT ( 'NONE',  ( 3.259040348126000600, 3.249999999999999600, -3.249999999999999600 ) ) ;
#392 = ORIENTED_EDGE ( 'NONE', *, *, #1649, .T. ) ;
#393 = ORIENTED_EDGE ( 'NONE', *, *, #2012, .T. ) ;
#394 = VERTEX_POINT ( 'NONE', #1530 ) ;
#395 = VERTEX_POINT ( 'NONE', #2202 ) ;
#396 = EDGE_CURVE ( 'NONE', #36, #131, #1448, .T. ) ;
#397 = CIRCLE ( 'NONE', #1868, 0.4000000000000001900 ) ;
#398 = CARTESIAN_POINT ( 'NONE',  ( 2.579061101946970700, 3.250000000000000000, 0.0000000000000000000 ) ) ;
#399 = ORIENTED_EDGE ( 'NONE', *, *, #396, .T. ) ;
#400 = CARTESIAN_POINT ( 'NONE',  ( -6.199999999999999300, 3.649999999999999900, 0.0000000000000000000 ) ) ;
#401 = PRESENTATION_LAYER_ASSIGNMENT (  '', '', ( #2322 ) ) ;
#402 = EDGE_LOOP ( 'NONE', ( #1329, #128, #1518, #965 ) ) ;
#403 = FACE_OUTER_BOUND ( 'NONE', #580, .T. ) ;
#404 = DIRECTION ( 'NONE',  ( -0.0000000000000000000, 1.000000000000000000, -0.0000000000000000000 ) ) ;
#405 = AXIS2_PLACEMENT_3D ( 'NONE', #2296, #55, #1745 ) ;
#406 = CIRCLE ( 'NONE', #2027, 2.904411906293519000 ) ;
#407 =( NAMED_UNIT ( * ) PLANE_ANGLE_UNIT ( ) SI_UNIT ( $, .RADIAN. ) );
#408 = ORIENTED_EDGE ( 'NONE', *, *, #1849, .F. ) ;
#409 = CARTESIAN_POINT ( 'NONE',  ( -0.3990818557679408100, 3.250000000000000000, 0.0000000000000000000 ) ) ;
#410 = MANIFOLD_SOLID_BREP ( 'Cut-Extrude1[1]', #2035 ) ;
#411 = VERTEX_POINT ( 'NONE', #1119 ) ;
#412 = CIRCLE ( 'NONE', #2360, 2.904411906293519000 ) ;
#413 = CARTESIAN_POINT ( 'NONE',  ( -4.599999999999999600, 3.250000000000000000, 3.249999999999999600 ) ) ;
#414 = EDGE_CURVE ( 'NONE', #2302, #1553, #1308, .T. ) ;
#415 = AXIS2_PLACEMENT_3D ( 'NONE', #46, #1906, #1534 ) ;
#416 = VECTOR ( 'NONE', #1578, 1000.000000000000000 ) ;
#417 = CARTESIAN_POINT ( 'NONE',  ( 1.979061101946970200, 3.250000000000000000, 0.0000000000000000000 ) ) ;
#418 = AXIS2_PLACEMENT_3D ( 'NONE', #979, #762, #1168 ) ;
#419 =( NAMED_UNIT ( * ) PLANE_ANGLE_UNIT ( ) SI_UNIT ( $, .RADIAN. ) );
#420 = EDGE_LOOP ( 'NONE', ( #889, #2052 ) ) ;
#421 = ORIENTED_EDGE ( 'NONE', *, *, #2097, .T. ) ;
#422 = DIRECTION ( 'NONE',  ( -1.000000000000000000, 0.0000000000000000000, 0.0000000000000000000 ) ) ;
#423 = ORIENTED_EDGE ( 'NONE', *, *, #1333, .F. ) ;
#424 = DIRECTION ( 'NONE',  ( 0.0000000000000000000, 0.0000000000000000000, 1.000000000000000000 ) ) ;
#425 = ORIENTED_EDGE ( 'NONE', *, *, #2158, .T. ) ;
#426 = FACE_OUTER_BOUND ( 'NONE', #1877, .T. ) ;
#427 = SURFACE_STYLE_FILL_AREA ( #1107 ) ;
#428 = ORIENTED_EDGE ( 'NONE', *, *, #1500, .F. ) ;
#429 = EDGE_CURVE ( 'NONE', #843, #782, #1693, .T. ) ;
#430 = DIRECTION ( 'NONE',  ( 1.000000000000000000, 0.0000000000000000000, 0.0000000000000000000 ) ) ;
#431 = DIRECTION ( 'NONE',  ( 1.000000000000000000, -0.0000000000000000000, -0.0000000000000000000 ) ) ;
#432 = FACE_BOUND ( 'NONE', #1480, .T. ) ;
#433 = VECTOR ( 'NONE', #170, 999.9999999999998900 ) ;
#434 = AXIS2_PLACEMENT_3D ( 'NONE', #1134, #2044, #1482 ) ;
#435 = DIRECTION ( 'NONE',  ( 1.000000000000000000, 0.0000000000000000000, 0.0000000000000000000 ) ) ;
#436 = VERTEX_POINT ( 'NONE', #947 ) ;
#437 = STYLED_ITEM ( 'NONE', ( #2088 ), #2376 ) ;
#438 = CARTESIAN_POINT ( 'NONE',  ( -0.9990818557679415100, 3.250000000000000000, -2.904411906293519000 ) ) ;
#439 = TOROIDAL_SURFACE ( 'NONE', #7, 0.8000000000000003800, 0.4000000000000000800 ) ;
#440 = CARTESIAN_POINT ( 'NONE',  ( -10.79397851914335000, 3.250000000000000000, 0.0000000000000000000 ) ) ;
#441 = DIRECTION ( 'NONE',  ( 0.0000000000000000000, 0.0000000000000000000, -1.000000000000000000 ) ) ;
#442 = EDGE_CURVE ( 'NONE', #39, #2256, #1694, .T. ) ;
#443 = CIRCLE ( 'NONE', #2227, 3.104411906293518700 ) ;
#444 = AXIS2_PLACEMENT_3D ( 'NONE', #2366, #307, #1257 ) ;
#445 = ORIENTED_EDGE ( 'NONE', *, *, #1026, .F. ) ;
#446 = ADVANCED_FACE ( 'NONE', ( #26 ), #1753, .T. ) ;
#447 = DIRECTION ( 'NONE',  ( 0.0000000000000000000, 0.0000000000000000000, 1.000000000000000000 ) ) ;
#448 = ORIENTED_EDGE ( 'NONE', *, *, #557, .F. ) ;
#449 = AXIS2_PLACEMENT_3D ( 'NONE', #34, #1175, #1915 ) ;
#450 =( NAMED_UNIT ( * ) SI_UNIT ( $, .STERADIAN. ) SOLID_ANGLE_UNIT ( ) );
#451 = EDGE_LOOP ( 'NONE', ( #1410, #1303, #726, #1768 ) ) ;
#452 = VERTEX_POINT ( 'NONE', #400 ) ;
#453 = MANIFOLD_SOLID_BREP ( 'Cut-Extrude1[3]', #486 ) ;
#454 = AXIS2_PLACEMENT_3D ( 'NONE', #28, #666, #1197 ) ;
#455 = EDGE_LOOP ( 'NONE', ( #192, #278 ) ) ;
#456 = CIRCLE ( 'NONE', #2285, 2.904411906293519000 ) ;
#457 = PRESENTATION_STYLE_ASSIGNMENT (( #2055 ) ) ;
#458 = CARTESIAN_POINT ( 'NONE',  ( -6.999999999999999100, 2.449999999999998800, 0.0000000000000000000 ) ) ;
#459 = ORIENTED_EDGE ( 'NONE', *, *, #1788, .T. ) ;
#460 = EDGE_CURVE ( 'NONE', #320, #532, #727, .T. ) ;
#461 = FACE_OUTER_BOUND ( 'NONE', #266, .T. ) ;
#462 = EDGE_LOOP ( 'NONE', ( #376, #1556 ) ) ;
#463 = ADVANCED_FACE ( 'NONE', ( #1374 ), #1136, .F. ) ;
#464 = FACE_BOUND ( 'NONE', #911, .T. ) ;
#465 = EDGE_CURVE ( 'NONE', #2420, #2003, #476, .T. ) ;
#466 = DIRECTION ( 'NONE',  ( 1.000000000000000000, 0.0000000000000000000, 0.0000000000000000000 ) ) ;
#467 = DIRECTION ( 'NONE',  ( 0.0000000000000000000, 0.0000000000000000000, 1.000000000000000000 ) ) ;
#468 = VERTEX_POINT ( 'NONE', #584 ) ;
#469 = CARTESIAN_POINT ( 'NONE',  ( 0.3990818557679416400, 3.250000000000000000, 0.0000000000000000000 ) ) ;
#470 = AXIS2_PLACEMENT_3D ( 'NONE', #675, #1819, #343 ) ;
#471 = DIRECTION ( 'NONE',  ( -1.000000000000000000, 0.0000000000000000000, 0.0000000000000000000 ) ) ;
#472 = MECHANICAL_DESIGN_GEOMETRIC_PRESENTATION_REPRESENTATION (  '', ( #1643 ), #262 ) ;
#473 = DIRECTION ( 'NONE',  ( -1.000000000000000000, 0.0000000000000000000, 0.0000000000000000000 ) ) ;
#474 = CARTESIAN_POINT ( 'NONE',  ( -4.400000000000000400, 3.250000000000000000, 0.0000000000000000000 ) ) ;
#475 = ADVANCED_FACE ( 'NONE', ( #1468 ), #1436, .F. ) ;
#476 = CIRCLE ( 'NONE', #736, 3.104411906293518700 ) ;
#477 = FACE_OUTER_BOUND ( 'NONE', #969, .T. ) ;
#478 = CARTESIAN_POINT ( 'NONE',  ( 4.599999999999999600, 3.249999999999999600, -3.249999999999999600 ) ) ;
#479 = EDGE_CURVE ( 'NONE', #2122, #67, #1791, .T. ) ;
#480 = EDGE_LOOP ( 'NONE', ( #425, #218 ) ) ;
#481 = AXIS2_PLACEMENT_3D ( 'NONE', #375, #383, #1675 ) ;
#482 = CARTESIAN_POINT ( 'NONE',  ( 0.9990818557679408400, 0.0000000000000000000, 0.0000000000000000000 ) ) ;
#483 = CLOSED_SHELL ( 'NONE', ( #2318, #698, #271, #837, #549, #1409, #2334, #463 ) ) ;
#484 = DIRECTION ( 'NONE',  ( -1.000000000000000000, 0.0000000000000000000, 0.0000000000000000000 ) ) ;
#485 = AXIS2_PLACEMENT_3D ( 'NONE', #613, #799, #2069 ) ;
#486 = CLOSED_SHELL ( 'NONE', ( #1023, #2432, #1488, #1796, #61, #503 ) ) ;
#487 = ADVANCED_FACE ( 'NONE', ( #1821 ), #2413, .T. ) ;
#488 = SHAPE_DEFINITION_REPRESENTATION ( #897, #1755 ) ;
#489 = ORIENTED_EDGE ( 'NONE', *, *, #2255, .T. ) ;
#490 = DIRECTION ( 'NONE',  ( 1.000000000000000000, -0.0000000000000000000, -0.0000000000000000000 ) ) ;
#491 = SURFACE_STYLE_USAGE ( .BOTH. , #2346 ) ;
#492 = FACE_OUTER_BOUND ( 'NONE', #1199, .T. ) ;
#493 = CARTESIAN_POINT ( 'NONE',  ( 4.599999999999999600, 3.250000000000000000, 0.0000000000000000000 ) ) ;
#494 = ORIENTED_EDGE ( 'NONE', *, *, #1696, .T. ) ;
#495 = DIRECTION ( 'NONE',  ( -1.000000000000000000, 0.0000000000000000000, 0.0000000000000000000 ) ) ;
#496 = EDGE_CURVE ( 'NONE', #468, #1615, #1054, .T. ) ;
#497 = CIRCLE ( 'NONE', #1763, 2.904411906293519000 ) ;
#498 = DIRECTION ( 'NONE',  ( -1.000000000000000000, -0.0000000000000000000, -0.0000000000000000000 ) ) ;
#499 = AXIS2_PLACEMENT_3D ( 'NONE', #113, #495, #1611 ) ;
#500 = DIRECTION ( 'NONE',  ( 0.0000000000000000000, 0.0000000000000000000, -1.000000000000000000 ) ) ;
#501 = ORIENTED_EDGE ( 'NONE', *, *, #1859, .F. ) ;
#502 = CARTESIAN_POINT ( 'NONE',  ( -0.9990818557679406200, 3.250000000000000000, 3.104411906293518700 ) ) ;
#503 = ADVANCED_FACE ( 'NONE', ( #1111 ), #950, .F. ) ;
#504 = CARTESIAN_POINT ( 'NONE',  ( 0.9990818557679406200, 3.250000000000000000, 0.0000000000000000000 ) ) ;
#505 = AXIS2_PLACEMENT_3D ( 'NONE', #1289, #2301, #1727 ) ;
#506 = DIRECTION ( 'NONE',  ( 1.000000000000000000, 0.0000000000000000000, 0.0000000000000000000 ) ) ;
#507 = DIRECTION ( 'NONE',  ( 1.172110456741085800E-016, -1.000000000000000000, 0.0000000000000000000 ) ) ;
#508 = ORIENTED_EDGE ( 'NONE', *, *, #1706, .T. ) ;
#509 = ADVANCED_FACE ( 'NONE', ( #2210 ), #1217, .T. ) ;
#510 = EDGE_CURVE ( 'NONE', #833, #395, #1715, .T. ) ;
#511 = ORIENTED_EDGE ( 'NONE', *, *, #1634, .T. ) ;
#512 = SURFACE_SIDE_STYLE ('',( #1750 ) ) ;
#513 = ORIENTED_EDGE ( 'NONE', *, *, #612, .F. ) ;
#514 = AXIS2_PLACEMENT_3D ( 'NONE', #1562, #2099, #2278 ) ;
#515 = DIRECTION ( 'NONE',  ( -1.000000000000000000, 0.0000000000000000000, 0.0000000000000000000 ) ) ;
#516 = CARTESIAN_POINT ( 'NONE',  ( 6.199999999999999300, 3.250000000000000000, -0.4000000000000000800 ) ) ;
#517 =( NAMED_UNIT ( * ) PLANE_ANGLE_UNIT ( ) SI_UNIT ( $, .RADIAN. ) );
#518 = ORIENTED_EDGE ( 'NONE', *, *, #35, .T. ) ;
#519 = VECTOR ( 'NONE', #1086, 1000.000000000000000 ) ;
#520 = CIRCLE ( 'NONE', #1280, 3.104411906293518700 ) ;
#521 = EDGE_LOOP ( 'NONE', ( #448, #1873, #1331, #1212 ) ) ;
#522 = CIRCLE ( 'NONE', #1494, 3.104411906293518700 ) ;
#523 = DIRECTION ( 'NONE',  ( 1.000000000000000000, 0.0000000000000000000, 0.0000000000000000000 ) ) ;
#524 = ORIENTED_EDGE ( 'NONE', *, *, #35, .F. ) ;
#525 = COLOUR_RGB ( '',1.000000000000000000, 1.000000000000000000, 0.8823529411764705600 ) ;
#526 = DIRECTION ( 'NONE',  ( -0.9396926207859082100, 4.188538737677002200E-017, -0.3420201433256696000 ) ) ;
#527 = CARTESIAN_POINT ( 'NONE',  ( -7.399999999999999500, 2.449999999999998800, 4.898587196589413700E-017 ) ) ;
#528 = FACE_OUTER_BOUND ( 'NONE', #558, .T. ) ;
#529 = EDGE_CURVE ( 'NONE', #366, #1713, #1394, .T. ) ;
#530 = ORIENTED_EDGE ( 'NONE', *, *, #1376, .F. ) ;
#531 =( GEOMETRIC_REPRESENTATION_CONTEXT ( 3 ) GLOBAL_UNCERTAINTY_ASSIGNED_CONTEXT ( ( #2106 ) ) GLOBAL_UNIT_ASSIGNED_CONTEXT ( ( #1798, #517, #864 ) ) REPRESENTATION_CONTEXT ( 'NONE', 'WORKASPACE' ) );
#532 = VERTEX_POINT ( 'NONE', #600 ) ;
#533 = CARTESIAN_POINT ( 'NONE',  ( 4.599999999999999600, 3.250000000000000000, 0.5000000000000000000 ) ) ;
#534 = DIRECTION ( 'NONE',  ( 0.0000000000000000000, 0.0000000000000000000, -1.000000000000000000 ) ) ;
#535 = DIRECTION ( 'NONE',  ( 1.000000000000000000, -0.0000000000000000000, -0.0000000000000000000 ) ) ;
#536 = AXIS2_PLACEMENT_3D ( 'NONE', #183, #2439, #1899 ) ;
#537 = VECTOR ( 'NONE', #535, 1000.000000000000000 ) ;
#538 = ADVANCED_FACE ( 'NONE', ( #1952 ), #141, .T. ) ;
#539 = CYLINDRICAL_SURFACE ( 'NONE', #1143, 3.104411906293518700 ) ;
#540 = CARTESIAN_POINT ( 'NONE',  ( -4.599999999999999600, 3.250000000000000400, -3.104411906293518700 ) ) ;
#541 = EDGE_LOOP ( 'NONE', ( #2205, #706 ) ) ;
#542 = EDGE_CURVE ( 'NONE', #2321, #39, #2430, .T. ) ;
#543 = CARTESIAN_POINT ( 'NONE',  ( 1.979061101946970200, 3.250000000000000000, 3.249999999999999600 ) ) ;
#544 = ORIENTED_EDGE ( 'NONE', *, *, #2039, .T. ) ;
#545 = ORIENTED_EDGE ( 'NONE', *, *, #956, .F. ) ;
#546 = DIRECTION ( 'NONE',  ( -1.172110456741085800E-016, -1.000000000000000000, 0.0000000000000000000 ) ) ;
#547 = AXIS2_PLACEMENT_3D ( 'NONE', #1767, #1929, #1541 ) ;
#548 = EDGE_LOOP ( 'NONE', ( #1077, #1627, #37, #311 ) ) ;
#549 = ADVANCED_FACE ( 'NONE', ( #1071 ), #439, .T. ) ;
#550 = CYLINDRICAL_SURFACE ( 'NONE', #641, 2.904411906293519000 ) ;
#551 = CIRCLE ( 'NONE', #2075, 3.249999999999999600 ) ;
#552 = DIRECTION ( 'NONE',  ( 1.000000000000000000, 0.0000000000000000000, 0.0000000000000000000 ) ) ;
#553 = ORIENTED_EDGE ( 'NONE', *, *, #822, .F. ) ;
#554 = CIRCLE ( 'NONE', #2164, 3.250000000000000000 ) ;
#555 = CARTESIAN_POINT ( 'NONE',  ( -0.9990818557679408400, 0.0000000000000000000, 0.0000000000000000000 ) ) ;
#556 = CARTESIAN_POINT ( 'NONE',  ( 4.599999999999999600, 3.250000000000000000, 3.104411906293518700 ) ) ;
#557 = EDGE_CURVE ( 'NONE', #2388, #2122, #2220, .T. ) ;
#558 = EDGE_LOOP ( 'NONE', ( #917, #2349, #2295, #876, #1322 ) ) ;
#559 = CARTESIAN_POINT ( 'NONE',  ( -4.400000000000000400, 3.250000000000000000, 0.0000000000000000000 ) ) ;
#560 = AXIS2_PLACEMENT_3D ( 'NONE', #206, #1512, #1699 ) ;
#561 = DIRECTION ( 'NONE',  ( 1.000000000000000000, -0.0000000000000000000, -0.0000000000000000000 ) ) ;
#562 = AXIS2_PLACEMENT_3D ( 'NONE', #173, #2438, #346 ) ;
#563 = ORIENTED_EDGE ( 'NONE', *, *, #582, .T. ) ;
#564 = DIRECTION ( 'NONE',  ( 0.0000000000000000000, 0.0000000000000000000, 1.000000000000000000 ) ) ;
#565 = EDGE_LOOP ( 'NONE', ( #2081, #2111, #1408, #5 ) ) ;
#566 = CARTESIAN_POINT ( 'NONE',  ( 1.979061101946970600, 3.250000000000000000, 0.0000000000000000000 ) ) ;
#567 = EDGE_CURVE ( 'NONE', #1956, #1986, #1878, .T. ) ;
#568 = ORIENTED_EDGE ( 'NONE', *, *, #1465, .F. ) ;
#569 =( NAMED_UNIT ( * ) SI_UNIT ( $, .STERADIAN. ) SOLID_ANGLE_UNIT ( ) );
#570 = ORIENTED_EDGE ( 'NONE', *, *, #732, .F. ) ;
#571 = AXIS2_PLACEMENT_3D ( 'NONE', #842, #1227, #1667 ) ;
#572 = ORIENTED_EDGE ( 'NONE', *, *, #1491, .F. ) ;
#573 = CIRCLE ( 'NONE', #987, 3.118404028665133300 ) ;
#574 = PRESENTATION_LAYER_ASSIGNMENT (  '', '', ( #437 ) ) ;
#575 = EDGE_LOOP ( 'NONE', ( #2260, #1888, #2187, #1388 ) ) ;
#576 = DIRECTION ( 'NONE',  ( -0.3420201433256694900, 0.0000000000000000000, -0.9396926207859082100 ) ) ;
#577 = FACE_OUTER_BOUND ( 'NONE', #159, .T. ) ;
#578 = DIRECTION ( 'NONE',  ( 0.0000000000000000000, 0.0000000000000000000, 1.000000000000000000 ) ) ;
#579 = CIRCLE ( 'NONE', #180, 0.4000000000000000800 ) ;
#580 = EDGE_LOOP ( 'NONE', ( #2177, #545, #815, #1150 ) ) ;
#581 = CARTESIAN_POINT ( 'NONE',  ( 0.9990818557679408400, 0.0000000000000000000, 0.0000000000000000000 ) ) ;
#582 = EDGE_CURVE ( 'NONE', #2142, #1558, #2305, .T. ) ;
#583 = EDGE_CURVE ( 'NONE', #644, #1192, #928, .T. ) ;
#584 = CARTESIAN_POINT ( 'NONE',  ( -2.579061101946970200, 3.250000000000000000, 3.249999999999999600 ) ) ;
#585 = VECTOR ( 'NONE', #2157, 1000.000000000000000 ) ;
#586 = CARTESIAN_POINT ( 'NONE',  ( -4.400000000000000400, 3.250000000000000000, 0.5000000000000000000 ) ) ;
#587 = DIRECTION ( 'NONE',  ( 1.000000000000000000, 0.0000000000000000000, -0.0000000000000000000 ) ) ;
#588 = PRODUCT_DEFINITION ( 'UNKNOWN', '', #1387, #193 ) ;
#589 = EDGE_LOOP ( 'NONE', ( #2401, #2063 ) ) ;
#590 = DIRECTION ( 'NONE',  ( 0.0000000000000000000, 0.0000000000000000000, 1.000000000000000000 ) ) ;
#591 = ORIENTED_EDGE ( 'NONE', *, *, #1330, .F. ) ;
#592 = CARTESIAN_POINT ( 'NONE',  ( 6.999999999999997300, -19.75000000000000000, 0.0000000000000000000 ) ) ;
#593 = DIRECTION ( 'NONE',  ( 0.0000000000000000000, 0.0000000000000000000, -1.000000000000000000 ) ) ;
#594 = ORIENTED_EDGE ( 'NONE', *, *, #299, .F. ) ;
#595 = EDGE_CURVE ( 'NONE', #2115, #1118, #2246, .T. ) ;
#596 = CIRCLE ( 'NONE', #536, 3.104411906293518700 ) ;
#597 = DIRECTION ( 'NONE',  ( 0.0000000000000000000, 0.0000000000000000000, 1.000000000000000000 ) ) ;
#598 = ORIENTED_EDGE ( 'NONE', *, *, #2126, .T. ) ;
#599 = LINE ( 'NONE', #379, #374 ) ;
#600 = CARTESIAN_POINT ( 'NONE',  ( 0.3990818557679408100, 3.250000000000000000, 3.104411906293518700 ) ) ;
#601 = AXIS2_PLACEMENT_3D ( 'NONE', #1475, #1644, #145 ) ;
#602 = CIRCLE ( 'NONE', #1037, 2.904411906293519000 ) ;
#603 = CARTESIAN_POINT ( 'NONE',  ( 4.599999999999999600, 3.249999999999999600, -3.249999999999999600 ) ) ;
#604 =( NAMED_UNIT ( * ) SI_UNIT ( $, .STERADIAN. ) SOLID_ANGLE_UNIT ( ) );
#605 = ORIENTED_EDGE ( 'NONE', *, *, #2207, .T. ) ;
#606 = AXIS2_PLACEMENT_3D ( 'NONE', #2059, #932, #2251 ) ;
#607 = LINE ( 'NONE', #931, #1568 ) ;
#608 = VERTEX_POINT ( 'NONE', #2105 ) ;
#609 = FACE_OUTER_BOUND ( 'NONE', #656, .T. ) ;
#610 = DIRECTION ( 'NONE',  ( 1.000000000000000000, -0.0000000000000000000, -0.0000000000000000000 ) ) ;
#611 = CARTESIAN_POINT ( 'NONE',  ( -2.579061101946970200, 0.0000000000000000000, 0.0000000000000000000 ) ) ;
#612 = EDGE_CURVE ( 'NONE', #2201, #240, #321, .T. ) ;
#613 = CARTESIAN_POINT ( 'NONE',  ( -1.979061101946970200, 3.250000000000000000, 0.0000000000000000000 ) ) ;
#614 = CARTESIAN_POINT ( 'NONE',  ( 2.579061101946970700, 3.250000000000000000, 0.0000000000000000000 ) ) ;
#615 = EDGE_LOOP ( 'NONE', ( #1103, #1533, #139, #1587 ) ) ;
#616 = DIRECTION ( 'NONE',  ( 0.0000000000000000000, 0.0000000000000000000, -1.000000000000000000 ) ) ;
#617 = AXIS2_PLACEMENT_3D ( 'NONE', #2080, #795, #2108 ) ;
#618 = ORIENTED_EDGE ( 'NONE', *, *, #1304, .F. ) ;
#619 = ORIENTED_EDGE ( 'NONE', *, *, #2426, .F. ) ;
#620 = DIRECTION ( 'NONE',  ( -1.000000000000000000, -0.0000000000000000000, -0.0000000000000000000 ) ) ;
#621 = ORIENTED_EDGE ( 'NONE', *, *, #1776, .T. ) ;
#622 = CLOSED_SHELL ( 'NONE', ( #850, #86, #487, #1758, #1749, #509, #1201, #661, #918, #1555, #538, #446, #283, #1011, #1108, #1664, #1402, #2129, #1373, #802, #116, #1966, #1977, #98, #1822, #625, #711, #338, #1786, #1959, #1944, #827, #247, #1039, #1770, #1595, #2119, #671, #2184, #2140, #1621, #294, #144, #74, #2167, #1385, #812, #1606 ) ) ;
#623 = DIRECTION ( 'NONE',  ( 0.0000000000000000000, 0.0000000000000000000, -1.000000000000000000 ) ) ;
#624 = SURFACE_STYLE_FILL_AREA ( #1730 ) ;
#625 = ADVANCED_FACE ( 'NONE', ( #211 ), #1733, .T. ) ;
#626 = ORIENTED_EDGE ( 'NONE', *, *, #1343, .F. ) ;
#627 = EDGE_CURVE ( 'NONE', #976, #2281, #909, .T. ) ;
#628 = FACE_OUTER_BOUND ( 'NONE', #9, .T. ) ;
#629 = DIRECTION ( 'NONE',  ( -1.000000000000000000, 0.0000000000000000000, 0.0000000000000000000 ) ) ;
#630 = VERTEX_POINT ( 'NONE', #1772 ) ;
#631 = DIRECTION ( 'NONE',  ( 0.0000000000000000000, 0.0000000000000000000, 1.000000000000000000 ) ) ;
#632 = VECTOR ( 'NONE', #610, 1000.000000000000000 ) ;
#633 = AXIS2_PLACEMENT_3D ( 'NONE', #2130, #1010, #2326 ) ;
#634 = ORIENTED_EDGE ( 'NONE', *, *, #333, .T. ) ;
#635 = ORIENTED_EDGE ( 'NONE', *, *, #818, .F. ) ;
#636 = DIRECTION ( 'NONE',  ( 0.0000000000000000000, 0.0000000000000000000, -1.000000000000000000 ) ) ;
#637 = DIRECTION ( 'NONE',  ( 1.000000000000000000, 0.0000000000000000000, 0.0000000000000000000 ) ) ;
#638 = ADVANCED_FACE ( 'NONE', ( #813 ), #2078, .F. ) ;
#639 = FACE_OUTER_BOUND ( 'NONE', #1554, .T. ) ;
#640 = EDGE_CURVE ( 'NONE', #2272, #2279, #734, .T. ) ;
#641 = AXIS2_PLACEMENT_3D ( 'NONE', #2092, #59, #1550 ) ;
#642 = CARTESIAN_POINT ( 'NONE',  ( -1.499081855767941100, 3.250000000000000000, 0.0000000000000000000 ) ) ;
#643 = CARTESIAN_POINT ( 'NONE',  ( -6.999999999999999100, 2.449999999999998800, 0.0000000000000000000 ) ) ;
#644 = VERTEX_POINT ( 'NONE', #89 ) ;
#645 = STYLED_ITEM ( 'NONE', ( #1122 ), #2042 ) ;
#646 = ADVANCED_FACE ( 'NONE', ( #2196 ), #539, .T. ) ;
#647 = EDGE_LOOP ( 'NONE', ( #1731, #1656, #93, #1673, #1527 ) ) ;
#648 = DIRECTION ( 'NONE',  ( -1.000000000000000000, 0.0000000000000000000, 0.0000000000000000000 ) ) ;
#649 = ORIENTED_EDGE ( 'NONE', *, *, #286, .T. ) ;
#650 = DIRECTION ( 'NONE',  ( 1.000000000000000000, 0.0000000000000000000, 0.0000000000000000000 ) ) ;
#651 = CYLINDRICAL_SURFACE ( 'NONE', #1732, 0.4000000000000000800 ) ;
#652 = CARTESIAN_POINT ( 'NONE',  ( 4.400000000000000400, 3.250000000000000000, 0.0000000000000000000 ) ) ;
#653 = ORIENTED_EDGE ( 'NONE', *, *, #690, .T. ) ;
#654 = EDGE_CURVE ( 'NONE', #1889, #2112, #874, .T. ) ;
#655 = FACE_BOUND ( 'NONE', #2231, .T. ) ;
#656 = EDGE_LOOP ( 'NONE', ( #2066, #1619, #893, #1506 ) ) ;
#657 = CYLINDRICAL_SURFACE ( 'NONE', #1369, 0.4000000000000000800 ) ;
#658 = AXIS2_PLACEMENT_3D ( 'NONE', #291, #471, #623 ) ;
#659 = DIRECTION ( 'NONE',  ( -1.000000000000000000, 0.0000000000000000000, 0.0000000000000000000 ) ) ;
#660 = CYLINDRICAL_SURFACE ( 'NONE', #1524, 3.104411906293518700 ) ;
#661 = ADVANCED_FACE ( 'NONE', ( #808 ), #2313, .T. ) ;
#662 = DIRECTION ( 'NONE',  ( 1.000000000000000000, -0.0000000000000000000, -0.0000000000000000000 ) ) ;
#663 = AXIS2_PLACEMENT_3D ( 'NONE', #365, #1314, #730 ) ;
#664 = PLANE ( 'NONE',  #241 ) ;
#665 = CARTESIAN_POINT ( 'NONE',  ( 10.79397851914335000, 3.250000000000000000, 0.0000000000000000000 ) ) ;
#666 = DIRECTION ( 'NONE',  ( 0.0000000000000000000, 0.0000000000000000000, 1.000000000000000000 ) ) ;
#667 = CARTESIAN_POINT ( 'NONE',  ( -2.579061101946970700, 3.250000000000000400, 2.904411906293519000 ) ) ;
#668 = DIRECTION ( 'NONE',  ( 0.0000000000000000000, 0.0000000000000000000, -1.000000000000000000 ) ) ;
#669 = CARTESIAN_POINT ( 'NONE',  ( -0.9990818557679415100, 3.250000000000000400, 2.904411906293519000 ) ) ;
#670 = VECTOR ( 'NONE', #914, 1000.000000000000000 ) ;
#671 = ADVANCED_FACE ( 'NONE', ( #1700 ), #2162, .T. ) ;
#672 = EDGE_CURVE ( 'NONE', #883, #1510, #1885, .T. ) ;
#673 = DIRECTION ( 'NONE',  ( 0.0000000000000000000, 0.0000000000000000000, 1.000000000000000000 ) ) ;
#674 = ORIENTED_EDGE ( 'NONE', *, *, #479, .T. ) ;
#675 = CARTESIAN_POINT ( 'NONE',  ( -0.9990818557679406200, 3.250000000000000000, 0.0000000000000000000 ) ) ;
#676 = AXIS2_PLACEMENT_3D ( 'NONE', #758, #2049, #1291 ) ;
#677 = EDGE_LOOP ( 'NONE', ( #165, #2441, #508, #157 ) ) ;
#678 = DIRECTION ( 'NONE',  ( -1.000000000000000000, -0.0000000000000000000, -0.0000000000000000000 ) ) ;
#679 = CARTESIAN_POINT ( 'NONE',  ( -0.9990818557679408400, 0.0000000000000000000, 0.0000000000000000000 ) ) ;
#680 = DIRECTION ( 'NONE',  ( 0.0000000000000000000, 0.0000000000000000000, -1.000000000000000000 ) ) ;
#681 = AXIS2_PLACEMENT_3D ( 'NONE', #1033, #515, #1245 ) ;
#682 = ORIENTED_EDGE ( 'NONE', *, *, #1808, .T. ) ;
#683 = EDGE_LOOP ( 'NONE', ( #1489, #653, #1499, #1946 ) ) ;
#684 = LINE ( 'NONE', #2361, #1626 ) ;
#685 = DIRECTION ( 'NONE',  ( 0.9396926207859082100, -4.188538737677002200E-017, -0.3420201433256696000 ) ) ;
#686 = EDGE_LOOP ( 'NONE', ( #2133, #1547 ) ) ;
#687 = CYLINDRICAL_SURFACE ( 'NONE', #865, 0.5000000000000000000 ) ;
#688 = CARTESIAN_POINT ( 'NONE',  ( -4.599999999999999600, 3.250000000000000000, 0.0000000000000000000 ) ) ;
#689 = ORIENTED_EDGE ( 'NONE', *, *, #838, .T. ) ;
#690 = EDGE_CURVE ( 'NONE', #743, #1956, #443, .T. ) ;
#691 = CARTESIAN_POINT ( 'NONE',  ( 1.979061101946970600, 3.250000000000000000, 0.0000000000000000000 ) ) ;
#692 = AXIS2_PLACEMENT_3D ( 'NONE', #2418, #1287, #1477 ) ;
#693 = DIRECTION ( 'NONE',  ( 1.000000000000000000, -0.0000000000000000000, -0.0000000000000000000 ) ) ;
#694 = ORIENTED_EDGE ( 'NONE', *, *, #1520, .T. ) ;
#695 = PLANE ( 'NONE',  #1290 ) ;
#696 = AXIS2_PLACEMENT_3D ( 'NONE', #2024, #1063, #534 ) ;
#697 = CARTESIAN_POINT ( 'NONE',  ( -3.446978872283181300, 3.250000000000000000, 0.0000000000000000000 ) ) ;
#698 = ADVANCED_FACE ( 'NONE', ( #477 ), #210, .T. ) ;
#699 = DIRECTION ( 'NONE',  ( 1.172110456741085800E-016, 1.000000000000000000, -0.0000000000000000000 ) ) ;
#700 = DIRECTION ( 'NONE',  ( -1.000000000000000000, 0.0000000000000000000, 0.0000000000000000000 ) ) ;
#701 = CIRCLE ( 'NONE', #1106, 0.4000000000000000800 ) ;
#702 = UNCERTAINTY_MEASURE_WITH_UNIT (LENGTH_MEASURE( 1.000000000000000100E-005 ), #104, 'distance_accuracy_value', 'NONE');
#703 = CARTESIAN_POINT ( 'NONE',  ( 2.579061101946970200, 3.250000000000000000, 0.0000000000000000000 ) ) ;
#704 = EDGE_CURVE ( 'NONE', #197, #2370, #1193, .T. ) ;
#705 = CARTESIAN_POINT ( 'NONE',  ( -4.599999999999999600, 3.250000000000000000, 0.0000000000000000000 ) ) ;
#706 = ORIENTED_EDGE ( 'NONE', *, *, #672, .T. ) ;
#707 = EDGE_CURVE ( 'NONE', #1841, #1443, #1522, .T. ) ;
#708 = ORIENTED_EDGE ( 'NONE', *, *, #1993, .T. ) ;
#709 = CARTESIAN_POINT ( 'NONE',  ( 4.599999999999999600, 3.250000000000000000, 0.0000000000000000000 ) ) ;
#710 = VERTEX_POINT ( 'NONE', #516 ) ;
#711 = ADVANCED_FACE ( 'NONE', ( #2310 ), #861, .T. ) ;
#712 = CARTESIAN_POINT ( 'NONE',  ( -4.599999999999999600, 3.250000000000000000, 0.0000000000000000000 ) ) ;
#713 = VERTEX_POINT ( 'NONE', #1622 ) ;
#714 = CIRCLE ( 'NONE', #939, 3.249999999999999600 ) ;
#715 = ORIENTED_EDGE ( 'NONE', *, *, #1256, .T. ) ;
#716 = CIRCLE ( 'NONE', #2329, 2.904411906293519000 ) ;
#717 = DIRECTION ( 'NONE',  ( 1.000000000000000000, -0.0000000000000000000, -0.0000000000000000000 ) ) ;
#718 = CIRCLE ( 'NONE', #1338, 0.4000000000000000800 ) ;
#719 =( LENGTH_UNIT ( ) NAMED_UNIT ( * ) SI_UNIT ( .MILLI., .METRE. ) );
#720 = CARTESIAN_POINT ( 'NONE',  ( -4.599999999999999600, 3.250000000000000400, -3.104411906293518700 ) ) ;
#721 = CIRCLE ( 'NONE', #560, 0.4000000000000000800 ) ;
#722 = EDGE_CURVE ( 'NONE', #2010, #468, #2407, .T. ) ;
#723 = ADVANCED_FACE ( 'NONE', ( #2125 ), #905, .T. ) ;
#724 = DIRECTION ( 'NONE',  ( 0.0000000000000000000, 0.0000000000000000000, 1.000000000000000000 ) ) ;
#725 = AXIS2_PLACEMENT_3D ( 'NONE', #1461, #1631, #348 ) ;
#726 = ORIENTED_EDGE ( 'NONE', *, *, #1026, .T. ) ;
#727 = CIRCLE ( 'NONE', #1880, 3.104411906293518700 ) ;
#728 = AXIS2_PLACEMENT_3D ( 'NONE', #835, #2436, #778 ) ;
#729 = VECTOR ( 'NONE', #1294, 999.9999999999998900 ) ;
#730 = DIRECTION ( 'NONE',  ( 0.0000000000000000000, 0.0000000000000000000, 1.000000000000000000 ) ) ;
#731 = CARTESIAN_POINT ( 'NONE',  ( 4.599999999999999600, 3.250000000000000000, 0.0000000000000000000 ) ) ;
#732 = EDGE_CURVE ( 'NONE', #1838, #67, #806, .T. ) ;
#733 = CARTESIAN_POINT ( 'NONE',  ( -0.9990818557679415100, 3.250000000000000000, -2.904411906293519000 ) ) ;
#734 = CIRCLE ( 'NONE', #390, 2.904411906293519000 ) ;
#735 = ORIENTED_EDGE ( 'NONE', *, *, #854, .F. ) ;
#736 = AXIS2_PLACEMENT_3D ( 'NONE', #763, #1382, #249 ) ;
#737 = ORIENTED_EDGE ( 'NONE', *, *, #873, .F. ) ;
#738 = AXIS2_PLACEMENT_3D ( 'NONE', #1601, #1585, #108 ) ;
#739 = VERTEX_POINT ( 'NONE', #1824 ) ;
#740 = FACE_BOUND ( 'NONE', #2422, .T. ) ;
#741 = LINE ( 'NONE', #324, #1657 ) ;
#742 = DIRECTION ( 'NONE',  ( 0.0000000000000000000, 0.0000000000000000000, -1.000000000000000000 ) ) ;
#743 = VERTEX_POINT ( 'NONE', #2018 ) ;
#744 = FACE_BOUND ( 'NONE', #308, .T. ) ;
#745 = CYLINDRICAL_SURFACE ( 'NONE', #1211, 3.249999999999999600 ) ;
#746 = ORIENTED_EDGE ( 'NONE', *, *, #188, .F. ) ;
#747 = EDGE_CURVE ( 'NONE', #1949, #1986, #1020, .T. ) ;
#748 = DIRECTION ( 'NONE',  ( -1.000000000000000000, 0.0000000000000000000, 0.0000000000000000000 ) ) ;
#749 = DIRECTION ( 'NONE',  ( 0.0000000000000000000, 0.0000000000000000000, 1.000000000000000000 ) ) ;
#750 = ORIENTED_EDGE ( 'NONE', *, *, #92, .T. ) ;
#751 = EDGE_CURVE ( 'NONE', #1273, #303, #1761, .T. ) ;
#752 = PLANE ( 'NONE',  #345 ) ;
#753 = AXIS2_PLACEMENT_3D ( 'NONE', #458, #1234, #1025 ) ;
#754 = DIRECTION ( 'NONE',  ( 1.000000000000000000, 0.0000000000000000000, 0.0000000000000000000 ) ) ;
#755 = FACE_OUTER_BOUND ( 'NONE', #351, .T. ) ;
#756 = CARTESIAN_POINT ( 'NONE',  ( -0.3990818557679408100, 3.250000000000000000, 0.0000000000000000000 ) ) ;
#757 = EDGE_LOOP ( 'NONE', ( #2338, #801 ) ) ;
#758 = CARTESIAN_POINT ( 'NONE',  ( 0.3990818557679416400, 3.250000000000000000, 0.0000000000000000000 ) ) ;
#759 = ORIENTED_EDGE ( 'NONE', *, *, #209, .F. ) ;
#760 = EDGE_CURVE ( 'NONE', #2003, #2420, #124, .T. ) ;
#761 = ORIENTED_EDGE ( 'NONE', *, *, #1157, .T. ) ;
#762 = DIRECTION ( 'NONE',  ( 0.0000000000000000000, 1.000000000000000000, -0.0000000000000000000 ) ) ;
#763 = CARTESIAN_POINT ( 'NONE',  ( 0.9990818557679406200, 3.250000000000000000, 0.0000000000000000000 ) ) ;
#764 = ORIENTED_EDGE ( 'NONE', *, *, #1710, .T. ) ;
#765 = AXIS2_PLACEMENT_3D ( 'NONE', #221, #1543, #2109 ) ;
#766 = CONICAL_SURFACE ( 'NONE', #405, 3.250000000000000000, 0.3490658503988667800 ) ;
#767 = VERTEX_POINT ( 'NONE', #1844 ) ;
#768 = PLANE ( 'NONE',  #658 ) ;
#769 = AXIS2_PLACEMENT_3D ( 'NONE', #398, #2, #2047 ) ;
#770 = EDGE_LOOP ( 'NONE', ( #634, #1998 ) ) ;
#771 = CIRCLE ( 'NONE', #2117, 0.5000000000000000000 ) ;
#772 = FILL_AREA_STYLE_COLOUR ( '', #887 ) ;
#773 = LINE ( 'NONE', #2414, #1458 ) ;
#774 = ORIENTED_EDGE ( 'NONE', *, *, #442, .T. ) ;
#775 = DIRECTION ( 'NONE',  ( 0.0000000000000000000, 0.0000000000000000000, -1.000000000000000000 ) ) ;
#776 = EDGE_CURVE ( 'NONE', #1865, #1277, #2347, .T. ) ;
#777 = PRESENTATION_LAYER_ASSIGNMENT (  '', '', ( #1953 ) ) ;
#778 = DIRECTION ( 'NONE',  ( 0.0000000000000000000, 0.0000000000000000000, 1.000000000000000000 ) ) ;
#779 = CARTESIAN_POINT ( 'NONE',  ( -10.79397851914335000, 3.250000000000000400, 2.904411906293519000 ) ) ;
#780 = SURFACE_STYLE_USAGE ( .BOTH. , #1912 ) ;
#781 = CARTESIAN_POINT ( 'NONE',  ( 4.599999999999999600, 3.249999999999999600, -3.104411906293518700 ) ) ;
#782 = VERTEX_POINT ( 'NONE', #153 ) ;
#783 = DIRECTION ( 'NONE',  ( -1.000000000000000000, -0.0000000000000000000, -0.0000000000000000000 ) ) ;
#784 = ORIENTED_EDGE ( 'NONE', *, *, #1125, .T. ) ;
#785 = ORIENTED_EDGE ( 'NONE', *, *, #672, .F. ) ;
#786 = EDGE_CURVE ( 'NONE', #2032, #1797, #2166, .T. ) ;
#787 = FACE_OUTER_BOUND ( 'NONE', #1438, .T. ) ;
#788 = PLANE ( 'NONE',  #1785 ) ;
#789 = VERTEX_POINT ( 'NONE', #326 ) ;
#790 = CIRCLE ( 'NONE', #807, 0.4000000000000000800 ) ;
#791 = LINE ( 'NONE', #533, #1067 ) ;
#792 = AXIS2_PLACEMENT_3D ( 'NONE', #1195, #239, #1721 ) ;
#793 = ORIENTED_EDGE ( 'NONE', *, *, #1378, .T. ) ;
#794 = CIRCLE ( 'NONE', #959, 3.104411906293518700 ) ;
#795 = DIRECTION ( 'NONE',  ( -1.000000000000000000, 0.0000000000000000000, 0.0000000000000000000 ) ) ;
#796 = DIRECTION ( 'NONE',  ( 0.0000000000000000000, 0.0000000000000000000, 1.000000000000000000 ) ) ;
#797 = MECHANICAL_DESIGN_GEOMETRIC_PRESENTATION_REPRESENTATION (  '', ( #645 ), #155 ) ;
#798 = CYLINDRICAL_SURFACE ( 'NONE', #1930, 2.904411906293519000 ) ;
#799 = DIRECTION ( 'NONE',  ( -1.000000000000000000, -0.0000000000000000000, -0.0000000000000000000 ) ) ;
#800 =( NAMED_UNIT ( * ) SI_UNIT ( $, .STERADIAN. ) SOLID_ANGLE_UNIT ( ) );
#801 = ORIENTED_EDGE ( 'NONE', *, *, #2412, .T. ) ;
#802 = ADVANCED_FACE ( 'NONE', ( #1471 ), #2243, .T. ) ;
#803 = ORIENTED_EDGE ( 'NONE', *, *, #2303, .T. ) ;
#804 = EDGE_CURVE ( 'NONE', #1744, #1240, #1559, .T. ) ;
#805 = CARTESIAN_POINT ( 'NONE',  ( 4.599999999999999600, 3.250000000000000000, 0.4000000000000000800 ) ) ;
#806 = LINE ( 'NONE', #2373, #1551 ) ;
#807 = AXIS2_PLACEMENT_3D ( 'NONE', #982, #1155, #2280 ) ;
#808 = FACE_OUTER_BOUND ( 'NONE', #1128, .T. ) ;
#809 = AXIS2_PLACEMENT_3D ( 'NONE', #50, #754, #384 ) ;
#810 =( NAMED_UNIT ( * ) PLANE_ANGLE_UNIT ( ) SI_UNIT ( $, .RADIAN. ) );
#811 = ORIENTED_EDGE ( 'NONE', *, *, #255, .F. ) ;
#812 = ADVANCED_FACE ( 'NONE', ( #265 ), #1221, .T. ) ;
#813 = FACE_OUTER_BOUND ( 'NONE', #912, .T. ) ;
#814 = DIRECTION ( 'NONE',  ( 1.172110456741085800E-016, 1.000000000000000000, -0.0000000000000000000 ) ) ;
#815 = ORIENTED_EDGE ( 'NONE', *, *, #1613, .T. ) ;
#816 = VERTEX_POINT ( 'NONE', #2253 ) ;
#817 = CARTESIAN_POINT ( 'NONE',  ( 3.259040348126000600, 3.250000000000000000, 0.0000000000000000000 ) ) ;
#818 = EDGE_CURVE ( 'NONE', #1065, #1437, #701, .T. ) ;
#819 = EDGE_LOOP ( 'NONE', ( #1153, #784, #41, #1650 ) ) ;
#820 = LINE ( 'NONE', #1641, #1149 ) ;
#821 = EDGE_LOOP ( 'NONE', ( #635, #1775 ) ) ;
#822 = EDGE_CURVE ( 'NONE', #2256, #39, #412, .T. ) ;
#823 = DIRECTION ( 'NONE',  ( 0.0000000000000000000, 0.0000000000000000000, 1.000000000000000000 ) ) ;
#824 = TOROIDAL_SURFACE ( 'NONE', #2341, 3.049999999999999800, 0.1999999999999995400 ) ;
#825 = PLANE ( 'NONE',  #830 ) ;
#826 = ORIENTED_EDGE ( 'NONE', *, *, #1875, .T. ) ;
#827 = ADVANCED_FACE ( 'NONE', ( #609 ), #1884, .T. ) ;
#828 = CIRCLE ( 'NONE', #172, 2.904411906293519000 ) ;
#829 = CARTESIAN_POINT ( 'NONE',  ( 3.259040348126000600, 3.250000000000000000, 0.0000000000000000000 ) ) ;
#830 = AXIS2_PLACEMENT_3D ( 'NONE', #482, #1586, #66 ) ;
#831 = LINE ( 'NONE', #353, #1872 ) ;
#832 = UNCERTAINTY_MEASURE_WITH_UNIT (LENGTH_MEASURE( 1.000000000000000100E-005 ), #1908, 'distance_accuracy_value', 'NONE');
#833 = VERTEX_POINT ( 'NONE', #94 ) ;
#834 = CARTESIAN_POINT ( 'NONE',  ( -0.3990818557679416400, 3.250000000000000400, 2.904411906293519000 ) ) ;
#835 = CARTESIAN_POINT ( 'NONE',  ( -4.599999999999999600, 3.250000000000000000, 0.0000000000000000000 ) ) ;
#836 = ORIENTED_EDGE ( 'NONE', *, *, #1272, .F. ) ;
#837 = ADVANCED_FACE ( 'NONE', ( #327 ), #282, .T. ) ;
#838 = EDGE_CURVE ( 'NONE', #452, #1192, #898, .T. ) ;
#839 = CARTESIAN_POINT ( 'NONE',  ( -1.979061101946970200, 3.250000000000000000, 0.0000000000000000000 ) ) ;
#840 = DIRECTION ( 'NONE',  ( 0.0000000000000000000, 0.0000000000000000000, 1.000000000000000000 ) ) ;
#841 = AXIS2_PLACEMENT_3D ( 'NONE', #712, #678, #1255 ) ;
#842 = CARTESIAN_POINT ( 'NONE',  ( 10.79397851914335000, 3.250000000000000000, 0.0000000000000000000 ) ) ;
#843 = VERTEX_POINT ( 'NONE', #1059 ) ;
#844 = CARTESIAN_POINT ( 'NONE',  ( 2.579061101946970200, 0.0000000000000000000, 0.0000000000000000000 ) ) ;
#845 = PRESENTATION_LAYER_ASSIGNMENT (  '', '', ( #645 ) ) ;
#846 = EDGE_LOOP ( 'NONE', ( #1377, #2104, #1916, #399 ) ) ;
#847 =( LENGTH_UNIT ( ) NAMED_UNIT ( * ) SI_UNIT ( .MILLI., .METRE. ) );
#848 = ORIENTED_EDGE ( 'NONE', *, *, #149, .F. ) ;
#849 = DIRECTION ( 'NONE',  ( -1.000000000000000000, -0.0000000000000000000, -0.0000000000000000000 ) ) ;
#850 = ADVANCED_FACE ( 'NONE', ( #174 ), #1847, .T. ) ;
#851 = DIRECTION ( 'NONE',  ( 1.000000000000000000, 0.0000000000000000000, 0.0000000000000000000 ) ) ;
#852 = EDGE_LOOP ( 'NONE', ( #421, #563 ) ) ;
#853 = LINE ( 'NONE', #413, #942 ) ;
#854 = EDGE_CURVE ( 'NONE', #2355, #1034, #497, .T. ) ;
#855 = CYLINDRICAL_SURFACE ( 'NONE', #1957, 2.904411906293519000 ) ;
#856 = DIRECTION ( 'NONE',  ( -1.000000000000000000, 0.0000000000000000000, 0.0000000000000000000 ) ) ;
#857 = ORIENTED_EDGE ( 'NONE', *, *, #627, .F. ) ;
#858 = AXIS2_PLACEMENT_3D ( 'NONE', #52, #1346, #1736 ) ;
#859 = ORIENTED_EDGE ( 'NONE', *, *, #460, .F. ) ;
#860 = FACE_OUTER_BOUND ( 'NONE', #402, .T. ) ;
#861 = TOROIDAL_SURFACE ( 'NONE', #725, 3.049999999999999800, 0.1999999999999995400 ) ;
#862 = DIRECTION ( 'NONE',  ( 0.0000000000000000000, 0.0000000000000000000, -1.000000000000000000 ) ) ;
#863 = DIRECTION ( 'NONE',  ( -1.000000000000000000, -0.0000000000000000000, -0.0000000000000000000 ) ) ;
#864 =( NAMED_UNIT ( * ) SI_UNIT ( $, .STERADIAN. ) SOLID_ANGLE_UNIT ( ) );
#865 = AXIS2_PLACEMENT_3D ( 'NONE', #1021, #1046, #2367 ) ;
#866 = ORIENTED_EDGE ( 'NONE', *, *, #2178, .F. ) ;
#867 = ADVANCED_FACE ( 'NONE', ( #528 ), #1931, .T. ) ;
#868 = CLOSED_SHELL ( 'NONE', ( #261, #1215, #1646, #325, #2342, #1571 ) ) ;
#869 = PLANE ( 'NONE',  #2090 ) ;
#870 = PLANE ( 'NONE',  #1486 ) ;
#871 = DIRECTION ( 'NONE',  ( -1.000000000000000000, -0.0000000000000000000, -0.0000000000000000000 ) ) ;
#872 = DIRECTION ( 'NONE',  ( -1.000000000000000000, 0.0000000000000000000, 0.0000000000000000000 ) ) ;
#873 = EDGE_CURVE ( 'NONE', #713, #2420, #1158, .T. ) ;
#874 = CIRCLE ( 'NONE', #1051, 2.904411906293519000 ) ;
#875 = DIRECTION ( 'NONE',  ( -1.000000000000000000, 0.0000000000000000000, 0.0000000000000000000 ) ) ;
#876 = ORIENTED_EDGE ( 'NONE', *, *, #429, .T. ) ;
#877 = AXIS2_PLACEMENT_3D ( 'NONE', #890, #147, #1451 ) ;
#878 = UNCERTAINTY_MEASURE_WITH_UNIT (LENGTH_MEASURE( 1.000000000000000100E-005 ), #2273, 'distance_accuracy_value', 'NONE');
#879 = ORIENTED_EDGE ( 'NONE', *, *, #1089, .F. ) ;
#880 = CARTESIAN_POINT ( 'NONE',  ( -4.599999999999999600, 3.250000000000000000, 3.249999999999999600 ) ) ;
#881 = CARTESIAN_POINT ( 'NONE',  ( 1.979061101946970600, 3.249999999999999600, 2.904411906293519000 ) ) ;
#882 = EDGE_LOOP ( 'NONE', ( #626, #1762, #2028, #1740 ) ) ;
#883 = VERTEX_POINT ( 'NONE', #834 ) ;
#884 = CARTESIAN_POINT ( 'NONE',  ( -1.979061101946970600, 3.250000000000000000, -2.904411906293519000 ) ) ;
#885 = CARTESIAN_POINT ( 'NONE',  ( 2.579061101946970200, 3.250000000000000000, 3.249999999999999600 ) ) ;
#886 = CYLINDRICAL_SURFACE ( 'NONE', #728, 0.5000000000000000000 ) ;
#887 = COLOUR_RGB ( '',0.03921568627450980300, 0.4901960784313725300, 0.7098039215686274800 ) ;
#888 = SURFACE_SIDE_STYLE ('',( #427 ) ) ;
#889 = ORIENTED_EDGE ( 'NONE', *, *, #1101, .F. ) ;
#890 = CARTESIAN_POINT ( 'NONE',  ( -2.579061101946970200, 3.250000000000000000, 0.0000000000000000000 ) ) ;
#891 = CIRCLE ( 'NONE', #2437, 0.5000000000000000000 ) ;
#892 = CARTESIAN_POINT ( 'NONE',  ( 6.599999999999998800, 2.449999999999998800, 0.0000000000000000000 ) ) ;
#893 = ORIENTED_EDGE ( 'NONE', *, *, #1085, .T. ) ;
#894 = EDGE_CURVE ( 'NONE', #2091, #1744, #110, .T. ) ;
#895 = TOROIDAL_SURFACE ( 'NONE', #2001, 0.8000000000000003800, 0.4000000000000000800 ) ;
#896 = EDGE_LOOP ( 'NONE', ( #1584, #2203, #1529, #1450 ) ) ;
#897 = PRODUCT_DEFINITION_SHAPE ( 'NONE', 'NONE',  #588 ) ;
#898 = CIRCLE ( 'NONE', #1940, 1.200000000000000600 ) ;
#899 = DIRECTION ( 'NONE',  ( 1.000000000000000000, -0.0000000000000000000, -0.0000000000000000000 ) ) ;
#900 = AXIS2_PLACEMENT_3D ( 'NONE', #2101, #1339, #796 ) ;
#901 = ORIENTED_EDGE ( 'NONE', *, *, #396, .F. ) ;
#902 = DIRECTION ( 'NONE',  ( -1.000000000000000000, 0.0000000000000000000, 0.0000000000000000000 ) ) ;
#903 = AXIS2_PLACEMENT_3D ( 'NONE', #1876, #203, #1505 ) ;
#904 = ORIENTED_EDGE ( 'NONE', *, *, #2126, .F. ) ;
#905 = CYLINDRICAL_SURFACE ( 'NONE', #1179, 3.104411906293518700 ) ;
#906 = PLANE ( 'NONE',  #363 ) ;
#907 = EDGE_CURVE ( 'NONE', #767, #1095, #1598, .T. ) ;
#908 = PLANE ( 'NONE',  #692 ) ;
#909 = LINE ( 'NONE', #1787, #416 ) ;
#910 = AXIS2_PLACEMENT_3D ( 'NONE', #409, #1152, #1498 ) ;
#911 = EDGE_LOOP ( 'NONE', ( #1612, #2168 ) ) ;
#912 = EDGE_LOOP ( 'NONE', ( #1172, #1563, #1918, #1460 ) ) ;
#913 = AXIS2_PLACEMENT_3D ( 'NONE', #1965, #2147, #1208 ) ;
#914 = DIRECTION ( 'NONE',  ( -1.000000000000000000, -0.0000000000000000000, -0.0000000000000000000 ) ) ;
#915 = ORIENTED_EDGE ( 'NONE', *, *, #2127, .T. ) ;
#916 = VECTOR ( 'NONE', #236, 1000.000000000000000 ) ;
#917 = ORIENTED_EDGE ( 'NONE', *, *, #1634, .F. ) ;
#918 = ADVANCED_FACE ( 'NONE', ( #1396 ), #1540, .T. ) ;
#919 = CIRCLE ( 'NONE', #1029, 3.249999999999999600 ) ;
#920 = FACE_BOUND ( 'NONE', #1682, .T. ) ;
#921 = EDGE_LOOP ( 'NONE', ( #1860, #1356 ) ) ;
#922 = VECTOR ( 'NONE', #2333, 1000.000000000000000 ) ;
#923 = CARTESIAN_POINT ( 'NONE',  ( 0.3990818557679416400, 3.249999999999999600, 2.904411906293519000 ) ) ;
#924 = LINE ( 'NONE', #158, #433 ) ;
#925 = EDGE_CURVE ( 'NONE', #983, #2425, #406, .T. ) ;
#926 = ORIENTED_EDGE ( 'NONE', *, *, #529, .F. ) ;
#927 = AXIS2_PLACEMENT_3D ( 'NONE', #2350, #121, #2156 ) ;
#928 = CIRCLE ( 'NONE', #1513, 0.4000000000000000800 ) ;
#929 = DIRECTION ( 'NONE',  ( 0.0000000000000000000, 0.0000000000000000000, -1.000000000000000000 ) ) ;
#930 = FILL_AREA_STYLE ('',( #1132 ) ) ;
#931 = CARTESIAN_POINT ( 'NONE',  ( -10.79397851914335000, 3.250000000000000400, 2.904411906293519000 ) ) ;
#932 = DIRECTION ( 'NONE',  ( -1.000000000000000000, -0.0000000000000000000, -0.0000000000000000000 ) ) ;
#933 = ORIENTED_EDGE ( 'NONE', *, *, #1125, .F. ) ;
#934 = EDGE_CURVE ( 'NONE', #1590, #2387, #1281, .T. ) ;
#935 = ORIENTED_EDGE ( 'NONE', *, *, #414, .T. ) ;
#936 = AXIS2_PLACEMENT_3D ( 'NONE', #1367, #75, #447 ) ;
#937 = EDGE_LOOP ( 'NONE', ( #1514, #392, #1310, #1275 ) ) ;
#938 = EDGE_LOOP ( 'NONE', ( #1831, #1474, #1040, #1947 ) ) ;
#939 = AXIS2_PLACEMENT_3D ( 'NONE', #40, #1720, #597 ) ;
#940 = DIRECTION ( 'NONE',  ( -1.000000000000000000, 0.0000000000000000000, 0.0000000000000000000 ) ) ;
#941 = ORIENTED_EDGE ( 'NONE', *, *, #1316, .T. ) ;
#942 = VECTOR ( 'NONE', #1146, 1000.000000000000000 ) ;
#943 = CIRCLE ( 'NONE', #1575, 1.200000000000000600 ) ;
#944 = CARTESIAN_POINT ( 'NONE',  ( -4.599999999999999600, 3.250000000000000400, -3.249999999999999600 ) ) ;
#945 = SURFACE_STYLE_FILL_AREA ( #1334 ) ;
#946 = ORIENTED_EDGE ( 'NONE', *, *, #1808, .F. ) ;
#947 = CARTESIAN_POINT ( 'NONE',  ( -3.259040348126000600, 3.250000000000000000, 3.249999999999999600 ) ) ;
#948 = ORIENTED_EDGE ( 'NONE', *, *, #2025, .T. ) ;
#949 = CIRCLE ( 'NONE', #1717, 2.904411906293519000 ) ;
#950 = CYLINDRICAL_SURFACE ( 'NONE', #1261, 2.904411906293519000 ) ;
#951 = DIRECTION ( 'NONE',  ( -1.000000000000000000, 0.0000000000000000000, 0.0000000000000000000 ) ) ;
#952 = EDGE_CURVE ( 'NONE', #303, #411, #2332, .T. ) ;
#953 = CIRCLE ( 'NONE', #378, 3.104411906293518700 ) ;
#954 =( LENGTH_UNIT ( ) NAMED_UNIT ( * ) SI_UNIT ( .MILLI., .METRE. ) );
#955 = ORIENTED_EDGE ( 'NONE', *, *, #429, .F. ) ;
#956 = EDGE_CURVE ( 'NONE', #2244, #789, #381, .T. ) ;
#957 = ORIENTED_EDGE ( 'NONE', *, *, #2207, .F. ) ;
#958 = DIRECTION ( 'NONE',  ( 0.0000000000000000000, 0.0000000000000000000, -1.000000000000000000 ) ) ;
#959 = AXIS2_PLACEMENT_3D ( 'NONE', #2183, #849, #1053 ) ;
#960 = CARTESIAN_POINT ( 'NONE',  ( -6.599999999999998800, 2.449999999999998800, 0.0000000000000000000 ) ) ;
#961 = FACE_OUTER_BOUND ( 'NONE', #993, .T. ) ;
#962 = SURFACE_SIDE_STYLE ('',( #1298 ) ) ;
#963 =( NAMED_UNIT ( * ) PLANE_ANGLE_UNIT ( ) SI_UNIT ( $, .RADIAN. ) );
#964 = CARTESIAN_POINT ( 'NONE',  ( -10.79397851914335000, 3.250000000000000000, -2.904411906293519000 ) ) ;
#965 = ORIENTED_EDGE ( 'NONE', *, *, #465, .T. ) ;
#966 = EDGE_CURVE ( 'NONE', #95, #767, #2434, .T. ) ;
#967 = EDGE_LOOP ( 'NONE', ( #2016, #217, #1464, #2002 ) ) ;
#968 = DIRECTION ( 'NONE',  ( 1.000000000000000000, -0.0000000000000000000, -0.0000000000000000000 ) ) ;
#969 = EDGE_LOOP ( 'NONE', ( #1734, #1692, #572, #1009 ) ) ;
#970 = AXIS2_PLACEMENT_3D ( 'NONE', #731, #1183, #1544 ) ;
#971 = ORIENTED_EDGE ( 'NONE', *, *, #2353, .F. ) ;
#972 = CARTESIAN_POINT ( 'NONE',  ( -2.579061101946970700, 3.250000000000000000, -2.904411906293519000 ) ) ;
#973 = CYLINDRICAL_SURFACE ( 'NONE', #54, 3.104411906293518700 ) ;
#974 = CIRCLE ( 'NONE', #65, 2.904411906293519000 ) ;
#975 = AXIS2_PLACEMENT_3D ( 'NONE', #1307, #748, #1695 ) ;
#976 = VERTEX_POINT ( 'NONE', #2153 ) ;
#977 = CIRCLE ( 'NONE', #38, 0.4000000000000000800 ) ;
#978 = FACE_BOUND ( 'NONE', #1661, .T. ) ;
#979 = CARTESIAN_POINT ( 'NONE',  ( 3.259040348126000600, 3.250000000000000000, 3.049999999999999800 ) ) ;
#980 = CYLINDRICAL_SURFACE ( 'NONE', #1249, 3.249999999999999600 ) ;
#981 = DIRECTION ( 'NONE',  ( 1.000000000000000000, -0.0000000000000000000, -0.0000000000000000000 ) ) ;
#982 = CARTESIAN_POINT ( 'NONE',  ( 6.199999999999999300, 3.250000000000000000, 0.0000000000000000000 ) ) ;
#983 = VERTEX_POINT ( 'NONE', #667 ) ;
#984 = CARTESIAN_POINT ( 'NONE',  ( -4.599999999999999600, 3.250000000000000000, 0.0000000000000000000 ) ) ;
#985 = AXIS2_PLACEMENT_3D ( 'NONE', #1871, #2431, #1088 ) ;
#986 = CARTESIAN_POINT ( 'NONE',  ( 0.9990818557679415100, 3.250000000000000000, 0.0000000000000000000 ) ) ;
#987 = AXIS2_PLACEMENT_3D ( 'NONE', #697, #2011, #590 ) ;
#988 = PLANE ( 'NONE',  #1537 ) ;
#989 = ADVANCED_FACE ( 'NONE', ( #1038 ), #1422, .T. ) ;
#990 = CARTESIAN_POINT ( 'NONE',  ( 2.579061101946970200, 3.250000000000000000, 0.0000000000000000000 ) ) ;
#991 = ORIENTED_EDGE ( 'NONE', *, *, #386, .F. ) ;
#992 = CARTESIAN_POINT ( 'NONE',  ( -6.199999999999999300, 2.449999999999999300, 0.0000000000000000000 ) ) ;
#993 = EDGE_LOOP ( 'NONE', ( #29, #1398 ) ) ;
#994 = EDGE_LOOP ( 'NONE', ( #591, #618 ) ) ;
#995 = EDGE_CURVE ( 'NONE', #1437, #1065, #23, .T. ) ;
#996 = ORIENTED_EDGE ( 'NONE', *, *, #1428, .F. ) ;
#997 = FACE_OUTER_BOUND ( 'NONE', #2132, .T. ) ;
#998 = CARTESIAN_POINT ( 'NONE',  ( 1.979061101946970200, 3.250000000000000000, 0.0000000000000000000 ) ) ;
#999 = ADVANCED_FACE ( 'NONE', ( #860 ), #1335, .T. ) ;
#1000 = FACE_OUTER_BOUND ( 'NONE', #1358, .T. ) ;
#1001 = AXIS2_PLACEMENT_3D ( 'NONE', #2356, #1229, #1792 ) ;
#1002 = ORIENTED_EDGE ( 'NONE', *, *, #542, .T. ) ;
#1003 = CIRCLE ( 'NONE', #2276, 0.5000000000000000000 ) ;
#1004 = ORIENTED_EDGE ( 'NONE', *, *, #209, .T. ) ;
#1005 = FACE_OUTER_BOUND ( 'NONE', #1782, .T. ) ;
#1006 = DIRECTION ( 'NONE',  ( -1.000000000000000000, 0.0000000000000000000, 0.0000000000000000000 ) ) ;
#1007 = CYLINDRICAL_SURFACE ( 'NONE', #259, 3.104411906293518700 ) ;
#1008 = CARTESIAN_POINT ( 'NONE',  ( -10.79397851914335000, 3.250000000000000000, -2.904411906293519000 ) ) ;
#1009 = ORIENTED_EDGE ( 'NONE', *, *, #267, .F. ) ;
#1010 = DIRECTION ( 'NONE',  ( 1.000000000000000000, 0.0000000000000000000, 0.0000000000000000000 ) ) ;
#1011 = ADVANCED_FACE ( 'NONE', ( #1487 ), #1958, .T. ) ;
#1012 = EDGE_CURVE ( 'NONE', #1246, #2032, #924, .T. ) ;
#1013 = PRESENTATION_STYLE_ASSIGNMENT (( #1879 ) ) ;
#1014 = DIRECTION ( 'NONE',  ( 1.000000000000000000, -0.0000000000000000000, -0.0000000000000000000 ) ) ;
#1015 = AXIS2_PLACEMENT_3D ( 'NONE', #32, #234, #1370 ) ;
#1016 = LINE ( 'NONE', #2351, #85 ) ;
#1017 = PLANE ( 'NONE',  #1605 ) ;
#1018 = DIRECTION ( 'NONE',  ( -1.000000000000000000, 0.0000000000000000000, 0.0000000000000000000 ) ) ;
#1019 = DIRECTION ( 'NONE',  ( 0.0000000000000000000, 0.0000000000000000000, 1.000000000000000000 ) ) ;
#1020 = CIRCLE ( 'NONE', #1812, 3.104411906293518700 ) ;
#1021 = CARTESIAN_POINT ( 'NONE',  ( 4.599999999999999600, 3.250000000000000000, 0.0000000000000000000 ) ) ;
#1022 = ORIENTED_EDGE ( 'NONE', *, *, #1891, .F. ) ;
#1023 = ADVANCED_FACE ( 'NONE', ( #2369 ), #2068, .F. ) ;
#1024 = EDGE_LOOP ( 'NONE', ( #213, #1995 ) ) ;
#1025 = DIRECTION ( 'NONE',  ( 1.000000000000000000, 0.0000000000000000000, 0.0000000000000000000 ) ) ;
#1026 = EDGE_CURVE ( 'NONE', #2425, #1633, #831, .T. ) ;
#1027 = ORIENTED_EDGE ( 'NONE', *, *, #1565, .T. ) ;
#1028 = ORIENTED_EDGE ( 'NONE', *, *, #1479, .F. ) ;
#1029 = AXIS2_PLACEMENT_3D ( 'NONE', #2199, #1659, #2048 ) ;
#1030 = FACE_OUTER_BOUND ( 'NONE', #1647, .T. ) ;
#1031 = DIRECTION ( 'NONE',  ( -1.000000000000000000, 0.0000000000000000000, 0.0000000000000000000 ) ) ;
#1032 = CIRCLE ( 'NONE', #975, 3.250000000000000000 ) ;
#1033 = CARTESIAN_POINT ( 'NONE',  ( 0.3990818557679409200, 0.0000000000000000000, 0.0000000000000000000 ) ) ;
#1034 = VERTEX_POINT ( 'NONE', #884 ) ;
#1035 = DIRECTION ( 'NONE',  ( 0.0000000000000000000, 0.0000000000000000000, -1.000000000000000000 ) ) ;
#1036 = CYLINDRICAL_SURFACE ( 'NONE', #215, 2.904411906293519000 ) ;
#1037 = AXIS2_PLACEMENT_3D ( 'NONE', #986, #2290, #1919 ) ;
#1038 = FACE_OUTER_BOUND ( 'NONE', #1207, .T. ) ;
#1039 = ADVANCED_FACE ( 'NONE', ( #1780 ), #660, .T. ) ;
#1040 = ORIENTED_EDGE ( 'NONE', *, *, #496, .F. ) ;
#1041 = DIRECTION ( 'NONE',  ( 1.000000000000000000, 0.0000000000000000000, 0.0000000000000000000 ) ) ;
#1042 =( NAMED_UNIT ( * ) SI_UNIT ( $, .STERADIAN. ) SOLID_ANGLE_UNIT ( ) );
#1043 = CARTESIAN_POINT ( 'NONE',  ( -1.899081855767940800, 3.250000000000000400, -3.250000000000000000 ) ) ;
#1044 = CARTESIAN_POINT ( 'NONE',  ( -0.9990818557679415100, 3.250000000000000000, 0.0000000000000000000 ) ) ;
#1045 = FILL_AREA_STYLE_COLOUR ( '', #1313 ) ;
#1046 = DIRECTION ( 'NONE',  ( 1.000000000000000000, -0.0000000000000000000, -0.0000000000000000000 ) ) ;
#1047 = CIRCLE ( 'NONE', #499, 3.104411906293518700 ) ;
#1048 = EDGE_CURVE ( 'NONE', #713, #350, #1361, .T. ) ;
#1049 = DIRECTION ( 'NONE',  ( 0.0000000000000000000, 0.0000000000000000000, -1.000000000000000000 ) ) ;
#1050 = CARTESIAN_POINT ( 'NONE',  ( -2.579061101946970200, 0.0000000000000000000, 0.0000000000000000000 ) ) ;
#1051 = AXIS2_PLACEMENT_3D ( 'NONE', #1044, #1210, #1588 ) ;
#1052 = SURFACE_STYLE_FILL_AREA ( #1416 ) ;
#1053 = DIRECTION ( 'NONE',  ( 0.0000000000000000000, 0.0000000000000000000, -1.000000000000000000 ) ) ;
#1054 = CIRCLE ( 'NONE', #514, 3.249999999999999600 ) ;
#1055 = CARTESIAN_POINT ( 'NONE',  ( -0.3990818557679408100, 3.250000000000000400, -3.104411906293518700 ) ) ;
#1056 = ORIENTED_EDGE ( 'NONE', *, *, #2224, .T. ) ;
#1057 = DIRECTION ( 'NONE',  ( 1.000000000000000000, -0.0000000000000000000, -0.0000000000000000000 ) ) ;
#1058 = ORIENTED_EDGE ( 'NONE', *, *, #1742, .T. ) ;
#1059 = CARTESIAN_POINT ( 'NONE',  ( 6.199999999999999300, 2.849999999999999600, -4.898587196589412500E-017 ) ) ;
#1060 = FILL_AREA_STYLE_COLOUR ( '', #525 ) ;
#1061 = ORIENTED_EDGE ( 'NONE', *, *, #1206, .T. ) ;
#1062 = DIRECTION ( 'NONE',  ( -1.000000000000000000, 0.0000000000000000000, 0.0000000000000000000 ) ) ;
#1063 = DIRECTION ( 'NONE',  ( -1.000000000000000000, -0.0000000000000000000, -0.0000000000000000000 ) ) ;
#1064 = SURFACE_SIDE_STYLE ('',( #1052 ) ) ;
#1065 = VERTEX_POINT ( 'NONE', #2221 ) ;
#1066 = EDGE_CURVE ( 'NONE', #1893, #370, #2403, .T. ) ;
#1067 = VECTOR ( 'NONE', #359, 1000.000000000000000 ) ;
#1068 = EDGE_LOOP ( 'NONE', ( #2317, #689, #2258, #2252, #1156 ) ) ;
#1069 = ADVANCED_FACE ( 'NONE', ( #2213 ), #1007, .T. ) ;
#1070 = FACE_OUTER_BOUND ( 'NONE', #1271, .T. ) ;
#1071 = FACE_OUTER_BOUND ( 'NONE', #1531, .T. ) ;
#1072 = CARTESIAN_POINT ( 'NONE',  ( -6.999999999999999100, 2.449999999999998800, 0.0000000000000000000 ) ) ;
#1073 = AXIS2_PLACEMENT_3D ( 'NONE', #148, #872, #1623 ) ;
#1074 = EDGE_LOOP ( 'NONE', ( #1214, #1933 ) ) ;
#1075 = VECTOR ( 'NONE', #693, 1000.000000000000000 ) ;
#1076 = DIRECTION ( 'NONE',  ( -1.000000000000000000, -0.0000000000000000000, -0.0000000000000000000 ) ) ;
#1077 = ORIENTED_EDGE ( 'NONE', *, *, #1935, .F. ) ;
#1078 = DIRECTION ( 'NONE',  ( 0.0000000000000000000, 0.0000000000000000000, -1.000000000000000000 ) ) ;
#1079 = AXIS2_PLACEMENT_3D ( 'NONE', #1983, #2380, #111 ) ;
#1080 = FACE_OUTER_BOUND ( 'NONE', #1825, .T. ) ;
#1081 = ORIENTED_EDGE ( 'NONE', *, *, #510, .F. ) ;
#1082 = DIRECTION ( 'NONE',  ( 1.172110456741085800E-016, -1.000000000000000000, 0.0000000000000000000 ) ) ;
#1083 = CARTESIAN_POINT ( 'NONE',  ( 1.899081855767940800, 3.250000000000000000, 3.250000000000000000 ) ) ;
#1084 = CARTESIAN_POINT ( 'NONE',  ( -4.599999999999999600, 3.250000000000000000, 0.0000000000000000000 ) ) ;
#1085 = EDGE_CURVE ( 'NONE', #2087, #395, #773, .T. ) ;
#1086 = DIRECTION ( 'NONE',  ( -1.172110456741085800E-016, -1.000000000000000000, 0.0000000000000000000 ) ) ;
#1087 = LINE ( 'NONE', #527, #585 ) ;
#1088 = DIRECTION ( 'NONE',  ( 0.0000000000000000000, 0.0000000000000000000, 1.000000000000000000 ) ) ;
#1089 = EDGE_CURVE ( 'NONE', #1192, #644, #1220, .T. ) ;
#1090 = DIRECTION ( 'NONE',  ( 0.0000000000000000000, 0.0000000000000000000, 1.000000000000000000 ) ) ;
#1091 = AXIS2_PLACEMENT_3D ( 'NONE', #559, #2226, #200 ) ;
#1092 = ORIENTED_EDGE ( 'NONE', *, *, #1826, .F. ) ;
#1093 = ORIENTED_EDGE ( 'NONE', *, *, #1222, .T. ) ;
#1094 = CARTESIAN_POINT ( 'NONE',  ( 7.399999999999999500, 2.449999999999998800, -4.898587196589413700E-017 ) ) ;
#1095 = VERTEX_POINT ( 'NONE', #1652 ) ;
#1096 = CIRCLE ( 'NONE', #903, 2.904411906293519000 ) ;
#1097 = ORIENTED_EDGE ( 'NONE', *, *, #2270, .F. ) ;
#1098 = LINE ( 'NONE', #960, #2393 ) ;
#1099 = CIRCLE ( 'NONE', #310, 0.4000000000000001900 ) ;
#1100 = VERTEX_POINT ( 'NONE', #1284 ) ;
#1101 = EDGE_CURVE ( 'NONE', #2010, #204, #352, .T. ) ;
#1102 = VECTOR ( 'NONE', #2358, 1000.000000000000000 ) ;
#1103 = ORIENTED_EDGE ( 'NONE', *, *, #114, .F. ) ;
#1104 = FACE_OUTER_BOUND ( 'NONE', #1802, .T. ) ;
#1105 = CARTESIAN_POINT ( 'NONE',  ( -4.599999999999999600, 3.250000000000000000, 0.0000000000000000000 ) ) ;
#1106 = AXIS2_PLACEMENT_3D ( 'NONE', #1950, #814, #1362 ) ;
#1107 = FILL_AREA_STYLE ('',( #181 ) ) ;
#1108 = ADVANCED_FACE ( 'NONE', ( #2300 ), #1665, .T. ) ;
#1109 = CARTESIAN_POINT ( 'NONE',  ( 6.199999999999999300, 2.449999999999999300, 0.0000000000000000000 ) ) ;
#1110 = CARTESIAN_POINT ( 'NONE',  ( 4.599999999999999600, 3.250000000000000000, 0.0000000000000000000 ) ) ;
#1111 = FACE_OUTER_BOUND ( 'NONE', #175, .T. ) ;
#1112 = AXIS2_PLACEMENT_3D ( 'NONE', #829, #90, #1019 ) ;
#1113 = ORIENTED_EDGE ( 'NONE', *, *, #1204, .F. ) ;
#1114 = ORIENTED_EDGE ( 'NONE', *, *, #1258, .F. ) ;
#1115 = AXIS2_PLACEMENT_3D ( 'NONE', #1567, #1389, #1031 ) ;
#1116 = CARTESIAN_POINT ( 'NONE',  ( 4.599999999999999600, 3.250000000000000000, 3.249999999999999600 ) ) ;
#1117 = DIRECTION ( 'NONE',  ( -1.000000000000000000, -0.0000000000000000000, -0.0000000000000000000 ) ) ;
#1118 = VERTEX_POINT ( 'NONE', #2435 ) ;
#1119 = CARTESIAN_POINT ( 'NONE',  ( -6.199999999999999300, 3.250000000000000000, -0.4000000000000000800 ) ) ;
#1120 = EDGE_LOOP ( 'NONE', ( #2118, #674 ) ) ;
#1121 = LINE ( 'NONE', #556, #1326 ) ;
#1122 = PRESENTATION_STYLE_ASSIGNMENT (( #2197 ) ) ;
#1123 = DIRECTION ( 'NONE',  ( -1.000000000000000000, -0.0000000000000000000, -0.0000000000000000000 ) ) ;
#1124 = ORIENTED_EDGE ( 'NONE', *, *, #1131, .F. ) ;
#1125 = EDGE_CURVE ( 'NONE', #1889, #883, #607, .T. ) ;
#1126 = TOROIDAL_SURFACE ( 'NONE', #2291, 3.049999999999999800, 0.1999999999999995400 ) ;
#1127 = DIRECTION ( 'NONE',  ( 1.000000000000000000, 0.0000000000000000000, 0.0000000000000000000 ) ) ;
#1128 = EDGE_LOOP ( 'NONE', ( #2198, #750, #1395, #445 ) ) ;
#1129 = DIRECTION ( 'NONE',  ( 0.0000000000000000000, 0.0000000000000000000, 1.000000000000000000 ) ) ;
#1130 = CIRCLE ( 'NONE', #1589, 0.4000000000000000800 ) ;
#1131 = EDGE_CURVE ( 'NONE', #710, #843, #579, .T. ) ;
#1132 = FILL_AREA_STYLE_COLOUR ( '', #1635 ) ;
#1133 = ORIENTED_EDGE ( 'NONE', *, *, #1680, .F. ) ;
#1134 = CARTESIAN_POINT ( 'NONE',  ( -6.199999999999999300, 3.250000000000000000, 0.0000000000000000000 ) ) ;
#1135 = AXIS2_PLACEMENT_3D ( 'NONE', #1967, #851, #1403 ) ;
#1136 = PLANE ( 'NONE',  #322 ) ;
#1137 = LINE ( 'NONE', #154, #235 ) ;
#1138 = CARTESIAN_POINT ( 'NONE',  ( 6.599999999999998800, 2.449999999999998800, 0.0000000000000000000 ) ) ;
#1139 = EDGE_CURVE ( 'NONE', #276, #1100, #78, .T. ) ;
#1140 = FILL_AREA_STYLE_COLOUR ( '', #1239 ) ;
#1141 = ORIENTED_EDGE ( 'NONE', *, *, #1948, .F. ) ;
#1142 =( LENGTH_UNIT ( ) NAMED_UNIT ( * ) SI_UNIT ( .MILLI., .METRE. ) );
#1143 = AXIS2_PLACEMENT_3D ( 'NONE', #2364, #295, #1202 ) ;
#1144 = EDGE_LOOP ( 'NONE', ( #1497, #682, #1707, #1178 ) ) ;
#1145 = CARTESIAN_POINT ( 'NONE',  ( -1.899081855767940800, 3.250000000000000000, 3.250000000000000000 ) ) ;
#1146 = DIRECTION ( 'NONE',  ( -1.000000000000000000, -0.0000000000000000000, -0.0000000000000000000 ) ) ;
#1147 = AXIS2_PLACEMENT_3D ( 'NONE', #380, #1678, #749 ) ;
#1148 = ORIENTED_EDGE ( 'NONE', *, *, #414, .F. ) ;
#1149 = VECTOR ( 'NONE', #576, 999.9999999999998900 ) ;
#1150 = ORIENTED_EDGE ( 'NONE', *, *, #612, .T. ) ;
#1151 = LINE ( 'NONE', #1043, #2208 ) ;
#1152 = DIRECTION ( 'NONE',  ( -1.000000000000000000, -0.0000000000000000000, -0.0000000000000000000 ) ) ;
#1153 = ORIENTED_EDGE ( 'NONE', *, *, #654, .F. ) ;
#1154 = CIRCLE ( 'NONE', #505, 3.104411906293518700 ) ;
#1155 = DIRECTION ( 'NONE',  ( -1.000000000000000000, -0.0000000000000000000, -0.0000000000000000000 ) ) ;
#1156 = ORIENTED_EDGE ( 'NONE', *, *, #1139, .T. ) ;
#1157 = EDGE_CURVE ( 'NONE', #608, #710, #721, .T. ) ;
#1158 = LINE ( 'NONE', #87, #2269 ) ;
#1159 = DIRECTION ( 'NONE',  ( -1.000000000000000000, -0.0000000000000000000, -0.0000000000000000000 ) ) ;
#1160 = ORIENTED_EDGE ( 'NONE', *, *, #2412, .F. ) ;
#1161 = PRESENTATION_LAYER_ASSIGNMENT (  '', '', ( #2242 ) ) ;
#1162 = CARTESIAN_POINT ( 'NONE',  ( -4.599999999999999600, 3.250000000000000000, 0.0000000000000000000 ) ) ;
#1163 = DIRECTION ( 'NONE',  ( 1.000000000000000000, -0.0000000000000000000, -0.0000000000000000000 ) ) ;
#1164 = AXIS2_PLACEMENT_3D ( 'NONE', #998, #1185, #2134 ) ;
#1165 = DIRECTION ( 'NONE',  ( 0.0000000000000000000, -1.000000000000000000, 0.0000000000000000000 ) ) ;
#1166 = FILL_AREA_STYLE ('',( #2098 ) ) ;
#1167 = LINE ( 'NONE', #720, #670 ) ;
#1168 = DIRECTION ( 'NONE',  ( 0.0000000000000000000, 0.0000000000000000000, 1.000000000000000000 ) ) ;
#1169 = CARTESIAN_POINT ( 'NONE',  ( 10.79397851914335000, 3.249999999999999600, 2.904411906293519000 ) ) ;
#1170 = CARTESIAN_POINT ( 'NONE',  ( 7.399999999999999500, 2.449999999999998800, -4.898587196589423600E-017 ) ) ;
#1171 = CARTESIAN_POINT ( 'NONE',  ( -1.979061101946970600, 3.250000000000000000, 0.0000000000000000000 ) ) ;
#1172 = ORIENTED_EDGE ( 'NONE', *, *, #19, .F. ) ;
#1173 = EDGE_CURVE ( 'NONE', #67, #2122, #2151, .T. ) ;
#1174 = ORIENTED_EDGE ( 'NONE', *, *, #1085, .F. ) ;
#1175 = DIRECTION ( 'NONE',  ( -1.000000000000000000, 0.0000000000000000000, 0.0000000000000000000 ) ) ;
#1176 = DIRECTION ( 'NONE',  ( 0.0000000000000000000, 0.0000000000000000000, -1.000000000000000000 ) ) ;
#1177 = DIRECTION ( 'NONE',  ( 0.0000000000000000000, 0.0000000000000000000, -1.000000000000000000 ) ) ;
#1178 = ORIENTED_EDGE ( 'NONE', *, *, #2212, .F. ) ;
#1179 = AXIS2_PLACEMENT_3D ( 'NONE', #1270, #2206, #1814 ) ;
#1180 = ORIENTED_EDGE ( 'NONE', *, *, #386, .T. ) ;
#1181 = CIRCLE ( 'NONE', #1079, 0.4000000000000000800 ) ;
#1182 = VERTEX_POINT ( 'NONE', #2245 ) ;
#1183 = DIRECTION ( 'NONE',  ( 1.000000000000000000, -0.0000000000000000000, -0.0000000000000000000 ) ) ;
#1184 = CARTESIAN_POINT ( 'NONE',  ( 10.79397851914335000, 3.250000000000000000, 0.0000000000000000000 ) ) ;
#1185 = DIRECTION ( 'NONE',  ( -1.000000000000000000, 0.0000000000000000000, 0.0000000000000000000 ) ) ;
#1186 = ORIENTED_EDGE ( 'NONE', *, *, #255, .T. ) ;
#1187 = DIRECTION ( 'NONE',  ( 0.0000000000000000000, 0.0000000000000000000, 1.000000000000000000 ) ) ;
#1188 = PRESENTATION_STYLE_ASSIGNMENT (( #135 ) ) ;
#1189 = EDGE_LOOP ( 'NONE', ( #2362, #1418, #2287, #408 ) ) ;
#1190 = ADVANCED_FACE ( 'NONE', ( #2013, #228 ), #15, .F. ) ;
#1191 = EDGE_CURVE ( 'NONE', #532, #320, #953, .T. ) ;
#1192 = VERTEX_POINT ( 'NONE', #1669 ) ;
#1193 = CIRCLE ( 'NONE', #877, 3.249999999999999600 ) ;
#1194 = DIRECTION ( 'NONE',  ( 0.0000000000000000000, 0.0000000000000000000, 1.000000000000000000 ) ) ;
#1195 = CARTESIAN_POINT ( 'NONE',  ( -0.9990818557679406200, 3.250000000000000000, 0.0000000000000000000 ) ) ;
#1196 = AXIS2_PLACEMENT_3D ( 'NONE', #614, #1535, #1725 ) ;
#1197 = DIRECTION ( 'NONE',  ( 1.000000000000000000, 0.0000000000000000000, 0.0000000000000000000 ) ) ;
#1198 = PRODUCT_RELATED_PRODUCT_CATEGORY ( 'part', '', ( #2186 ) ) ;
#1199 = EDGE_LOOP ( 'NONE', ( #2228, #1384, #187, #955, #11 ) ) ;
#1200 = DIRECTION ( 'NONE',  ( 0.0000000000000000000, 0.0000000000000000000, -1.000000000000000000 ) ) ;
#1201 = ADVANCED_FACE ( 'NONE', ( #1104 ), #980, .T. ) ;
#1202 = DIRECTION ( 'NONE',  ( 0.0000000000000000000, 0.0000000000000000000, 1.000000000000000000 ) ) ;
#1203 = ORIENTED_EDGE ( 'NONE', *, *, #557, .T. ) ;
#1204 = EDGE_CURVE ( 'NONE', #16, #976, #2041, .T. ) ;
#1205 = ORIENTED_EDGE ( 'NONE', *, *, #2395, .F. ) ;
#1206 = EDGE_CURVE ( 'NONE', #411, #276, #48, .T. ) ;
#1207 = EDGE_LOOP ( 'NONE', ( #332, #1180, #2283, #759 ) ) ;
#1208 = DIRECTION ( 'NONE',  ( 0.0000000000000000000, 0.0000000000000000000, -1.000000000000000000 ) ) ;
#1209 = LINE ( 'NONE', #2238, #2289 ) ;
#1210 = DIRECTION ( 'NONE',  ( -1.000000000000000000, -0.0000000000000000000, -0.0000000000000000000 ) ) ;
#1211 = AXIS2_PLACEMENT_3D ( 'NONE', #1110, #1686, #564 ) ;
#1212 = ORIENTED_EDGE ( 'NONE', *, *, #479, .F. ) ;
#1213 = FACE_OUTER_BOUND ( 'NONE', #548, .T. ) ;
#1214 = ORIENTED_EDGE ( 'NONE', *, *, #1048, .T. ) ;
#1215 = ADVANCED_FACE ( 'NONE', ( #1080 ), #745, .T. ) ;
#1216 = CIRCLE ( 'NONE', #547, 3.249999999999999600 ) ;
#1217 = CYLINDRICAL_SURFACE ( 'NONE', #1781, 0.5000000000000000000 ) ;
#1218 = DIRECTION ( 'NONE',  ( 0.0000000000000000000, 0.0000000000000000000, -1.000000000000000000 ) ) ;
#1219 = CARTESIAN_POINT ( 'NONE',  ( -1.979061101946970600, 3.250000000000000000, 0.0000000000000000000 ) ) ;
#1220 = CIRCLE ( 'NONE', #1224, 0.4000000000000000800 ) ;
#1221 = CYLINDRICAL_SURFACE ( 'NONE', #841, 3.249999999999999600 ) ;
#1222 = EDGE_CURVE ( 'NONE', #816, #630, #1981, .T. ) ;
#1223 = DIRECTION ( 'NONE',  ( 0.0000000000000000000, 0.0000000000000000000, -1.000000000000000000 ) ) ;
#1224 = AXIS2_PLACEMENT_3D ( 'NONE', #1072, #2385, #1259 ) ;
#1225 = ADVANCED_FACE ( 'NONE', ( #1515 ), #752, .T. ) ;
#1226 = DIRECTION ( 'NONE',  ( 1.000000000000000000, -0.0000000000000000000, -0.0000000000000000000 ) ) ;
#1227 = DIRECTION ( 'NONE',  ( -1.000000000000000000, 0.0000000000000000000, 0.0000000000000000000 ) ) ;
#1228 = AXIS2_PLACEMENT_3D ( 'NONE', #305, #1603, #1432 ) ;
#1229 = DIRECTION ( 'NONE',  ( 1.000000000000000000, 0.0000000000000000000, 0.0000000000000000000 ) ) ;
#1230 = EDGE_LOOP ( 'NONE', ( #524, #268, #1476, #2006 ) ) ;
#1231 = DIRECTION ( 'NONE',  ( 1.000000000000000000, -0.0000000000000000000, -0.0000000000000000000 ) ) ;
#1232 = DIRECTION ( 'NONE',  ( -0.9396926207859082100, 0.0000000000000000000, 0.3420201433256696000 ) ) ;
#1233 = ORIENTED_EDGE ( 'NONE', *, *, #163, .T. ) ;
#1234 = DIRECTION ( 'NONE',  ( 1.172110456741085800E-016, -1.000000000000000000, 0.0000000000000000000 ) ) ;
#1235 = CARTESIAN_POINT ( 'NONE',  ( -3.259040348126000600, 3.250000000000000400, -3.049999999999999800 ) ) ;
#1236 = EDGE_CURVE ( 'NONE', #1413, #394, #718, .T. ) ;
#1237 = ORIENTED_EDGE ( 'NONE', *, *, #804, .T. ) ;
#1238 = ADVANCED_FACE ( 'NONE', ( #403 ), #198, .F. ) ;
#1239 = COLOUR_RGB ( '',0.7921568627450980000, 0.8196078431372548800, 0.9333333333333333500 ) ;
#1240 = VERTEX_POINT ( 'NONE', #1911 ) ;
#1241 = DIRECTION ( 'NONE',  ( 0.0000000000000000000, 0.0000000000000000000, -1.000000000000000000 ) ) ;
#1242 = CIRCLE ( 'NONE', #1015, 3.249999999999999600 ) ;
#1243 = DIRECTION ( 'NONE',  ( -1.000000000000000000, 0.0000000000000000000, 0.0000000000000000000 ) ) ;
#1244 = FACE_OUTER_BOUND ( 'NONE', #2384, .T. ) ;
#1245 = DIRECTION ( 'NONE',  ( 0.0000000000000000000, 0.0000000000000000000, -1.000000000000000000 ) ) ;
#1246 = VERTEX_POINT ( 'NONE', #2100 ) ;
#1247 = DIRECTION ( 'NONE',  ( 0.0000000000000000000, 0.0000000000000000000, 1.000000000000000000 ) ) ;
#1248 = FACE_BOUND ( 'NONE', #541, .T. ) ;
#1249 = AXIS2_PLACEMENT_3D ( 'NONE', #1887, #1123, #6 ) ;
#1250 = LINE ( 'NONE', #2180, #2399 ) ;
#1251 = DIRECTION ( 'NONE',  ( 0.0000000000000000000, 0.0000000000000000000, 1.000000000000000000 ) ) ;
#1252 = DIRECTION ( 'NONE',  ( 1.000000000000000000, 0.0000000000000000000, 0.0000000000000000000 ) ) ;
#1253 = EDGE_LOOP ( 'NONE', ( #1058, #1969 ) ) ;
#1254 = DIRECTION ( 'NONE',  ( 0.0000000000000000000, 0.0000000000000000000, 1.000000000000000000 ) ) ;
#1255 = DIRECTION ( 'NONE',  ( 0.0000000000000000000, 0.0000000000000000000, 1.000000000000000000 ) ) ;
#1256 = EDGE_CURVE ( 'NONE', #2115, #1797, #2181, .T. ) ;
#1257 = DIRECTION ( 'NONE',  ( 0.0000000000000000000, 0.0000000000000000000, -1.000000000000000000 ) ) ;
#1258 = EDGE_CURVE ( 'NONE', #1615, #468, #1714, .T. ) ;
#1259 = DIRECTION ( 'NONE',  ( 0.0000000000000000000, 0.0000000000000000000, 1.000000000000000000 ) ) ;
#1260 = FACE_OUTER_BOUND ( 'NONE', #100, .T. ) ;
#1261 = AXIS2_PLACEMENT_3D ( 'NONE', #440, #968, #1176 ) ;
#1262 = CARTESIAN_POINT ( 'NONE',  ( -1.899081855767940800, 3.250000000000000400, -3.250000000000000000 ) ) ;
#1263 = CARTESIAN_POINT ( 'NONE',  ( -1.899081855767940800, 3.250000000000000000, 0.0000000000000000000 ) ) ;
#1264 = DIRECTION ( 'NONE',  ( 1.000000000000000000, 0.0000000000000000000, -0.0000000000000000000 ) ) ;
#1265 = ORIENTED_EDGE ( 'NONE', *, *, #1191, .F. ) ;
#1266 = ORIENTED_EDGE ( 'NONE', *, *, #2319, .T. ) ;
#1267 = CARTESIAN_POINT ( 'NONE',  ( -0.3990818557679408100, 3.250000000000000000, 3.104411906293518700 ) ) ;
#1268 = VERTEX_POINT ( 'NONE', #214 ) ;
#1269 = CARTESIAN_POINT ( 'NONE',  ( -4.599999999999999600, 3.250000000000000000, 0.0000000000000000000 ) ) ;
#1270 = CARTESIAN_POINT ( 'NONE',  ( 4.599999999999999600, 3.250000000000000000, 0.0000000000000000000 ) ) ;
#1271 = EDGE_LOOP ( 'NONE', ( #501, #1381, #1237, #2033 ) ) ;
#1272 = EDGE_CURVE ( 'NONE', #1295, #1300, #1130, .T. ) ;
#1273 = VERTEX_POINT ( 'NONE', #1722 ) ;
#1274 = AXIS2_PLACEMENT_3D ( 'NONE', #1459, #1445, #328 ) ;
#1275 = ORIENTED_EDGE ( 'NONE', *, *, #1579, .F. ) ;
#1276 = VECTOR ( 'NONE', #1328, 1000.000000000000000 ) ;
#1277 = VERTEX_POINT ( 'NONE', #1145 ) ;
#1278 = DIRECTION ( 'NONE',  ( 0.0000000000000000000, 0.0000000000000000000, -1.000000000000000000 ) ) ;
#1279 = CARTESIAN_POINT ( 'NONE',  ( -3.446978872283181300, 3.250000000000000400, 3.118404028665133800 ) ) ;
#1280 = AXIS2_PLACEMENT_3D ( 'NONE', #756, #1117, #742 ) ;
#1281 = CIRCLE ( 'NONE', #1431, 3.249999999999999600 ) ;
#1282 = ORIENTED_EDGE ( 'NONE', *, *, #510, .T. ) ;
#1283 = DIRECTION ( 'NONE',  ( -1.000000000000000000, 0.0000000000000000000, 0.0000000000000000000 ) ) ;
#1284 = CARTESIAN_POINT ( 'NONE',  ( -6.199999999999999300, 3.250000000000000000, 0.4000000000000000800 ) ) ;
#1285 = DIRECTION ( 'NONE',  ( 0.0000000000000000000, 0.0000000000000000000, -1.000000000000000000 ) ) ;
#1286 = EDGE_CURVE ( 'NONE', #2112, #1510, #21, .T. ) ;
#1287 = DIRECTION ( 'NONE',  ( -1.000000000000000000, 0.0000000000000000000, 0.0000000000000000000 ) ) ;
#1288 = CARTESIAN_POINT ( 'NONE',  ( -2.579061101946970700, 3.250000000000000400, 2.904411906293519000 ) ) ;
#1289 = CARTESIAN_POINT ( 'NONE',  ( 1.499081855767941100, 3.250000000000000000, 0.0000000000000000000 ) ) ;
#1290 = AXIS2_PLACEMENT_3D ( 'NONE', #679, #1440, #1078 ) ;
#1291 = DIRECTION ( 'NONE',  ( 0.0000000000000000000, 0.0000000000000000000, -1.000000000000000000 ) ) ;
#1292 = AXIS2_PLACEMENT_3D ( 'NONE', #2421, #199, #1674 ) ;
#1293 = ORIENTED_EDGE ( 'NONE', *, *, #1012, .T. ) ;
#1294 = DIRECTION ( 'NONE',  ( 0.9396926207859082100, 0.0000000000000000000, 0.3420201433256696000 ) ) ;
#1295 = VERTEX_POINT ( 'NONE', #1138 ) ;
#1296 = ORIENTED_EDGE ( 'NONE', *, *, #2082, .T. ) ;
#1297 = DIRECTION ( 'NONE',  ( -1.000000000000000000, -0.0000000000000000000, -0.0000000000000000000 ) ) ;
#1298 = SURFACE_STYLE_FILL_AREA ( #1166 ) ;
#1299 = CARTESIAN_POINT ( 'NONE',  ( -2.579061101946970700, 3.250000000000000000, 0.0000000000000000000 ) ) ;
#1300 = VERTEX_POINT ( 'NONE', #1170 ) ;
#1301 = FACE_OUTER_BOUND ( 'NONE', #852, .T. ) ;
#1302 = CARTESIAN_POINT ( 'NONE',  ( 0.3990818557679416400, 3.250000000000000000, -2.904411906293519000 ) ) ;
#1303 = ORIENTED_EDGE ( 'NONE', *, *, #2012, .F. ) ;
#1304 = EDGE_CURVE ( 'NONE', #2388, #1838, #602, .T. ) ;
#1305 = CARTESIAN_POINT ( 'NONE',  ( 6.199999999999999300, 3.250000000000000000, 0.0000000000000000000 ) ) ;
#1306 = AXIS2_PLACEMENT_3D ( 'NONE', #1433, #2410, #1999 ) ;
#1307 = CARTESIAN_POINT ( 'NONE',  ( 1.899081855767940800, 3.250000000000000000, 0.0000000000000000000 ) ) ;
#1308 = CIRCLE ( 'NONE', #910, 3.104411906293518700 ) ;
#1309 = DIRECTION ( 'NONE',  ( 0.0000000000000000000, 0.0000000000000000000, 1.000000000000000000 ) ) ;
#1310 = ORIENTED_EDGE ( 'NONE', *, *, #1500, .T. ) ;
#1311 = ORIENTED_EDGE ( 'NONE', *, *, #818, .T. ) ;
#1312 = SURFACE_SIDE_STYLE ('',( #1852 ) ) ;
#1313 = COLOUR_RGB ( '',0.7921568627450980000, 0.8196078431372548800, 0.9333333333333333500 ) ;
#1314 = DIRECTION ( 'NONE',  ( -1.000000000000000000, 0.0000000000000000000, 0.0000000000000000000 ) ) ;
#1315 = FACE_BOUND ( 'NONE', #770, .T. ) ;
#1316 = EDGE_CURVE ( 'NONE', #1702, #2355, #2067, .T. ) ;
#1317 =( NAMED_UNIT ( * ) SI_UNIT ( $, .STERADIAN. ) SOLID_ANGLE_UNIT ( ) );
#1318 = PRESENTATION_LAYER_ASSIGNMENT (  '', '', ( #270 ) ) ;
#1319 = EDGE_LOOP ( 'NONE', ( #1970, #1625, #915, #1133 ) ) ;
#1320 = ORIENTED_EDGE ( 'NONE', *, *, #1330, .T. ) ;
#1321 =( GEOMETRIC_REPRESENTATION_CONTEXT ( 3 ) GLOBAL_UNCERTAINTY_ASSIGNED_CONTEXT ( ( #2288 ) ) GLOBAL_UNIT_ASSIGNED_CONTEXT ( ( #954, #1937, #800 ) ) REPRESENTATION_CONTEXT ( 'NONE', 'WORKASPACE' ) );
#1322 = ORIENTED_EDGE ( 'NONE', *, *, #2255, .F. ) ;
#1323 = DIRECTION ( 'NONE',  ( 0.0000000000000000000, 0.0000000000000000000, 1.000000000000000000 ) ) ;
#1324 = CARTESIAN_POINT ( 'NONE',  ( 0.3990818557679408100, 3.250000000000000000, 0.0000000000000000000 ) ) ;
#1325 = ORIENTED_EDGE ( 'NONE', *, *, #751, .T. ) ;
#1326 = VECTOR ( 'NONE', #2020, 1000.000000000000000 ) ;
#1327 = FACE_OUTER_BOUND ( 'NONE', #921, .T. ) ;
#1328 = DIRECTION ( 'NONE',  ( 1.000000000000000000, -0.0000000000000000000, -0.0000000000000000000 ) ) ;
#1329 = ORIENTED_EDGE ( 'NONE', *, *, #33, .F. ) ;
#1330 = EDGE_CURVE ( 'NONE', #1838, #2388, #281, .T. ) ;
#1331 = ORIENTED_EDGE ( 'NONE', *, *, #732, .T. ) ;
#1332 = LINE ( 'NONE', #1989, #1075 ) ;
#1333 = EDGE_CURVE ( 'NONE', #16, #220, #1842, .T. ) ;
#1334 = FILL_AREA_STYLE ('',( #772 ) ) ;
#1335 = CYLINDRICAL_SURFACE ( 'NONE', #601, 3.104411906293518700 ) ;
#1336 = ORIENTED_EDGE ( 'NONE', *, *, #760, .T. ) ;
#1337 = DIRECTION ( 'NONE',  ( 0.0000000000000000000, 0.0000000000000000000, 1.000000000000000000 ) ) ;
#1338 = AXIS2_PLACEMENT_3D ( 'NONE', #230, #2275, #31 ) ;
#1339 = DIRECTION ( 'NONE',  ( -1.000000000000000000, 0.0000000000000000000, 0.0000000000000000000 ) ) ;
#1340 = DIRECTION ( 'NONE',  ( -1.000000000000000000, 0.0000000000000000000, 0.0000000000000000000 ) ) ;
#1341 = PLANE ( 'NONE',  #415 ) ;
#1342 = UNCERTAINTY_MEASURE_WITH_UNIT (LENGTH_MEASURE( 1.000000000000000100E-005 ), #847, 'distance_accuracy_value', 'NONE');
#1343 = EDGE_CURVE ( 'NONE', #2302, #320, #2094, .T. ) ;
#1344 = CARTESIAN_POINT ( 'NONE',  ( -3.259040348126000600, 3.250000000000000400, -3.249999999999999600 ) ) ;
#1345 = ORIENTED_EDGE ( 'NONE', *, *, #894, .F. ) ;
#1346 = DIRECTION ( 'NONE',  ( 1.000000000000000000, -0.0000000000000000000, -0.0000000000000000000 ) ) ;
#1347 = AXIS2_PLACEMENT_3D ( 'NONE', #1596, #662, #1604 ) ;
#1348 = ORIENTED_EDGE ( 'NONE', *, *, #224, .T. ) ;
#1349 = CARTESIAN_POINT ( 'NONE',  ( 3.259040348126000600, 3.249999999999999600, -3.049999999999999800 ) ) ;
#1350 = AXIS2_PLACEMENT_3D ( 'NONE', #177, #902, #1645 ) ;
#1351 = ORIENTED_EDGE ( 'NONE', *, *, #2282, .T. ) ;
#1352 = CARTESIAN_POINT ( 'NONE',  ( 1.979061101946970600, 3.250000000000000000, 0.0000000000000000000 ) ) ;
#1353 = VECTOR ( 'NONE', #2254, 1000.000000000000000 ) ;
#1354 = DIRECTION ( 'NONE',  ( -1.000000000000000000, 0.0000000000000000000, 0.0000000000000000000 ) ) ;
#1355 = CARTESIAN_POINT ( 'NONE',  ( -4.599999999999999600, 3.250000000000000000, 0.5000000000000000000 ) ) ;
#1356 = ORIENTED_EDGE ( 'NONE', *, *, #1066, .T. ) ;
#1357 = VECTOR ( 'NONE', #1545, 1000.000000000000000 ) ;
#1358 = EDGE_LOOP ( 'NONE', ( #372, #1691, #489, #649, #761 ) ) ;
#1359 = FACE_OUTER_BOUND ( 'NONE', #2060, .T. ) ;
#1360 = EDGE_CURVE ( 'NONE', #739, #833, #1662, .T. ) ;
#1361 = CIRCLE ( 'NONE', #2146, 3.104411906293518700 ) ;
#1362 = DIRECTION ( 'NONE',  ( 0.0000000000000000000, 0.0000000000000000000, 1.000000000000000000 ) ) ;
#1363 = CARTESIAN_POINT ( 'NONE',  ( 0.3990818557679416400, 3.249999999999999600, 2.904411906293519000 ) ) ;
#1364 = DIRECTION ( 'NONE',  ( 0.0000000000000000000, 0.0000000000000000000, 1.000000000000000000 ) ) ;
#1365 = EDGE_CURVE ( 'NONE', #131, #36, #1154, .T. ) ;
#1366 = EDGE_LOOP ( 'NONE', ( #2335, #1093, #2173, #2026 ) ) ;
#1367 = CARTESIAN_POINT ( 'NONE',  ( -1.899081855767940800, 3.250000000000000000, 0.0000000000000000000 ) ) ;
#1368 = VECTOR ( 'NONE', #783, 1000.000000000000000 ) ;
#1369 = AXIS2_PLACEMENT_3D ( 'NONE', #1406, #1006, #2345 ) ;
#1370 = DIRECTION ( 'NONE',  ( 0.0000000000000000000, 0.0000000000000000000, -1.000000000000000000 ) ) ;
#1371 = DIRECTION ( 'NONE',  ( 0.0000000000000000000, 0.0000000000000000000, -1.000000000000000000 ) ) ;
#1372 = DIRECTION ( 'NONE',  ( -1.000000000000000000, -0.0000000000000000000, -0.0000000000000000000 ) ) ;
#1373 = ADVANCED_FACE ( 'NONE', ( #143 ), #798, .T. ) ;
#1374 = FACE_OUTER_BOUND ( 'NONE', #589, .T. ) ;
#1375 = DIRECTION ( 'NONE',  ( -1.000000000000000000, 0.0000000000000000000, 0.0000000000000000000 ) ) ;
#1376 = EDGE_CURVE ( 'NONE', #436, #2417, #1216, .T. ) ;
#1377 = ORIENTED_EDGE ( 'NONE', *, *, #2375, .F. ) ;
#1378 = EDGE_CURVE ( 'NONE', #1443, #1841, #2267, .T. ) ;
#1379 = ORIENTED_EDGE ( 'NONE', *, *, #2053, .F. ) ;
#1380 = DIRECTION ( 'NONE',  ( -1.000000000000000000, -0.0000000000000000000, -0.0000000000000000000 ) ) ;
#1381 = ORIENTED_EDGE ( 'NONE', *, *, #894, .T. ) ;
#1382 = DIRECTION ( 'NONE',  ( -1.000000000000000000, 0.0000000000000000000, 0.0000000000000000000 ) ) ;
#1383 = AXIS2_PLACEMENT_3D ( 'NONE', #1263, #863, #2390 ) ;
#1384 = ORIENTED_EDGE ( 'NONE', *, *, #2239, .T. ) ;
#1385 = ADVANCED_FACE ( 'NONE', ( #1955 ), #254, .T. ) ;
#1386 = FACE_OUTER_BOUND ( 'NONE', #938, .T. ) ;
#1387 = PRODUCT_DEFINITION_FORMATION_WITH_SPECIFIED_SOURCE ( 'ANY', '', #2186, .NOT_KNOWN. ) ;
#1388 = ORIENTED_EDGE ( 'NONE', *, *, #3, .T. ) ;
#1389 = DIRECTION ( 'NONE',  ( -1.172110456741085800E-016, -1.000000000000000000, 0.0000000000000000000 ) ) ;
#1390 = CONICAL_SURFACE ( 'NONE', #1624, 0.5000000000000000000, 1.221730476396029900 ) ;
#1391 = ORIENTED_EDGE ( 'NONE', *, *, #838, .F. ) ;
#1392 = DIRECTION ( 'NONE',  ( -1.000000000000000000, -0.0000000000000000000, -0.0000000000000000000 ) ) ;
#1393 = FACE_OUTER_BOUND ( 'NONE', #2138, .T. ) ;
#1394 = CIRCLE ( 'NONE', #792, 3.104411906293518700 ) ;
#1395 = ORIENTED_EDGE ( 'NONE', *, *, #318, .F. ) ;
#1396 = FACE_OUTER_BOUND ( 'NONE', #819, .T. ) ;
#1397 = EDGE_CURVE ( 'NONE', #1100, #452, #1629, .T. ) ;
#1398 = ORIENTED_EDGE ( 'NONE', *, *, #934, .T. ) ;
#1399 = DIRECTION ( 'NONE',  ( -1.000000000000000000, 0.0000000000000000000, 0.0000000000000000000 ) ) ;
#1400 = AXIS2_PLACEMENT_3D ( 'NONE', #1980, #546, #1636 ) ;
#1401 = DIRECTION ( 'NONE',  ( -1.000000000000000000, -0.0000000000000000000, -0.0000000000000000000 ) ) ;
#1402 = ADVANCED_FACE ( 'NONE', ( #1566 ), #1690, .T. ) ;
#1403 = DIRECTION ( 'NONE',  ( 0.0000000000000000000, 0.0000000000000000000, -1.000000000000000000 ) ) ;
#1404 = DIRECTION ( 'NONE',  ( 0.0000000000000000000, 0.0000000000000000000, -1.000000000000000000 ) ) ;
#1405 = DIRECTION ( 'NONE',  ( 0.0000000000000000000, 0.0000000000000000000, -1.000000000000000000 ) ) ;
#1406 = CARTESIAN_POINT ( 'NONE',  ( -4.599999999999999600, 3.250000000000000000, 0.0000000000000000000 ) ) ;
#1407 = CARTESIAN_POINT ( 'NONE',  ( -0.9990818557679406200, 3.250000000000000000, 0.0000000000000000000 ) ) ;
#1408 = ORIENTED_EDGE ( 'NONE', *, *, #2178, .T. ) ;
#1409 = ADVANCED_FACE ( 'NONE', ( #1456 ), #657, .T. ) ;
#1410 = ORIENTED_EDGE ( 'NONE', *, *, #92, .F. ) ;
#1411 = DIRECTION ( 'NONE',  ( 1.000000000000000000, 0.0000000000000000000, 0.0000000000000000000 ) ) ;
#1412 = AXIS2_PLACEMENT_3D ( 'NONE', #2257, #1892, #4 ) ;
#1413 = VERTEX_POINT ( 'NONE', #805 ) ;
#1414 = CARTESIAN_POINT ( 'NONE',  ( -0.3990818557679408100, 3.250000000000000000, 0.0000000000000000000 ) ) ;
#1415 = CIRCLE ( 'NONE', #1454, 0.4000000000000000800 ) ;
#1416 = FILL_AREA_STYLE ('',( #1045 ) ) ;
#1417 = MECHANICAL_DESIGN_GEOMETRIC_PRESENTATION_REPRESENTATION (  '', ( #2400 ), #2017 ) ;
#1418 = ORIENTED_EDGE ( 'NONE', *, *, #1935, .T. ) ;
#1419 = CIRCLE ( 'NONE', #1350, 3.104411906293518700 ) ;
#1420 = PLANE ( 'NONE',  #288 ) ;
#1421 = DIRECTION ( 'NONE',  ( -1.000000000000000000, 0.0000000000000000000, 0.0000000000000000000 ) ) ;
#1422 = CYLINDRICAL_SURFACE ( 'NONE', #1400, 0.4000000000000001900 ) ;
#1423 = DIRECTION ( 'NONE',  ( -1.000000000000000000, -0.0000000000000000000, -0.0000000000000000000 ) ) ;
#1424 = ADVANCED_FACE ( 'NONE', ( #1005 ), #1597, .T. ) ;
#1425 = ORIENTED_EDGE ( 'NONE', *, *, #1583, .T. ) ;
#1426 = CARTESIAN_POINT ( 'NONE',  ( 0.9990818557679406200, 3.249999999999999600, -3.104411906293518700 ) ) ;
#1427 = ORIENTED_EDGE ( 'NONE', *, *, #2319, .F. ) ;
#1428 = EDGE_CURVE ( 'NONE', #1034, #2355, #949, .T. ) ;
#1429 = DIRECTION ( 'NONE',  ( 1.000000000000000000, 0.0000000000000000000, 0.0000000000000000000 ) ) ;
#1430 = CARTESIAN_POINT ( 'NONE',  ( 10.79397851914335000, 3.250000000000000000, -2.904411906293519000 ) ) ;
#1431 = AXIS2_PLACEMENT_3D ( 'NONE', #839, #2343, #1241 ) ;
#1432 = DIRECTION ( 'NONE',  ( 0.0000000000000000000, 0.0000000000000000000, -1.000000000000000000 ) ) ;
#1433 = CARTESIAN_POINT ( 'NONE',  ( 3.446978872283181300, 3.250000000000000000, 0.0000000000000000000 ) ) ;
#1434 = DIRECTION ( 'NONE',  ( 1.000000000000000000, -0.0000000000000000000, -0.0000000000000000000 ) ) ;
#1435 = ADVANCED_FACE ( 'NONE', ( #577 ), #895, .T. ) ;
#1436 = CYLINDRICAL_SURFACE ( 'NONE', #1994, 2.904411906293519000 ) ;
#1437 = VERTEX_POINT ( 'NONE', #1964 ) ;
#1438 = EDGE_LOOP ( 'NONE', ( #1765, #105 ) ) ;
#1439 = DIRECTION ( 'NONE',  ( -1.000000000000000000, -0.0000000000000000000, -0.0000000000000000000 ) ) ;
#1440 = DIRECTION ( 'NONE',  ( 1.000000000000000000, 0.0000000000000000000, 0.0000000000000000000 ) ) ;
#1441 = EDGE_CURVE ( 'NONE', #95, #1901, #315, .T. ) ;
#1442 = EDGE_LOOP ( 'NONE', ( #1113, #182, #1348, #2320 ) ) ;
#1443 = VERTEX_POINT ( 'NONE', #2144 ) ;
#1444 = EDGE_LOOP ( 'NONE', ( #1320, #1203, #284, #570 ) ) ;
#1445 = DIRECTION ( 'NONE',  ( -1.000000000000000000, 0.0000000000000000000, 0.0000000000000000000 ) ) ;
#1446 = AXIS2_PLACEMENT_3D ( 'NONE', #205, #387, #578 ) ;
#1447 = CYLINDRICAL_SURFACE ( 'NONE', #1900, 3.249999999999999600 ) ;
#1448 = CIRCLE ( 'NONE', #1698, 3.104411906293518700 ) ;
#1449 = CARTESIAN_POINT ( 'NONE',  ( -1.899081855767940800, 3.250000000000000000, 3.250000000000000000 ) ) ;
#1450 = ORIENTED_EDGE ( 'NONE', *, *, #786, .F. ) ;
#1451 = DIRECTION ( 'NONE',  ( 0.0000000000000000000, 0.0000000000000000000, -1.000000000000000000 ) ) ;
#1452 = CIRCLE ( 'NONE', #1882, 2.904411906293519000 ) ;
#1453 = DIRECTION ( 'NONE',  ( 0.0000000000000000000, 0.0000000000000000000, 1.000000000000000000 ) ) ;
#1454 = AXIS2_PLACEMENT_3D ( 'NONE', #2008, #1462, #2019 ) ;
#1455 = VERTEX_POINT ( 'NONE', #287 ) ;
#1456 = FACE_OUTER_BOUND ( 'NONE', #647, .T. ) ;
#1457 = ORIENTED_EDGE ( 'NONE', *, *, #1441, .F. ) ;
#1458 = VECTOR ( 'NONE', #899, 1000.000000000000000 ) ;
#1459 = CARTESIAN_POINT ( 'NONE',  ( 2.579061101946970700, 3.250000000000000000, 0.0000000000000000000 ) ) ;
#1460 = ORIENTED_EDGE ( 'NONE', *, *, #1613, .F. ) ;
#1461 = CARTESIAN_POINT ( 'NONE',  ( 3.259040348126000600, 3.250000000000000000, 0.0000000000000000000 ) ) ;
#1462 = DIRECTION ( 'NONE',  ( -1.000000000000000000, 0.0000000000000000000, 0.0000000000000000000 ) ) ;
#1463 = CARTESIAN_POINT ( 'NONE',  ( -0.3990818557679416400, 3.250000000000000400, 2.904411906293519000 ) ) ;
#1464 = ORIENTED_EDGE ( 'NONE', *, *, #1479, .T. ) ;
#1465 = EDGE_CURVE ( 'NONE', #1956, #743, #171, .T. ) ;
#1466 = DIRECTION ( 'NONE',  ( 1.000000000000000000, -0.0000000000000000000, -0.0000000000000000000 ) ) ;
#1467 = LINE ( 'NONE', #362, #537 ) ;
#1468 = FACE_OUTER_BOUND ( 'NONE', #1444, .T. ) ;
#1469 = AXIS2_PLACEMENT_3D ( 'NONE', #2057, #1163, #958 ) ;
#1470 = DIRECTION ( 'NONE',  ( 1.000000000000000000, 0.0000000000000000000, 0.0000000000000000000 ) ) ;
#1471 = FACE_OUTER_BOUND ( 'NONE', #1366, .T. ) ;
#1472 = CARTESIAN_POINT ( 'NONE',  ( -3.446978872283181300, 3.250000000000000000, 0.0000000000000000000 ) ) ;
#1473 = PRESENTATION_LAYER_ASSIGNMENT (  '', '', ( #1643 ) ) ;
#1474 = ORIENTED_EDGE ( 'NONE', *, *, #2270, .T. ) ;
#1475 = CARTESIAN_POINT ( 'NONE',  ( 4.599999999999999600, 3.250000000000000000, 0.0000000000000000000 ) ) ;
#1476 = ORIENTED_EDGE ( 'NONE', *, *, #1365, .T. ) ;
#1477 = DIRECTION ( 'NONE',  ( 0.0000000000000000000, 0.0000000000000000000, -1.000000000000000000 ) ) ;
#1478 = EDGE_LOOP ( 'NONE', ( #1160, #1886, #280, #1457 ) ) ;
#1479 = EDGE_CURVE ( 'NONE', #245, #1841, #1332, .T. ) ;
#1480 = EDGE_LOOP ( 'NONE', ( #971, #2194 ) ) ;
#1481 = CIRCLE ( 'NONE', #1835, 0.1999999999999996500 ) ;
#1482 = DIRECTION ( 'NONE',  ( 0.0000000000000000000, 0.0000000000000000000, 1.000000000000000000 ) ) ;
#1483 = AXIS2_PLACEMENT_3D ( 'NONE', #1818, #875, #2235 ) ;
#1484 = DIRECTION ( 'NONE',  ( 0.0000000000000000000, 0.0000000000000000000, 1.000000000000000000 ) ) ;
#1485 = ORIENTED_EDGE ( 'NONE', *, *, #2340, .F. ) ;
#1486 = AXIS2_PLACEMENT_3D ( 'NONE', #138, #1630, #293 ) ;
#1487 = FACE_OUTER_BOUND ( 'NONE', #238, .T. ) ;
#1488 = ADVANCED_FACE ( 'NONE', ( #464, #2331 ), #869, .F. ) ;
#1489 = ORIENTED_EDGE ( 'NONE', *, *, #163, .F. ) ;
#1490 = CARTESIAN_POINT ( 'NONE',  ( -1.979061101946970200, 3.250000000000000000, 3.249999999999999600 ) ) ;
#1491 = EDGE_CURVE ( 'NONE', #370, #1893, #1807, .T. ) ;
#1492 = AXIS2_PLACEMENT_3D ( 'NONE', #1472, #1854, #2030 ) ;
#1493 = DIRECTION ( 'NONE',  ( -1.000000000000000000, 0.0000000000000000000, 0.0000000000000000000 ) ) ;
#1494 = AXIS2_PLACEMENT_3D ( 'NONE', #642, #1960, #467 ) ;
#1495 = ORIENTED_EDGE ( 'NONE', *, *, #1859, .T. ) ;
#1496 = DIRECTION ( 'NONE',  ( 0.0000000000000000000, 0.0000000000000000000, 1.000000000000000000 ) ) ;
#1497 = ORIENTED_EDGE ( 'NONE', *, *, #1993, .F. ) ;
#1498 = DIRECTION ( 'NONE',  ( 0.0000000000000000000, 0.0000000000000000000, -1.000000000000000000 ) ) ;
#1499 = ORIENTED_EDGE ( 'NONE', *, *, #567, .T. ) ;
#1500 = EDGE_CURVE ( 'NONE', #2279, #2272, #828, .T. ) ;
#1501 = DIRECTION ( 'NONE',  ( 0.0000000000000000000, 0.0000000000000000000, 1.000000000000000000 ) ) ;
#1502 = ORIENTED_EDGE ( 'NONE', *, *, #460, .T. ) ;
#1503 = FACE_BOUND ( 'NONE', #2440, .T. ) ;
#1504 = VECTOR ( 'NONE', #2037, 1000.000000000000000 ) ;
#1505 = DIRECTION ( 'NONE',  ( 0.0000000000000000000, 0.0000000000000000000, -1.000000000000000000 ) ) ;
#1506 = ORIENTED_EDGE ( 'NONE', *, *, #188, .T. ) ;
#1507 = EDGE_CURVE ( 'NONE', #1553, #532, #1777, .T. ) ;
#1508 = VECTOR ( 'NONE', #685, 999.9999999999998900 ) ;
#1509 = DIRECTION ( 'NONE',  ( 0.0000000000000000000, 0.0000000000000000000, 1.000000000000000000 ) ) ;
#1510 = VERTEX_POINT ( 'NONE', #2188 ) ;
#1511 = CYLINDRICAL_SURFACE ( 'NONE', #1751, 2.904411906293519000 ) ;
#1512 = DIRECTION ( 'NONE',  ( -1.000000000000000000, -0.0000000000000000000, -0.0000000000000000000 ) ) ;
#1513 = AXIS2_PLACEMENT_3D ( 'NONE', #643, #2136, #112 ) ;
#1514 = ORIENTED_EDGE ( 'NONE', *, *, #2353, .T. ) ;
#1515 = FACE_OUTER_BOUND ( 'NONE', #821, .T. ) ;
#1516 = CARTESIAN_POINT ( 'NONE',  ( -0.3990818557679408100, 3.249999999999999600, -3.104411906293518700 ) ) ;
#1517 = ORIENTED_EDGE ( 'NONE', *, *, #907, .F. ) ;
#1518 = ORIENTED_EDGE ( 'NONE', *, *, #873, .T. ) ;
#1519 = DIRECTION ( 'NONE',  ( 0.0000000000000000000, 0.0000000000000000000, -1.000000000000000000 ) ) ;
#1520 = EDGE_CURVE ( 'NONE', #1865, #1590, #1250, .T. ) ;
#1521 = CARTESIAN_POINT ( 'NONE',  ( -1.979061101946970600, 3.250000000000000400, 2.904411906293519000 ) ) ;
#1522 = CIRCLE ( 'NONE', #2415, 3.249999999999999600 ) ;
#1523 = DIRECTION ( 'NONE',  ( 1.000000000000000000, -0.0000000000000000000, -0.0000000000000000000 ) ) ;
#1524 = AXIS2_PLACEMENT_3D ( 'NONE', #709, #717, #724 ) ;
#1525 = DIRECTION ( 'NONE',  ( 0.0000000000000000000, 0.0000000000000000000, -1.000000000000000000 ) ) ;
#1526 = DIRECTION ( 'NONE',  ( 1.172110456741085800E-016, -1.000000000000000000, 0.0000000000000000000 ) ) ;
#1527 = ORIENTED_EDGE ( 'NONE', *, *, #1206, .F. ) ;
#1528 = AXIS2_PLACEMENT_3D ( 'NONE', #385, #2248, #1129 ) ;
#1529 = ORIENTED_EDGE ( 'NONE', *, *, #2250, .T. ) ;
#1530 = CARTESIAN_POINT ( 'NONE',  ( 4.599999999999999600, 3.250000000000000000, -0.4000000000000000800 ) ) ;
#1531 = EDGE_LOOP ( 'NONE', ( #1391, #605, #1061, #803, #879 ) ) ;
#1532 = FACE_BOUND ( 'NONE', #455, .T. ) ;
#1533 = ORIENTED_EDGE ( 'NONE', *, *, #1089, .T. ) ;
#1534 = DIRECTION ( 'NONE',  ( 0.0000000000000000000, 0.0000000000000000000, -1.000000000000000000 ) ) ;
#1535 = DIRECTION ( 'NONE',  ( -1.000000000000000000, 0.0000000000000000000, 0.0000000000000000000 ) ) ;
#1536 = LINE ( 'NONE', #478, #2396 ) ;
#1537 = AXIS2_PLACEMENT_3D ( 'NONE', #611, #2293, #775 ) ;
#1538 = ORIENTED_EDGE ( 'NONE', *, *, #1706, .F. ) ;
#1539 = DIRECTION ( 'NONE',  ( 1.000000000000000000, 0.0000000000000000000, 0.0000000000000000000 ) ) ;
#1540 = CYLINDRICAL_SURFACE ( 'NONE', #1001, 2.904411906293519000 ) ;
#1541 = DIRECTION ( 'NONE',  ( 0.0000000000000000000, 0.0000000000000000000, 1.000000000000000000 ) ) ;
#1542 = AXIS2_PLACEMENT_3D ( 'NONE', #1934, #219, #1525 ) ;
#1543 = DIRECTION ( 'NONE',  ( 1.000000000000000000, -0.0000000000000000000, -0.0000000000000000000 ) ) ;
#1544 = DIRECTION ( 'NONE',  ( 0.0000000000000000000, 0.0000000000000000000, 1.000000000000000000 ) ) ;
#1545 = DIRECTION ( 'NONE',  ( 1.000000000000000000, -0.0000000000000000000, -0.0000000000000000000 ) ) ;
#1546 = CARTESIAN_POINT ( 'NONE',  ( 0.9990818557679415100, 3.249999999999999600, 2.904411906293519000 ) ) ;
#1547 = ORIENTED_EDGE ( 'NONE', *, *, #1258, .T. ) ;
#1548 = DIRECTION ( 'NONE',  ( -1.000000000000000000, 0.0000000000000000000, 0.0000000000000000000 ) ) ;
#1549 = DIRECTION ( 'NONE',  ( 0.0000000000000000000, -1.000000000000000000, 1.224646799147353200E-016 ) ) ;
#1550 = DIRECTION ( 'NONE',  ( 0.0000000000000000000, 0.0000000000000000000, -1.000000000000000000 ) ) ;
#1551 = VECTOR ( 'NONE', #1991, 1000.000000000000000 ) ;
#1552 = EDGE_CURVE ( 'NONE', #1240, #1744, #771, .T. ) ;
#1553 = VERTEX_POINT ( 'NONE', #1267 ) ;
#1554 = EDGE_LOOP ( 'NONE', ( #250, #1233, #1800, #364 ) ) ;
#1555 = ADVANCED_FACE ( 'NONE', ( #76 ), #2240, .T. ) ;
#1556 = ORIENTED_EDGE ( 'NONE', *, *, #1378, .F. ) ;
#1557 = DIRECTION ( 'NONE',  ( -1.000000000000000000, 0.0000000000000000000, 0.0000000000000000000 ) ) ;
#1558 = VERTEX_POINT ( 'NONE', #885 ) ;
#1559 = CIRCLE ( 'NONE', #96, 0.5000000000000000000 ) ;
#1560 = FACE_OUTER_BOUND ( 'NONE', #846, .T. ) ;
#1561 = VECTOR ( 'NONE', #2086, 1000.000000000000000 ) ;
#1562 = CARTESIAN_POINT ( 'NONE',  ( -2.579061101946970200, 3.250000000000000000, 0.0000000000000000000 ) ) ;
#1563 = ORIENTED_EDGE ( 'NONE', *, *, #132, .T. ) ;
#1564 = FACE_OUTER_BOUND ( 'NONE', #462, .T. ) ;
#1565 = EDGE_CURVE ( 'NONE', #2383, #2256, #2149, .T. ) ;
#1566 = FACE_OUTER_BOUND ( 'NONE', #186, .T. ) ;
#1567 = CARTESIAN_POINT ( 'NONE',  ( 6.999999999999999100, 2.449999999999998800, 0.0000000000000000000 ) ) ;
#1568 = VECTOR ( 'NONE', #2442, 1000.000000000000000 ) ;
#1569 = AXIS2_PLACEMENT_3D ( 'NONE', #129, #1264, #1815 ) ;
#1570 = DIRECTION ( 'NONE',  ( 0.0000000000000000000, 0.0000000000000000000, -1.000000000000000000 ) ) ;
#1571 = ADVANCED_FACE ( 'NONE', ( #1393 ), #1511, .F. ) ;
#1572 = ORIENTED_EDGE ( 'NONE', *, *, #1428, .T. ) ;
#1573 = DIRECTION ( 'NONE',  ( -0.0000000000000000000, 0.0000000000000000000, 1.000000000000000000 ) ) ;
#1574 = MANIFOLD_SOLID_BREP ( 'Combine1', #622 ) ;
#1575 = AXIS2_PLACEMENT_3D ( 'NONE', #1109, #1323, #1697 ) ;
#1576 = APPLICATION_PROTOCOL_DEFINITION ( 'draft international standard', 'automotive_design', 1998, #82 ) ;
#1577 = CARTESIAN_POINT ( 'NONE',  ( -10.79397851914335000, 3.250000000000000000, 0.0000000000000000000 ) ) ;
#1578 = DIRECTION ( 'NONE',  ( -1.000000000000000000, -0.0000000000000000000, -0.0000000000000000000 ) ) ;
#1579 = EDGE_CURVE ( 'NONE', #630, #2272, #1951, .T. ) ;
#1580 = LINE ( 'NONE', #2124, #58 ) ;
#1581 = ADVANCED_FACE ( 'NONE', ( #45 ), #2237, .F. ) ;
#1582 = CARTESIAN_POINT ( 'NONE',  ( 4.599999999999999600, 3.250000000000000000, -0.5000000000000000000 ) ) ;
#1583 = EDGE_CURVE ( 'NONE', #976, #1794, #1689, .T. ) ;
#1584 = ORIENTED_EDGE ( 'NONE', *, *, #1012, .F. ) ;
#1585 = DIRECTION ( 'NONE',  ( -1.000000000000000000, -0.0000000000000000000, -0.0000000000000000000 ) ) ;
#1586 = DIRECTION ( 'NONE',  ( -1.000000000000000000, 0.0000000000000000000, 0.0000000000000000000 ) ) ;
#1587 = ORIENTED_EDGE ( 'NONE', *, *, #1066, .F. ) ;
#1588 = DIRECTION ( 'NONE',  ( 0.0000000000000000000, 0.0000000000000000000, -1.000000000000000000 ) ) ;
#1589 = AXIS2_PLACEMENT_3D ( 'NONE', #1716, #404, #424 ) ;
#1590 = VERTEX_POINT ( 'NONE', #1830 ) ;
#1591 = ORIENTED_EDGE ( 'NONE', *, *, #2190, .F. ) ;
#1592 = CARTESIAN_POINT ( 'NONE',  ( -6.199999999999999300, 3.250000000000000000, 0.0000000000000000000 ) ) ;
#1593 = FACE_OUTER_BOUND ( 'NONE', #25, .T. ) ;
#1594 = CARTESIAN_POINT ( 'NONE',  ( -3.446978872283181300, 3.250000000000000000, -3.118404028665133800 ) ) ;
#1595 = ADVANCED_FACE ( 'NONE', ( #1897 ), #349, .T. ) ;
#1596 = CARTESIAN_POINT ( 'NONE',  ( -10.79397851914335000, 3.250000000000000000, 0.0000000000000000000 ) ) ;
#1597 = CYLINDRICAL_SURFACE ( 'NONE', #1115, 0.4000000000000001900 ) ;
#1598 = LINE ( 'NONE', #1607, #1903 ) ;
#1599 = EDGE_CURVE ( 'NONE', #1095, #1901, #1452, .T. ) ;
#1600 = DIRECTION ( 'NONE',  ( 1.000000000000000000, -0.0000000000000000000, -0.0000000000000000000 ) ) ;
#1601 = CARTESIAN_POINT ( 'NONE',  ( -4.599999999999999600, 3.250000000000000000, 0.0000000000000000000 ) ) ;
#1602 = AXIS2_PLACEMENT_3D ( 'NONE', #1084, #2172, #162 ) ;
#1603 = DIRECTION ( 'NONE',  ( 1.000000000000000000, 0.0000000000000000000, 0.0000000000000000000 ) ) ;
#1604 = DIRECTION ( 'NONE',  ( 0.0000000000000000000, 0.0000000000000000000, -1.000000000000000000 ) ) ;
#1605 = AXIS2_PLACEMENT_3D ( 'NONE', #2325, #650, #1200 ) ;
#1606 = ADVANCED_FACE ( 'NONE', ( #1248, #2179 ), #664, .F. ) ;
#1607 = CARTESIAN_POINT ( 'NONE',  ( 10.79397851914335000, 3.249999999999999600, 2.904411906293519000 ) ) ;
#1608 = DIRECTION ( 'NONE',  ( 0.0000000000000000000, 0.0000000000000000000, 1.000000000000000000 ) ) ;
#1609 = ORIENTED_EDGE ( 'NONE', *, *, #542, .F. ) ;
#1610 = CARTESIAN_POINT ( 'NONE',  ( -1.499081855767941100, 3.250000000000000400, -3.104411906293518700 ) ) ;
#1611 = DIRECTION ( 'NONE',  ( 0.0000000000000000000, 0.0000000000000000000, -1.000000000000000000 ) ) ;
#1612 = ORIENTED_EDGE ( 'NONE', *, *, #1710, .F. ) ;
#1613 = EDGE_CURVE ( 'NONE', #2244, #2201, #377, .T. ) ;
#1614 = DIRECTION ( 'NONE',  ( 1.000000000000000000, -0.0000000000000000000, -0.0000000000000000000 ) ) ;
#1615 = VERTEX_POINT ( 'NONE', #115 ) ;
#1616 = DIRECTION ( 'NONE',  ( 0.0000000000000000000, 0.0000000000000000000, 1.000000000000000000 ) ) ;
#1617 = AXIS2_PLACEMENT_3D ( 'NONE', #369, #164, #1648 ) ;
#1618 = DIRECTION ( 'NONE',  ( 1.000000000000000000, -0.0000000000000000000, -0.0000000000000000000 ) ) ;
#1619 = ORIENTED_EDGE ( 'NONE', *, *, #2085, .F. ) ;
#1620 = CARTESIAN_POINT ( 'NONE',  ( 4.400000000000000400, 3.250000000000000000, 0.0000000000000000000 ) ) ;
#1621 = ADVANCED_FACE ( 'NONE', ( #1774 ), #824, .T. ) ;
#1622 = CARTESIAN_POINT ( 'NONE',  ( 0.3990818557679408100, 3.250000000000000000, 3.104411906293518700 ) ) ;
#1623 = DIRECTION ( 'NONE',  ( 0.0000000000000000000, 0.0000000000000000000, 1.000000000000000000 ) ) ;
#1624 = AXIS2_PLACEMENT_3D ( 'NONE', #2113, #637, #88 ) ;
#1625 = ORIENTED_EDGE ( 'NONE', *, *, #2395, .T. ) ;
#1626 = VECTOR ( 'NONE', #1423, 1000.000000000000000 ) ;
#1627 = ORIENTED_EDGE ( 'NONE', *, *, #747, .T. ) ;
#1628 = FACE_OUTER_BOUND ( 'NONE', #420, .T. ) ;
#1629 = CIRCLE ( 'NONE', #2045, 0.4000000000000000800 ) ;
#1630 = DIRECTION ( 'NONE',  ( 1.000000000000000000, 0.0000000000000000000, 0.0000000000000000000 ) ) ;
#1631 = DIRECTION ( 'NONE',  ( 1.000000000000000000, -0.0000000000000000000, -0.0000000000000000000 ) ) ;
#1632 = PLANE ( 'NONE',  #1569 ) ;
#1633 = VERTEX_POINT ( 'NONE', #102 ) ;
#1634 = EDGE_CURVE ( 'NONE', #394, #1413, #977, .T. ) ;
#1635 = COLOUR_RGB ( '',0.3411764705882353000, 0.8392156862745098200, 0.4117647058823529200 ) ;
#1636 = DIRECTION ( 'NONE',  ( -1.000000000000000000, 0.0000000000000000000, 0.0000000000000000000 ) ) ;
#1637 =( NAMED_UNIT ( * ) PLANE_ANGLE_UNIT ( ) SI_UNIT ( $, .RADIAN. ) );
#1638 = FILL_AREA_STYLE ('',( #1140 ) ) ;
#1639 = AXIS2_PLACEMENT_3D ( 'NONE', #1833, #2023, #1278 ) ;
#1640 = DIRECTION ( 'NONE',  ( -1.000000000000000000, -0.0000000000000000000, -0.0000000000000000000 ) ) ;
#1641 = CARTESIAN_POINT ( 'NONE',  ( 4.400000000000000400, 3.250000000000000000, -0.5000000000000000000 ) ) ;
#1642 = DIRECTION ( 'NONE',  ( 1.000000000000000000, -0.0000000000000000000, -0.0000000000000000000 ) ) ;
#1643 = STYLED_ITEM ( 'NONE', ( #340 ), #1755 ) ;
#1644 = DIRECTION ( 'NONE',  ( 1.000000000000000000, -0.0000000000000000000, -0.0000000000000000000 ) ) ;
#1645 = DIRECTION ( 'NONE',  ( 0.0000000000000000000, 0.0000000000000000000, -1.000000000000000000 ) ) ;
#1646 = ADVANCED_FACE ( 'NONE', ( #2429, #1564 ), #1420, .F. ) ;
#1647 = EDGE_LOOP ( 'NONE', ( #1325, #2095, #957, #2404, #848 ) ) ;
#1648 = DIRECTION ( 'NONE',  ( 0.0000000000000000000, 0.0000000000000000000, 1.000000000000000000 ) ) ;
#1649 = EDGE_CURVE ( 'NONE', #816, #2279, #2064, .T. ) ;
#1650 = ORIENTED_EDGE ( 'NONE', *, *, #1286, .F. ) ;
#1651 = ORIENTED_EDGE ( 'NONE', *, *, #582, .F. ) ;
#1652 = CARTESIAN_POINT ( 'NONE',  ( 1.979061101946970600, 3.249999999999999600, 2.904411906293519000 ) ) ;
#1653 = AXIS2_PLACEMENT_3D ( 'NONE', #1803, #1041, #1049 ) ;
#1654 = FACE_OUTER_BOUND ( 'NONE', #1704, .T. ) ;
#1655 = CARTESIAN_POINT ( 'NONE',  ( -1.499081855767941100, 3.250000000000000000, 3.104411906293518700 ) ) ;
#1656 = ORIENTED_EDGE ( 'NONE', *, *, #1921, .T. ) ;
#1657 = VECTOR ( 'NONE', #1640, 1000.000000000000000 ) ;
#1658 = CARTESIAN_POINT ( 'NONE',  ( 4.599999999999999600, 3.250000000000000000, 0.0000000000000000000 ) ) ;
#1659 = DIRECTION ( 'NONE',  ( -1.000000000000000000, 0.0000000000000000000, 0.0000000000000000000 ) ) ;
#1660 = MECHANICAL_DESIGN_GEOMETRIC_PRESENTATION_REPRESENTATION (  '', ( #437 ), #1913 ) ;
#1661 = EDGE_LOOP ( 'NONE', ( #553, #2225 ) ) ;
#1662 = LINE ( 'NONE', #603, #632 ) ;
#1663 = CARTESIAN_POINT ( 'NONE',  ( -2.579061101946970700, 3.250000000000000000, 0.0000000000000000000 ) ) ;
#1664 = ADVANCED_FACE ( 'NONE', ( #1070 ), #687, .T. ) ;
#1665 = CONICAL_SURFACE ( 'NONE', #1483, 0.5000000000000000000, 1.221730476396029900 ) ;
#1666 = CARTESIAN_POINT ( 'NONE',  ( -10.79397851914335000, 3.250000000000000000, 0.0000000000000000000 ) ) ;
#1667 = DIRECTION ( 'NONE',  ( 0.0000000000000000000, 0.0000000000000000000, -1.000000000000000000 ) ) ;
#1668 =( GEOMETRIC_REPRESENTATION_CONTEXT ( 3 ) GLOBAL_UNCERTAINTY_ASSIGNED_CONTEXT ( ( #156 ) ) GLOBAL_UNIT_ASSIGNED_CONTEXT ( ( #231, #419, #604 ) ) REPRESENTATION_CONTEXT ( 'NONE', 'WORKASPACE' ) );
#1669 = CARTESIAN_POINT ( 'NONE',  ( -7.399999999999999500, 2.449999999999998800, 4.898587196589423600E-017 ) ) ;
#1670 = PRESENTATION_LAYER_ASSIGNMENT (  '', '', ( #2400 ) ) ;
#1671 = CYLINDRICAL_SURFACE ( 'NONE', #571, 2.904411906293519000 ) ;
#1672 = PLANE ( 'NONE',  #2368 ) ;
#1673 = ORIENTED_EDGE ( 'NONE', *, *, #1139, .F. ) ;
#1674 = DIRECTION ( 'NONE',  ( 0.0000000000000000000, 0.0000000000000000000, -1.000000000000000000 ) ) ;
#1675 = DIRECTION ( 'NONE',  ( 0.0000000000000000000, 0.0000000000000000000, -1.000000000000000000 ) ) ;
#1676 = ORIENTED_EDGE ( 'NONE', *, *, #49, .T. ) ;
#1677 = DIRECTION ( 'NONE',  ( 0.0000000000000000000, 0.0000000000000000000, 1.000000000000000000 ) ) ;
#1678 = DIRECTION ( 'NONE',  ( 1.172110456741085800E-016, -1.000000000000000000, 0.0000000000000000000 ) ) ;
#1679 = ORIENTED_EDGE ( 'NONE', *, *, #804, .F. ) ;
#1680 = EDGE_CURVE ( 'NONE', #1794, #220, #573, .T. ) ;
#1681 = SURFACE_SIDE_STYLE ('',( #945 ) ) ;
#1682 = EDGE_LOOP ( 'NONE', ( #513, #1914 ) ) ;
#1683 = LINE ( 'NONE', #892, #519 ) ;
#1684 = CIRCLE ( 'NONE', #1228, 2.904411906293519000 ) ;
#1685 = DIRECTION ( 'NONE',  ( 0.3420201433256694900, 0.0000000000000000000, -0.9396926207859082100 ) ) ;
#1686 = DIRECTION ( 'NONE',  ( 1.000000000000000000, -0.0000000000000000000, -0.0000000000000000000 ) ) ;
#1687 = AXIS2_PLACEMENT_3D ( 'NONE', #417, #1548, #232 ) ;
#1688 = EDGE_LOOP ( 'NONE', ( #341, #258, #1336, #737 ) ) ;
#1689 = LINE ( 'NONE', #2192, #2298 ) ;
#1690 = CYLINDRICAL_SURFACE ( 'NONE', #123, 3.249999999999999600 ) ;
#1691 = ORIENTED_EDGE ( 'NONE', *, *, #1236, .F. ) ;
#1692 = ORIENTED_EDGE ( 'NONE', *, *, #114, .T. ) ;
#1693 = CIRCLE ( 'NONE', #1446, 0.4000000000000000800 ) ;
#1694 = CIRCLE ( 'NONE', #118, 2.904411906293519000 ) ;
#1695 = DIRECTION ( 'NONE',  ( 0.0000000000000000000, 0.0000000000000000000, 1.000000000000000000 ) ) ;
#1696 = EDGE_CURVE ( 'NONE', #2150, #1443, #1536, .T. ) ;
#1697 = DIRECTION ( 'NONE',  ( 1.000000000000000000, 0.0000000000000000000, 0.0000000000000000000 ) ) ;
#1698 = AXIS2_PLACEMENT_3D ( 'NONE', #195, #1340, #227 ) ;
#1699 = DIRECTION ( 'NONE',  ( 0.0000000000000000000, 0.0000000000000000000, 1.000000000000000000 ) ) ;
#1700 = FACE_OUTER_BOUND ( 'NONE', #1804, .T. ) ;
#1701 = AXIS2_PLACEMENT_3D ( 'NONE', #368, #1496, #10 ) ;
#1702 = VERTEX_POINT ( 'NONE', #1288 ) ;
#1703 = CARTESIAN_POINT ( 'NONE',  ( -4.599999999999999600, 3.250000000000000000, -0.5000000000000000000 ) ) ;
#1704 = EDGE_LOOP ( 'NONE', ( #1922, #511 ) ) ;
#1705 = EDGE_LOOP ( 'NONE', ( #1265, #859 ) ) ;
#1706 = EDGE_CURVE ( 'NONE', #1118, #2032, #194, .T. ) ;
#1707 = ORIENTED_EDGE ( 'NONE', *, *, #1948, .T. ) ;
#1708 = CIRCLE ( 'NONE', #1196, 2.904411906293519000 ) ;
#1709 = ORIENTED_EDGE ( 'NONE', *, *, #339, .F. ) ;
#1710 = EDGE_CURVE ( 'NONE', #297, #1702, #71, .T. ) ;
#1711 = LINE ( 'NONE', #1094, #1561 ) ;
#1712 = DIRECTION ( 'NONE',  ( 0.0000000000000000000, 0.0000000000000000000, -1.000000000000000000 ) ) ;
#1713 = VERTEX_POINT ( 'NONE', #2077 ) ;
#1714 = CIRCLE ( 'NONE', #1542, 3.249999999999999600 ) ;
#1715 = CIRCLE ( 'NONE', #1687, 3.249999999999999600 ) ;
#1716 = CARTESIAN_POINT ( 'NONE',  ( 6.999999999999999100, 2.449999999999998800, 0.0000000000000000000 ) ) ;
#1717 = AXIS2_PLACEMENT_3D ( 'NONE', #1219, #466, #2314 ) ;
#1718 = DIRECTION ( 'NONE',  ( 1.000000000000000000, 0.0000000000000000000, 0.0000000000000000000 ) ) ;
#1719 = VECTOR ( 'NONE', #1962, 1000.000000000000000 ) ;
#1720 = DIRECTION ( 'NONE',  ( -1.000000000000000000, -0.0000000000000000000, -0.0000000000000000000 ) ) ;
#1721 = DIRECTION ( 'NONE',  ( 0.0000000000000000000, 0.0000000000000000000, -1.000000000000000000 ) ) ;
#1722 = CARTESIAN_POINT ( 'NONE',  ( -4.599999999999999600, 3.250000000000000000, 0.4000000000000000800 ) ) ;
#1723 = CARTESIAN_POINT ( 'NONE',  ( -6.199999999999999300, 2.849999999999999600, -4.898587196589412500E-017 ) ) ;
#1724 = EDGE_CURVE ( 'NONE', #1986, #1949, #522, .T. ) ;
#1725 = DIRECTION ( 'NONE',  ( 0.0000000000000000000, 0.0000000000000000000, -1.000000000000000000 ) ) ;
#1726 = CARTESIAN_POINT ( 'NONE',  ( -4.599999999999999600, 3.250000000000000000, 3.104411906293518700 ) ) ;
#1727 = DIRECTION ( 'NONE',  ( 0.0000000000000000000, 0.0000000000000000000, 1.000000000000000000 ) ) ;
#1728 = AXIS2_PLACEMENT_3D ( 'NONE', #285, #507, #1429 ) ;
#1729 = CARTESIAN_POINT ( 'NONE',  ( 0.9990818557679415100, 3.250000000000000000, 0.0000000000000000000 ) ) ;
#1730 = FILL_AREA_STYLE ('',( #2268 ) ) ;
#1731 = ORIENTED_EDGE ( 'NONE', *, *, #952, .F. ) ;
#1732 = AXIS2_PLACEMENT_3D ( 'NONE', #1658, #334, #361 ) ;
#1733 = CONICAL_SURFACE ( 'NONE', #1982, 0.5000000000000000000, 1.221730476396029900 ) ;
#1734 = ORIENTED_EDGE ( 'NONE', *, *, #583, .T. ) ;
#1735 = CARTESIAN_POINT ( 'NONE',  ( -2.579061101946970700, 3.250000000000000000, -2.904411906293519000 ) ) ;
#1736 = DIRECTION ( 'NONE',  ( 0.0000000000000000000, 0.0000000000000000000, -1.000000000000000000 ) ) ;
#1737 = ORIENTED_EDGE ( 'NONE', *, *, #224, .F. ) ;
#1738 = CIRCLE ( 'NONE', #696, 3.249999999999999600 ) ;
#1739 = DIRECTION ( 'NONE',  ( 1.000000000000000000, -0.0000000000000000000, -0.0000000000000000000 ) ) ;
#1740 = ORIENTED_EDGE ( 'NONE', *, *, #1191, .T. ) ;
#1741 = CARTESIAN_POINT ( 'NONE',  ( -0.9990818557679415100, 3.250000000000000000, 0.0000000000000000000 ) ) ;
#1742 = EDGE_CURVE ( 'NONE', #245, #2150, #1805, .T. ) ;
#1743 = CONICAL_SURFACE ( 'NONE', #2230, 3.250000000000000000, 0.3490658503988667800 ) ;
#1744 = VERTEX_POINT ( 'NONE', #2316 ) ;
#1745 = DIRECTION ( 'NONE',  ( 0.0000000000000000000, 0.0000000000000000000, 1.000000000000000000 ) ) ;
#1746 = DIRECTION ( 'NONE',  ( 0.0000000000000000000, 0.0000000000000000000, 1.000000000000000000 ) ) ;
#1747 = LINE ( 'NONE', #2161, #1508 ) ;
#1748 = MECHANICAL_DESIGN_GEOMETRIC_PRESENTATION_REPRESENTATION (  '', ( #2242 ), #1793 ) ;
#1749 = ADVANCED_FACE ( 'NONE', ( #1928 ), #1390, .T. ) ;
#1750 = SURFACE_STYLE_FILL_AREA ( #330 ) ;
#1751 = AXIS2_PLACEMENT_3D ( 'NONE', #2386, #1243, #1996 ) ;
#1752 = CARTESIAN_POINT ( 'NONE',  ( 0.3990818557679408100, 3.249999999999999600, -3.104411906293518700 ) ) ;
#1753 = CYLINDRICAL_SURFACE ( 'NONE', #1412, 3.104411906293518700 ) ;
#1754 = ORIENTED_EDGE ( 'NONE', *, *, #1204, .T. ) ;
#1755 = ADVANCED_BREP_SHAPE_REPRESENTATION ( 'GreenBlueBrownGold', ( #44, #410, #453, #2376, #336, #2042, #1574, #454 ), #1321 ) ;
#1756 = EDGE_CURVE ( 'NONE', #1277, #1865, #554, .T. ) ;
#1757 = APPLICATION_PROTOCOL_DEFINITION ( 'draft international standard', 'automotive_design', 1998, #290 ) ;
#1758 = ADVANCED_FACE ( 'NONE', ( #1359 ), #1126, .T. ) ;
#1759 = EDGE_CURVE ( 'NONE', #976, #16, #891, .T. ) ;
#1760 = CARTESIAN_POINT ( 'NONE',  ( 2.579061101946970200, 3.250000000000000000, 0.0000000000000000000 ) ) ;
#1761 = CIRCLE ( 'NONE', #1602, 0.4000000000000000800 ) ;
#1762 = ORIENTED_EDGE ( 'NONE', *, *, #1875, .F. ) ;
#1763 = AXIS2_PLACEMENT_3D ( 'NONE', #301, #1778, #1405 ) ;
#1764 = EDGE_LOOP ( 'NONE', ( #354, #694, #1591, #866 ) ) ;
#1765 = ORIENTED_EDGE ( 'NONE', *, *, #529, .T. ) ;
#1766 = VECTOR ( 'NONE', #2308, 1000.000000000000000 ) ;
#1767 = CARTESIAN_POINT ( 'NONE',  ( -3.259040348126000600, 3.250000000000000000, 0.0000000000000000000 ) ) ;
#1768 = ORIENTED_EDGE ( 'NONE', *, *, #49, .F. ) ;
#1769 = DIRECTION ( 'NONE',  ( 1.000000000000000000, -0.0000000000000000000, -0.0000000000000000000 ) ) ;
#1770 = ADVANCED_FACE ( 'NONE', ( #461 ), #1036, .T. ) ;
#1771 = COLOUR_RGB ( '',0.4862745098039215600, 0.2352941176470588200, 0.01568627450980392100 ) ;
#1772 = CARTESIAN_POINT ( 'NONE',  ( 0.9990818557679415100, 3.250000000000000000, -2.904411906293519000 ) ) ;
#1773 = ORIENTED_EDGE ( 'NONE', *, *, #2282, .F. ) ;
#1774 = FACE_OUTER_BOUND ( 'NONE', #1319, .T. ) ;
#1775 = ORIENTED_EDGE ( 'NONE', *, *, #995, .F. ) ;
#1776 = EDGE_CURVE ( 'NONE', #1455, #73, #2116, .T. ) ;
#1777 = LINE ( 'NONE', #2397, #2036 ) ;
#1778 = DIRECTION ( 'NONE',  ( 1.000000000000000000, 0.0000000000000000000, 0.0000000000000000000 ) ) ;
#1779 = CARTESIAN_POINT ( 'NONE',  ( 6.199999999999999300, 2.449999999999999300, 0.0000000000000000000 ) ) ;
#1780 = FACE_OUTER_BOUND ( 'NONE', #882, .T. ) ;
#1781 = AXIS2_PLACEMENT_3D ( 'NONE', #1162, #1939, #631 ) ;
#1782 = EDGE_LOOP ( 'NONE', ( #991, #836, #1004, #1311 ) ) ;
#1783 = CARTESIAN_POINT ( 'NONE',  ( -4.599999999999999600, 3.250000000000000000, 0.0000000000000000000 ) ) ;
#1784 = DIRECTION ( 'NONE',  ( -1.000000000000000000, -0.0000000000000000000, -0.0000000000000000000 ) ) ;
#1785 = AXIS2_PLACEMENT_3D ( 'NONE', #51, #587, #1746 ) ;
#1786 = ADVANCED_FACE ( 'NONE', ( #432, #628 ), #825, .T. ) ;
#1787 = CARTESIAN_POINT ( 'NONE',  ( -4.599999999999999600, 3.250000000000000000, -0.5000000000000000000 ) ) ;
#1788 = EDGE_CURVE ( 'NONE', #297, #1034, #312, .T. ) ;
#1789 = DIRECTION ( 'NONE',  ( -1.000000000000000000, -0.0000000000000000000, -0.0000000000000000000 ) ) ;
#1790 = PRODUCT_CONTEXT ( 'NONE', #82, 'mechanical' ) ;
#1791 = CIRCLE ( 'NONE', #858, 2.904411906293519000 ) ;
#1792 = DIRECTION ( 'NONE',  ( 0.0000000000000000000, 0.0000000000000000000, -1.000000000000000000 ) ) ;
#1793 =( GEOMETRIC_REPRESENTATION_CONTEXT ( 3 ) GLOBAL_UNCERTAINTY_ASSIGNED_CONTEXT ( ( #878 ) ) GLOBAL_UNIT_ASSIGNED_CONTEXT ( ( #2273, #2241, #569 ) ) REPRESENTATION_CONTEXT ( 'NONE', 'WORKASPACE' ) );
#1794 = VERTEX_POINT ( 'NONE', #1594 ) ;
#1795 = DIRECTION ( 'NONE',  ( 0.0000000000000000000, 0.0000000000000000000, -1.000000000000000000 ) ) ;
#1796 = ADVANCED_FACE ( 'NONE', ( #744, #1628 ), #1017, .T. ) ;
#1797 = VERTEX_POINT ( 'NONE', #1943 ) ;
#1798 =( LENGTH_UNIT ( ) NAMED_UNIT ( * ) SI_UNIT ( .MILLI., .METRE. ) );
#1799 = AXIS2_PLACEMENT_3D ( 'NONE', #1729, #981, #1519 ) ;
#1800 = ORIENTED_EDGE ( 'NONE', *, *, #1724, .F. ) ;
#1801 = VECTOR ( 'NONE', #431, 1000.000000000000000 ) ;
#1802 = EDGE_LOOP ( 'NONE', ( #2148, #1862, #530, #811 ) ) ;
#1803 = CARTESIAN_POINT ( 'NONE',  ( -0.9990818557679415100, 3.250000000000000000, 0.0000000000000000000 ) ) ;
#1804 = EDGE_LOOP ( 'NONE', ( #2330, #8 ) ) ;
#1805 = CIRCLE ( 'NONE', #1164, 3.249999999999999600 ) ;
#1806 = CARTESIAN_POINT ( 'NONE',  ( 0.3990818557679416400, 3.250000000000000000, -2.904411906293519000 ) ) ;
#1807 = CIRCLE ( 'NONE', #2247, 0.4000000000000000800 ) ;
#1808 = EDGE_CURVE ( 'NONE', #60, #1268, #794, .T. ) ;
#1809 = ORIENTED_EDGE ( 'NONE', *, *, #357, .T. ) ;
#1810 = CARTESIAN_POINT ( 'NONE',  ( -4.599999999999999600, 3.250000000000000000, -0.4000000000000000800 ) ) ;
#1811 = EDGE_LOOP ( 'NONE', ( #826, #935 ) ) ;
#1812 = AXIS2_PLACEMENT_3D ( 'NONE', #306, #1439, #1247 ) ;
#1813 = CARTESIAN_POINT ( 'NONE',  ( 1.899081855767940800, 3.250000000000000000, 0.0000000000000000000 ) ) ;
#1814 = DIRECTION ( 'NONE',  ( 0.0000000000000000000, 0.0000000000000000000, 1.000000000000000000 ) ) ;
#1815 = DIRECTION ( 'NONE',  ( 0.0000000000000000000, 0.0000000000000000000, 1.000000000000000000 ) ) ;
#1816 = ORIENTED_EDGE ( 'NONE', *, *, #925, .T. ) ;
#1817 = DIRECTION ( 'NONE',  ( 0.0000000000000000000, 0.0000000000000000000, 1.000000000000000000 ) ) ;
#1818 = CARTESIAN_POINT ( 'NONE',  ( 4.400000000000000400, 3.250000000000000000, 0.0000000000000000000 ) ) ;
#1819 = DIRECTION ( 'NONE',  ( -1.000000000000000000, -0.0000000000000000000, -0.0000000000000000000 ) ) ;
#1820 = CIRCLE ( 'NONE', #1073, 3.250000000000000000 ) ;
#1821 = FACE_OUTER_BOUND ( 'NONE', #1189, .T. ) ;
#1822 = ADVANCED_FACE ( 'NONE', ( #140 ), #2328, .T. ) ;
#1823 = LINE ( 'NONE', #2223, #729 ) ;
#1824 = CARTESIAN_POINT ( 'NONE',  ( 1.899081855767940800, 3.249999999999999600, -3.250000000000000000 ) ) ;
#1825 = EDGE_LOOP ( 'NONE', ( #594, #494, #793, #1028 ) ) ;
#1826 = EDGE_CURVE ( 'NONE', #131, #739, #1747, .T. ) ;
#1827 = ORIENTED_EDGE ( 'NONE', *, *, #2141, .F. ) ;
#1828 = CARTESIAN_POINT ( 'NONE',  ( 3.259040348126000600, 3.250000000000000000, 0.0000000000000000000 ) ) ;
#1829 = MECHANICAL_DESIGN_GEOMETRIC_PRESENTATION_REPRESENTATION (  '', ( #2322 ), #531 ) ;
#1830 = CARTESIAN_POINT ( 'NONE',  ( -1.979061101946970200, 3.250000000000000400, -3.249999999999999600 ) ) ;
#1831 = ORIENTED_EDGE ( 'NONE', *, *, #1101, .T. ) ;
#1832 = DIRECTION ( 'NONE',  ( 0.0000000000000000000, 0.0000000000000000000, 1.000000000000000000 ) ) ;
#1833 = CARTESIAN_POINT ( 'NONE',  ( 10.79397851914335000, 3.250000000000000000, 0.0000000000000000000 ) ) ;
#1834 = CARTESIAN_POINT ( 'NONE',  ( 1.499081855767941100, 3.250000000000000000, 3.104411906293518700 ) ) ;
#1835 = AXIS2_PLACEMENT_3D ( 'NONE', #64, #1165, #1371 ) ;
#1836 = ORIENTED_EDGE ( 'NONE', *, *, #179, .T. ) ;
#1837 = LINE ( 'NONE', #944, #166 ) ;
#1838 = VERTEX_POINT ( 'NONE', #1990 ) ;
#1839 = LINE ( 'NONE', #1449, #1979 ) ;
#1840 = DIRECTION ( 'NONE',  ( 1.000000000000000000, -0.0000000000000000000, -0.0000000000000000000 ) ) ;
#1841 = VERTEX_POINT ( 'NONE', #1997 ) ;
#1842 = LINE ( 'NONE', #586, #2209 ) ;
#1843 = DIRECTION ( 'NONE',  ( 0.0000000000000000000, 0.0000000000000000000, -1.000000000000000000 ) ) ;
#1844 = CARTESIAN_POINT ( 'NONE',  ( 2.579061101946970700, 3.249999999999999600, 2.904411906293519000 ) ) ;
#1845 = CARTESIAN_POINT ( 'NONE',  ( -0.3990818557679416400, 3.250000000000000000, -2.904411906293519000 ) ) ;
#1846 = CARTESIAN_POINT ( 'NONE',  ( -1.979061101946970200, 0.0000000000000000000, 0.0000000000000000000 ) ) ;
#1847 = CYLINDRICAL_SURFACE ( 'NONE', #358, 3.249999999999999600 ) ;
#1848 = EDGE_LOOP ( 'NONE', ( #1056, #708, #926, #1141 ) ) ;
#1849 = EDGE_CURVE ( 'NONE', #1986, #1277, #1839, .T. ) ;
#1850 = DIRECTION ( 'NONE',  ( 0.0000000000000000000, 0.0000000000000000000, 1.000000000000000000 ) ) ;
#1851 = ORIENTED_EDGE ( 'NONE', *, *, #704, .F. ) ;
#1852 = SURFACE_STYLE_FILL_AREA ( #930 ) ;
#1853 = DIRECTION ( 'NONE',  ( -1.000000000000000000, -0.0000000000000000000, -0.0000000000000000000 ) ) ;
#1854 = DIRECTION ( 'NONE',  ( -1.000000000000000000, -0.0000000000000000000, -0.0000000000000000000 ) ) ;
#1855 = CIRCLE ( 'NONE', #1617, 0.4000000000000000800 ) ;
#1856 = DIRECTION ( 'NONE',  ( 0.0000000000000000000, 0.0000000000000000000, -1.000000000000000000 ) ) ;
#1857 = CLOSED_SHELL ( 'NONE', ( #2155, #989, #867, #2363, #1225, #2191, #1435, #1424 ) ) ;
#1858 = CARTESIAN_POINT ( 'NONE',  ( 1.499081855767941100, 3.249999999999999600, -3.104411906293518700 ) ) ;
#1859 = EDGE_CURVE ( 'NONE', #2091, #1246, #1003, .T. ) ;
#1860 = ORIENTED_EDGE ( 'NONE', *, *, #1491, .T. ) ;
#1861 = ADVANCED_FACE ( 'NONE', ( #2007, #1870 ), #2389, .T. ) ;
#1862 = ORIENTED_EDGE ( 'NONE', *, *, #1891, .T. ) ;
#1863 = AXIS2_PLACEMENT_3D ( 'NONE', #2299, #1375, #57 ) ;
#1864 = FACE_OUTER_BOUND ( 'NONE', #63, .T. ) ;
#1865 = VERTEX_POINT ( 'NONE', #1262 ) ;
#1866 = FACE_OUTER_BOUND ( 'NONE', #2215, .T. ) ;
#1867 = DIRECTION ( 'NONE',  ( 1.000000000000000000, 0.0000000000000000000, 0.0000000000000000000 ) ) ;
#1868 = AXIS2_PLACEMENT_3D ( 'NONE', #2428, #1309, #190 ) ;
#1869 = ORIENTED_EDGE ( 'NONE', *, *, #966, .F. ) ;
#1870 = FACE_OUTER_BOUND ( 'NONE', #1074, .T. ) ;
#1871 = CARTESIAN_POINT ( 'NONE',  ( 4.400000000000000400, 3.250000000000000000, 0.0000000000000000000 ) ) ;
#1872 = VECTOR ( 'NONE', #523, 1000.000000000000000 ) ;
#1873 = ORIENTED_EDGE ( 'NONE', *, *, #1304, .T. ) ;
#1874 = CARTESIAN_POINT ( 'NONE',  ( 2.579061101946970200, 3.249999999999999600, -3.249999999999999600 ) ) ;
#1875 = EDGE_CURVE ( 'NONE', #1553, #2302, #17, .T. ) ;
#1876 = CARTESIAN_POINT ( 'NONE',  ( 2.579061101946970700, 3.250000000000000000, 0.0000000000000000000 ) ) ;
#1877 = EDGE_LOOP ( 'NONE', ( #1851, #904 ) ) ;
#1878 = LINE ( 'NONE', #1726, #1368 ) ;
#1879 = SURFACE_STYLE_USAGE ( .BOTH. , #1312 ) ;
#1880 = AXIS2_PLACEMENT_3D ( 'NONE', #1324, #12, #30 ) ;
#1881 = DIRECTION ( 'NONE',  ( 0.0000000000000000000, 0.0000000000000000000, -1.000000000000000000 ) ) ;
#1882 = AXIS2_PLACEMENT_3D ( 'NONE', #691, #1434, #680 ) ;
#1883 = DIRECTION ( 'NONE',  ( 0.0000000000000000000, 0.0000000000000000000, -1.000000000000000000 ) ) ;
#1884 = CYLINDRICAL_SURFACE ( 'NONE', #970, 3.249999999999999600 ) ;
#1885 = CIRCLE ( 'NONE', #633, 2.904411906293519000 ) ;
#1886 = ORIENTED_EDGE ( 'NONE', *, *, #907, .T. ) ;
#1887 = CARTESIAN_POINT ( 'NONE',  ( -4.599999999999999600, 3.250000000000000000, 0.0000000000000000000 ) ) ;
#1888 = ORIENTED_EDGE ( 'NONE', *, *, #2097, .F. ) ;
#1889 = VERTEX_POINT ( 'NONE', #669 ) ;
#1890 = PLANE ( 'NONE',  #1147 ) ;
#1891 = EDGE_CURVE ( 'NONE', #2370, #2417, #741, .T. ) ;
#1892 = DIRECTION ( 'NONE',  ( 1.000000000000000000, -0.0000000000000000000, -0.0000000000000000000 ) ) ;
#1893 = VERTEX_POINT ( 'NONE', #2348 ) ;
#1894 = CYLINDRICAL_SURFACE ( 'NONE', #1528, 3.249999999999999600 ) ;
#1895 = AXIS2_PLACEMENT_3D ( 'NONE', #2128, #629, #97 ) ;
#1896 = EDGE_LOOP ( 'NONE', ( #2352, #70, #1282, #1174 ) ) ;
#1897 = FACE_OUTER_BOUND ( 'NONE', #451, .T. ) ;
#1898 = ORIENTED_EDGE ( 'NONE', *, *, #80, .T. ) ;
#1899 = DIRECTION ( 'NONE',  ( 0.0000000000000000000, 0.0000000000000000000, -1.000000000000000000 ) ) ;
#1900 = AXIS2_PLACEMENT_3D ( 'NONE', #2297, #2076, #1364 ) ;
#1901 = VERTEX_POINT ( 'NONE', #2171 ) ;
#1902 = DIRECTION ( 'NONE',  ( -1.000000000000000000, 0.0000000000000000000, 0.0000000000000000000 ) ) ;
#1903 = VECTOR ( 'NONE', #648, 1000.000000000000000 ) ;
#1904 = ORIENTED_EDGE ( 'NONE', *, *, #1963, .T. ) ;
#1905 = DIRECTION ( 'NONE',  ( 0.3420201433256694900, 1.150791560227850300E-016, 0.9396926207859082100 ) ) ;
#1906 = DIRECTION ( 'NONE',  ( -1.000000000000000000, 0.0000000000000000000, 0.0000000000000000000 ) ) ;
#1907 = EDGE_CURVE ( 'NONE', #240, #2201, #1684, .T. ) ;
#1908 =( LENGTH_UNIT ( ) NAMED_UNIT ( * ) SI_UNIT ( .MILLI., .METRE. ) );
#1909 = DIRECTION ( 'NONE',  ( 0.0000000000000000000, 0.0000000000000000000, -1.000000000000000000 ) ) ;
#1910 = AXIS2_PLACEMENT_3D ( 'NONE', #1783, #1984, #1573 ) ;
#1911 = CARTESIAN_POINT ( 'NONE',  ( 4.599999999999999600, 3.250000000000000000, 0.5000000000000000000 ) ) ;
#1912 = SURFACE_SIDE_STYLE ('',( #624 ) ) ;
#1913 =( GEOMETRIC_REPRESENTATION_CONTEXT ( 3 ) GLOBAL_UNCERTAINTY_ASSIGNED_CONTEXT ( ( #832 ) ) GLOBAL_UNIT_ASSIGNED_CONTEXT ( ( #1908, #407, #2277 ) ) REPRESENTATION_CONTEXT ( 'NONE', 'WORKASPACE' ) );
#1914 = ORIENTED_EDGE ( 'NONE', *, *, #1907, .F. ) ;
#1915 = DIRECTION ( 'NONE',  ( 0.0000000000000000000, 0.0000000000000000000, 1.000000000000000000 ) ) ;
#1916 = ORIENTED_EDGE ( 'NONE', *, *, #207, .T. ) ;
#1917 = CARTESIAN_POINT ( 'NONE',  ( 4.599999999999999600, 3.250000000000000000, 0.0000000000000000000 ) ) ;
#1918 = ORIENTED_EDGE ( 'NONE', *, *, #1907, .T. ) ;
#1919 = DIRECTION ( 'NONE',  ( 0.0000000000000000000, 0.0000000000000000000, -1.000000000000000000 ) ) ;
#1920 = CARTESIAN_POINT ( 'NONE',  ( -4.599999999999999600, 3.250000000000000000, -0.4000000000000000800 ) ) ;
#1921 = EDGE_CURVE ( 'NONE', #303, #1273, #1181, .T. ) ;
#1922 = ORIENTED_EDGE ( 'NONE', *, *, #1236, .T. ) ;
#1923 = CIRCLE ( 'NONE', #449, 3.118404028665133300 ) ;
#1924 = CARTESIAN_POINT ( 'NONE',  ( 0.9990818557679406200, 3.250000000000000000, 3.104411906293518700 ) ) ;
#1925 = ORIENTED_EDGE ( 'NONE', *, *, #1826, .T. ) ;
#1926 = ADVANCED_FACE ( 'NONE', ( #920, #1244 ), #870, .T. ) ;
#1927 = ORIENTED_EDGE ( 'NONE', *, *, #2426, .T. ) ;
#1928 = FACE_OUTER_BOUND ( 'NONE', #1442, .T. ) ;
#1929 = DIRECTION ( 'NONE',  ( -1.000000000000000000, -0.0000000000000000000, -0.0000000000000000000 ) ) ;
#1930 = AXIS2_PLACEMENT_3D ( 'NONE', #665, #1283, #1177 ) ;
#1931 = CYLINDRICAL_SURFACE ( 'NONE', #2182, 0.4000000000000000800 ) ;
#1932 = DIRECTION ( 'NONE',  ( 0.0000000000000000000, 0.0000000000000000000, -1.000000000000000000 ) ) ;
#1933 = ORIENTED_EDGE ( 'NONE', *, *, #1978, .T. ) ;
#1934 = CARTESIAN_POINT ( 'NONE',  ( -2.579061101946970200, 3.250000000000000000, 0.0000000000000000000 ) ) ;
#1935 = EDGE_CURVE ( 'NONE', #1949, #1865, #1151, .T. ) ;
#1936 = CARTESIAN_POINT ( 'NONE',  ( 4.400000000000000400, 3.250000000000000000, -0.5000000000000000000 ) ) ;
#1937 =( NAMED_UNIT ( * ) PLANE_ANGLE_UNIT ( ) SI_UNIT ( $, .RADIAN. ) );
#1938 = DIRECTION ( 'NONE',  ( 0.0000000000000000000, 0.0000000000000000000, 1.000000000000000000 ) ) ;
#1939 = DIRECTION ( 'NONE',  ( -1.000000000000000000, -0.0000000000000000000, -0.0000000000000000000 ) ) ;
#1940 = AXIS2_PLACEMENT_3D ( 'NONE', #2377, #1988, #117 ) ;
#1941 = ORIENTED_EDGE ( 'NONE', *, *, #1343, .T. ) ;
#1942 = ORIENTED_EDGE ( 'NONE', *, *, #2085, .T. ) ;
#1943 = CARTESIAN_POINT ( 'NONE',  ( 3.446978872283181300, 3.250000000000000000, -3.118404028665133800 ) ) ;
#1944 = ADVANCED_FACE ( 'NONE', ( #1560 ), #973, .T. ) ;
#1945 = ORIENTED_EDGE ( 'NONE', *, *, #595, .F. ) ;
#1946 = ORIENTED_EDGE ( 'NONE', *, *, #747, .F. ) ;
#1947 = ORIENTED_EDGE ( 'NONE', *, *, #722, .F. ) ;
#1948 = EDGE_CURVE ( 'NONE', #1268, #366, #684, .T. ) ;
#1949 = VERTEX_POINT ( 'NONE', #1610 ) ;
#1950 = CARTESIAN_POINT ( 'NONE',  ( 6.999999999999997300, -19.75000000000000000, 0.0000000000000000000 ) ) ;
#1951 = LINE ( 'NONE', #2015, #2365 ) ;
#1952 = FACE_OUTER_BOUND ( 'NONE', #1896, .T. ) ;
#1953 = STYLED_ITEM ( 'NONE', ( #457 ), #410 ) ;
#1954 = CARTESIAN_POINT ( 'NONE',  ( -1.899081855767940800, 3.250000000000000000, 0.0000000000000000000 ) ) ;
#1955 = FACE_OUTER_BOUND ( 'NONE', #683, .T. ) ;
#1956 = VERTEX_POINT ( 'NONE', #502 ) ;
#1957 = AXIS2_PLACEMENT_3D ( 'NONE', #1184, #1557, #2102 ) ;
#1958 = TOROIDAL_SURFACE ( 'NONE', #304, 3.049999999999999800, 0.1999999999999995400 ) ;
#1959 = ADVANCED_FACE ( 'NONE', ( #1593 ), #1743, .T. ) ;
#1960 = DIRECTION ( 'NONE',  ( -1.000000000000000000, -0.0000000000000000000, -0.0000000000000000000 ) ) ;
#1961 = FACE_BOUND ( 'NONE', #109, .T. ) ;
#1962 = DIRECTION ( 'NONE',  ( -1.000000000000000000, 0.0000000000000000000, 0.0000000000000000000 ) ) ;
#1963 = EDGE_CURVE ( 'NONE', #1295, #843, #1099, .T. ) ;
#1964 = CARTESIAN_POINT ( 'NONE',  ( 7.399999999999997700, -19.75000000000000000, -4.898587196589423600E-017 ) ) ;
#1965 = CARTESIAN_POINT ( 'NONE',  ( -2.579061101946970700, 3.250000000000000000, 0.0000000000000000000 ) ) ;
#1966 = ADVANCED_FACE ( 'NONE', ( #655, #1301 ), #906, .T. ) ;
#1967 = CARTESIAN_POINT ( 'NONE',  ( -10.79397851914335000, 3.250000000000000000, 0.0000000000000000000 ) ) ;
#1968 = AXIS2_PLACEMENT_3D ( 'NONE', #1349, #1549, #616 ) ;
#1969 = ORIENTED_EDGE ( 'NONE', *, *, #299, .T. ) ;
#1970 = ORIENTED_EDGE ( 'NONE', *, *, #62, .F. ) ;
#1971 = ORIENTED_EDGE ( 'NONE', *, *, #2391, .F. ) ;
#1972 = CIRCLE ( 'NONE', #2031, 0.5000000000000000000 ) ;
#1973 = DIRECTION ( 'NONE',  ( 0.0000000000000000000, 0.0000000000000000000, -1.000000000000000000 ) ) ;
#1974 = ORIENTED_EDGE ( 'NONE', *, *, #2250, .F. ) ;
#1975 = CIRCLE ( 'NONE', #201, 3.249999999999999600 ) ;
#1976 = VERTEX_POINT ( 'NONE', #2409 ) ;
#1977 = ADVANCED_FACE ( 'NONE', ( #189 ), #2004, .T. ) ;
#1978 = EDGE_CURVE ( 'NONE', #350, #713, #1419, .T. ) ;
#1979 = VECTOR ( 'NONE', #1232, 999.9999999999998900 ) ;
#1980 = CARTESIAN_POINT ( 'NONE',  ( 6.999999999999999100, 2.449999999999998800, 0.0000000000000000000 ) ) ;
#1981 = CIRCLE ( 'NONE', #617, 2.904411906293519000 ) ;
#1982 = AXIS2_PLACEMENT_3D ( 'NONE', #652, #1018, #1035 ) ;
#1983 = CARTESIAN_POINT ( 'NONE',  ( -4.599999999999999600, 3.250000000000000000, 0.0000000000000000000 ) ) ;
#1984 = DIRECTION ( 'NONE',  ( -1.000000000000000000, 0.0000000000000000000, -0.0000000000000000000 ) ) ;
#1985 = CARTESIAN_POINT ( 'NONE',  ( 4.599999999999999600, 3.250000000000000000, 0.0000000000000000000 ) ) ;
#1986 = VERTEX_POINT ( 'NONE', #1655 ) ;
#1987 = AXIS2_PLACEMENT_3D ( 'NONE', #2271, #225, #2284 ) ;
#1988 = DIRECTION ( 'NONE',  ( 0.0000000000000000000, 0.0000000000000000000, 1.000000000000000000 ) ) ;
#1989 = CARTESIAN_POINT ( 'NONE',  ( 4.599999999999999600, 3.250000000000000000, 3.249999999999999600 ) ) ;
#1990 = CARTESIAN_POINT ( 'NONE',  ( 0.9990818557679415100, 3.250000000000000000, -2.904411906293519000 ) ) ;
#1991 = DIRECTION ( 'NONE',  ( -1.000000000000000000, 0.0000000000000000000, 0.0000000000000000000 ) ) ;
#1992 = DIRECTION ( 'NONE',  ( -1.000000000000000000, -0.0000000000000000000, -0.0000000000000000000 ) ) ;
#1993 = EDGE_CURVE ( 'NONE', #60, #1713, #248, .T. ) ;
#1994 = AXIS2_PLACEMENT_3D ( 'NONE', #212, #1902, #1712 ) ;
#1995 = ORIENTED_EDGE ( 'NONE', *, *, #760, .F. ) ;
#1996 = DIRECTION ( 'NONE',  ( 0.0000000000000000000, 0.0000000000000000000, -1.000000000000000000 ) ) ;
#1997 = CARTESIAN_POINT ( 'NONE',  ( 2.579061101946970200, 3.250000000000000000, 3.249999999999999600 ) ) ;
#1998 = ORIENTED_EDGE ( 'NONE', *, *, #654, .T. ) ;
#1999 = DIRECTION ( 'NONE',  ( 0.0000000000000000000, 0.0000000000000000000, 1.000000000000000000 ) ) ;
#2000 = DIRECTION ( 'NONE',  ( -1.000000000000000000, -0.0000000000000000000, -0.0000000000000000000 ) ) ;
#2001 = AXIS2_PLACEMENT_3D ( 'NONE', #1779, #269, #1399 ) ;
#2002 = ORIENTED_EDGE ( 'NONE', *, *, #707, .T. ) ;
#2003 = VERTEX_POINT ( 'NONE', #2416 ) ;
#2004 = CYLINDRICAL_SURFACE ( 'NONE', #562, 3.249999999999999600 ) ;
#2005 = DIRECTION ( 'NONE',  ( 0.0000000000000000000, 0.0000000000000000000, 1.000000000000000000 ) ) ;
#2006 = ORIENTED_EDGE ( 'NONE', *, *, #207, .F. ) ;
#2007 = FACE_BOUND ( 'NONE', #1120, .T. ) ;
#2008 = CARTESIAN_POINT ( 'NONE',  ( -6.199999999999999300, 3.250000000000000000, 0.0000000000000000000 ) ) ;
#2009 = CARTESIAN_POINT ( 'NONE',  ( -0.9990818557679415100, 3.250000000000000000, 0.0000000000000000000 ) ) ;
#2010 = VERTEX_POINT ( 'NONE', #1490 ) ;
#2011 = DIRECTION ( 'NONE',  ( -1.000000000000000000, -0.0000000000000000000, -0.0000000000000000000 ) ) ;
#2012 = EDGE_CURVE ( 'NONE', #2425, #983, #136, .T. ) ;
#2013 = FACE_BOUND ( 'NONE', #994, .T. ) ;
#2014 = DIRECTION ( 'NONE',  ( 0.0000000000000000000, 0.0000000000000000000, 1.000000000000000000 ) ) ;
#2015 = CARTESIAN_POINT ( 'NONE',  ( 10.79397851914335000, 3.250000000000000000, -2.904411906293519000 ) ) ;
#2016 = ORIENTED_EDGE ( 'NONE', *, *, #1696, .F. ) ;
#2017 =( GEOMETRIC_REPRESENTATION_CONTEXT ( 3 ) GLOBAL_UNCERTAINTY_ASSIGNED_CONTEXT ( ( #1342 ) ) GLOBAL_UNIT_ASSIGNED_CONTEXT ( ( #847, #1637, #1042 ) ) REPRESENTATION_CONTEXT ( 'NONE', 'WORKASPACE' ) );
#2018 = CARTESIAN_POINT ( 'NONE',  ( -0.9990818557679406200, 3.250000000000000400, -3.104411906293518700 ) ) ;
#2019 = DIRECTION ( 'NONE',  ( 0.0000000000000000000, 0.0000000000000000000, 1.000000000000000000 ) ) ;
#2020 = DIRECTION ( 'NONE',  ( 1.000000000000000000, -0.0000000000000000000, -0.0000000000000000000 ) ) ;
#2021 = CARTESIAN_POINT ( 'NONE',  ( 0.3990818557679408100, 3.250000000000000000, 0.0000000000000000000 ) ) ;
#2022 =( NAMED_UNIT ( * ) PLANE_ANGLE_UNIT ( ) SI_UNIT ( $, .RADIAN. ) );
#2023 = DIRECTION ( 'NONE',  ( -1.000000000000000000, 0.0000000000000000000, 0.0000000000000000000 ) ) ;
#2024 = CARTESIAN_POINT ( 'NONE',  ( -1.979061101946970200, 3.250000000000000000, 0.0000000000000000000 ) ) ;
#2025 = EDGE_CURVE ( 'NONE', #1246, #1240, #791, .T. ) ;
#2026 = ORIENTED_EDGE ( 'NONE', *, *, #640, .T. ) ;
#2027 = AXIS2_PLACEMENT_3D ( 'NONE', #2339, #498, #1218 ) ;
#2028 = ORIENTED_EDGE ( 'NONE', *, *, #1507, .T. ) ;
#2029 = DIRECTION ( 'NONE',  ( 1.000000000000000000, -0.0000000000000000000, -0.0000000000000000000 ) ) ;
#2030 = DIRECTION ( 'NONE',  ( 0.0000000000000000000, 0.0000000000000000000, 1.000000000000000000 ) ) ;
#2031 = AXIS2_PLACEMENT_3D ( 'NONE', #984, #1159, #56 ) ;
#2032 = VERTEX_POINT ( 'NONE', #2222 ) ;
#2033 = ORIENTED_EDGE ( 'NONE', *, *, #2025, .F. ) ;
#2034 = DIRECTION ( 'NONE',  ( -1.000000000000000000, 0.0000000000000000000, 0.0000000000000000000 ) ) ;
#2035 = CLOSED_SHELL ( 'NONE', ( #638, #646, #2307, #1926, #1069, #1238 ) ) ;
#2036 = VECTOR ( 'NONE', #490, 1000.000000000000000 ) ;
#2037 = DIRECTION ( 'NONE',  ( -1.000000000000000000, -0.0000000000000000000, -0.0000000000000000000 ) ) ;
#2038 = DIRECTION ( 'NONE',  ( 0.0000000000000000000, 0.0000000000000000000, 1.000000000000000000 ) ) ;
#2039 = EDGE_CURVE ( 'NONE', #2142, #2115, #599, .T. ) ;
#2040 = DIRECTION ( 'NONE',  ( -1.000000000000000000, 0.0000000000000000000, 0.0000000000000000000 ) ) ;
#2041 = CIRCLE ( 'NONE', #1091, 0.5000000000000000000 ) ;
#2042 = MANIFOLD_SOLID_BREP ( 'Mirror2[4]', #868 ) ;
#2043 = AXIS2_PLACEMENT_3D ( 'NONE', #1235, #2163, #142 ) ;
#2044 = DIRECTION ( 'NONE',  ( -1.000000000000000000, 0.0000000000000000000, 0.0000000000000000000 ) ) ;
#2045 = AXIS2_PLACEMENT_3D ( 'NONE', #1592, #659, #840 ) ;
#2046 = DIRECTION ( 'NONE',  ( -1.000000000000000000, 0.0000000000000000000, 0.0000000000000000000 ) ) ;
#2047 = DIRECTION ( 'NONE',  ( 0.0000000000000000000, 0.0000000000000000000, -1.000000000000000000 ) ) ;
#2048 = DIRECTION ( 'NONE',  ( 0.0000000000000000000, 0.0000000000000000000, -1.000000000000000000 ) ) ;
#2049 = DIRECTION ( 'NONE',  ( 1.000000000000000000, -0.0000000000000000000, -0.0000000000000000000 ) ) ;
#2050 = CIRCLE ( 'NONE', #1112, 3.249999999999999600 ) ;
#2051 = CARTESIAN_POINT ( 'NONE',  ( 1.979061101946970200, 3.249999999999999600, -3.249999999999999600 ) ) ;
#2052 = ORIENTED_EDGE ( 'NONE', *, *, #2082, .F. ) ;
#2053 = EDGE_CURVE ( 'NONE', #1976, #2281, #309, .T. ) ;
#2054 = ORIENTED_EDGE ( 'NONE', *, *, #1565, .F. ) ;
#2055 = SURFACE_STYLE_USAGE ( .BOTH. , #1681 ) ;
#2056 = ORIENTED_EDGE ( 'NONE', *, *, #333, .F. ) ;
#2057 = CARTESIAN_POINT ( 'NONE',  ( -10.79397851914335000, 3.250000000000000000, 0.0000000000000000000 ) ) ;
#2058 = AXIS2_PLACEMENT_3D ( 'NONE', #504, #1062, #2381 ) ;
#2059 = CARTESIAN_POINT ( 'NONE',  ( -4.599999999999999600, 3.250000000000000000, 0.0000000000000000000 ) ) ;
#2060 = EDGE_LOOP ( 'NONE', ( #2394, #69, #1737, #2292 ) ) ;
#2061 = FACE_BOUND ( 'NONE', #480, .T. ) ;
#2062 = DIRECTION ( 'NONE',  ( 0.0000000000000000000, 0.0000000000000000000, -1.000000000000000000 ) ) ;
#2063 = ORIENTED_EDGE ( 'NONE', *, *, #1921, .F. ) ;
#2064 = LINE ( 'NONE', #2137, #2264 ) ;
#2065 = CARTESIAN_POINT ( 'NONE',  ( 1.979061101946970600, 3.250000000000000000, 0.0000000000000000000 ) ) ;
#2066 = ORIENTED_EDGE ( 'NONE', *, *, #1360, .F. ) ;
#2067 = LINE ( 'NONE', #779, #1276 ) ;
#2068 = CYLINDRICAL_SURFACE ( 'NONE', #2309, 2.904411906293519000 ) ;
#2069 = DIRECTION ( 'NONE',  ( 0.0000000000000000000, 0.0000000000000000000, -1.000000000000000000 ) ) ;
#2070 = EDGE_CURVE ( 'NONE', #1510, #883, #716, .T. ) ;
#2071 = DIRECTION ( 'NONE',  ( -1.000000000000000000, -0.0000000000000000000, -0.0000000000000000000 ) ) ;
#2072 = ORIENTED_EDGE ( 'NONE', *, *, #1507, .F. ) ;
#2073 = DIRECTION ( 'NONE',  ( -1.000000000000000000, -0.0000000000000000000, -0.0000000000000000000 ) ) ;
#2074 = AXIS2_PLACEMENT_3D ( 'NONE', #705, #1992, #1453 ) ;
#2075 = AXIS2_PLACEMENT_3D ( 'NONE', #990, #940, #1883 ) ;
#2076 = DIRECTION ( 'NONE',  ( -1.000000000000000000, -0.0000000000000000000, -0.0000000000000000000 ) ) ;
#2077 = CARTESIAN_POINT ( 'NONE',  ( -0.9990818557679406200, 3.250000000000000400, -3.104411906293518700 ) ) ;
#2078 = CYLINDRICAL_SURFACE ( 'NONE', #1347, 2.904411906293519000 ) ;
#2079 = CIRCLE ( 'NONE', #2193, 2.904411906293519000 ) ;
#2080 = CARTESIAN_POINT ( 'NONE',  ( 0.9990818557679415100, 3.250000000000000000, 0.0000000000000000000 ) ) ;
#2081 = ORIENTED_EDGE ( 'NONE', *, *, #1520, .F. ) ;
#2082 = EDGE_CURVE ( 'NONE', #204, #2010, #222, .T. ) ;
#2083 = ORIENTED_EDGE ( 'NONE', *, *, #1157, .F. ) ;
#2084 = CARTESIAN_POINT ( 'NONE',  ( 2.579061101946970700, 3.250000000000000000, -2.904411906293519000 ) ) ;
#2085 = EDGE_CURVE ( 'NONE', #2087, #739, #1032, .T. ) ;
#2086 = DIRECTION ( 'NONE',  ( -1.172110456741085800E-016, -1.000000000000000000, 0.0000000000000000000 ) ) ;
#2087 = VERTEX_POINT ( 'NONE', #1083 ) ;
#2088 = PRESENTATION_STYLE_ASSIGNMENT (( #244 ) ) ;
#2089 = CARTESIAN_POINT ( 'NONE',  ( 4.599999999999999600, 3.249999999999999600, -3.104411906293518700 ) ) ;
#2090 = AXIS2_PLACEMENT_3D ( 'NONE', #1050, #1252, #500 ) ;
#2091 = VERTEX_POINT ( 'NONE', #1936 ) ;
#2092 = CARTESIAN_POINT ( 'NONE',  ( 10.79397851914335000, 3.250000000000000000, 0.0000000000000000000 ) ) ;
#2093 = CYLINDRICAL_SURFACE ( 'NONE', #606, 3.249999999999999600 ) ;
#2094 = LINE ( 'NONE', #2089, #2120 ) ;
#2095 = ORIENTED_EDGE ( 'NONE', *, *, #952, .T. ) ;
#2096 = VECTOR ( 'NONE', #292, 1000.000000000000000 ) ;
#2097 = EDGE_CURVE ( 'NONE', #1558, #2142, #551, .T. ) ;
#2098 = FILL_AREA_STYLE_COLOUR ( '', #1771 ) ;
#2099 = DIRECTION ( 'NONE',  ( -1.000000000000000000, -0.0000000000000000000, -0.0000000000000000000 ) ) ;
#2100 = CARTESIAN_POINT ( 'NONE',  ( 4.400000000000000400, 3.250000000000000000, 0.5000000000000000000 ) ) ;
#2101 = CARTESIAN_POINT ( 'NONE',  ( -4.599999999999999600, 3.250000000000000000, 0.0000000000000000000 ) ) ;
#2102 = DIRECTION ( 'NONE',  ( 0.0000000000000000000, 0.0000000000000000000, -1.000000000000000000 ) ) ;
#2103 = CARTESIAN_POINT ( 'NONE',  ( -2.579061101946970200, 3.250000000000000400, -3.249999999999999600 ) ) ;
#2104 = ORIENTED_EDGE ( 'NONE', *, *, #1776, .F. ) ;
#2105 = CARTESIAN_POINT ( 'NONE',  ( 6.199999999999999300, 3.649999999999999900, 0.0000000000000000000 ) ) ;
#2106 = UNCERTAINTY_MEASURE_WITH_UNIT (LENGTH_MEASURE( 1.000000000000000100E-005 ), #1798, 'distance_accuracy_value', 'NONE');
#2107 = ORIENTED_EDGE ( 'NONE', *, *, #627, .T. ) ;
#2108 = DIRECTION ( 'NONE',  ( 0.0000000000000000000, 0.0000000000000000000, -1.000000000000000000 ) ) ;
#2109 = DIRECTION ( 'NONE',  ( 0.0000000000000000000, 0.0000000000000000000, 1.000000000000000000 ) ) ;
#2110 = EDGE_CURVE ( 'NONE', #394, #710, #2145, .T. ) ;
#2111 = ORIENTED_EDGE ( 'NONE', *, *, #776, .T. ) ;
#2112 = VERTEX_POINT ( 'NONE', #438 ) ;
#2113 = CARTESIAN_POINT ( 'NONE',  ( -4.400000000000000400, 3.250000000000000000, 0.0000000000000000000 ) ) ;
#2114 = COLOUR_RGB ( '',0.9686274509803921600, 0.8784313725490196000, 0.5999999999999999800 ) ;
#2115 = VERTEX_POINT ( 'NONE', #391 ) ;
#2116 = CIRCLE ( 'NONE', #1895, 3.104411906293518700 ) ;
#2117 = AXIS2_PLACEMENT_3D ( 'NONE', #119, #1421, #1608 ) ;
#2118 = ORIENTED_EDGE ( 'NONE', *, *, #1173, .T. ) ;
#2119 = ADVANCED_FACE ( 'NONE', ( #2234 ), #2093, .T. ) ;
#2120 = VECTOR ( 'NONE', #1739, 1000.000000000000000 ) ;
#2121 = CARTESIAN_POINT ( 'NONE',  ( 10.79397851914335000, 3.250000000000000000, -2.904411906293519000 ) ) ;
#2122 = VERTEX_POINT ( 'NONE', #1363 ) ;
#2123 = DIRECTION ( 'NONE',  ( 1.000000000000000000, -0.0000000000000000000, -0.0000000000000000000 ) ) ;
#2124 = CARTESIAN_POINT ( 'NONE',  ( 4.599999999999999600, 3.249999999999999600, -3.104411906293518700 ) ) ;
#2125 = FACE_OUTER_BOUND ( 'NONE', #1688, .T. ) ;
#2126 = EDGE_CURVE ( 'NONE', #2370, #197, #1975, .T. ) ;
#2127 = EDGE_CURVE ( 'NONE', #436, #220, #1481, .T. ) ;
#2128 = CARTESIAN_POINT ( 'NONE',  ( 0.9990818557679406200, 3.250000000000000000, 0.0000000000000000000 ) ) ;
#2129 = ADVANCED_FACE ( 'NONE', ( #1866 ), #855, .T. ) ;
#2130 = CARTESIAN_POINT ( 'NONE',  ( -0.3990818557679416400, 3.250000000000000000, 0.0000000000000000000 ) ) ;
#2131 = AXIS2_PLACEMENT_3D ( 'NONE', #314, #700, #1795 ) ;
#2132 = EDGE_LOOP ( 'NONE', ( #2315, #1925, #1898, #2344 ) ) ;
#2133 = ORIENTED_EDGE ( 'NONE', *, *, #496, .T. ) ;
#2134 = DIRECTION ( 'NONE',  ( 0.0000000000000000000, 0.0000000000000000000, -1.000000000000000000 ) ) ;
#2135 = EDGE_LOOP ( 'NONE', ( #1345, #1709, #948, #2263 ) ) ;
#2136 = DIRECTION ( 'NONE',  ( 0.0000000000000000000, -1.000000000000000000, 0.0000000000000000000 ) ) ;
#2137 = CARTESIAN_POINT ( 'NONE',  ( 10.79397851914335000, 3.249999999999999600, 2.904411906293519000 ) ) ;
#2138 = EDGE_LOOP ( 'NONE', ( #1517, #1869, #2165, #2398 ) ) ;
#2139 = CARTESIAN_POINT ( 'NONE',  ( 0.3990818557679408100, 3.249999999999999600, -3.104411906293518700 ) ) ;
#2140 = ADVANCED_FACE ( 'NONE', ( #2359 ), #2294, .T. ) ;
#2141 = EDGE_CURVE ( 'NONE', #1558, #1118, #42, .T. ) ;
#2142 = VERTEX_POINT ( 'NONE', #1874 ) ;
#2143 = COLOUR_RGB ( '',0.7921568627450980000, 0.8196078431372548800, 0.9333333333333333500 ) ;
#2144 = CARTESIAN_POINT ( 'NONE',  ( 2.579061101946970200, 3.249999999999999600, -3.249999999999999600 ) ) ;
#2145 = LINE ( 'NONE', #2304, #169 ) ;
#2146 = AXIS2_PLACEMENT_3D ( 'NONE', #2021, #2034, #150 ) ;
#2147 = DIRECTION ( 'NONE',  ( -1.000000000000000000, -0.0000000000000000000, -0.0000000000000000000 ) ) ;
#2148 = ORIENTED_EDGE ( 'NONE', *, *, #704, .T. ) ;
#2149 = LINE ( 'NONE', #1430, #1102 ) ;
#2150 = VERTEX_POINT ( 'NONE', #2051 ) ;
#2151 = CIRCLE ( 'NONE', #676, 2.904411906293519000 ) ;
#2152 = ORIENTED_EDGE ( 'NONE', *, *, #640, .F. ) ;
#2153 = CARTESIAN_POINT ( 'NONE',  ( -4.400000000000000400, 3.250000000000000000, -0.5000000000000000000 ) ) ;
#2154 = CARTESIAN_POINT ( 'NONE',  ( 4.599999999999999600, 3.250000000000000000, 0.0000000000000000000 ) ) ;
#2155 = ADVANCED_FACE ( 'NONE', ( #492 ), #2175, .T. ) ;
#2156 = DIRECTION ( 'NONE',  ( 0.0000000000000000000, 0.0000000000000000000, -1.000000000000000000 ) ) ;
#2157 = DIRECTION ( 'NONE',  ( 1.172110456741085800E-016, -1.000000000000000000, 0.0000000000000000000 ) ) ;
#2158 = EDGE_CURVE ( 'NONE', #1901, #1095, #2427, .T. ) ;
#2159 = DIRECTION ( 'NONE',  ( 0.0000000000000000000, 0.0000000000000000000, -1.000000000000000000 ) ) ;
#2160 = CIRCLE ( 'NONE', #444, 2.904411906293519000 ) ;
#2161 = CARTESIAN_POINT ( 'NONE',  ( 1.899081855767940800, 3.249999999999999600, -3.250000000000000000 ) ) ;
#2162 = PLANE ( 'NONE',  #1910 ) ;
#2163 = DIRECTION ( 'NONE',  ( -0.0000000000000000000, 1.000000000000000000, 1.224646799147353200E-016 ) ) ;
#2164 = AXIS2_PLACEMENT_3D ( 'NONE', #1954, #1401, #1194 ) ;
#2165 = ORIENTED_EDGE ( 'NONE', *, *, #1441, .T. ) ;
#2166 = CIRCLE ( 'NONE', #1306, 3.118404028665133300 ) ;
#2167 = ADVANCED_FACE ( 'NONE', ( #1213 ), #766, .T. ) ;
#2168 = ORIENTED_EDGE ( 'NONE', *, *, #357, .F. ) ;
#2169 = CARTESIAN_POINT ( 'NONE',  ( 4.599999999999999600, 3.250000000000000000, 0.0000000000000000000 ) ) ;
#2170 = EDGE_LOOP ( 'NONE', ( #1022, #598, #1186, #1205 ) ) ;
#2171 = CARTESIAN_POINT ( 'NONE',  ( 1.979061101946970600, 3.250000000000000000, -2.904411906293519000 ) ) ;
#2172 = DIRECTION ( 'NONE',  ( -1.000000000000000000, 0.0000000000000000000, 0.0000000000000000000 ) ) ;
#2173 = ORIENTED_EDGE ( 'NONE', *, *, #1579, .T. ) ;
#2174 = FACE_OUTER_BOUND ( 'NONE', #1253, .T. ) ;
#2175 = TOROIDAL_SURFACE ( 'NONE', #184, 0.8000000000000003800, 0.4000000000000000800 ) ;
#2176 = CARTESIAN_POINT ( 'NONE',  ( -10.79397851914335000, 3.250000000000000000, -2.904411906293519000 ) ) ;
#2177 = ORIENTED_EDGE ( 'NONE', *, *, #132, .F. ) ;
#2178 = EDGE_CURVE ( 'NONE', #1277, #2387, #1209, .T. ) ;
#2179 = FACE_OUTER_BOUND ( 'NONE', #1811, .T. ) ;
#2180 = CARTESIAN_POINT ( 'NONE',  ( -4.599999999999999600, 3.250000000000000400, -3.249999999999999600 ) ) ;
#2181 = CIRCLE ( 'NONE', #1968, 0.1999999999999996500 ) ;
#2182 = AXIS2_PLACEMENT_3D ( 'NONE', #279, #1411, #673 ) ;
#2183 = CARTESIAN_POINT ( 'NONE',  ( -0.3990818557679408100, 3.250000000000000000, 0.0000000000000000000 ) ) ;
#2184 = ADVANCED_FACE ( 'NONE', ( #1864 ), #886, .T. ) ;
#2185 = DIRECTION ( 'NONE',  ( 0.0000000000000000000, 0.0000000000000000000, -1.000000000000000000 ) ) ;
#2186 = PRODUCT ( 'GreenBlueBrownGold', 'GreenBlueBrownGold', '', ( #1790 ) ) ;
#2187 = ORIENTED_EDGE ( 'NONE', *, *, #2141, .T. ) ;
#2188 = CARTESIAN_POINT ( 'NONE',  ( -0.3990818557679416400, 3.250000000000000000, -2.904411906293519000 ) ) ;
#2189 = CYLINDRICAL_SURFACE ( 'NONE', #2074, 3.104411906293518700 ) ;
#2190 = EDGE_CURVE ( 'NONE', #2387, #1590, #1738, .T. ) ;
#2191 = ADVANCED_FACE ( 'NONE', ( #1000 ), #651, .T. ) ;
#2192 = CARTESIAN_POINT ( 'NONE',  ( -4.400000000000000400, 3.250000000000000000, -0.5000000000000000000 ) ) ;
#2193 = AXIS2_PLACEMENT_3D ( 'NONE', #2009, #122, #296 ) ;
#2194 = ORIENTED_EDGE ( 'NONE', *, *, #1222, .F. ) ;
#2195 = CARTESIAN_POINT ( 'NONE',  ( 0.3990818557679416400, 3.250000000000000000, 0.0000000000000000000 ) ) ;
#2196 = FACE_OUTER_BOUND ( 'NONE', #1848, .T. ) ;
#2197 = SURFACE_STYLE_USAGE ( .BOTH. , #888 ) ;
#2198 = ORIENTED_EDGE ( 'NONE', *, *, #925, .F. ) ;
#2199 = CARTESIAN_POINT ( 'NONE',  ( 1.979061101946970200, 3.250000000000000000, 0.0000000000000000000 ) ) ;
#2200 = AXIS2_PLACEMENT_3D ( 'NONE', #1269, #2424, #1677 ) ;
#2201 = VERTEX_POINT ( 'NONE', #1845 ) ;
#2202 = CARTESIAN_POINT ( 'NONE',  ( 1.979061101946970200, 3.250000000000000000, 3.249999999999999600 ) ) ;
#2203 = ORIENTED_EDGE ( 'NONE', *, *, #339, .T. ) ;
#2204 = CARTESIAN_POINT ( 'NONE',  ( -6.999999999999997300, -19.75000000000000000, 0.0000000000000000000 ) ) ;
#2205 = ORIENTED_EDGE ( 'NONE', *, *, #2070, .T. ) ;
#2206 = DIRECTION ( 'NONE',  ( 1.000000000000000000, -0.0000000000000000000, -0.0000000000000000000 ) ) ;
#2207 = EDGE_CURVE ( 'NONE', #452, #411, #1415, .T. ) ;
#2208 = VECTOR ( 'NONE', #526, 999.9999999999998900 ) ;
#2209 = VECTOR ( 'NONE', #1905, 999.9999999999998900 ) ;
#2210 = FACE_OUTER_BOUND ( 'NONE', #18, .T. ) ;
#2211 = CARTESIAN_POINT ( 'NONE',  ( -6.599999999999997000, -19.75000000000000000, 0.0000000000000000000 ) ) ;
#2212 = EDGE_CURVE ( 'NONE', #1713, #366, #596, .T. ) ;
#2213 = FACE_OUTER_BOUND ( 'NONE', #1144, .T. ) ;
#2214 = DIRECTION ( 'NONE',  ( 1.172110456741085800E-016, -1.000000000000000000, 0.0000000000000000000 ) ) ;
#2215 = EDGE_LOOP ( 'NONE', ( #1266, #1002, #774, #2054 ) ) ;
#2216 = AXIS2_PLACEMENT_3D ( 'NONE', #2169, #1231, #2371 ) ;
#2217 = CARTESIAN_POINT ( 'NONE',  ( 6.199999999999999300, 2.449999999999999300, -4.898587196589413700E-017 ) ) ;
#2218 = CARTESIAN_POINT ( 'NONE',  ( 4.599999999999999600, 3.250000000000000000, 0.0000000000000000000 ) ) ;
#2219 = CARTESIAN_POINT ( 'NONE',  ( -1.979061101946970200, 3.250000000000000400, -3.249999999999999600 ) ) ;
#2220 = LINE ( 'NONE', #43, #2337 ) ;
#2221 = CARTESIAN_POINT ( 'NONE',  ( 6.599999999999997000, -19.75000000000000000, 0.0000000000000000000 ) ) ;
#2222 = CARTESIAN_POINT ( 'NONE',  ( 3.446978872283181300, 3.249999999999999600, 3.118404028665133800 ) ) ;
#2223 = CARTESIAN_POINT ( 'NONE',  ( 1.899081855767940800, 3.250000000000000000, 3.250000000000000000 ) ) ;
#2224 = EDGE_CURVE ( 'NONE', #1268, #60, #520, .T. ) ;
#2225 = ORIENTED_EDGE ( 'NONE', *, *, #442, .F. ) ;
#2226 = DIRECTION ( 'NONE',  ( -1.000000000000000000, -0.0000000000000000000, -0.0000000000000000000 ) ) ;
#2227 = AXIS2_PLACEMENT_3D ( 'NONE', #1407, #1392, #273 ) ;
#2228 = ORIENTED_EDGE ( 'NONE', *, *, #1272, .T. ) ;
#2229 = CARTESIAN_POINT ( 'NONE',  ( 1.979061101946970600, 3.250000000000000000, -2.904411906293519000 ) ) ;
#2230 = AXIS2_PLACEMENT_3D ( 'NONE', #1813, #2029, #1484 ) ;
#2231 = EDGE_LOOP ( 'NONE', ( #1427, #1773 ) ) ;
#2232 = CLOSED_SHELL ( 'NONE', ( #475, #723, #1190, #1861, #999, #1581 ) ) ;
#2233 = CYLINDRICAL_SURFACE ( 'NONE', #900, 0.4000000000000000800 ) ;
#2234 = FACE_OUTER_BOUND ( 'NONE', #2170, .T. ) ;
#2235 = DIRECTION ( 'NONE',  ( 0.0000000000000000000, 0.0000000000000000000, -1.000000000000000000 ) ) ;
#2236 = ORIENTED_EDGE ( 'NONE', *, *, #854, .T. ) ;
#2237 = CYLINDRICAL_SURFACE ( 'NONE', #2131, 2.904411906293519000 ) ;
#2238 = CARTESIAN_POINT ( 'NONE',  ( -4.599999999999999600, 3.250000000000000000, 3.249999999999999600 ) ) ;
#2239 = EDGE_CURVE ( 'NONE', #1300, #608, #943, .T. ) ;
#2240 = CYLINDRICAL_SURFACE ( 'NONE', #2216, 3.104411906293518700 ) ;
#2241 =( NAMED_UNIT ( * ) PLANE_ANGLE_UNIT ( ) SI_UNIT ( $, .RADIAN. ) );
#2242 = STYLED_ITEM ( 'NONE', ( #1013 ), #453 ) ;
#2243 = CYLINDRICAL_SURFACE ( 'NONE', #1639, 2.904411906293519000 ) ;
#2244 = VERTEX_POINT ( 'NONE', #733 ) ;
#2245 = CARTESIAN_POINT ( 'NONE',  ( -1.979061101946970600, 3.250000000000000400, 2.904411906293519000 ) ) ;
#2246 = CIRCLE ( 'NONE', #2274, 3.249999999999999600 ) ;
#2247 = AXIS2_PLACEMENT_3D ( 'NONE', #2379, #1082, #302 ) ;
#2248 = DIRECTION ( 'NONE',  ( 1.000000000000000000, -0.0000000000000000000, -0.0000000000000000000 ) ) ;
#2249 = CARTESIAN_POINT ( 'NONE',  ( -4.599999999999999600, 3.250000000000000000, 0.0000000000000000000 ) ) ;
#2250 = EDGE_CURVE ( 'NONE', #2091, #1797, #820, .T. ) ;
#2251 = DIRECTION ( 'NONE',  ( 0.0000000000000000000, 0.0000000000000000000, 1.000000000000000000 ) ) ;
#2252 = ORIENTED_EDGE ( 'NONE', *, *, #2303, .F. ) ;
#2253 = CARTESIAN_POINT ( 'NONE',  ( 0.9990818557679415100, 3.249999999999999600, 2.904411906293519000 ) ) ;
#2254 = DIRECTION ( 'NONE',  ( 1.000000000000000000, 0.0000000000000000000, 0.0000000000000000000 ) ) ;
#2255 = EDGE_CURVE ( 'NONE', #1413, #782, #2354, .T. ) ;
#2256 = VERTEX_POINT ( 'NONE', #2229 ) ;
#2257 = CARTESIAN_POINT ( 'NONE',  ( 4.599999999999999600, 3.250000000000000000, 0.0000000000000000000 ) ) ;
#2258 = ORIENTED_EDGE ( 'NONE', *, *, #583, .F. ) ;
#2259 = DIRECTION ( 'NONE',  ( 0.0000000000000000000, 0.0000000000000000000, -1.000000000000000000 ) ) ;
#2260 = ORIENTED_EDGE ( 'NONE', *, *, #2039, .F. ) ;
#2261 = TOROIDAL_SURFACE ( 'NONE', #1701, 0.8000000000000003800, 0.4000000000000000800 ) ;
#2262 = CARTESIAN_POINT ( 'NONE',  ( -1.979061101946970200, 3.250000000000000000, 3.249999999999999600 ) ) ;
#2263 = ORIENTED_EDGE ( 'NONE', *, *, #1552, .T. ) ;
#2264 = VECTOR ( 'NONE', #289, 1000.000000000000000 ) ;
#2265 = DIRECTION ( 'NONE',  ( 0.0000000000000000000, 0.0000000000000000000, -1.000000000000000000 ) ) ;
#2266 = EDGE_LOOP ( 'NONE', ( #764, #941, #2236, #382 ) ) ;
#2267 = CIRCLE ( 'NONE', #84, 3.249999999999999600 ) ;
#2268 = FILL_AREA_STYLE_COLOUR ( '', #2143 ) ;
#2269 = VECTOR ( 'NONE', #125, 1000.000000000000000 ) ;
#2270 = EDGE_CURVE ( 'NONE', #204, #1615, #1837, .T. ) ;
#2271 = CARTESIAN_POINT ( 'NONE',  ( 0.9990818557679415100, 3.250000000000000000, 0.0000000000000000000 ) ) ;
#2272 = VERTEX_POINT ( 'NONE', #1302 ) ;
#2273 =( LENGTH_UNIT ( ) NAMED_UNIT ( * ) SI_UNIT ( .MILLI., .METRE. ) );
#2274 = AXIS2_PLACEMENT_3D ( 'NONE', #817, #484, #83 ) ;
#2275 = DIRECTION ( 'NONE',  ( -1.000000000000000000, -0.0000000000000000000, -0.0000000000000000000 ) ) ;
#2276 = AXIS2_PLACEMENT_3D ( 'NONE', #1620, #331, #2005 ) ;
#2277 =( NAMED_UNIT ( * ) SI_UNIT ( $, .STERADIAN. ) SOLID_ANGLE_UNIT ( ) );
#2278 = DIRECTION ( 'NONE',  ( 0.0000000000000000000, 0.0000000000000000000, -1.000000000000000000 ) ) ;
#2279 = VERTEX_POINT ( 'NONE', #923 ) ;
#2280 = DIRECTION ( 'NONE',  ( 0.0000000000000000000, 0.0000000000000000000, 1.000000000000000000 ) ) ;
#2281 = VERTEX_POINT ( 'NONE', #1703 ) ;
#2282 = EDGE_CURVE ( 'NONE', #2321, #2383, #371, .T. ) ;
#2283 = ORIENTED_EDGE ( 'NONE', *, *, #995, .T. ) ;
#2284 = DIRECTION ( 'NONE',  ( 0.0000000000000000000, 0.0000000000000000000, -1.000000000000000000 ) ) ;
#2285 = AXIS2_PLACEMENT_3D ( 'NONE', #1171, #1718, #441 ) ;
#2286 = DIRECTION ( 'NONE',  ( 0.0000000000000000000, 0.0000000000000000000, 1.000000000000000000 ) ) ;
#2287 = ORIENTED_EDGE ( 'NONE', *, *, #1756, .F. ) ;
#2288 = UNCERTAINTY_MEASURE_WITH_UNIT (LENGTH_MEASURE( 1.000000000000000100E-005 ), #954, 'distance_accuracy_value', 'NONE');
#2289 = VECTOR ( 'NONE', #1, 1000.000000000000000 ) ;
#2290 = DIRECTION ( 'NONE',  ( 1.000000000000000000, -0.0000000000000000000, -0.0000000000000000000 ) ) ;
#2291 = AXIS2_PLACEMENT_3D ( 'NONE', #72, #1380, #1938 ) ;
#2292 = ORIENTED_EDGE ( 'NONE', *, *, #2127, .F. ) ;
#2293 = DIRECTION ( 'NONE',  ( 1.000000000000000000, 0.0000000000000000000, 0.0000000000000000000 ) ) ;
#2294 = CONICAL_SURFACE ( 'NONE', #809, 0.5000000000000000000, 1.221730476396029900 ) ;
#2295 = ORIENTED_EDGE ( 'NONE', *, *, #1131, .T. ) ;
#2296 = CARTESIAN_POINT ( 'NONE',  ( -1.899081855767940800, 3.250000000000000000, 0.0000000000000000000 ) ) ;
#2297 = CARTESIAN_POINT ( 'NONE',  ( -4.599999999999999600, 3.250000000000000000, 0.0000000000000000000 ) ) ;
#2298 = VECTOR ( 'NONE', #1685, 999.9999999999998900 ) ;
#2299 = CARTESIAN_POINT ( 'NONE',  ( 2.579061101946970200, 3.250000000000000000, 0.0000000000000000000 ) ) ;
#2300 = FACE_OUTER_BOUND ( 'NONE', #2372, .T. ) ;
#2301 = DIRECTION ( 'NONE',  ( -1.000000000000000000, 0.0000000000000000000, 0.0000000000000000000 ) ) ;
#2302 = VERTEX_POINT ( 'NONE', #1516 ) ;
#2303 = EDGE_CURVE ( 'NONE', #276, #644, #397, .T. ) ;
#2304 = CARTESIAN_POINT ( 'NONE',  ( 4.599999999999999600, 3.250000000000000000, -0.4000000000000000800 ) ) ;
#2305 = CIRCLE ( 'NONE', #1863, 3.249999999999999600 ) ;
#2306 = DIRECTION ( 'NONE',  ( 0.0000000000000000000, 0.0000000000000000000, 1.000000000000000000 ) ) ;
#2307 = ADVANCED_FACE ( 'NONE', ( #1532, #787 ), #1672, .F. ) ;
#2308 = DIRECTION ( 'NONE',  ( -1.000000000000000000, 0.0000000000000000000, 0.0000000000000000000 ) ) ;
#2309 = AXIS2_PLACEMENT_3D ( 'NONE', #1666, #1466, #1856 ) ;
#2310 = FACE_OUTER_BOUND ( 'NONE', #677, .T. ) ;
#2311 = PRESENTATION_STYLE_ASSIGNMENT (( #2382 ) ) ;
#2312 = FACE_OUTER_BOUND ( 'NONE', #2408, .T. ) ;
#2313 = CYLINDRICAL_SURFACE ( 'NONE', #1135, 2.904411906293519000 ) ;
#2314 = DIRECTION ( 'NONE',  ( 0.0000000000000000000, 0.0000000000000000000, -1.000000000000000000 ) ) ;
#2315 = ORIENTED_EDGE ( 'NONE', *, *, #1365, .F. ) ;
#2316 = CARTESIAN_POINT ( 'NONE',  ( 4.599999999999999600, 3.250000000000000000, -0.5000000000000000000 ) ) ;
#2317 = ORIENTED_EDGE ( 'NONE', *, *, #1397, .T. ) ;
#2318 = ADVANCED_FACE ( 'NONE', ( #344 ), #2261, .T. ) ;
#2319 = EDGE_CURVE ( 'NONE', #2383, #2321, #1096, .T. ) ;
#2320 = ORIENTED_EDGE ( 'NONE', *, *, #1583, .F. ) ;
#2321 = VERTEX_POINT ( 'NONE', #178 ) ;
#2322 = STYLED_ITEM ( 'NONE', ( #2311 ), #44 ) ;
#2323 = FACE_OUTER_BOUND ( 'NONE', #1705, .T. ) ;
#2324 = UNCERTAINTY_MEASURE_WITH_UNIT (LENGTH_MEASURE( 1.000000000000000100E-005 ), #1142, 'distance_accuracy_value', 'NONE');
#2325 = CARTESIAN_POINT ( 'NONE',  ( -1.979061101946970200, 0.0000000000000000000, 0.0000000000000000000 ) ) ;
#2326 = DIRECTION ( 'NONE',  ( 0.0000000000000000000, 0.0000000000000000000, -1.000000000000000000 ) ) ;
#2327 = ORIENTED_EDGE ( 'NONE', *, *, #722, .T. ) ;
#2328 = CYLINDRICAL_SURFACE ( 'NONE', #2419, 0.5000000000000000000 ) ;
#2329 = AXIS2_PLACEMENT_3D ( 'NONE', #355, #1127, #243 ) ;
#2330 = ORIENTED_EDGE ( 'NONE', *, *, #2053, .T. ) ;
#2331 = FACE_OUTER_BOUND ( 'NONE', #686, .T. ) ;
#2332 = LINE ( 'NONE', #1810, #1719 ) ;
#2333 = DIRECTION ( 'NONE',  ( 1.000000000000000000, -0.0000000000000000000, -0.0000000000000000000 ) ) ;
#2334 = ADVANCED_FACE ( 'NONE', ( #1327 ), #1890, .T. ) ;
#2335 = ORIENTED_EDGE ( 'NONE', *, *, #1649, .F. ) ;
#2336 = DIRECTION ( 'NONE',  ( 0.0000000000000000000, 0.0000000000000000000, 1.000000000000000000 ) ) ;
#2337 = VECTOR ( 'NONE', #422, 1000.000000000000000 ) ;
#2338 = ORIENTED_EDGE ( 'NONE', *, *, #966, .T. ) ;
#2339 = CARTESIAN_POINT ( 'NONE',  ( -2.579061101946970700, 3.250000000000000000, 0.0000000000000000000 ) ) ;
#2340 = EDGE_CURVE ( 'NONE', #1797, #2032, #1923, .T. ) ;
#2341 = AXIS2_PLACEMENT_3D ( 'NONE', #130, #1784, #2336 ) ;
#2342 = ADVANCED_FACE ( 'NONE', ( #99 ), #1894, .T. ) ;
#2343 = DIRECTION ( 'NONE',  ( -1.000000000000000000, -0.0000000000000000000, -0.0000000000000000000 ) ) ;
#2344 = ORIENTED_EDGE ( 'NONE', *, *, #168, .F. ) ;
#2345 = DIRECTION ( 'NONE',  ( 0.0000000000000000000, 0.0000000000000000000, 1.000000000000000000 ) ) ;
#2346 = SURFACE_SIDE_STYLE ('',( #161 ) ) ;
#2347 = CIRCLE ( 'NONE', #1383, 3.250000000000000000 ) ;
#2348 = CARTESIAN_POINT ( 'NONE',  ( -7.399999999999997700, -19.75000000000000000, 4.898587196589423600E-017 ) ) ;
#2349 = ORIENTED_EDGE ( 'NONE', *, *, #2110, .T. ) ;
#2350 = CARTESIAN_POINT ( 'NONE',  ( -0.3990818557679416400, 3.250000000000000000, 0.0000000000000000000 ) ) ;
#2351 = CARTESIAN_POINT ( 'NONE',  ( -10.79397851914335000, 3.250000000000000400, 2.904411906293519000 ) ) ;
#2352 = ORIENTED_EDGE ( 'NONE', *, *, #80, .F. ) ;
#2353 = EDGE_CURVE ( 'NONE', #630, #816, #14, .T. ) ;
#2354 = LINE ( 'NONE', #20, #1353 ) ;
#2355 = VERTEX_POINT ( 'NONE', #1521 ) ;
#2356 = CARTESIAN_POINT ( 'NONE',  ( -10.79397851914335000, 3.250000000000000000, 0.0000000000000000000 ) ) ;
#2357 = CIRCLE ( 'NONE', #1492, 3.118404028665133300 ) ;
#2358 = DIRECTION ( 'NONE',  ( -1.000000000000000000, 0.0000000000000000000, 0.0000000000000000000 ) ) ;
#2359 = FACE_OUTER_BOUND ( 'NONE', #47, .T. ) ;
#2360 = AXIS2_PLACEMENT_3D ( 'NONE', #1352, #1600, #1223 ) ;
#2361 = CARTESIAN_POINT ( 'NONE',  ( -4.599999999999999600, 3.250000000000000000, 3.104411906293518700 ) ) ;
#2362 = ORIENTED_EDGE ( 'NONE', *, *, #1724, .T. ) ;
#2363 = ADVANCED_FACE ( 'NONE', ( #1654 ), #788, .F. ) ;
#2364 = CARTESIAN_POINT ( 'NONE',  ( -4.599999999999999600, 3.250000000000000000, 0.0000000000000000000 ) ) ;
#2365 = VECTOR ( 'NONE', #151, 1000.000000000000000 ) ;
#2366 = CARTESIAN_POINT ( 'NONE',  ( -1.979061101946970600, 3.250000000000000000, 0.0000000000000000000 ) ) ;
#2367 = DIRECTION ( 'NONE',  ( 0.0000000000000000000, 0.0000000000000000000, 1.000000000000000000 ) ) ;
#2368 = AXIS2_PLACEMENT_3D ( 'NONE', #555, #1867, #2062 ) ;
#2369 = FACE_OUTER_BOUND ( 'NONE', #2266, .T. ) ;
#2370 = VERTEX_POINT ( 'NONE', #2103 ) ;
#2371 = DIRECTION ( 'NONE',  ( 0.0000000000000000000, 0.0000000000000000000, 1.000000000000000000 ) ) ;
#2372 = EDGE_LOOP ( 'NONE', ( #1495, #1293, #1485, #1974 ) ) ;
#2373 = CARTESIAN_POINT ( 'NONE',  ( 10.79397851914335000, 3.250000000000000000, -2.904411906293519000 ) ) ;
#2374 = DIRECTION ( 'NONE',  ( 0.0000000000000000000, 0.0000000000000000000, 1.000000000000000000 ) ) ;
#2375 = EDGE_CURVE ( 'NONE', #73, #131, #277, .T. ) ;
#2376 = MANIFOLD_SOLID_BREP ( 'Mirror2[2]', #2232 ) ;
#2377 = CARTESIAN_POINT ( 'NONE',  ( -6.199999999999999300, 2.449999999999999300, 0.0000000000000000000 ) ) ;
#2378 = AXIS2_PLACEMENT_3D ( 'NONE', #1846, #552, #2411 ) ;
#2379 = CARTESIAN_POINT ( 'NONE',  ( -6.999999999999997300, -19.75000000000000000, 0.0000000000000000000 ) ) ;
#2380 = DIRECTION ( 'NONE',  ( -1.000000000000000000, 0.0000000000000000000, 0.0000000000000000000 ) ) ;
#2381 = DIRECTION ( 'NONE',  ( 0.0000000000000000000, 0.0000000000000000000, -1.000000000000000000 ) ) ;
#2382 = SURFACE_STYLE_USAGE ( .BOTH. , #1064 ) ;
#2383 = VERTEX_POINT ( 'NONE', #2084 ) ;
#2384 = EDGE_LOOP ( 'NONE', ( #300, #946 ) ) ;
#2385 = DIRECTION ( 'NONE',  ( 0.0000000000000000000, -1.000000000000000000, 0.0000000000000000000 ) ) ;
#2386 = CARTESIAN_POINT ( 'NONE',  ( 10.79397851914335000, 3.250000000000000000, 0.0000000000000000000 ) ) ;
#2387 = VERTEX_POINT ( 'NONE', #2262 ) ;
#2388 = VERTEX_POINT ( 'NONE', #1546 ) ;
#2389 = PLANE ( 'NONE',  #681 ) ;
#2390 = DIRECTION ( 'NONE',  ( 0.0000000000000000000, 0.0000000000000000000, 1.000000000000000000 ) ) ;
#2391 = EDGE_CURVE ( 'NONE', #2281, #1976, #1972, .T. ) ;
#2392 = ORIENTED_EDGE ( 'NONE', *, *, #690, .F. ) ;
#2393 = VECTOR ( 'NONE', #1526, 1000.000000000000000 ) ;
#2394 = ORIENTED_EDGE ( 'NONE', *, *, #1376, .T. ) ;
#2395 = EDGE_CURVE ( 'NONE', #2417, #436, #714, .T. ) ;
#2396 = VECTOR ( 'NONE', #1614, 1000.000000000000000 ) ;
#2397 = CARTESIAN_POINT ( 'NONE',  ( 4.599999999999999600, 3.250000000000000000, 3.104411906293518700 ) ) ;
#2398 = ORIENTED_EDGE ( 'NONE', *, *, #1599, .F. ) ;
#2399 = VECTOR ( 'NONE', #323, 1000.000000000000000 ) ;
#2400 = STYLED_ITEM ( 'NONE', ( #1188 ), #1574 ) ;
#2401 = ORIENTED_EDGE ( 'NONE', *, *, #751, .F. ) ;
#2402 = CARTESIAN_POINT ( 'NONE',  ( -2.579061101946970200, 3.250000000000000000, 3.249999999999999600 ) ) ;
#2403 = CIRCLE ( 'NONE', #229, 0.4000000000000000800 ) ;
#2404 = ORIENTED_EDGE ( 'NONE', *, *, #1397, .F. ) ;
#2405 = CARTESIAN_POINT ( 'NONE',  ( -0.9990818557679406200, 3.250000000000000000, 3.104411906293518700 ) ) ;
#2406 = DIRECTION ( 'NONE',  ( -1.000000000000000000, -0.0000000000000000000, -0.0000000000000000000 ) ) ;
#2407 = LINE ( 'NONE', #880, #260 ) ;
#2408 = EDGE_LOOP ( 'NONE', ( #1097, #1296, #2327, #1114 ) ) ;
#2409 = CARTESIAN_POINT ( 'NONE',  ( -4.599999999999999600, 3.250000000000000000, 0.5000000000000000000 ) ) ;
#2410 = DIRECTION ( 'NONE',  ( -1.000000000000000000, 0.0000000000000000000, 0.0000000000000000000 ) ) ;
#2411 = DIRECTION ( 'NONE',  ( 0.0000000000000000000, 0.0000000000000000000, -1.000000000000000000 ) ) ;
#2412 = EDGE_CURVE ( 'NONE', #767, #95, #1708, .T. ) ;
#2413 = CONICAL_SURFACE ( 'NONE', #936, 3.250000000000000000, 0.3490658503988667800 ) ;
#2414 = CARTESIAN_POINT ( 'NONE',  ( 4.599999999999999600, 3.250000000000000000, 3.249999999999999600 ) ) ;
#2415 = AXIS2_PLACEMENT_3D ( 'NONE', #703, #316, #2185 ) ;
#2416 = CARTESIAN_POINT ( 'NONE',  ( 0.9990818557679406200, 3.249999999999999600, -3.104411906293518700 ) ) ;
#2417 = VERTEX_POINT ( 'NONE', #1344 ) ;
#2418 = CARTESIAN_POINT ( 'NONE',  ( 0.3990818557679409200, 0.0000000000000000000, 0.0000000000000000000 ) ) ;
#2419 = AXIS2_PLACEMENT_3D ( 'NONE', #257, #1769, #1254 ) ;
#2420 = VERTEX_POINT ( 'NONE', #1924 ) ;
#2421 = CARTESIAN_POINT ( 'NONE',  ( -10.79397851914335000, 3.250000000000000000, 0.0000000000000000000 ) ) ;
#2422 = EDGE_LOOP ( 'NONE', ( #393, #1816 ) ) ;
#2423 = LINE ( 'NONE', #1355, #916 ) ;
#2424 = DIRECTION ( 'NONE',  ( -1.000000000000000000, -0.0000000000000000000, -0.0000000000000000000 ) ) ;
#2425 = VERTEX_POINT ( 'NONE', #1735 ) ;
#2426 = EDGE_CURVE ( 'NONE', #16, #1976, #2423, .T. ) ;
#2427 = CIRCLE ( 'NONE', #275, 2.904411906293519000 ) ;
#2428 = CARTESIAN_POINT ( 'NONE',  ( -6.199999999999999300, 2.449999999999999300, -4.898587196589413700E-017 ) ) ;
#2429 = FACE_BOUND ( 'NONE', #757, .T. ) ;
#2430 = LINE ( 'NONE', #1169, #1766 ) ;
#2431 = DIRECTION ( 'NONE',  ( -1.000000000000000000, 0.0000000000000000000, 0.0000000000000000000 ) ) ;
#2432 = ADVANCED_FACE ( 'NONE', ( #1386 ), #1447, .T. ) ;
#2433 =( GEOMETRIC_REPRESENTATION_CONTEXT ( 3 ) GLOBAL_UNCERTAINTY_ASSIGNED_CONTEXT ( ( #2324 ) ) GLOBAL_UNIT_ASSIGNED_CONTEXT ( ( #1142, #963, #1317 ) ) REPRESENTATION_CONTEXT ( 'NONE', 'WORKASPACE' ) );
#2434 = CIRCLE ( 'NONE', #1274, 2.904411906293519000 ) ;
#2435 = CARTESIAN_POINT ( 'NONE',  ( 3.259040348126000600, 3.250000000000000000, 3.249999999999999600 ) ) ;
#2436 = DIRECTION ( 'NONE',  ( -1.000000000000000000, -0.0000000000000000000, -0.0000000000000000000 ) ) ;
#2437 = AXIS2_PLACEMENT_3D ( 'NONE', #474, #1372, #2306 ) ;
#2438 = DIRECTION ( 'NONE',  ( 1.000000000000000000, -0.0000000000000000000, -0.0000000000000000000 ) ) ;
#2439 = DIRECTION ( 'NONE',  ( -1.000000000000000000, -0.0000000000000000000, -0.0000000000000000000 ) ) ;
#2440 = EDGE_LOOP ( 'NONE', ( #2152, #428 ) ) ;
#2441 = ORIENTED_EDGE ( 'NONE', *, *, #3, .F. ) ;
#2442 = DIRECTION ( 'NONE',  ( 1.000000000000000000, 0.0000000000000000000, 0.0000000000000000000 ) ) ;
ENDSEC;
END-ISO-10303-21;
