ISO-10303-21;
HEADER;
/* Generated by software containing ST-Developer
 * from STEP Tools, Inc. (www.steptools.com) 
 */
/* OPTION: using custom renumber hook */

FILE_DESCRIPTION(
/* description */ ('STEP AP242',
'CAx-IF Rec.Pracs.---Representation and Presentation of Product Manufa
cturing Information (PMI)---4.0---2014-10-13',
'CAx-IF Rec.Pracs.---3D Tessellated Geometry---0.4---2014-09-14','2;1'),

/* implementation_level */ '2;1');

FILE_NAME(
/* name */ '250-108_000-012',
/* time_stamp */ '2025-11-15T03:01:07+01:00',
/* author */ ('License CC BY-ND 4.0'),
/* organization */ ('CADENAS'),
/* preprocessor_version */ 'ST-DEVELOPER v20',
/* originating_system */ 'PARTsolutions',
/* authorisation */ '  ');

FILE_SCHEMA (('AP242_MANAGED_MODEL_BASED_3D_ENGINEERING_MIM_LF { 1 0 10303 442 1 1 4 }'));
ENDSEC;

DATA;
#10=SHAPE_REPRESENTATION_RELATIONSHIP('','',#8973,#11);
#11=ADVANCED_BREP_SHAPE_REPRESENTATION('',(#8971),#13203);
#12=B_SPLINE_CURVE_WITH_KNOTS('',3,(#11573,#11574,#11575,#11576),
 .UNSPECIFIED.,.F.,.F.,(4,4),(0.000192678523229914,0.000472761703139574),
 .UNSPECIFIED.);
#13=B_SPLINE_CURVE_WITH_KNOTS('',3,(#11578,#11579,#11580,#11581),
 .UNSPECIFIED.,.F.,.F.,(4,4),(0.00138556531899109,0.00165824231505428),
 .UNSPECIFIED.);
#14=B_SPLINE_CURVE_WITH_KNOTS('',3,(#11585,#11586,#11587,#11588),
 .UNSPECIFIED.,.F.,.F.,(4,4),(0.00211138258023944,0.00238497390623539),
 .UNSPECIFIED.);
#15=B_SPLINE_CURVE_WITH_KNOTS('',3,(#11590,#11591,#11592,#11593),
 .UNSPECIFIED.,.F.,.F.,(4,4),(2.58392399057288E-7,0.000280341572308718),
 .UNSPECIFIED.);
#16=B_SPLINE_CURVE_WITH_KNOTS('',3,(#11607,#11608,#11609,#11610),
 .UNSPECIFIED.,.F.,.F.,(4,4),(0.000192678523229911,0.000472761703139572),
 .UNSPECIFIED.);
#17=B_SPLINE_CURVE_WITH_KNOTS('',3,(#11612,#11613,#11614,#11615),
 .UNSPECIFIED.,.F.,.F.,(4,4),(0.00138556531899109,0.00165824231505428),
 .UNSPECIFIED.);
#18=B_SPLINE_CURVE_WITH_KNOTS('',3,(#11619,#11620,#11621,#11622),
 .UNSPECIFIED.,.F.,.F.,(4,4),(0.00211138258023944,0.00238497390623539),
 .UNSPECIFIED.);
#19=B_SPLINE_CURVE_WITH_KNOTS('',3,(#11624,#11625,#11626,#11627),
 .UNSPECIFIED.,.F.,.F.,(4,4),(2.58392399057371E-7,0.000280341572308721),
 .UNSPECIFIED.);
#20=B_SPLINE_CURVE_WITH_KNOTS('',3,(#11641,#11642,#11643,#11644),
 .UNSPECIFIED.,.F.,.F.,(4,4),(0.000192678523229911,0.000472761703139572),
 .UNSPECIFIED.);
#21=B_SPLINE_CURVE_WITH_KNOTS('',3,(#11646,#11647,#11648,#11649),
 .UNSPECIFIED.,.F.,.F.,(4,4),(0.00138556531899109,0.00165824231505428),
 .UNSPECIFIED.);
#22=B_SPLINE_CURVE_WITH_KNOTS('',3,(#11653,#11654,#11655,#11656),
 .UNSPECIFIED.,.F.,.F.,(4,4),(0.00211138258023944,0.00238497390623539),
 .UNSPECIFIED.);
#23=B_SPLINE_CURVE_WITH_KNOTS('',3,(#11658,#11659,#11660,#11661),
 .UNSPECIFIED.,.F.,.F.,(4,4),(2.58392399057371E-7,0.000280341572308716),
 .UNSPECIFIED.);
#24=B_SPLINE_CURVE_WITH_KNOTS('',3,(#11675,#11676,#11677,#11678),
 .UNSPECIFIED.,.F.,.F.,(4,4),(0.000192678523229911,0.000472761703139572),
 .UNSPECIFIED.);
#25=B_SPLINE_CURVE_WITH_KNOTS('',3,(#11680,#11681,#11682,#11683),
 .UNSPECIFIED.,.F.,.F.,(4,4),(0.00138556531899109,0.00165824231505428),
 .UNSPECIFIED.);
#26=B_SPLINE_CURVE_WITH_KNOTS('',3,(#11687,#11688,#11689,#11690),
 .UNSPECIFIED.,.F.,.F.,(4,4),(0.00211138258023944,0.00238497390623539),
 .UNSPECIFIED.);
#27=B_SPLINE_CURVE_WITH_KNOTS('',3,(#11692,#11693,#11694,#11695),
 .UNSPECIFIED.,.F.,.F.,(4,4),(2.58392399057206E-7,0.000280341572308718),
 .UNSPECIFIED.);
#28=B_SPLINE_CURVE_WITH_KNOTS('',3,(#11709,#11710,#11711,#11712),
 .UNSPECIFIED.,.F.,.F.,(4,4),(0.000192678523229912,0.000472761703139574),
 .UNSPECIFIED.);
#29=B_SPLINE_CURVE_WITH_KNOTS('',3,(#11714,#11715,#11716,#11717),
 .UNSPECIFIED.,.F.,.F.,(4,4),(0.00138556531899109,0.00165824231505428),
 .UNSPECIFIED.);
#30=B_SPLINE_CURVE_WITH_KNOTS('',3,(#11721,#11722,#11723,#11724),
 .UNSPECIFIED.,.F.,.F.,(4,4),(0.00211138258023944,0.00238497390623539),
 .UNSPECIFIED.);
#31=B_SPLINE_CURVE_WITH_KNOTS('',3,(#11726,#11727,#11728,#11729),
 .UNSPECIFIED.,.F.,.F.,(4,4),(2.58392399057151E-7,0.000280341572308716),
 .UNSPECIFIED.);
#32=B_SPLINE_CURVE_WITH_KNOTS('',3,(#11743,#11744,#11745,#11746),
 .UNSPECIFIED.,.F.,.F.,(4,4),(0.000192678523229912,0.000472761703139574),
 .UNSPECIFIED.);
#33=B_SPLINE_CURVE_WITH_KNOTS('',3,(#11748,#11749,#11750,#11751),
 .UNSPECIFIED.,.F.,.F.,(4,4),(0.00138556531899109,0.00165824231505428),
 .UNSPECIFIED.);
#34=B_SPLINE_CURVE_WITH_KNOTS('',3,(#11755,#11756,#11757,#11758),
 .UNSPECIFIED.,.F.,.F.,(4,4),(0.00211138258023944,0.00238497390623539),
 .UNSPECIFIED.);
#35=B_SPLINE_CURVE_WITH_KNOTS('',3,(#11760,#11761,#11762,#11763),
 .UNSPECIFIED.,.F.,.F.,(4,4),(2.58392399057151E-7,0.000280341572308716),
 .UNSPECIFIED.);
#36=B_SPLINE_CURVE_WITH_KNOTS('',3,(#11777,#11778,#11779,#11780),
 .UNSPECIFIED.,.F.,.F.,(4,4),(0.000192678523229912,0.000472761703139574),
 .UNSPECIFIED.);
#37=B_SPLINE_CURVE_WITH_KNOTS('',3,(#11782,#11783,#11784,#11785),
 .UNSPECIFIED.,.F.,.F.,(4,4),(0.00138556531899109,0.00165824231505428),
 .UNSPECIFIED.);
#38=B_SPLINE_CURVE_WITH_KNOTS('',3,(#11789,#11790,#11791,#11792),
 .UNSPECIFIED.,.F.,.F.,(4,4),(0.00211138258023944,0.00238497390623539),
 .UNSPECIFIED.);
#39=B_SPLINE_CURVE_WITH_KNOTS('',3,(#11794,#11795,#11796,#11797),
 .UNSPECIFIED.,.F.,.F.,(4,4),(2.58392399057151E-7,0.000280341572308716),
 .UNSPECIFIED.);
#40=B_SPLINE_CURVE_WITH_KNOTS('',3,(#11826,#11827,#11828,#11829),
 .UNSPECIFIED.,.F.,.F.,(4,4),(0.000192678523229914,0.000472761703139574),
 .UNSPECIFIED.);
#41=B_SPLINE_CURVE_WITH_KNOTS('',3,(#11831,#11832,#11833,#11834),
 .UNSPECIFIED.,.F.,.F.,(4,4),(0.00138556531899109,0.00165824231505428),
 .UNSPECIFIED.);
#42=B_SPLINE_CURVE_WITH_KNOTS('',3,(#11838,#11839,#11840,#11841),
 .UNSPECIFIED.,.F.,.F.,(4,4),(0.00211138258023944,0.00238497390623539),
 .UNSPECIFIED.);
#43=B_SPLINE_CURVE_WITH_KNOTS('',3,(#11843,#11844,#11845,#11846),
 .UNSPECIFIED.,.F.,.F.,(4,4),(2.58392399057261E-7,0.000280341572308717),
 .UNSPECIFIED.);
#44=CONICAL_SURFACE('',#9004,1.15,0.463647609000806);
#45=CONICAL_SURFACE('',#9008,1.15,0.463647609000806);
#46=CONICAL_SURFACE('',#9012,1.15,0.463647609000806);
#47=CONICAL_SURFACE('',#9016,1.15,0.463647609000806);
#48=CONICAL_SURFACE('',#9020,1.15,0.463647609000806);
#49=CONICAL_SURFACE('',#9024,1.15,0.463647609000806);
#50=CONICAL_SURFACE('',#9028,1.15,0.463647609000806);
#51=CONICAL_SURFACE('',#9053,1.7,0.380506377112365);
#52=CONICAL_SURFACE('',#9058,1.7,0.380506377112365);
#53=CONICAL_SURFACE('',#9063,1.7,0.380506377112365);
#54=CONICAL_SURFACE('',#9068,1.7,0.380506377112365);
#55=CONICAL_SURFACE('',#9073,1.7,0.380506377112365);
#56=CONICAL_SURFACE('',#9078,1.7,0.380506377112365);
#57=CONICAL_SURFACE('',#9083,1.7,0.380506377112365);
#58=CONICAL_SURFACE('',#9088,1.15,0.463647609000806);
#59=CONICAL_SURFACE('',#9095,1.7,0.380506377112365);
#60=ELLIPSE('',#8993,0.559016994374952,0.500000000000004);
#61=ELLIPSE('',#8994,0.559016994374952,0.500000000000004);
#62=ELLIPSE('',#9033,0.559016994374952,0.500000000000004);
#63=ELLIPSE('',#9034,0.559016994374952,0.500000000000004);
#64=ELLIPSE('',#9036,0.559016994374952,0.500000000000004);
#65=ELLIPSE('',#9037,0.559016994374952,0.500000000000004);
#66=ELLIPSE('',#9039,0.559016994374952,0.500000000000004);
#67=ELLIPSE('',#9040,0.559016994374952,0.500000000000004);
#68=ELLIPSE('',#9042,0.559016994374952,0.500000000000004);
#69=ELLIPSE('',#9043,0.559016994374952,0.500000000000004);
#70=ELLIPSE('',#9045,0.559016994374952,0.500000000000004);
#71=ELLIPSE('',#9046,0.559016994374952,0.500000000000004);
#72=ELLIPSE('',#9048,0.559016994374952,0.500000000000004);
#73=ELLIPSE('',#9049,0.559016994374952,0.500000000000004);
#74=ELLIPSE('',#9051,0.559016994374952,0.500000000000004);
#75=ELLIPSE('',#9093,0.559016994374952,0.500000000000004);
#76=ELLIPSE('',#9334,0.679869268479046,0.400000000000005);
#77=ELLIPSE('',#9348,0.679869268479046,0.400000000000005);
#78=ELLIPSE('',#9362,0.679869268479046,0.400000000000005);
#79=ELLIPSE('',#9376,0.679869268479046,0.400000000000005);
#80=ELLIPSE('',#9390,0.679869268479046,0.400000000000005);
#81=ELLIPSE('',#9404,0.679869268479046,0.400000000000005);
#82=ELLIPSE('',#9418,0.679869268479046,0.400000000000005);
#83=ELLIPSE('',#9432,0.679869268479046,0.400000000000005);
#84=CYLINDRICAL_SURFACE('',#8992,0.500000000000004);
#85=CYLINDRICAL_SURFACE('',#9006,0.8);
#86=CYLINDRICAL_SURFACE('',#9010,0.8);
#87=CYLINDRICAL_SURFACE('',#9014,0.8);
#88=CYLINDRICAL_SURFACE('',#9018,0.8);
#89=CYLINDRICAL_SURFACE('',#9022,0.8);
#90=CYLINDRICAL_SURFACE('',#9026,0.8);
#91=CYLINDRICAL_SURFACE('',#9030,0.8);
#92=CYLINDRICAL_SURFACE('',#9032,0.500000000000004);
#93=CYLINDRICAL_SURFACE('',#9035,0.500000000000004);
#94=CYLINDRICAL_SURFACE('',#9038,0.500000000000004);
#95=CYLINDRICAL_SURFACE('',#9041,0.500000000000004);
#96=CYLINDRICAL_SURFACE('',#9044,0.500000000000004);
#97=CYLINDRICAL_SURFACE('',#9047,0.500000000000004);
#98=CYLINDRICAL_SURFACE('',#9050,0.500000000000004);
#99=CYLINDRICAL_SURFACE('',#9055,1.5);
#100=CYLINDRICAL_SURFACE('',#9060,1.5);
#101=CYLINDRICAL_SURFACE('',#9065,1.5);
#102=CYLINDRICAL_SURFACE('',#9070,1.5);
#103=CYLINDRICAL_SURFACE('',#9075,1.5);
#104=CYLINDRICAL_SURFACE('',#9080,1.5);
#105=CYLINDRICAL_SURFACE('',#9085,1.5);
#106=CYLINDRICAL_SURFACE('',#9090,0.8);
#107=CYLINDRICAL_SURFACE('',#9092,0.500000000000004);
#108=CYLINDRICAL_SURFACE('',#9097,1.5);
#109=CYLINDRICAL_SURFACE('',#9110,0.150000000000003);
#110=CYLINDRICAL_SURFACE('',#9114,0.150000000000003);
#111=CYLINDRICAL_SURFACE('',#9119,0.499999999999979);
#112=CYLINDRICAL_SURFACE('',#9122,0.500000000000004);
#113=CYLINDRICAL_SURFACE('',#9130,0.2);
#114=CYLINDRICAL_SURFACE('',#9137,0.2);
#115=CYLINDRICAL_SURFACE('',#9140,0.2);
#116=CYLINDRICAL_SURFACE('',#9151,0.2);
#117=CYLINDRICAL_SURFACE('',#9154,0.2);
#118=CYLINDRICAL_SURFACE('',#9165,0.2);
#119=CYLINDRICAL_SURFACE('',#9168,0.2);
#120=CYLINDRICAL_SURFACE('',#9179,0.2);
#121=CYLINDRICAL_SURFACE('',#9182,0.2);
#122=CYLINDRICAL_SURFACE('',#9193,0.2);
#123=CYLINDRICAL_SURFACE('',#9196,0.2);
#124=CYLINDRICAL_SURFACE('',#9207,0.2);
#125=CYLINDRICAL_SURFACE('',#9210,0.2);
#126=CYLINDRICAL_SURFACE('',#9221,0.2);
#127=CYLINDRICAL_SURFACE('',#9224,0.2);
#128=CYLINDRICAL_SURFACE('',#9235,0.2);
#129=CYLINDRICAL_SURFACE('',#9241,0.200000000000001);
#130=CYLINDRICAL_SURFACE('',#9247,0.2);
#131=CYLINDRICAL_SURFACE('',#9331,0.200000000000001);
#132=CYLINDRICAL_SURFACE('',#9333,0.400000000000005);
#133=CYLINDRICAL_SURFACE('',#9345,0.200000000000001);
#134=CYLINDRICAL_SURFACE('',#9347,0.400000000000005);
#135=CYLINDRICAL_SURFACE('',#9359,0.200000000000001);
#136=CYLINDRICAL_SURFACE('',#9361,0.400000000000005);
#137=CYLINDRICAL_SURFACE('',#9373,0.200000000000001);
#138=CYLINDRICAL_SURFACE('',#9375,0.400000000000005);
#139=CYLINDRICAL_SURFACE('',#9387,0.200000000000001);
#140=CYLINDRICAL_SURFACE('',#9389,0.400000000000005);
#141=CYLINDRICAL_SURFACE('',#9401,0.200000000000001);
#142=CYLINDRICAL_SURFACE('',#9403,0.400000000000005);
#143=CYLINDRICAL_SURFACE('',#9415,0.200000000000001);
#144=CYLINDRICAL_SURFACE('',#9417,0.400000000000005);
#145=CYLINDRICAL_SURFACE('',#9429,0.200000000000001);
#146=CYLINDRICAL_SURFACE('',#9431,0.400000000000005);
#147=CIRCLE('',#8984,1.15);
#148=CIRCLE('',#8985,1.15);
#149=CIRCLE('',#8986,1.15);
#150=CIRCLE('',#8987,1.15);
#151=CIRCLE('',#8988,1.15);
#152=CIRCLE('',#8989,1.15);
#153=CIRCLE('',#8990,1.15);
#154=CIRCLE('',#8991,1.15);
#155=CIRCLE('',#8996,1.7);
#156=CIRCLE('',#8997,1.7);
#157=CIRCLE('',#8998,1.7);
#158=CIRCLE('',#8999,1.7);
#159=CIRCLE('',#9000,1.7);
#160=CIRCLE('',#9001,1.7);
#161=CIRCLE('',#9002,1.7);
#162=CIRCLE('',#9003,1.7);
#163=CIRCLE('',#9005,0.8);
#164=CIRCLE('',#9007,0.8);
#165=CIRCLE('',#9009,0.8);
#166=CIRCLE('',#9011,0.8);
#167=CIRCLE('',#9013,0.8);
#168=CIRCLE('',#9015,0.8);
#169=CIRCLE('',#9017,0.8);
#170=CIRCLE('',#9019,0.8);
#171=CIRCLE('',#9021,0.8);
#172=CIRCLE('',#9023,0.8);
#173=CIRCLE('',#9025,0.8);
#174=CIRCLE('',#9027,0.8);
#175=CIRCLE('',#9029,0.8);
#176=CIRCLE('',#9031,0.8);
#177=CIRCLE('',#9052,0.500000000000004);
#178=CIRCLE('',#9054,1.5);
#179=CIRCLE('',#9056,1.5);
#180=CIRCLE('',#9059,1.5);
#181=CIRCLE('',#9061,1.5);
#182=CIRCLE('',#9064,1.5);
#183=CIRCLE('',#9066,1.5);
#184=CIRCLE('',#9069,1.5);
#185=CIRCLE('',#9071,1.5);
#186=CIRCLE('',#9074,1.5);
#187=CIRCLE('',#9076,1.5);
#188=CIRCLE('',#9079,1.5);
#189=CIRCLE('',#9081,1.5);
#190=CIRCLE('',#9084,1.5);
#191=CIRCLE('',#9086,1.5);
#192=CIRCLE('',#9089,0.8);
#193=CIRCLE('',#9091,0.8);
#194=CIRCLE('',#9094,0.500000000000004);
#195=CIRCLE('',#9096,1.5);
#196=CIRCLE('',#9098,1.5);
#197=CIRCLE('',#9111,0.150000000000003);
#198=CIRCLE('',#9112,0.150000000000003);
#199=CIRCLE('',#9115,0.150000000000003);
#200=CIRCLE('',#9116,0.150000000000003);
#201=CIRCLE('',#9120,0.499999999999979);
#202=CIRCLE('',#9121,0.500000000000003);
#203=CIRCLE('',#9123,0.500000000000004);
#204=CIRCLE('',#9124,0.500000000000004);
#205=CIRCLE('',#9127,0.2);
#206=CIRCLE('',#9128,0.2);
#207=CIRCLE('',#9131,0.2);
#208=CIRCLE('',#9135,0.2);
#209=CIRCLE('',#9141,0.2);
#210=CIRCLE('',#9142,0.2);
#211=CIRCLE('',#9148,0.2);
#212=CIRCLE('',#9150,0.2);
#213=CIRCLE('',#9155,0.2);
#214=CIRCLE('',#9156,0.2);
#215=CIRCLE('',#9162,0.2);
#216=CIRCLE('',#9164,0.2);
#217=CIRCLE('',#9169,0.2);
#218=CIRCLE('',#9170,0.2);
#219=CIRCLE('',#9176,0.2);
#220=CIRCLE('',#9178,0.2);
#221=CIRCLE('',#9183,0.2);
#222=CIRCLE('',#9184,0.2);
#223=CIRCLE('',#9190,0.2);
#224=CIRCLE('',#9192,0.2);
#225=CIRCLE('',#9197,0.2);
#226=CIRCLE('',#9198,0.2);
#227=CIRCLE('',#9204,0.2);
#228=CIRCLE('',#9206,0.2);
#229=CIRCLE('',#9211,0.2);
#230=CIRCLE('',#9212,0.2);
#231=CIRCLE('',#9218,0.2);
#232=CIRCLE('',#9220,0.2);
#233=CIRCLE('',#9225,0.2);
#234=CIRCLE('',#9226,0.2);
#235=CIRCLE('',#9232,0.2);
#236=CIRCLE('',#9234,0.2);
#237=CIRCLE('',#9238,0.200000000000001);
#238=CIRCLE('',#9240,0.2);
#239=CIRCLE('',#9242,0.200000000000001);
#240=CIRCLE('',#9248,0.2);
#241=CIRCLE('',#9325,0.400000000000005);
#242=CIRCLE('',#9326,0.200000000000001);
#243=CIRCLE('',#9328,0.200000000000001);
#244=CIRCLE('',#9339,0.400000000000005);
#245=CIRCLE('',#9340,0.200000000000001);
#246=CIRCLE('',#9342,0.200000000000001);
#247=CIRCLE('',#9353,0.400000000000005);
#248=CIRCLE('',#9354,0.200000000000001);
#249=CIRCLE('',#9356,0.200000000000001);
#250=CIRCLE('',#9367,0.400000000000005);
#251=CIRCLE('',#9368,0.200000000000001);
#252=CIRCLE('',#9370,0.200000000000001);
#253=CIRCLE('',#9381,0.400000000000005);
#254=CIRCLE('',#9382,0.200000000000001);
#255=CIRCLE('',#9384,0.200000000000001);
#256=CIRCLE('',#9395,0.400000000000005);
#257=CIRCLE('',#9396,0.200000000000001);
#258=CIRCLE('',#9398,0.200000000000001);
#259=CIRCLE('',#9409,0.400000000000005);
#260=CIRCLE('',#9410,0.200000000000001);
#261=CIRCLE('',#9412,0.200000000000001);
#262=CIRCLE('',#9423,0.400000000000005);
#263=CIRCLE('',#9424,0.200000000000001);
#264=CIRCLE('',#9426,0.200000000000001);
#265=ORIENTED_EDGE('',*,*,#2155,.F.);
#266=ORIENTED_EDGE('',*,*,#2156,.F.);
#267=ORIENTED_EDGE('',*,*,#2157,.T.);
#268=ORIENTED_EDGE('',*,*,#2158,.F.);
#269=ORIENTED_EDGE('',*,*,#2159,.F.);
#270=ORIENTED_EDGE('',*,*,#2160,.T.);
#271=ORIENTED_EDGE('',*,*,#2161,.F.);
#272=ORIENTED_EDGE('',*,*,#2162,.F.);
#273=ORIENTED_EDGE('',*,*,#2163,.T.);
#274=ORIENTED_EDGE('',*,*,#2164,.F.);
#275=ORIENTED_EDGE('',*,*,#2165,.F.);
#276=ORIENTED_EDGE('',*,*,#2166,.T.);
#277=ORIENTED_EDGE('',*,*,#2167,.F.);
#278=ORIENTED_EDGE('',*,*,#2168,.F.);
#279=ORIENTED_EDGE('',*,*,#2169,.T.);
#280=ORIENTED_EDGE('',*,*,#2170,.F.);
#281=ORIENTED_EDGE('',*,*,#2171,.F.);
#282=ORIENTED_EDGE('',*,*,#2172,.T.);
#283=ORIENTED_EDGE('',*,*,#2173,.F.);
#284=ORIENTED_EDGE('',*,*,#2174,.F.);
#285=ORIENTED_EDGE('',*,*,#2175,.T.);
#286=ORIENTED_EDGE('',*,*,#2176,.F.);
#287=ORIENTED_EDGE('',*,*,#2177,.F.);
#288=ORIENTED_EDGE('',*,*,#2178,.T.);
#289=ORIENTED_EDGE('',*,*,#2179,.F.);
#290=ORIENTED_EDGE('',*,*,#2180,.T.);
#291=ORIENTED_EDGE('',*,*,#2181,.T.);
#292=ORIENTED_EDGE('',*,*,#2182,.T.);
#293=ORIENTED_EDGE('',*,*,#2183,.F.);
#294=ORIENTED_EDGE('',*,*,#2184,.T.);
#295=ORIENTED_EDGE('',*,*,#2185,.T.);
#296=ORIENTED_EDGE('',*,*,#2186,.T.);
#297=ORIENTED_EDGE('',*,*,#2187,.F.);
#298=ORIENTED_EDGE('',*,*,#2188,.T.);
#299=ORIENTED_EDGE('',*,*,#2189,.T.);
#300=ORIENTED_EDGE('',*,*,#2190,.T.);
#301=ORIENTED_EDGE('',*,*,#2191,.F.);
#302=ORIENTED_EDGE('',*,*,#2192,.T.);
#303=ORIENTED_EDGE('',*,*,#2193,.T.);
#304=ORIENTED_EDGE('',*,*,#2194,.T.);
#305=ORIENTED_EDGE('',*,*,#2195,.T.);
#306=ORIENTED_EDGE('',*,*,#2196,.F.);
#307=ORIENTED_EDGE('',*,*,#2197,.F.);
#308=ORIENTED_EDGE('',*,*,#2198,.T.);
#309=ORIENTED_EDGE('',*,*,#2199,.T.);
#310=ORIENTED_EDGE('',*,*,#2200,.F.);
#311=ORIENTED_EDGE('',*,*,#2201,.F.);
#312=ORIENTED_EDGE('',*,*,#2202,.T.);
#313=ORIENTED_EDGE('',*,*,#2203,.T.);
#314=ORIENTED_EDGE('',*,*,#2204,.F.);
#315=ORIENTED_EDGE('',*,*,#2205,.F.);
#316=ORIENTED_EDGE('',*,*,#2206,.T.);
#317=ORIENTED_EDGE('',*,*,#2207,.T.);
#318=ORIENTED_EDGE('',*,*,#2208,.F.);
#319=ORIENTED_EDGE('',*,*,#2209,.F.);
#320=ORIENTED_EDGE('',*,*,#2210,.T.);
#321=ORIENTED_EDGE('',*,*,#2211,.T.);
#322=ORIENTED_EDGE('',*,*,#2212,.F.);
#323=ORIENTED_EDGE('',*,*,#2213,.F.);
#324=ORIENTED_EDGE('',*,*,#2214,.T.);
#325=ORIENTED_EDGE('',*,*,#2215,.T.);
#326=ORIENTED_EDGE('',*,*,#2216,.F.);
#327=ORIENTED_EDGE('',*,*,#2217,.F.);
#328=ORIENTED_EDGE('',*,*,#2218,.T.);
#329=ORIENTED_EDGE('',*,*,#2219,.T.);
#330=ORIENTED_EDGE('',*,*,#2220,.F.);
#331=ORIENTED_EDGE('',*,*,#2221,.F.);
#332=ORIENTED_EDGE('',*,*,#2222,.T.);
#333=ORIENTED_EDGE('',*,*,#2223,.T.);
#334=ORIENTED_EDGE('',*,*,#2224,.F.);
#335=ORIENTED_EDGE('',*,*,#2225,.F.);
#336=ORIENTED_EDGE('',*,*,#2226,.T.);
#337=ORIENTED_EDGE('',*,*,#2227,.T.);
#338=ORIENTED_EDGE('',*,*,#2228,.F.);
#339=ORIENTED_EDGE('',*,*,#2229,.F.);
#340=ORIENTED_EDGE('',*,*,#2230,.T.);
#341=ORIENTED_EDGE('',*,*,#2231,.F.);
#342=ORIENTED_EDGE('',*,*,#2232,.T.);
#343=ORIENTED_EDGE('',*,*,#2233,.T.);
#344=ORIENTED_EDGE('',*,*,#2234,.T.);
#345=ORIENTED_EDGE('',*,*,#2235,.F.);
#346=ORIENTED_EDGE('',*,*,#2236,.T.);
#347=ORIENTED_EDGE('',*,*,#2237,.T.);
#348=ORIENTED_EDGE('',*,*,#2238,.T.);
#349=ORIENTED_EDGE('',*,*,#2239,.F.);
#350=ORIENTED_EDGE('',*,*,#2240,.T.);
#351=ORIENTED_EDGE('',*,*,#2241,.T.);
#352=ORIENTED_EDGE('',*,*,#2242,.T.);
#353=ORIENTED_EDGE('',*,*,#2243,.F.);
#354=ORIENTED_EDGE('',*,*,#2244,.T.);
#355=ORIENTED_EDGE('',*,*,#2245,.T.);
#356=ORIENTED_EDGE('',*,*,#2246,.T.);
#357=ORIENTED_EDGE('',*,*,#2247,.F.);
#358=ORIENTED_EDGE('',*,*,#2248,.T.);
#359=ORIENTED_EDGE('',*,*,#2249,.F.);
#360=ORIENTED_EDGE('',*,*,#2198,.F.);
#361=ORIENTED_EDGE('',*,*,#2250,.F.);
#362=ORIENTED_EDGE('',*,*,#2251,.F.);
#363=ORIENTED_EDGE('',*,*,#2252,.F.);
#364=ORIENTED_EDGE('',*,*,#2253,.T.);
#365=ORIENTED_EDGE('',*,*,#2254,.F.);
#366=ORIENTED_EDGE('',*,*,#2255,.F.);
#367=ORIENTED_EDGE('',*,*,#2256,.F.);
#368=ORIENTED_EDGE('',*,*,#2257,.T.);
#369=ORIENTED_EDGE('',*,*,#2258,.F.);
#370=ORIENTED_EDGE('',*,*,#2259,.F.);
#371=ORIENTED_EDGE('',*,*,#2260,.F.);
#372=ORIENTED_EDGE('',*,*,#2261,.T.);
#373=ORIENTED_EDGE('',*,*,#2262,.F.);
#374=ORIENTED_EDGE('',*,*,#2263,.F.);
#375=ORIENTED_EDGE('',*,*,#2264,.F.);
#376=ORIENTED_EDGE('',*,*,#2265,.T.);
#377=ORIENTED_EDGE('',*,*,#2266,.F.);
#378=ORIENTED_EDGE('',*,*,#2267,.F.);
#379=ORIENTED_EDGE('',*,*,#2268,.F.);
#380=ORIENTED_EDGE('',*,*,#2269,.T.);
#381=ORIENTED_EDGE('',*,*,#2270,.F.);
#382=ORIENTED_EDGE('',*,*,#2271,.F.);
#383=ORIENTED_EDGE('',*,*,#2272,.F.);
#384=ORIENTED_EDGE('',*,*,#2273,.T.);
#385=ORIENTED_EDGE('',*,*,#2274,.F.);
#386=ORIENTED_EDGE('',*,*,#2275,.F.);
#387=ORIENTED_EDGE('',*,*,#2276,.F.);
#388=ORIENTED_EDGE('',*,*,#2277,.T.);
#389=ORIENTED_EDGE('',*,*,#2278,.T.);
#390=ORIENTED_EDGE('',*,*,#2279,.F.);
#391=ORIENTED_EDGE('',*,*,#2280,.F.);
#392=ORIENTED_EDGE('',*,*,#2281,.T.);
#393=ORIENTED_EDGE('',*,*,#2282,.F.);
#394=ORIENTED_EDGE('',*,*,#2248,.F.);
#395=ORIENTED_EDGE('',*,*,#2283,.F.);
#396=ORIENTED_EDGE('',*,*,#2284,.T.);
#397=ORIENTED_EDGE('',*,*,#2208,.T.);
#398=ORIENTED_EDGE('',*,*,#2285,.T.);
#399=ORIENTED_EDGE('',*,*,#2286,.T.);
#400=ORIENTED_EDGE('',*,*,#2287,.F.);
#401=ORIENTED_EDGE('',*,*,#2286,.F.);
#402=ORIENTED_EDGE('',*,*,#2288,.T.);
#403=ORIENTED_EDGE('',*,*,#2289,.T.);
#404=ORIENTED_EDGE('',*,*,#2290,.F.);
#405=ORIENTED_EDGE('',*,*,#2212,.T.);
#406=ORIENTED_EDGE('',*,*,#2291,.T.);
#407=ORIENTED_EDGE('',*,*,#2292,.T.);
#408=ORIENTED_EDGE('',*,*,#2293,.F.);
#409=ORIENTED_EDGE('',*,*,#2292,.F.);
#410=ORIENTED_EDGE('',*,*,#2294,.T.);
#411=ORIENTED_EDGE('',*,*,#2295,.T.);
#412=ORIENTED_EDGE('',*,*,#2296,.F.);
#413=ORIENTED_EDGE('',*,*,#2216,.T.);
#414=ORIENTED_EDGE('',*,*,#2297,.T.);
#415=ORIENTED_EDGE('',*,*,#2298,.T.);
#416=ORIENTED_EDGE('',*,*,#2299,.F.);
#417=ORIENTED_EDGE('',*,*,#2298,.F.);
#418=ORIENTED_EDGE('',*,*,#2300,.T.);
#419=ORIENTED_EDGE('',*,*,#2301,.T.);
#420=ORIENTED_EDGE('',*,*,#2302,.F.);
#421=ORIENTED_EDGE('',*,*,#2220,.T.);
#422=ORIENTED_EDGE('',*,*,#2303,.T.);
#423=ORIENTED_EDGE('',*,*,#2304,.T.);
#424=ORIENTED_EDGE('',*,*,#2305,.F.);
#425=ORIENTED_EDGE('',*,*,#2304,.F.);
#426=ORIENTED_EDGE('',*,*,#2306,.T.);
#427=ORIENTED_EDGE('',*,*,#2307,.T.);
#428=ORIENTED_EDGE('',*,*,#2308,.F.);
#429=ORIENTED_EDGE('',*,*,#2224,.T.);
#430=ORIENTED_EDGE('',*,*,#2309,.T.);
#431=ORIENTED_EDGE('',*,*,#2310,.T.);
#432=ORIENTED_EDGE('',*,*,#2311,.F.);
#433=ORIENTED_EDGE('',*,*,#2310,.F.);
#434=ORIENTED_EDGE('',*,*,#2312,.T.);
#435=ORIENTED_EDGE('',*,*,#2313,.T.);
#436=ORIENTED_EDGE('',*,*,#2314,.F.);
#437=ORIENTED_EDGE('',*,*,#2228,.T.);
#438=ORIENTED_EDGE('',*,*,#2315,.T.);
#439=ORIENTED_EDGE('',*,*,#2316,.T.);
#440=ORIENTED_EDGE('',*,*,#2317,.F.);
#441=ORIENTED_EDGE('',*,*,#2316,.F.);
#442=ORIENTED_EDGE('',*,*,#2318,.T.);
#443=ORIENTED_EDGE('',*,*,#2319,.T.);
#444=ORIENTED_EDGE('',*,*,#2320,.F.);
#445=ORIENTED_EDGE('',*,*,#2196,.T.);
#446=ORIENTED_EDGE('',*,*,#2321,.T.);
#447=ORIENTED_EDGE('',*,*,#2322,.T.);
#448=ORIENTED_EDGE('',*,*,#2323,.F.);
#449=ORIENTED_EDGE('',*,*,#2322,.F.);
#450=ORIENTED_EDGE('',*,*,#2324,.T.);
#451=ORIENTED_EDGE('',*,*,#2325,.T.);
#452=ORIENTED_EDGE('',*,*,#2326,.F.);
#453=ORIENTED_EDGE('',*,*,#2327,.F.);
#454=ORIENTED_EDGE('',*,*,#2230,.F.);
#455=ORIENTED_EDGE('',*,*,#2328,.F.);
#456=ORIENTED_EDGE('',*,*,#2251,.T.);
#457=ORIENTED_EDGE('',*,*,#2329,.F.);
#458=ORIENTED_EDGE('',*,*,#2226,.F.);
#459=ORIENTED_EDGE('',*,*,#2330,.F.);
#460=ORIENTED_EDGE('',*,*,#2255,.T.);
#461=ORIENTED_EDGE('',*,*,#2331,.F.);
#462=ORIENTED_EDGE('',*,*,#2222,.F.);
#463=ORIENTED_EDGE('',*,*,#2332,.F.);
#464=ORIENTED_EDGE('',*,*,#2259,.T.);
#465=ORIENTED_EDGE('',*,*,#2333,.F.);
#466=ORIENTED_EDGE('',*,*,#2218,.F.);
#467=ORIENTED_EDGE('',*,*,#2334,.F.);
#468=ORIENTED_EDGE('',*,*,#2263,.T.);
#469=ORIENTED_EDGE('',*,*,#2335,.F.);
#470=ORIENTED_EDGE('',*,*,#2214,.F.);
#471=ORIENTED_EDGE('',*,*,#2336,.F.);
#472=ORIENTED_EDGE('',*,*,#2267,.T.);
#473=ORIENTED_EDGE('',*,*,#2337,.F.);
#474=ORIENTED_EDGE('',*,*,#2210,.F.);
#475=ORIENTED_EDGE('',*,*,#2338,.F.);
#476=ORIENTED_EDGE('',*,*,#2271,.T.);
#477=ORIENTED_EDGE('',*,*,#2339,.F.);
#478=ORIENTED_EDGE('',*,*,#2206,.F.);
#479=ORIENTED_EDGE('',*,*,#2340,.F.);
#480=ORIENTED_EDGE('',*,*,#2275,.T.);
#481=ORIENTED_EDGE('',*,*,#2341,.T.);
#482=ORIENTED_EDGE('',*,*,#2342,.T.);
#483=ORIENTED_EDGE('',*,*,#2343,.T.);
#484=ORIENTED_EDGE('',*,*,#2344,.T.);
#485=ORIENTED_EDGE('',*,*,#2345,.T.);
#486=ORIENTED_EDGE('',*,*,#2284,.F.);
#487=ORIENTED_EDGE('',*,*,#2343,.F.);
#488=ORIENTED_EDGE('',*,*,#2346,.T.);
#489=ORIENTED_EDGE('',*,*,#2347,.T.);
#490=ORIENTED_EDGE('',*,*,#2348,.T.);
#491=ORIENTED_EDGE('',*,*,#2349,.F.);
#492=ORIENTED_EDGE('',*,*,#2350,.T.);
#493=ORIENTED_EDGE('',*,*,#2347,.F.);
#494=ORIENTED_EDGE('',*,*,#2351,.T.);
#495=ORIENTED_EDGE('',*,*,#2352,.T.);
#496=ORIENTED_EDGE('',*,*,#2353,.T.);
#497=ORIENTED_EDGE('',*,*,#2354,.T.);
#498=ORIENTED_EDGE('',*,*,#2355,.T.);
#499=ORIENTED_EDGE('',*,*,#2356,.T.);
#500=ORIENTED_EDGE('',*,*,#2253,.F.);
#501=ORIENTED_EDGE('',*,*,#2354,.F.);
#502=ORIENTED_EDGE('',*,*,#2357,.T.);
#503=ORIENTED_EDGE('',*,*,#2358,.T.);
#504=ORIENTED_EDGE('',*,*,#2359,.T.);
#505=ORIENTED_EDGE('',*,*,#2360,.F.);
#506=ORIENTED_EDGE('',*,*,#2361,.T.);
#507=ORIENTED_EDGE('',*,*,#2358,.F.);
#508=ORIENTED_EDGE('',*,*,#2362,.T.);
#509=ORIENTED_EDGE('',*,*,#2363,.T.);
#510=ORIENTED_EDGE('',*,*,#2364,.T.);
#511=ORIENTED_EDGE('',*,*,#2365,.T.);
#512=ORIENTED_EDGE('',*,*,#2366,.T.);
#513=ORIENTED_EDGE('',*,*,#2367,.T.);
#514=ORIENTED_EDGE('',*,*,#2257,.F.);
#515=ORIENTED_EDGE('',*,*,#2365,.F.);
#516=ORIENTED_EDGE('',*,*,#2368,.T.);
#517=ORIENTED_EDGE('',*,*,#2369,.T.);
#518=ORIENTED_EDGE('',*,*,#2370,.T.);
#519=ORIENTED_EDGE('',*,*,#2371,.F.);
#520=ORIENTED_EDGE('',*,*,#2372,.T.);
#521=ORIENTED_EDGE('',*,*,#2369,.F.);
#522=ORIENTED_EDGE('',*,*,#2373,.T.);
#523=ORIENTED_EDGE('',*,*,#2374,.T.);
#524=ORIENTED_EDGE('',*,*,#2375,.T.);
#525=ORIENTED_EDGE('',*,*,#2376,.T.);
#526=ORIENTED_EDGE('',*,*,#2377,.T.);
#527=ORIENTED_EDGE('',*,*,#2378,.T.);
#528=ORIENTED_EDGE('',*,*,#2261,.F.);
#529=ORIENTED_EDGE('',*,*,#2376,.F.);
#530=ORIENTED_EDGE('',*,*,#2379,.T.);
#531=ORIENTED_EDGE('',*,*,#2380,.T.);
#532=ORIENTED_EDGE('',*,*,#2381,.T.);
#533=ORIENTED_EDGE('',*,*,#2382,.F.);
#534=ORIENTED_EDGE('',*,*,#2383,.T.);
#535=ORIENTED_EDGE('',*,*,#2380,.F.);
#536=ORIENTED_EDGE('',*,*,#2384,.T.);
#537=ORIENTED_EDGE('',*,*,#2385,.T.);
#538=ORIENTED_EDGE('',*,*,#2386,.T.);
#539=ORIENTED_EDGE('',*,*,#2387,.T.);
#540=ORIENTED_EDGE('',*,*,#2388,.T.);
#541=ORIENTED_EDGE('',*,*,#2389,.T.);
#542=ORIENTED_EDGE('',*,*,#2265,.F.);
#543=ORIENTED_EDGE('',*,*,#2387,.F.);
#544=ORIENTED_EDGE('',*,*,#2390,.T.);
#545=ORIENTED_EDGE('',*,*,#2391,.T.);
#546=ORIENTED_EDGE('',*,*,#2392,.T.);
#547=ORIENTED_EDGE('',*,*,#2393,.F.);
#548=ORIENTED_EDGE('',*,*,#2394,.T.);
#549=ORIENTED_EDGE('',*,*,#2391,.F.);
#550=ORIENTED_EDGE('',*,*,#2395,.T.);
#551=ORIENTED_EDGE('',*,*,#2396,.T.);
#552=ORIENTED_EDGE('',*,*,#2397,.T.);
#553=ORIENTED_EDGE('',*,*,#2398,.T.);
#554=ORIENTED_EDGE('',*,*,#2399,.T.);
#555=ORIENTED_EDGE('',*,*,#2400,.T.);
#556=ORIENTED_EDGE('',*,*,#2269,.F.);
#557=ORIENTED_EDGE('',*,*,#2398,.F.);
#558=ORIENTED_EDGE('',*,*,#2401,.T.);
#559=ORIENTED_EDGE('',*,*,#2402,.T.);
#560=ORIENTED_EDGE('',*,*,#2403,.T.);
#561=ORIENTED_EDGE('',*,*,#2404,.F.);
#562=ORIENTED_EDGE('',*,*,#2405,.T.);
#563=ORIENTED_EDGE('',*,*,#2402,.F.);
#564=ORIENTED_EDGE('',*,*,#2406,.T.);
#565=ORIENTED_EDGE('',*,*,#2407,.T.);
#566=ORIENTED_EDGE('',*,*,#2408,.T.);
#567=ORIENTED_EDGE('',*,*,#2409,.T.);
#568=ORIENTED_EDGE('',*,*,#2410,.T.);
#569=ORIENTED_EDGE('',*,*,#2411,.T.);
#570=ORIENTED_EDGE('',*,*,#2273,.F.);
#571=ORIENTED_EDGE('',*,*,#2409,.F.);
#572=ORIENTED_EDGE('',*,*,#2412,.T.);
#573=ORIENTED_EDGE('',*,*,#2413,.T.);
#574=ORIENTED_EDGE('',*,*,#2414,.T.);
#575=ORIENTED_EDGE('',*,*,#2415,.F.);
#576=ORIENTED_EDGE('',*,*,#2416,.T.);
#577=ORIENTED_EDGE('',*,*,#2413,.F.);
#578=ORIENTED_EDGE('',*,*,#2417,.T.);
#579=ORIENTED_EDGE('',*,*,#2200,.T.);
#580=ORIENTED_EDGE('',*,*,#2418,.T.);
#581=ORIENTED_EDGE('',*,*,#2419,.T.);
#582=ORIENTED_EDGE('',*,*,#2420,.F.);
#583=ORIENTED_EDGE('',*,*,#2419,.F.);
#584=ORIENTED_EDGE('',*,*,#2421,.T.);
#585=ORIENTED_EDGE('',*,*,#2422,.T.);
#586=ORIENTED_EDGE('',*,*,#2423,.F.);
#587=ORIENTED_EDGE('',*,*,#2424,.F.);
#588=ORIENTED_EDGE('',*,*,#2279,.T.);
#589=ORIENTED_EDGE('',*,*,#2425,.T.);
#590=ORIENTED_EDGE('',*,*,#2202,.F.);
#591=ORIENTED_EDGE('',*,*,#2426,.T.);
#592=ORIENTED_EDGE('',*,*,#2427,.T.);
#593=ORIENTED_EDGE('',*,*,#2428,.T.);
#594=ORIENTED_EDGE('',*,*,#2429,.T.);
#595=ORIENTED_EDGE('',*,*,#2430,.T.);
#596=ORIENTED_EDGE('',*,*,#2281,.F.);
#597=ORIENTED_EDGE('',*,*,#2428,.F.);
#598=ORIENTED_EDGE('',*,*,#2431,.T.);
#599=ORIENTED_EDGE('',*,*,#2432,.T.);
#600=ORIENTED_EDGE('',*,*,#2433,.T.);
#601=ORIENTED_EDGE('',*,*,#2434,.F.);
#602=ORIENTED_EDGE('',*,*,#2435,.T.);
#603=ORIENTED_EDGE('',*,*,#2432,.F.);
#604=ORIENTED_EDGE('',*,*,#2436,.T.);
#605=ORIENTED_EDGE('',*,*,#2289,.F.);
#606=ORIENTED_EDGE('',*,*,#2437,.F.);
#607=ORIENTED_EDGE('',*,*,#2415,.T.);
#608=ORIENTED_EDGE('',*,*,#2438,.T.);
#609=ORIENTED_EDGE('',*,*,#2295,.F.);
#610=ORIENTED_EDGE('',*,*,#2439,.F.);
#611=ORIENTED_EDGE('',*,*,#2404,.T.);
#612=ORIENTED_EDGE('',*,*,#2440,.T.);
#613=ORIENTED_EDGE('',*,*,#2301,.F.);
#614=ORIENTED_EDGE('',*,*,#2441,.F.);
#615=ORIENTED_EDGE('',*,*,#2393,.T.);
#616=ORIENTED_EDGE('',*,*,#2442,.T.);
#617=ORIENTED_EDGE('',*,*,#2307,.F.);
#618=ORIENTED_EDGE('',*,*,#2443,.F.);
#619=ORIENTED_EDGE('',*,*,#2382,.T.);
#620=ORIENTED_EDGE('',*,*,#2444,.T.);
#621=ORIENTED_EDGE('',*,*,#2313,.F.);
#622=ORIENTED_EDGE('',*,*,#2445,.F.);
#623=ORIENTED_EDGE('',*,*,#2371,.T.);
#624=ORIENTED_EDGE('',*,*,#2446,.T.);
#625=ORIENTED_EDGE('',*,*,#2319,.F.);
#626=ORIENTED_EDGE('',*,*,#2447,.F.);
#627=ORIENTED_EDGE('',*,*,#2360,.T.);
#628=ORIENTED_EDGE('',*,*,#2448,.T.);
#629=ORIENTED_EDGE('',*,*,#2325,.F.);
#630=ORIENTED_EDGE('',*,*,#2449,.F.);
#631=ORIENTED_EDGE('',*,*,#2349,.T.);
#632=ORIENTED_EDGE('',*,*,#2450,.T.);
#633=ORIENTED_EDGE('',*,*,#2422,.F.);
#634=ORIENTED_EDGE('',*,*,#2451,.F.);
#635=ORIENTED_EDGE('',*,*,#2434,.T.);
#636=ORIENTED_EDGE('',*,*,#2452,.T.);
#637=ORIENTED_EDGE('',*,*,#2453,.F.);
#638=ORIENTED_EDGE('',*,*,#2454,.T.);
#639=ORIENTED_EDGE('',*,*,#2455,.F.);
#640=ORIENTED_EDGE('',*,*,#2456,.F.);
#641=ORIENTED_EDGE('',*,*,#2457,.F.);
#642=ORIENTED_EDGE('',*,*,#2458,.T.);
#643=ORIENTED_EDGE('',*,*,#2459,.F.);
#644=ORIENTED_EDGE('',*,*,#2460,.F.);
#645=ORIENTED_EDGE('',*,*,#2461,.F.);
#646=ORIENTED_EDGE('',*,*,#2462,.T.);
#647=ORIENTED_EDGE('',*,*,#2463,.F.);
#648=ORIENTED_EDGE('',*,*,#2464,.F.);
#649=ORIENTED_EDGE('',*,*,#2465,.F.);
#650=ORIENTED_EDGE('',*,*,#2466,.T.);
#651=ORIENTED_EDGE('',*,*,#2467,.F.);
#652=ORIENTED_EDGE('',*,*,#2468,.F.);
#653=ORIENTED_EDGE('',*,*,#2469,.F.);
#654=ORIENTED_EDGE('',*,*,#2470,.T.);
#655=ORIENTED_EDGE('',*,*,#2471,.F.);
#656=ORIENTED_EDGE('',*,*,#2472,.F.);
#657=ORIENTED_EDGE('',*,*,#2473,.F.);
#658=ORIENTED_EDGE('',*,*,#2474,.T.);
#659=ORIENTED_EDGE('',*,*,#2475,.F.);
#660=ORIENTED_EDGE('',*,*,#2476,.F.);
#661=ORIENTED_EDGE('',*,*,#2477,.F.);
#662=ORIENTED_EDGE('',*,*,#2478,.T.);
#663=ORIENTED_EDGE('',*,*,#2479,.F.);
#664=ORIENTED_EDGE('',*,*,#2480,.F.);
#665=ORIENTED_EDGE('',*,*,#2481,.F.);
#666=ORIENTED_EDGE('',*,*,#2482,.T.);
#667=ORIENTED_EDGE('',*,*,#2483,.F.);
#668=ORIENTED_EDGE('',*,*,#2484,.F.);
#669=ORIENTED_EDGE('',*,*,#2485,.T.);
#670=ORIENTED_EDGE('',*,*,#2486,.T.);
#671=ORIENTED_EDGE('',*,*,#2487,.F.);
#672=ORIENTED_EDGE('',*,*,#2488,.F.);
#673=ORIENTED_EDGE('',*,*,#2489,.T.);
#674=ORIENTED_EDGE('',*,*,#2490,.T.);
#675=ORIENTED_EDGE('',*,*,#2491,.F.);
#676=ORIENTED_EDGE('',*,*,#2492,.T.);
#677=ORIENTED_EDGE('',*,*,#2493,.F.);
#678=ORIENTED_EDGE('',*,*,#2494,.T.);
#679=ORIENTED_EDGE('',*,*,#2495,.F.);
#680=ORIENTED_EDGE('',*,*,#2496,.F.);
#681=ORIENTED_EDGE('',*,*,#2497,.F.);
#682=ORIENTED_EDGE('',*,*,#2498,.T.);
#683=ORIENTED_EDGE('',*,*,#2499,.F.);
#684=ORIENTED_EDGE('',*,*,#2500,.F.);
#685=ORIENTED_EDGE('',*,*,#2501,.F.);
#686=ORIENTED_EDGE('',*,*,#2502,.T.);
#687=ORIENTED_EDGE('',*,*,#2503,.F.);
#688=ORIENTED_EDGE('',*,*,#2504,.F.);
#689=ORIENTED_EDGE('',*,*,#2505,.F.);
#690=ORIENTED_EDGE('',*,*,#2506,.T.);
#691=ORIENTED_EDGE('',*,*,#2507,.F.);
#692=ORIENTED_EDGE('',*,*,#2508,.F.);
#693=ORIENTED_EDGE('',*,*,#2509,.F.);
#694=ORIENTED_EDGE('',*,*,#2510,.T.);
#695=ORIENTED_EDGE('',*,*,#2511,.F.);
#696=ORIENTED_EDGE('',*,*,#2512,.F.);
#697=ORIENTED_EDGE('',*,*,#2513,.F.);
#698=ORIENTED_EDGE('',*,*,#2514,.T.);
#699=ORIENTED_EDGE('',*,*,#2515,.F.);
#700=ORIENTED_EDGE('',*,*,#2516,.F.);
#701=ORIENTED_EDGE('',*,*,#2517,.F.);
#702=ORIENTED_EDGE('',*,*,#2518,.T.);
#703=ORIENTED_EDGE('',*,*,#2519,.F.);
#704=ORIENTED_EDGE('',*,*,#2520,.F.);
#705=ORIENTED_EDGE('',*,*,#2521,.F.);
#706=ORIENTED_EDGE('',*,*,#2522,.T.);
#707=ORIENTED_EDGE('',*,*,#2523,.F.);
#708=ORIENTED_EDGE('',*,*,#2524,.F.);
#709=ORIENTED_EDGE('',*,*,#2525,.F.);
#710=ORIENTED_EDGE('',*,*,#2526,.F.);
#711=ORIENTED_EDGE('',*,*,#2527,.T.);
#712=ORIENTED_EDGE('',*,*,#2528,.F.);
#713=ORIENTED_EDGE('',*,*,#2529,.T.);
#714=ORIENTED_EDGE('',*,*,#2530,.T.);
#715=ORIENTED_EDGE('',*,*,#2531,.F.);
#716=ORIENTED_EDGE('',*,*,#2532,.F.);
#717=ORIENTED_EDGE('',*,*,#2533,.T.);
#718=ORIENTED_EDGE('',*,*,#2534,.T.);
#719=ORIENTED_EDGE('',*,*,#2535,.F.);
#720=ORIENTED_EDGE('',*,*,#2536,.F.);
#721=ORIENTED_EDGE('',*,*,#2537,.T.);
#722=ORIENTED_EDGE('',*,*,#2538,.T.);
#723=ORIENTED_EDGE('',*,*,#2539,.F.);
#724=ORIENTED_EDGE('',*,*,#2540,.F.);
#725=ORIENTED_EDGE('',*,*,#2541,.T.);
#726=ORIENTED_EDGE('',*,*,#2542,.T.);
#727=ORIENTED_EDGE('',*,*,#2543,.F.);
#728=ORIENTED_EDGE('',*,*,#2544,.F.);
#729=ORIENTED_EDGE('',*,*,#2545,.T.);
#730=ORIENTED_EDGE('',*,*,#2546,.T.);
#731=ORIENTED_EDGE('',*,*,#2547,.F.);
#732=ORIENTED_EDGE('',*,*,#2548,.F.);
#733=ORIENTED_EDGE('',*,*,#2549,.T.);
#734=ORIENTED_EDGE('',*,*,#2550,.T.);
#735=ORIENTED_EDGE('',*,*,#2551,.F.);
#736=ORIENTED_EDGE('',*,*,#2552,.F.);
#737=ORIENTED_EDGE('',*,*,#2553,.T.);
#738=ORIENTED_EDGE('',*,*,#2554,.F.);
#739=ORIENTED_EDGE('',*,*,#2555,.F.);
#740=ORIENTED_EDGE('',*,*,#2556,.T.);
#741=ORIENTED_EDGE('',*,*,#2557,.F.);
#742=ORIENTED_EDGE('',*,*,#2558,.F.);
#743=ORIENTED_EDGE('',*,*,#2559,.T.);
#744=ORIENTED_EDGE('',*,*,#2554,.T.);
#745=ORIENTED_EDGE('',*,*,#2560,.T.);
#746=ORIENTED_EDGE('',*,*,#2561,.F.);
#747=ORIENTED_EDGE('',*,*,#2562,.F.);
#748=ORIENTED_EDGE('',*,*,#2558,.T.);
#749=ORIENTED_EDGE('',*,*,#2563,.F.);
#750=ORIENTED_EDGE('',*,*,#2564,.F.);
#751=ORIENTED_EDGE('',*,*,#2565,.T.);
#752=ORIENTED_EDGE('',*,*,#2561,.T.);
#753=ORIENTED_EDGE('',*,*,#2489,.F.);
#754=ORIENTED_EDGE('',*,*,#2566,.T.);
#755=ORIENTED_EDGE('',*,*,#2567,.F.);
#756=ORIENTED_EDGE('',*,*,#2568,.F.);
#757=ORIENTED_EDGE('',*,*,#2485,.F.);
#758=ORIENTED_EDGE('',*,*,#2569,.T.);
#759=ORIENTED_EDGE('',*,*,#2570,.F.);
#760=ORIENTED_EDGE('',*,*,#2571,.F.);
#761=ORIENTED_EDGE('',*,*,#2549,.F.);
#762=ORIENTED_EDGE('',*,*,#2572,.T.);
#763=ORIENTED_EDGE('',*,*,#2573,.F.);
#764=ORIENTED_EDGE('',*,*,#2574,.F.);
#765=ORIENTED_EDGE('',*,*,#2545,.F.);
#766=ORIENTED_EDGE('',*,*,#2575,.T.);
#767=ORIENTED_EDGE('',*,*,#2576,.F.);
#768=ORIENTED_EDGE('',*,*,#2577,.F.);
#769=ORIENTED_EDGE('',*,*,#2541,.F.);
#770=ORIENTED_EDGE('',*,*,#2578,.T.);
#771=ORIENTED_EDGE('',*,*,#2579,.F.);
#772=ORIENTED_EDGE('',*,*,#2580,.F.);
#773=ORIENTED_EDGE('',*,*,#2537,.F.);
#774=ORIENTED_EDGE('',*,*,#2581,.T.);
#775=ORIENTED_EDGE('',*,*,#2582,.F.);
#776=ORIENTED_EDGE('',*,*,#2583,.F.);
#777=ORIENTED_EDGE('',*,*,#2533,.F.);
#778=ORIENTED_EDGE('',*,*,#2584,.T.);
#779=ORIENTED_EDGE('',*,*,#2585,.F.);
#780=ORIENTED_EDGE('',*,*,#2586,.F.);
#781=ORIENTED_EDGE('',*,*,#2529,.F.);
#782=ORIENTED_EDGE('',*,*,#2587,.T.);
#783=ORIENTED_EDGE('',*,*,#2588,.F.);
#784=ORIENTED_EDGE('',*,*,#2589,.F.);
#785=ORIENTED_EDGE('',*,*,#2564,.T.);
#786=ORIENTED_EDGE('',*,*,#2590,.T.);
#787=ORIENTED_EDGE('',*,*,#2591,.F.);
#788=ORIENTED_EDGE('',*,*,#2592,.F.);
#789=ORIENTED_EDGE('',*,*,#2499,.T.);
#790=ORIENTED_EDGE('',*,*,#2593,.F.);
#791=ORIENTED_EDGE('',*,*,#2594,.T.);
#792=ORIENTED_EDGE('',*,*,#2595,.T.);
#793=ORIENTED_EDGE('',*,*,#2495,.T.);
#794=ORIENTED_EDGE('',*,*,#2596,.F.);
#795=ORIENTED_EDGE('',*,*,#2597,.T.);
#796=ORIENTED_EDGE('',*,*,#2598,.T.);
#797=ORIENTED_EDGE('',*,*,#2599,.F.);
#798=ORIENTED_EDGE('',*,*,#2600,.F.);
#799=ORIENTED_EDGE('',*,*,#2601,.T.);
#800=ORIENTED_EDGE('',*,*,#2602,.T.);
#801=ORIENTED_EDGE('',*,*,#2523,.T.);
#802=ORIENTED_EDGE('',*,*,#2603,.F.);
#803=ORIENTED_EDGE('',*,*,#2604,.T.);
#804=ORIENTED_EDGE('',*,*,#2605,.T.);
#805=ORIENTED_EDGE('',*,*,#2519,.T.);
#806=ORIENTED_EDGE('',*,*,#2606,.F.);
#807=ORIENTED_EDGE('',*,*,#2607,.T.);
#808=ORIENTED_EDGE('',*,*,#2608,.T.);
#809=ORIENTED_EDGE('',*,*,#2515,.T.);
#810=ORIENTED_EDGE('',*,*,#2609,.F.);
#811=ORIENTED_EDGE('',*,*,#2610,.T.);
#812=ORIENTED_EDGE('',*,*,#2611,.T.);
#813=ORIENTED_EDGE('',*,*,#2511,.T.);
#814=ORIENTED_EDGE('',*,*,#2612,.F.);
#815=ORIENTED_EDGE('',*,*,#2613,.T.);
#816=ORIENTED_EDGE('',*,*,#2614,.T.);
#817=ORIENTED_EDGE('',*,*,#2507,.T.);
#818=ORIENTED_EDGE('',*,*,#2615,.F.);
#819=ORIENTED_EDGE('',*,*,#2616,.T.);
#820=ORIENTED_EDGE('',*,*,#2617,.T.);
#821=ORIENTED_EDGE('',*,*,#2503,.T.);
#822=ORIENTED_EDGE('',*,*,#2618,.F.);
#823=ORIENTED_EDGE('',*,*,#2619,.T.);
#824=ORIENTED_EDGE('',*,*,#2620,.T.);
#825=ORIENTED_EDGE('',*,*,#2621,.T.);
#826=ORIENTED_EDGE('',*,*,#2277,.F.);
#827=ORIENTED_EDGE('',*,*,#2622,.F.);
#828=ORIENTED_EDGE('',*,*,#2599,.T.);
#829=ORIENTED_EDGE('',*,*,#2623,.T.);
#830=ORIENTED_EDGE('',*,*,#2624,.F.);
#831=ORIENTED_EDGE('',*,*,#2625,.F.);
#832=ORIENTED_EDGE('',*,*,#2204,.T.);
#833=ORIENTED_EDGE('',*,*,#2626,.T.);
#834=ORIENTED_EDGE('',*,*,#2556,.F.);
#835=ORIENTED_EDGE('',*,*,#2627,.F.);
#836=ORIENTED_EDGE('',*,*,#2624,.T.);
#837=ORIENTED_EDGE('',*,*,#2492,.F.);
#838=ORIENTED_EDGE('',*,*,#2628,.F.);
#839=ORIENTED_EDGE('',*,*,#2629,.F.);
#840=ORIENTED_EDGE('',*,*,#2630,.F.);
#841=ORIENTED_EDGE('',*,*,#2590,.F.);
#842=ORIENTED_EDGE('',*,*,#2563,.T.);
#843=ORIENTED_EDGE('',*,*,#2560,.F.);
#844=ORIENTED_EDGE('',*,*,#2557,.T.);
#845=ORIENTED_EDGE('',*,*,#2553,.F.);
#846=ORIENTED_EDGE('',*,*,#2626,.F.);
#847=ORIENTED_EDGE('',*,*,#2623,.F.);
#848=ORIENTED_EDGE('',*,*,#2203,.F.);
#849=ORIENTED_EDGE('',*,*,#2425,.F.);
#850=ORIENTED_EDGE('',*,*,#2278,.F.);
#851=ORIENTED_EDGE('',*,*,#2621,.F.);
#852=ORIENTED_EDGE('',*,*,#2598,.F.);
#853=ORIENTED_EDGE('',*,*,#2631,.F.);
#854=ORIENTED_EDGE('',*,*,#2632,.F.);
#855=ORIENTED_EDGE('',*,*,#2633,.F.);
#856=ORIENTED_EDGE('',*,*,#2632,.T.);
#857=ORIENTED_EDGE('',*,*,#2634,.F.);
#858=ORIENTED_EDGE('',*,*,#2635,.F.);
#859=ORIENTED_EDGE('',*,*,#2636,.T.);
#860=ORIENTED_EDGE('',*,*,#2631,.T.);
#861=ORIENTED_EDGE('',*,*,#2597,.F.);
#862=ORIENTED_EDGE('',*,*,#2637,.F.);
#863=ORIENTED_EDGE('',*,*,#2634,.T.);
#864=ORIENTED_EDGE('',*,*,#2494,.F.);
#865=ORIENTED_EDGE('',*,*,#2638,.T.);
#866=ORIENTED_EDGE('',*,*,#2635,.T.);
#867=ORIENTED_EDGE('',*,*,#2637,.T.);
#868=ORIENTED_EDGE('',*,*,#2596,.T.);
#869=ORIENTED_EDGE('',*,*,#2638,.F.);
#870=ORIENTED_EDGE('',*,*,#2493,.T.);
#871=ORIENTED_EDGE('',*,*,#2633,.T.);
#872=ORIENTED_EDGE('',*,*,#2636,.F.);
#873=ORIENTED_EDGE('',*,*,#2490,.F.);
#874=ORIENTED_EDGE('',*,*,#2592,.T.);
#875=ORIENTED_EDGE('',*,*,#2639,.T.);
#876=ORIENTED_EDGE('',*,*,#2640,.T.);
#877=ORIENTED_EDGE('',*,*,#2641,.T.);
#878=ORIENTED_EDGE('',*,*,#2628,.T.);
#879=ORIENTED_EDGE('',*,*,#2491,.T.);
#880=ORIENTED_EDGE('',*,*,#2641,.F.);
#881=ORIENTED_EDGE('',*,*,#2642,.T.);
#882=ORIENTED_EDGE('',*,*,#2630,.T.);
#883=ORIENTED_EDGE('',*,*,#2643,.F.);
#884=ORIENTED_EDGE('',*,*,#2639,.F.);
#885=ORIENTED_EDGE('',*,*,#2591,.T.);
#886=ORIENTED_EDGE('',*,*,#2629,.T.);
#887=ORIENTED_EDGE('',*,*,#2642,.F.);
#888=ORIENTED_EDGE('',*,*,#2640,.F.);
#889=ORIENTED_EDGE('',*,*,#2643,.T.);
#890=ORIENTED_EDGE('',*,*,#2644,.T.);
#891=ORIENTED_EDGE('',*,*,#2645,.F.);
#892=ORIENTED_EDGE('',*,*,#2646,.F.);
#893=ORIENTED_EDGE('',*,*,#2647,.T.);
#894=ORIENTED_EDGE('',*,*,#2648,.T.);
#895=ORIENTED_EDGE('',*,*,#2604,.F.);
#896=ORIENTED_EDGE('',*,*,#2649,.F.);
#897=ORIENTED_EDGE('',*,*,#2645,.T.);
#898=ORIENTED_EDGE('',*,*,#2522,.F.);
#899=ORIENTED_EDGE('',*,*,#2650,.T.);
#900=ORIENTED_EDGE('',*,*,#2646,.T.);
#901=ORIENTED_EDGE('',*,*,#2649,.T.);
#902=ORIENTED_EDGE('',*,*,#2603,.T.);
#903=ORIENTED_EDGE('',*,*,#2651,.F.);
#904=ORIENTED_EDGE('',*,*,#2520,.T.);
#905=ORIENTED_EDGE('',*,*,#2605,.F.);
#906=ORIENTED_EDGE('',*,*,#2648,.F.);
#907=ORIENTED_EDGE('',*,*,#2644,.F.);
#908=ORIENTED_EDGE('',*,*,#2650,.F.);
#909=ORIENTED_EDGE('',*,*,#2521,.T.);
#910=ORIENTED_EDGE('',*,*,#2651,.T.);
#911=ORIENTED_EDGE('',*,*,#2647,.F.);
#912=ORIENTED_EDGE('',*,*,#2652,.T.);
#913=ORIENTED_EDGE('',*,*,#2531,.T.);
#914=ORIENTED_EDGE('',*,*,#2653,.F.);
#915=ORIENTED_EDGE('',*,*,#2654,.T.);
#916=ORIENTED_EDGE('',*,*,#2530,.F.);
#917=ORIENTED_EDGE('',*,*,#2586,.T.);
#918=ORIENTED_EDGE('',*,*,#2655,.T.);
#919=ORIENTED_EDGE('',*,*,#2656,.T.);
#920=ORIENTED_EDGE('',*,*,#2653,.T.);
#921=ORIENTED_EDGE('',*,*,#2584,.F.);
#922=ORIENTED_EDGE('',*,*,#2532,.T.);
#923=ORIENTED_EDGE('',*,*,#2652,.F.);
#924=ORIENTED_EDGE('',*,*,#2657,.F.);
#925=ORIENTED_EDGE('',*,*,#2658,.F.);
#926=ORIENTED_EDGE('',*,*,#2658,.T.);
#927=ORIENTED_EDGE('',*,*,#2659,.F.);
#928=ORIENTED_EDGE('',*,*,#2655,.F.);
#929=ORIENTED_EDGE('',*,*,#2585,.T.);
#930=ORIENTED_EDGE('',*,*,#2657,.T.);
#931=ORIENTED_EDGE('',*,*,#2654,.F.);
#932=ORIENTED_EDGE('',*,*,#2656,.F.);
#933=ORIENTED_EDGE('',*,*,#2659,.T.);
#934=ORIENTED_EDGE('',*,*,#2660,.T.);
#935=ORIENTED_EDGE('',*,*,#2661,.F.);
#936=ORIENTED_EDGE('',*,*,#2662,.F.);
#937=ORIENTED_EDGE('',*,*,#2663,.T.);
#938=ORIENTED_EDGE('',*,*,#2664,.T.);
#939=ORIENTED_EDGE('',*,*,#2607,.F.);
#940=ORIENTED_EDGE('',*,*,#2665,.F.);
#941=ORIENTED_EDGE('',*,*,#2661,.T.);
#942=ORIENTED_EDGE('',*,*,#2518,.F.);
#943=ORIENTED_EDGE('',*,*,#2666,.T.);
#944=ORIENTED_EDGE('',*,*,#2662,.T.);
#945=ORIENTED_EDGE('',*,*,#2665,.T.);
#946=ORIENTED_EDGE('',*,*,#2606,.T.);
#947=ORIENTED_EDGE('',*,*,#2667,.F.);
#948=ORIENTED_EDGE('',*,*,#2516,.T.);
#949=ORIENTED_EDGE('',*,*,#2608,.F.);
#950=ORIENTED_EDGE('',*,*,#2664,.F.);
#951=ORIENTED_EDGE('',*,*,#2660,.F.);
#952=ORIENTED_EDGE('',*,*,#2666,.F.);
#953=ORIENTED_EDGE('',*,*,#2517,.T.);
#954=ORIENTED_EDGE('',*,*,#2667,.T.);
#955=ORIENTED_EDGE('',*,*,#2663,.F.);
#956=ORIENTED_EDGE('',*,*,#2668,.T.);
#957=ORIENTED_EDGE('',*,*,#2535,.T.);
#958=ORIENTED_EDGE('',*,*,#2669,.F.);
#959=ORIENTED_EDGE('',*,*,#2670,.T.);
#960=ORIENTED_EDGE('',*,*,#2534,.F.);
#961=ORIENTED_EDGE('',*,*,#2583,.T.);
#962=ORIENTED_EDGE('',*,*,#2671,.T.);
#963=ORIENTED_EDGE('',*,*,#2672,.T.);
#964=ORIENTED_EDGE('',*,*,#2669,.T.);
#965=ORIENTED_EDGE('',*,*,#2581,.F.);
#966=ORIENTED_EDGE('',*,*,#2536,.T.);
#967=ORIENTED_EDGE('',*,*,#2668,.F.);
#968=ORIENTED_EDGE('',*,*,#2673,.F.);
#969=ORIENTED_EDGE('',*,*,#2674,.F.);
#970=ORIENTED_EDGE('',*,*,#2674,.T.);
#971=ORIENTED_EDGE('',*,*,#2675,.F.);
#972=ORIENTED_EDGE('',*,*,#2671,.F.);
#973=ORIENTED_EDGE('',*,*,#2582,.T.);
#974=ORIENTED_EDGE('',*,*,#2673,.T.);
#975=ORIENTED_EDGE('',*,*,#2670,.F.);
#976=ORIENTED_EDGE('',*,*,#2672,.F.);
#977=ORIENTED_EDGE('',*,*,#2675,.T.);
#978=ORIENTED_EDGE('',*,*,#2676,.T.);
#979=ORIENTED_EDGE('',*,*,#2677,.F.);
#980=ORIENTED_EDGE('',*,*,#2678,.F.);
#981=ORIENTED_EDGE('',*,*,#2679,.T.);
#982=ORIENTED_EDGE('',*,*,#2680,.T.);
#983=ORIENTED_EDGE('',*,*,#2610,.F.);
#984=ORIENTED_EDGE('',*,*,#2681,.F.);
#985=ORIENTED_EDGE('',*,*,#2677,.T.);
#986=ORIENTED_EDGE('',*,*,#2514,.F.);
#987=ORIENTED_EDGE('',*,*,#2682,.T.);
#988=ORIENTED_EDGE('',*,*,#2678,.T.);
#989=ORIENTED_EDGE('',*,*,#2681,.T.);
#990=ORIENTED_EDGE('',*,*,#2609,.T.);
#991=ORIENTED_EDGE('',*,*,#2683,.F.);
#992=ORIENTED_EDGE('',*,*,#2512,.T.);
#993=ORIENTED_EDGE('',*,*,#2611,.F.);
#994=ORIENTED_EDGE('',*,*,#2680,.F.);
#995=ORIENTED_EDGE('',*,*,#2676,.F.);
#996=ORIENTED_EDGE('',*,*,#2682,.F.);
#997=ORIENTED_EDGE('',*,*,#2513,.T.);
#998=ORIENTED_EDGE('',*,*,#2683,.T.);
#999=ORIENTED_EDGE('',*,*,#2679,.F.);
#1000=ORIENTED_EDGE('',*,*,#2684,.T.);
#1001=ORIENTED_EDGE('',*,*,#2539,.T.);
#1002=ORIENTED_EDGE('',*,*,#2685,.F.);
#1003=ORIENTED_EDGE('',*,*,#2686,.T.);
#1004=ORIENTED_EDGE('',*,*,#2538,.F.);
#1005=ORIENTED_EDGE('',*,*,#2580,.T.);
#1006=ORIENTED_EDGE('',*,*,#2687,.T.);
#1007=ORIENTED_EDGE('',*,*,#2688,.T.);
#1008=ORIENTED_EDGE('',*,*,#2685,.T.);
#1009=ORIENTED_EDGE('',*,*,#2578,.F.);
#1010=ORIENTED_EDGE('',*,*,#2540,.T.);
#1011=ORIENTED_EDGE('',*,*,#2684,.F.);
#1012=ORIENTED_EDGE('',*,*,#2689,.F.);
#1013=ORIENTED_EDGE('',*,*,#2690,.F.);
#1014=ORIENTED_EDGE('',*,*,#2690,.T.);
#1015=ORIENTED_EDGE('',*,*,#2691,.F.);
#1016=ORIENTED_EDGE('',*,*,#2687,.F.);
#1017=ORIENTED_EDGE('',*,*,#2579,.T.);
#1018=ORIENTED_EDGE('',*,*,#2689,.T.);
#1019=ORIENTED_EDGE('',*,*,#2686,.F.);
#1020=ORIENTED_EDGE('',*,*,#2688,.F.);
#1021=ORIENTED_EDGE('',*,*,#2691,.T.);
#1022=ORIENTED_EDGE('',*,*,#2692,.T.);
#1023=ORIENTED_EDGE('',*,*,#2693,.F.);
#1024=ORIENTED_EDGE('',*,*,#2694,.F.);
#1025=ORIENTED_EDGE('',*,*,#2695,.T.);
#1026=ORIENTED_EDGE('',*,*,#2696,.T.);
#1027=ORIENTED_EDGE('',*,*,#2613,.F.);
#1028=ORIENTED_EDGE('',*,*,#2697,.F.);
#1029=ORIENTED_EDGE('',*,*,#2693,.T.);
#1030=ORIENTED_EDGE('',*,*,#2510,.F.);
#1031=ORIENTED_EDGE('',*,*,#2698,.T.);
#1032=ORIENTED_EDGE('',*,*,#2694,.T.);
#1033=ORIENTED_EDGE('',*,*,#2697,.T.);
#1034=ORIENTED_EDGE('',*,*,#2612,.T.);
#1035=ORIENTED_EDGE('',*,*,#2699,.F.);
#1036=ORIENTED_EDGE('',*,*,#2508,.T.);
#1037=ORIENTED_EDGE('',*,*,#2614,.F.);
#1038=ORIENTED_EDGE('',*,*,#2696,.F.);
#1039=ORIENTED_EDGE('',*,*,#2692,.F.);
#1040=ORIENTED_EDGE('',*,*,#2698,.F.);
#1041=ORIENTED_EDGE('',*,*,#2509,.T.);
#1042=ORIENTED_EDGE('',*,*,#2699,.T.);
#1043=ORIENTED_EDGE('',*,*,#2695,.F.);
#1044=ORIENTED_EDGE('',*,*,#2700,.T.);
#1045=ORIENTED_EDGE('',*,*,#2543,.T.);
#1046=ORIENTED_EDGE('',*,*,#2701,.F.);
#1047=ORIENTED_EDGE('',*,*,#2702,.T.);
#1048=ORIENTED_EDGE('',*,*,#2542,.F.);
#1049=ORIENTED_EDGE('',*,*,#2577,.T.);
#1050=ORIENTED_EDGE('',*,*,#2703,.T.);
#1051=ORIENTED_EDGE('',*,*,#2704,.T.);
#1052=ORIENTED_EDGE('',*,*,#2701,.T.);
#1053=ORIENTED_EDGE('',*,*,#2575,.F.);
#1054=ORIENTED_EDGE('',*,*,#2544,.T.);
#1055=ORIENTED_EDGE('',*,*,#2700,.F.);
#1056=ORIENTED_EDGE('',*,*,#2705,.F.);
#1057=ORIENTED_EDGE('',*,*,#2706,.F.);
#1058=ORIENTED_EDGE('',*,*,#2706,.T.);
#1059=ORIENTED_EDGE('',*,*,#2707,.F.);
#1060=ORIENTED_EDGE('',*,*,#2703,.F.);
#1061=ORIENTED_EDGE('',*,*,#2576,.T.);
#1062=ORIENTED_EDGE('',*,*,#2705,.T.);
#1063=ORIENTED_EDGE('',*,*,#2702,.F.);
#1064=ORIENTED_EDGE('',*,*,#2704,.F.);
#1065=ORIENTED_EDGE('',*,*,#2707,.T.);
#1066=ORIENTED_EDGE('',*,*,#2708,.T.);
#1067=ORIENTED_EDGE('',*,*,#2709,.F.);
#1068=ORIENTED_EDGE('',*,*,#2710,.F.);
#1069=ORIENTED_EDGE('',*,*,#2711,.T.);
#1070=ORIENTED_EDGE('',*,*,#2712,.T.);
#1071=ORIENTED_EDGE('',*,*,#2616,.F.);
#1072=ORIENTED_EDGE('',*,*,#2713,.F.);
#1073=ORIENTED_EDGE('',*,*,#2709,.T.);
#1074=ORIENTED_EDGE('',*,*,#2506,.F.);
#1075=ORIENTED_EDGE('',*,*,#2714,.T.);
#1076=ORIENTED_EDGE('',*,*,#2710,.T.);
#1077=ORIENTED_EDGE('',*,*,#2713,.T.);
#1078=ORIENTED_EDGE('',*,*,#2615,.T.);
#1079=ORIENTED_EDGE('',*,*,#2715,.F.);
#1080=ORIENTED_EDGE('',*,*,#2504,.T.);
#1081=ORIENTED_EDGE('',*,*,#2617,.F.);
#1082=ORIENTED_EDGE('',*,*,#2712,.F.);
#1083=ORIENTED_EDGE('',*,*,#2708,.F.);
#1084=ORIENTED_EDGE('',*,*,#2714,.F.);
#1085=ORIENTED_EDGE('',*,*,#2505,.T.);
#1086=ORIENTED_EDGE('',*,*,#2715,.T.);
#1087=ORIENTED_EDGE('',*,*,#2711,.F.);
#1088=ORIENTED_EDGE('',*,*,#2716,.T.);
#1089=ORIENTED_EDGE('',*,*,#2547,.T.);
#1090=ORIENTED_EDGE('',*,*,#2717,.F.);
#1091=ORIENTED_EDGE('',*,*,#2718,.T.);
#1092=ORIENTED_EDGE('',*,*,#2546,.F.);
#1093=ORIENTED_EDGE('',*,*,#2574,.T.);
#1094=ORIENTED_EDGE('',*,*,#2719,.T.);
#1095=ORIENTED_EDGE('',*,*,#2720,.T.);
#1096=ORIENTED_EDGE('',*,*,#2717,.T.);
#1097=ORIENTED_EDGE('',*,*,#2572,.F.);
#1098=ORIENTED_EDGE('',*,*,#2548,.T.);
#1099=ORIENTED_EDGE('',*,*,#2716,.F.);
#1100=ORIENTED_EDGE('',*,*,#2721,.F.);
#1101=ORIENTED_EDGE('',*,*,#2722,.F.);
#1102=ORIENTED_EDGE('',*,*,#2722,.T.);
#1103=ORIENTED_EDGE('',*,*,#2723,.F.);
#1104=ORIENTED_EDGE('',*,*,#2719,.F.);
#1105=ORIENTED_EDGE('',*,*,#2573,.T.);
#1106=ORIENTED_EDGE('',*,*,#2721,.T.);
#1107=ORIENTED_EDGE('',*,*,#2718,.F.);
#1108=ORIENTED_EDGE('',*,*,#2720,.F.);
#1109=ORIENTED_EDGE('',*,*,#2723,.T.);
#1110=ORIENTED_EDGE('',*,*,#2724,.T.);
#1111=ORIENTED_EDGE('',*,*,#2725,.F.);
#1112=ORIENTED_EDGE('',*,*,#2726,.F.);
#1113=ORIENTED_EDGE('',*,*,#2727,.T.);
#1114=ORIENTED_EDGE('',*,*,#2728,.T.);
#1115=ORIENTED_EDGE('',*,*,#2619,.F.);
#1116=ORIENTED_EDGE('',*,*,#2729,.F.);
#1117=ORIENTED_EDGE('',*,*,#2725,.T.);
#1118=ORIENTED_EDGE('',*,*,#2502,.F.);
#1119=ORIENTED_EDGE('',*,*,#2730,.T.);
#1120=ORIENTED_EDGE('',*,*,#2726,.T.);
#1121=ORIENTED_EDGE('',*,*,#2729,.T.);
#1122=ORIENTED_EDGE('',*,*,#2618,.T.);
#1123=ORIENTED_EDGE('',*,*,#2731,.F.);
#1124=ORIENTED_EDGE('',*,*,#2500,.T.);
#1125=ORIENTED_EDGE('',*,*,#2620,.F.);
#1126=ORIENTED_EDGE('',*,*,#2728,.F.);
#1127=ORIENTED_EDGE('',*,*,#2724,.F.);
#1128=ORIENTED_EDGE('',*,*,#2730,.F.);
#1129=ORIENTED_EDGE('',*,*,#2501,.T.);
#1130=ORIENTED_EDGE('',*,*,#2731,.T.);
#1131=ORIENTED_EDGE('',*,*,#2727,.F.);
#1132=ORIENTED_EDGE('',*,*,#2732,.T.);
#1133=ORIENTED_EDGE('',*,*,#2551,.T.);
#1134=ORIENTED_EDGE('',*,*,#2733,.F.);
#1135=ORIENTED_EDGE('',*,*,#2734,.T.);
#1136=ORIENTED_EDGE('',*,*,#2550,.F.);
#1137=ORIENTED_EDGE('',*,*,#2571,.T.);
#1138=ORIENTED_EDGE('',*,*,#2735,.T.);
#1139=ORIENTED_EDGE('',*,*,#2736,.T.);
#1140=ORIENTED_EDGE('',*,*,#2733,.T.);
#1141=ORIENTED_EDGE('',*,*,#2569,.F.);
#1142=ORIENTED_EDGE('',*,*,#2552,.T.);
#1143=ORIENTED_EDGE('',*,*,#2732,.F.);
#1144=ORIENTED_EDGE('',*,*,#2737,.F.);
#1145=ORIENTED_EDGE('',*,*,#2738,.F.);
#1146=ORIENTED_EDGE('',*,*,#2738,.T.);
#1147=ORIENTED_EDGE('',*,*,#2739,.F.);
#1148=ORIENTED_EDGE('',*,*,#2735,.F.);
#1149=ORIENTED_EDGE('',*,*,#2570,.T.);
#1150=ORIENTED_EDGE('',*,*,#2737,.T.);
#1151=ORIENTED_EDGE('',*,*,#2734,.F.);
#1152=ORIENTED_EDGE('',*,*,#2736,.F.);
#1153=ORIENTED_EDGE('',*,*,#2739,.T.);
#1154=ORIENTED_EDGE('',*,*,#2740,.T.);
#1155=ORIENTED_EDGE('',*,*,#2741,.F.);
#1156=ORIENTED_EDGE('',*,*,#2742,.F.);
#1157=ORIENTED_EDGE('',*,*,#2743,.T.);
#1158=ORIENTED_EDGE('',*,*,#2744,.T.);
#1159=ORIENTED_EDGE('',*,*,#2594,.F.);
#1160=ORIENTED_EDGE('',*,*,#2745,.F.);
#1161=ORIENTED_EDGE('',*,*,#2741,.T.);
#1162=ORIENTED_EDGE('',*,*,#2498,.F.);
#1163=ORIENTED_EDGE('',*,*,#2746,.T.);
#1164=ORIENTED_EDGE('',*,*,#2742,.T.);
#1165=ORIENTED_EDGE('',*,*,#2745,.T.);
#1166=ORIENTED_EDGE('',*,*,#2593,.T.);
#1167=ORIENTED_EDGE('',*,*,#2747,.F.);
#1168=ORIENTED_EDGE('',*,*,#2496,.T.);
#1169=ORIENTED_EDGE('',*,*,#2595,.F.);
#1170=ORIENTED_EDGE('',*,*,#2744,.F.);
#1171=ORIENTED_EDGE('',*,*,#2740,.F.);
#1172=ORIENTED_EDGE('',*,*,#2746,.F.);
#1173=ORIENTED_EDGE('',*,*,#2497,.T.);
#1174=ORIENTED_EDGE('',*,*,#2747,.T.);
#1175=ORIENTED_EDGE('',*,*,#2743,.F.);
#1176=ORIENTED_EDGE('',*,*,#2748,.T.);
#1177=ORIENTED_EDGE('',*,*,#2487,.T.);
#1178=ORIENTED_EDGE('',*,*,#2749,.F.);
#1179=ORIENTED_EDGE('',*,*,#2750,.T.);
#1180=ORIENTED_EDGE('',*,*,#2486,.F.);
#1181=ORIENTED_EDGE('',*,*,#2568,.T.);
#1182=ORIENTED_EDGE('',*,*,#2751,.T.);
#1183=ORIENTED_EDGE('',*,*,#2752,.T.);
#1184=ORIENTED_EDGE('',*,*,#2749,.T.);
#1185=ORIENTED_EDGE('',*,*,#2566,.F.);
#1186=ORIENTED_EDGE('',*,*,#2488,.T.);
#1187=ORIENTED_EDGE('',*,*,#2748,.F.);
#1188=ORIENTED_EDGE('',*,*,#2753,.F.);
#1189=ORIENTED_EDGE('',*,*,#2754,.F.);
#1190=ORIENTED_EDGE('',*,*,#2754,.T.);
#1191=ORIENTED_EDGE('',*,*,#2755,.F.);
#1192=ORIENTED_EDGE('',*,*,#2751,.F.);
#1193=ORIENTED_EDGE('',*,*,#2567,.T.);
#1194=ORIENTED_EDGE('',*,*,#2753,.T.);
#1195=ORIENTED_EDGE('',*,*,#2750,.F.);
#1196=ORIENTED_EDGE('',*,*,#2752,.F.);
#1197=ORIENTED_EDGE('',*,*,#2755,.T.);
#1198=ORIENTED_EDGE('',*,*,#2587,.F.);
#1199=ORIENTED_EDGE('',*,*,#2528,.T.);
#1200=ORIENTED_EDGE('',*,*,#2756,.F.);
#1201=ORIENTED_EDGE('',*,*,#2757,.F.);
#1202=ORIENTED_EDGE('',*,*,#2758,.F.);
#1203=ORIENTED_EDGE('',*,*,#2759,.F.);
#1204=ORIENTED_EDGE('',*,*,#2524,.T.);
#1205=ORIENTED_EDGE('',*,*,#2602,.F.);
#1206=ORIENTED_EDGE('',*,*,#2760,.F.);
#1207=ORIENTED_EDGE('',*,*,#2761,.F.);
#1208=ORIENTED_EDGE('',*,*,#2758,.T.);
#1209=ORIENTED_EDGE('',*,*,#2762,.F.);
#1210=ORIENTED_EDGE('',*,*,#2763,.F.);
#1211=ORIENTED_EDGE('',*,*,#2588,.T.);
#1212=ORIENTED_EDGE('',*,*,#2757,.T.);
#1213=ORIENTED_EDGE('',*,*,#2764,.F.);
#1214=ORIENTED_EDGE('',*,*,#2765,.F.);
#1215=ORIENTED_EDGE('',*,*,#2762,.T.);
#1216=ORIENTED_EDGE('',*,*,#2756,.T.);
#1217=ORIENTED_EDGE('',*,*,#2527,.F.);
#1218=ORIENTED_EDGE('',*,*,#2766,.F.);
#1219=ORIENTED_EDGE('',*,*,#2764,.T.);
#1220=ORIENTED_EDGE('',*,*,#2759,.T.);
#1221=ORIENTED_EDGE('',*,*,#2767,.F.);
#1222=ORIENTED_EDGE('',*,*,#2768,.F.);
#1223=ORIENTED_EDGE('',*,*,#2525,.T.);
#1224=ORIENTED_EDGE('',*,*,#2761,.T.);
#1225=ORIENTED_EDGE('',*,*,#2769,.F.);
#1226=ORIENTED_EDGE('',*,*,#2770,.F.);
#1227=ORIENTED_EDGE('',*,*,#2767,.T.);
#1228=ORIENTED_EDGE('',*,*,#2760,.T.);
#1229=ORIENTED_EDGE('',*,*,#2601,.F.);
#1230=ORIENTED_EDGE('',*,*,#2771,.F.);
#1231=ORIENTED_EDGE('',*,*,#2769,.T.);
#1232=ORIENTED_EDGE('',*,*,#2555,.T.);
#1233=ORIENTED_EDGE('',*,*,#2559,.F.);
#1234=ORIENTED_EDGE('',*,*,#2562,.T.);
#1235=ORIENTED_EDGE('',*,*,#2565,.F.);
#1236=ORIENTED_EDGE('',*,*,#2589,.T.);
#1237=ORIENTED_EDGE('',*,*,#2763,.T.);
#1238=ORIENTED_EDGE('',*,*,#2765,.T.);
#1239=ORIENTED_EDGE('',*,*,#2766,.T.);
#1240=ORIENTED_EDGE('',*,*,#2526,.T.);
#1241=ORIENTED_EDGE('',*,*,#2768,.T.);
#1242=ORIENTED_EDGE('',*,*,#2770,.T.);
#1243=ORIENTED_EDGE('',*,*,#2771,.T.);
#1244=ORIENTED_EDGE('',*,*,#2600,.T.);
#1245=ORIENTED_EDGE('',*,*,#2622,.T.);
#1246=ORIENTED_EDGE('',*,*,#2276,.T.);
#1247=ORIENTED_EDGE('',*,*,#2340,.T.);
#1248=ORIENTED_EDGE('',*,*,#2205,.T.);
#1249=ORIENTED_EDGE('',*,*,#2625,.T.);
#1250=ORIENTED_EDGE('',*,*,#2627,.T.);
#1251=ORIENTED_EDGE('',*,*,#2772,.T.);
#1252=ORIENTED_EDGE('',*,*,#2423,.T.);
#1253=ORIENTED_EDGE('',*,*,#2452,.F.);
#1254=ORIENTED_EDGE('',*,*,#2436,.F.);
#1255=ORIENTED_EDGE('',*,*,#2431,.F.);
#1256=ORIENTED_EDGE('',*,*,#2427,.F.);
#1257=ORIENTED_EDGE('',*,*,#2424,.T.);
#1258=ORIENTED_EDGE('',*,*,#2201,.T.);
#1259=ORIENTED_EDGE('',*,*,#2420,.T.);
#1260=ORIENTED_EDGE('',*,*,#2772,.F.);
#1261=ORIENTED_EDGE('',*,*,#2426,.F.);
#1262=ORIENTED_EDGE('',*,*,#2280,.T.);
#1263=ORIENTED_EDGE('',*,*,#2249,.T.);
#1264=ORIENTED_EDGE('',*,*,#2282,.T.);
#1265=ORIENTED_EDGE('',*,*,#2430,.F.);
#1266=ORIENTED_EDGE('',*,*,#2773,.T.);
#1267=ORIENTED_EDGE('',*,*,#2418,.F.);
#1268=ORIENTED_EDGE('',*,*,#2199,.F.);
#1269=ORIENTED_EDGE('',*,*,#2433,.F.);
#1270=ORIENTED_EDGE('',*,*,#2435,.F.);
#1271=ORIENTED_EDGE('',*,*,#2451,.T.);
#1272=ORIENTED_EDGE('',*,*,#2421,.F.);
#1273=ORIENTED_EDGE('',*,*,#2773,.F.);
#1274=ORIENTED_EDGE('',*,*,#2429,.F.);
#1275=ORIENTED_EDGE('',*,*,#2774,.T.);
#1276=ORIENTED_EDGE('',*,*,#2290,.T.);
#1277=ORIENTED_EDGE('',*,*,#2438,.F.);
#1278=ORIENTED_EDGE('',*,*,#2417,.F.);
#1279=ORIENTED_EDGE('',*,*,#2412,.F.);
#1280=ORIENTED_EDGE('',*,*,#2408,.F.);
#1281=ORIENTED_EDGE('',*,*,#2338,.T.);
#1282=ORIENTED_EDGE('',*,*,#2209,.T.);
#1283=ORIENTED_EDGE('',*,*,#2287,.T.);
#1284=ORIENTED_EDGE('',*,*,#2774,.F.);
#1285=ORIENTED_EDGE('',*,*,#2407,.F.);
#1286=ORIENTED_EDGE('',*,*,#2272,.T.);
#1287=ORIENTED_EDGE('',*,*,#2339,.T.);
#1288=ORIENTED_EDGE('',*,*,#2274,.T.);
#1289=ORIENTED_EDGE('',*,*,#2411,.F.);
#1290=ORIENTED_EDGE('',*,*,#2775,.T.);
#1291=ORIENTED_EDGE('',*,*,#2285,.F.);
#1292=ORIENTED_EDGE('',*,*,#2207,.F.);
#1293=ORIENTED_EDGE('',*,*,#2414,.F.);
#1294=ORIENTED_EDGE('',*,*,#2416,.F.);
#1295=ORIENTED_EDGE('',*,*,#2437,.T.);
#1296=ORIENTED_EDGE('',*,*,#2288,.F.);
#1297=ORIENTED_EDGE('',*,*,#2775,.F.);
#1298=ORIENTED_EDGE('',*,*,#2410,.F.);
#1299=ORIENTED_EDGE('',*,*,#2776,.T.);
#1300=ORIENTED_EDGE('',*,*,#2296,.T.);
#1301=ORIENTED_EDGE('',*,*,#2440,.F.);
#1302=ORIENTED_EDGE('',*,*,#2406,.F.);
#1303=ORIENTED_EDGE('',*,*,#2401,.F.);
#1304=ORIENTED_EDGE('',*,*,#2397,.F.);
#1305=ORIENTED_EDGE('',*,*,#2336,.T.);
#1306=ORIENTED_EDGE('',*,*,#2213,.T.);
#1307=ORIENTED_EDGE('',*,*,#2293,.T.);
#1308=ORIENTED_EDGE('',*,*,#2776,.F.);
#1309=ORIENTED_EDGE('',*,*,#2396,.F.);
#1310=ORIENTED_EDGE('',*,*,#2268,.T.);
#1311=ORIENTED_EDGE('',*,*,#2337,.T.);
#1312=ORIENTED_EDGE('',*,*,#2270,.T.);
#1313=ORIENTED_EDGE('',*,*,#2400,.F.);
#1314=ORIENTED_EDGE('',*,*,#2777,.T.);
#1315=ORIENTED_EDGE('',*,*,#2291,.F.);
#1316=ORIENTED_EDGE('',*,*,#2211,.F.);
#1317=ORIENTED_EDGE('',*,*,#2403,.F.);
#1318=ORIENTED_EDGE('',*,*,#2405,.F.);
#1319=ORIENTED_EDGE('',*,*,#2439,.T.);
#1320=ORIENTED_EDGE('',*,*,#2294,.F.);
#1321=ORIENTED_EDGE('',*,*,#2777,.F.);
#1322=ORIENTED_EDGE('',*,*,#2399,.F.);
#1323=ORIENTED_EDGE('',*,*,#2778,.T.);
#1324=ORIENTED_EDGE('',*,*,#2302,.T.);
#1325=ORIENTED_EDGE('',*,*,#2442,.F.);
#1326=ORIENTED_EDGE('',*,*,#2395,.F.);
#1327=ORIENTED_EDGE('',*,*,#2390,.F.);
#1328=ORIENTED_EDGE('',*,*,#2386,.F.);
#1329=ORIENTED_EDGE('',*,*,#2334,.T.);
#1330=ORIENTED_EDGE('',*,*,#2217,.T.);
#1331=ORIENTED_EDGE('',*,*,#2299,.T.);
#1332=ORIENTED_EDGE('',*,*,#2778,.F.);
#1333=ORIENTED_EDGE('',*,*,#2385,.F.);
#1334=ORIENTED_EDGE('',*,*,#2264,.T.);
#1335=ORIENTED_EDGE('',*,*,#2335,.T.);
#1336=ORIENTED_EDGE('',*,*,#2266,.T.);
#1337=ORIENTED_EDGE('',*,*,#2389,.F.);
#1338=ORIENTED_EDGE('',*,*,#2779,.T.);
#1339=ORIENTED_EDGE('',*,*,#2297,.F.);
#1340=ORIENTED_EDGE('',*,*,#2215,.F.);
#1341=ORIENTED_EDGE('',*,*,#2392,.F.);
#1342=ORIENTED_EDGE('',*,*,#2394,.F.);
#1343=ORIENTED_EDGE('',*,*,#2441,.T.);
#1344=ORIENTED_EDGE('',*,*,#2300,.F.);
#1345=ORIENTED_EDGE('',*,*,#2779,.F.);
#1346=ORIENTED_EDGE('',*,*,#2388,.F.);
#1347=ORIENTED_EDGE('',*,*,#2780,.T.);
#1348=ORIENTED_EDGE('',*,*,#2308,.T.);
#1349=ORIENTED_EDGE('',*,*,#2444,.F.);
#1350=ORIENTED_EDGE('',*,*,#2384,.F.);
#1351=ORIENTED_EDGE('',*,*,#2379,.F.);
#1352=ORIENTED_EDGE('',*,*,#2375,.F.);
#1353=ORIENTED_EDGE('',*,*,#2332,.T.);
#1354=ORIENTED_EDGE('',*,*,#2221,.T.);
#1355=ORIENTED_EDGE('',*,*,#2305,.T.);
#1356=ORIENTED_EDGE('',*,*,#2780,.F.);
#1357=ORIENTED_EDGE('',*,*,#2374,.F.);
#1358=ORIENTED_EDGE('',*,*,#2260,.T.);
#1359=ORIENTED_EDGE('',*,*,#2333,.T.);
#1360=ORIENTED_EDGE('',*,*,#2262,.T.);
#1361=ORIENTED_EDGE('',*,*,#2378,.F.);
#1362=ORIENTED_EDGE('',*,*,#2781,.T.);
#1363=ORIENTED_EDGE('',*,*,#2303,.F.);
#1364=ORIENTED_EDGE('',*,*,#2219,.F.);
#1365=ORIENTED_EDGE('',*,*,#2381,.F.);
#1366=ORIENTED_EDGE('',*,*,#2383,.F.);
#1367=ORIENTED_EDGE('',*,*,#2443,.T.);
#1368=ORIENTED_EDGE('',*,*,#2306,.F.);
#1369=ORIENTED_EDGE('',*,*,#2781,.F.);
#1370=ORIENTED_EDGE('',*,*,#2377,.F.);
#1371=ORIENTED_EDGE('',*,*,#2782,.T.);
#1372=ORIENTED_EDGE('',*,*,#2314,.T.);
#1373=ORIENTED_EDGE('',*,*,#2446,.F.);
#1374=ORIENTED_EDGE('',*,*,#2373,.F.);
#1375=ORIENTED_EDGE('',*,*,#2368,.F.);
#1376=ORIENTED_EDGE('',*,*,#2364,.F.);
#1377=ORIENTED_EDGE('',*,*,#2330,.T.);
#1378=ORIENTED_EDGE('',*,*,#2225,.T.);
#1379=ORIENTED_EDGE('',*,*,#2311,.T.);
#1380=ORIENTED_EDGE('',*,*,#2782,.F.);
#1381=ORIENTED_EDGE('',*,*,#2363,.F.);
#1382=ORIENTED_EDGE('',*,*,#2256,.T.);
#1383=ORIENTED_EDGE('',*,*,#2331,.T.);
#1384=ORIENTED_EDGE('',*,*,#2258,.T.);
#1385=ORIENTED_EDGE('',*,*,#2367,.F.);
#1386=ORIENTED_EDGE('',*,*,#2783,.T.);
#1387=ORIENTED_EDGE('',*,*,#2309,.F.);
#1388=ORIENTED_EDGE('',*,*,#2223,.F.);
#1389=ORIENTED_EDGE('',*,*,#2370,.F.);
#1390=ORIENTED_EDGE('',*,*,#2372,.F.);
#1391=ORIENTED_EDGE('',*,*,#2445,.T.);
#1392=ORIENTED_EDGE('',*,*,#2312,.F.);
#1393=ORIENTED_EDGE('',*,*,#2783,.F.);
#1394=ORIENTED_EDGE('',*,*,#2366,.F.);
#1395=ORIENTED_EDGE('',*,*,#2784,.T.);
#1396=ORIENTED_EDGE('',*,*,#2320,.T.);
#1397=ORIENTED_EDGE('',*,*,#2448,.F.);
#1398=ORIENTED_EDGE('',*,*,#2362,.F.);
#1399=ORIENTED_EDGE('',*,*,#2357,.F.);
#1400=ORIENTED_EDGE('',*,*,#2353,.F.);
#1401=ORIENTED_EDGE('',*,*,#2328,.T.);
#1402=ORIENTED_EDGE('',*,*,#2229,.T.);
#1403=ORIENTED_EDGE('',*,*,#2317,.T.);
#1404=ORIENTED_EDGE('',*,*,#2784,.F.);
#1405=ORIENTED_EDGE('',*,*,#2352,.F.);
#1406=ORIENTED_EDGE('',*,*,#2252,.T.);
#1407=ORIENTED_EDGE('',*,*,#2329,.T.);
#1408=ORIENTED_EDGE('',*,*,#2254,.T.);
#1409=ORIENTED_EDGE('',*,*,#2356,.F.);
#1410=ORIENTED_EDGE('',*,*,#2785,.T.);
#1411=ORIENTED_EDGE('',*,*,#2315,.F.);
#1412=ORIENTED_EDGE('',*,*,#2227,.F.);
#1413=ORIENTED_EDGE('',*,*,#2359,.F.);
#1414=ORIENTED_EDGE('',*,*,#2361,.F.);
#1415=ORIENTED_EDGE('',*,*,#2447,.T.);
#1416=ORIENTED_EDGE('',*,*,#2318,.F.);
#1417=ORIENTED_EDGE('',*,*,#2785,.F.);
#1418=ORIENTED_EDGE('',*,*,#2355,.F.);
#1419=ORIENTED_EDGE('',*,*,#2786,.T.);
#1420=ORIENTED_EDGE('',*,*,#2326,.T.);
#1421=ORIENTED_EDGE('',*,*,#2450,.F.);
#1422=ORIENTED_EDGE('',*,*,#2351,.F.);
#1423=ORIENTED_EDGE('',*,*,#2346,.F.);
#1424=ORIENTED_EDGE('',*,*,#2342,.F.);
#1425=ORIENTED_EDGE('',*,*,#2247,.T.);
#1426=ORIENTED_EDGE('',*,*,#2197,.T.);
#1427=ORIENTED_EDGE('',*,*,#2323,.T.);
#1428=ORIENTED_EDGE('',*,*,#2786,.F.);
#1429=ORIENTED_EDGE('',*,*,#2341,.F.);
#1430=ORIENTED_EDGE('',*,*,#2283,.T.);
#1431=ORIENTED_EDGE('',*,*,#2327,.T.);
#1432=ORIENTED_EDGE('',*,*,#2250,.T.);
#1433=ORIENTED_EDGE('',*,*,#2345,.F.);
#1434=ORIENTED_EDGE('',*,*,#2787,.T.);
#1435=ORIENTED_EDGE('',*,*,#2321,.F.);
#1436=ORIENTED_EDGE('',*,*,#2195,.F.);
#1437=ORIENTED_EDGE('',*,*,#2348,.F.);
#1438=ORIENTED_EDGE('',*,*,#2350,.F.);
#1439=ORIENTED_EDGE('',*,*,#2449,.T.);
#1440=ORIENTED_EDGE('',*,*,#2324,.F.);
#1441=ORIENTED_EDGE('',*,*,#2787,.F.);
#1442=ORIENTED_EDGE('',*,*,#2344,.F.);
#1443=ORIENTED_EDGE('',*,*,#2788,.F.);
#1444=ORIENTED_EDGE('',*,*,#2481,.T.);
#1445=ORIENTED_EDGE('',*,*,#2789,.T.);
#1446=ORIENTED_EDGE('',*,*,#2790,.F.);
#1447=ORIENTED_EDGE('',*,*,#2791,.T.);
#1448=ORIENTED_EDGE('',*,*,#2483,.T.);
#1449=ORIENTED_EDGE('',*,*,#2792,.F.);
#1450=ORIENTED_EDGE('',*,*,#2793,.T.);
#1451=ORIENTED_EDGE('',*,*,#2482,.F.);
#1452=ORIENTED_EDGE('',*,*,#2788,.T.);
#1453=ORIENTED_EDGE('',*,*,#2794,.T.);
#1454=ORIENTED_EDGE('',*,*,#2792,.T.);
#1455=ORIENTED_EDGE('',*,*,#2789,.F.);
#1456=ORIENTED_EDGE('',*,*,#2484,.T.);
#1457=ORIENTED_EDGE('',*,*,#2791,.F.);
#1458=ORIENTED_EDGE('',*,*,#2795,.F.);
#1459=ORIENTED_EDGE('',*,*,#2795,.T.);
#1460=ORIENTED_EDGE('',*,*,#2793,.F.);
#1461=ORIENTED_EDGE('',*,*,#2794,.F.);
#1462=ORIENTED_EDGE('',*,*,#2790,.T.);
#1463=ORIENTED_EDGE('',*,*,#2796,.F.);
#1464=ORIENTED_EDGE('',*,*,#2477,.T.);
#1465=ORIENTED_EDGE('',*,*,#2797,.T.);
#1466=ORIENTED_EDGE('',*,*,#2798,.F.);
#1467=ORIENTED_EDGE('',*,*,#2799,.T.);
#1468=ORIENTED_EDGE('',*,*,#2479,.T.);
#1469=ORIENTED_EDGE('',*,*,#2800,.F.);
#1470=ORIENTED_EDGE('',*,*,#2801,.T.);
#1471=ORIENTED_EDGE('',*,*,#2478,.F.);
#1472=ORIENTED_EDGE('',*,*,#2796,.T.);
#1473=ORIENTED_EDGE('',*,*,#2802,.T.);
#1474=ORIENTED_EDGE('',*,*,#2800,.T.);
#1475=ORIENTED_EDGE('',*,*,#2797,.F.);
#1476=ORIENTED_EDGE('',*,*,#2480,.T.);
#1477=ORIENTED_EDGE('',*,*,#2799,.F.);
#1478=ORIENTED_EDGE('',*,*,#2803,.F.);
#1479=ORIENTED_EDGE('',*,*,#2803,.T.);
#1480=ORIENTED_EDGE('',*,*,#2801,.F.);
#1481=ORIENTED_EDGE('',*,*,#2802,.F.);
#1482=ORIENTED_EDGE('',*,*,#2798,.T.);
#1483=ORIENTED_EDGE('',*,*,#2804,.F.);
#1484=ORIENTED_EDGE('',*,*,#2473,.T.);
#1485=ORIENTED_EDGE('',*,*,#2805,.T.);
#1486=ORIENTED_EDGE('',*,*,#2806,.F.);
#1487=ORIENTED_EDGE('',*,*,#2807,.T.);
#1488=ORIENTED_EDGE('',*,*,#2475,.T.);
#1489=ORIENTED_EDGE('',*,*,#2808,.F.);
#1490=ORIENTED_EDGE('',*,*,#2809,.T.);
#1491=ORIENTED_EDGE('',*,*,#2474,.F.);
#1492=ORIENTED_EDGE('',*,*,#2804,.T.);
#1493=ORIENTED_EDGE('',*,*,#2810,.T.);
#1494=ORIENTED_EDGE('',*,*,#2808,.T.);
#1495=ORIENTED_EDGE('',*,*,#2805,.F.);
#1496=ORIENTED_EDGE('',*,*,#2476,.T.);
#1497=ORIENTED_EDGE('',*,*,#2807,.F.);
#1498=ORIENTED_EDGE('',*,*,#2811,.F.);
#1499=ORIENTED_EDGE('',*,*,#2811,.T.);
#1500=ORIENTED_EDGE('',*,*,#2809,.F.);
#1501=ORIENTED_EDGE('',*,*,#2810,.F.);
#1502=ORIENTED_EDGE('',*,*,#2806,.T.);
#1503=ORIENTED_EDGE('',*,*,#2812,.F.);
#1504=ORIENTED_EDGE('',*,*,#2469,.T.);
#1505=ORIENTED_EDGE('',*,*,#2813,.T.);
#1506=ORIENTED_EDGE('',*,*,#2814,.F.);
#1507=ORIENTED_EDGE('',*,*,#2815,.T.);
#1508=ORIENTED_EDGE('',*,*,#2471,.T.);
#1509=ORIENTED_EDGE('',*,*,#2816,.F.);
#1510=ORIENTED_EDGE('',*,*,#2817,.T.);
#1511=ORIENTED_EDGE('',*,*,#2470,.F.);
#1512=ORIENTED_EDGE('',*,*,#2812,.T.);
#1513=ORIENTED_EDGE('',*,*,#2818,.T.);
#1514=ORIENTED_EDGE('',*,*,#2816,.T.);
#1515=ORIENTED_EDGE('',*,*,#2813,.F.);
#1516=ORIENTED_EDGE('',*,*,#2472,.T.);
#1517=ORIENTED_EDGE('',*,*,#2815,.F.);
#1518=ORIENTED_EDGE('',*,*,#2819,.F.);
#1519=ORIENTED_EDGE('',*,*,#2819,.T.);
#1520=ORIENTED_EDGE('',*,*,#2817,.F.);
#1521=ORIENTED_EDGE('',*,*,#2818,.F.);
#1522=ORIENTED_EDGE('',*,*,#2814,.T.);
#1523=ORIENTED_EDGE('',*,*,#2820,.F.);
#1524=ORIENTED_EDGE('',*,*,#2465,.T.);
#1525=ORIENTED_EDGE('',*,*,#2821,.T.);
#1526=ORIENTED_EDGE('',*,*,#2822,.F.);
#1527=ORIENTED_EDGE('',*,*,#2823,.T.);
#1528=ORIENTED_EDGE('',*,*,#2467,.T.);
#1529=ORIENTED_EDGE('',*,*,#2824,.F.);
#1530=ORIENTED_EDGE('',*,*,#2825,.T.);
#1531=ORIENTED_EDGE('',*,*,#2466,.F.);
#1532=ORIENTED_EDGE('',*,*,#2820,.T.);
#1533=ORIENTED_EDGE('',*,*,#2826,.T.);
#1534=ORIENTED_EDGE('',*,*,#2824,.T.);
#1535=ORIENTED_EDGE('',*,*,#2821,.F.);
#1536=ORIENTED_EDGE('',*,*,#2468,.T.);
#1537=ORIENTED_EDGE('',*,*,#2823,.F.);
#1538=ORIENTED_EDGE('',*,*,#2827,.F.);
#1539=ORIENTED_EDGE('',*,*,#2827,.T.);
#1540=ORIENTED_EDGE('',*,*,#2825,.F.);
#1541=ORIENTED_EDGE('',*,*,#2826,.F.);
#1542=ORIENTED_EDGE('',*,*,#2822,.T.);
#1543=ORIENTED_EDGE('',*,*,#2828,.F.);
#1544=ORIENTED_EDGE('',*,*,#2461,.T.);
#1545=ORIENTED_EDGE('',*,*,#2829,.T.);
#1546=ORIENTED_EDGE('',*,*,#2830,.F.);
#1547=ORIENTED_EDGE('',*,*,#2831,.T.);
#1548=ORIENTED_EDGE('',*,*,#2463,.T.);
#1549=ORIENTED_EDGE('',*,*,#2832,.F.);
#1550=ORIENTED_EDGE('',*,*,#2833,.T.);
#1551=ORIENTED_EDGE('',*,*,#2462,.F.);
#1552=ORIENTED_EDGE('',*,*,#2828,.T.);
#1553=ORIENTED_EDGE('',*,*,#2834,.T.);
#1554=ORIENTED_EDGE('',*,*,#2832,.T.);
#1555=ORIENTED_EDGE('',*,*,#2829,.F.);
#1556=ORIENTED_EDGE('',*,*,#2464,.T.);
#1557=ORIENTED_EDGE('',*,*,#2831,.F.);
#1558=ORIENTED_EDGE('',*,*,#2835,.F.);
#1559=ORIENTED_EDGE('',*,*,#2835,.T.);
#1560=ORIENTED_EDGE('',*,*,#2833,.F.);
#1561=ORIENTED_EDGE('',*,*,#2834,.F.);
#1562=ORIENTED_EDGE('',*,*,#2830,.T.);
#1563=ORIENTED_EDGE('',*,*,#2836,.F.);
#1564=ORIENTED_EDGE('',*,*,#2457,.T.);
#1565=ORIENTED_EDGE('',*,*,#2837,.T.);
#1566=ORIENTED_EDGE('',*,*,#2838,.F.);
#1567=ORIENTED_EDGE('',*,*,#2839,.T.);
#1568=ORIENTED_EDGE('',*,*,#2459,.T.);
#1569=ORIENTED_EDGE('',*,*,#2840,.F.);
#1570=ORIENTED_EDGE('',*,*,#2841,.T.);
#1571=ORIENTED_EDGE('',*,*,#2458,.F.);
#1572=ORIENTED_EDGE('',*,*,#2836,.T.);
#1573=ORIENTED_EDGE('',*,*,#2842,.T.);
#1574=ORIENTED_EDGE('',*,*,#2840,.T.);
#1575=ORIENTED_EDGE('',*,*,#2837,.F.);
#1576=ORIENTED_EDGE('',*,*,#2460,.T.);
#1577=ORIENTED_EDGE('',*,*,#2839,.F.);
#1578=ORIENTED_EDGE('',*,*,#2843,.F.);
#1579=ORIENTED_EDGE('',*,*,#2843,.T.);
#1580=ORIENTED_EDGE('',*,*,#2841,.F.);
#1581=ORIENTED_EDGE('',*,*,#2842,.F.);
#1582=ORIENTED_EDGE('',*,*,#2838,.T.);
#1583=ORIENTED_EDGE('',*,*,#2844,.F.);
#1584=ORIENTED_EDGE('',*,*,#2453,.T.);
#1585=ORIENTED_EDGE('',*,*,#2845,.T.);
#1586=ORIENTED_EDGE('',*,*,#2846,.F.);
#1587=ORIENTED_EDGE('',*,*,#2847,.T.);
#1588=ORIENTED_EDGE('',*,*,#2455,.T.);
#1589=ORIENTED_EDGE('',*,*,#2848,.F.);
#1590=ORIENTED_EDGE('',*,*,#2849,.T.);
#1591=ORIENTED_EDGE('',*,*,#2454,.F.);
#1592=ORIENTED_EDGE('',*,*,#2844,.T.);
#1593=ORIENTED_EDGE('',*,*,#2850,.T.);
#1594=ORIENTED_EDGE('',*,*,#2848,.T.);
#1595=ORIENTED_EDGE('',*,*,#2845,.F.);
#1596=ORIENTED_EDGE('',*,*,#2456,.T.);
#1597=ORIENTED_EDGE('',*,*,#2847,.F.);
#1598=ORIENTED_EDGE('',*,*,#2851,.F.);
#1599=ORIENTED_EDGE('',*,*,#2851,.T.);
#1600=ORIENTED_EDGE('',*,*,#2849,.F.);
#1601=ORIENTED_EDGE('',*,*,#2850,.F.);
#1602=ORIENTED_EDGE('',*,*,#2846,.T.);
#1603=ORIENTED_EDGE('',*,*,#2194,.F.);
#1604=ORIENTED_EDGE('',*,*,#2852,.F.);
#1605=ORIENTED_EDGE('',*,*,#2853,.F.);
#1606=ORIENTED_EDGE('',*,*,#2854,.T.);
#1607=ORIENTED_EDGE('',*,*,#2855,.F.);
#1608=ORIENTED_EDGE('',*,*,#2856,.F.);
#1609=ORIENTED_EDGE('',*,*,#2857,.F.);
#1610=ORIENTED_EDGE('',*,*,#2192,.F.);
#1611=ORIENTED_EDGE('',*,*,#2858,.T.);
#1612=ORIENTED_EDGE('',*,*,#2859,.T.);
#1613=ORIENTED_EDGE('',*,*,#2860,.T.);
#1614=ORIENTED_EDGE('',*,*,#2861,.T.);
#1615=ORIENTED_EDGE('',*,*,#2178,.F.);
#1616=ORIENTED_EDGE('',*,*,#2862,.F.);
#1617=ORIENTED_EDGE('',*,*,#2858,.F.);
#1618=ORIENTED_EDGE('',*,*,#2191,.T.);
#1619=ORIENTED_EDGE('',*,*,#2854,.F.);
#1620=ORIENTED_EDGE('',*,*,#2863,.F.);
#1621=ORIENTED_EDGE('',*,*,#2864,.F.);
#1622=ORIENTED_EDGE('',*,*,#2865,.F.);
#1623=ORIENTED_EDGE('',*,*,#2866,.F.);
#1624=ORIENTED_EDGE('',*,*,#2867,.F.);
#1625=ORIENTED_EDGE('',*,*,#2868,.T.);
#1626=ORIENTED_EDGE('',*,*,#2869,.T.);
#1627=ORIENTED_EDGE('',*,*,#2870,.T.);
#1628=ORIENTED_EDGE('',*,*,#2871,.T.);
#1629=ORIENTED_EDGE('',*,*,#2872,.T.);
#1630=ORIENTED_EDGE('',*,*,#2852,.T.);
#1631=ORIENTED_EDGE('',*,*,#2193,.F.);
#1632=ORIENTED_EDGE('',*,*,#2857,.T.);
#1633=ORIENTED_EDGE('',*,*,#2873,.F.);
#1634=ORIENTED_EDGE('',*,*,#2874,.T.);
#1635=ORIENTED_EDGE('',*,*,#2869,.F.);
#1636=ORIENTED_EDGE('',*,*,#2875,.F.);
#1637=ORIENTED_EDGE('',*,*,#2870,.F.);
#1638=ORIENTED_EDGE('',*,*,#2874,.F.);
#1639=ORIENTED_EDGE('',*,*,#2876,.F.);
#1640=ORIENTED_EDGE('',*,*,#2865,.T.);
#1641=ORIENTED_EDGE('',*,*,#2877,.T.);
#1642=ORIENTED_EDGE('',*,*,#2871,.F.);
#1643=ORIENTED_EDGE('',*,*,#2877,.F.);
#1644=ORIENTED_EDGE('',*,*,#2864,.T.);
#1645=ORIENTED_EDGE('',*,*,#2878,.T.);
#1646=ORIENTED_EDGE('',*,*,#2872,.F.);
#1647=ORIENTED_EDGE('',*,*,#2878,.F.);
#1648=ORIENTED_EDGE('',*,*,#2863,.T.);
#1649=ORIENTED_EDGE('',*,*,#2853,.T.);
#1650=ORIENTED_EDGE('',*,*,#2879,.F.);
#1651=ORIENTED_EDGE('',*,*,#2859,.F.);
#1652=ORIENTED_EDGE('',*,*,#2862,.T.);
#1653=ORIENTED_EDGE('',*,*,#2177,.T.);
#1654=ORIENTED_EDGE('',*,*,#2880,.F.);
#1655=ORIENTED_EDGE('',*,*,#2875,.T.);
#1656=ORIENTED_EDGE('',*,*,#2868,.F.);
#1657=ORIENTED_EDGE('',*,*,#2234,.F.);
#1658=ORIENTED_EDGE('',*,*,#2881,.F.);
#1659=ORIENTED_EDGE('',*,*,#2882,.F.);
#1660=ORIENTED_EDGE('',*,*,#2883,.T.);
#1661=ORIENTED_EDGE('',*,*,#2884,.F.);
#1662=ORIENTED_EDGE('',*,*,#2885,.F.);
#1663=ORIENTED_EDGE('',*,*,#2886,.F.);
#1664=ORIENTED_EDGE('',*,*,#2232,.F.);
#1665=ORIENTED_EDGE('',*,*,#2887,.T.);
#1666=ORIENTED_EDGE('',*,*,#2888,.T.);
#1667=ORIENTED_EDGE('',*,*,#2889,.T.);
#1668=ORIENTED_EDGE('',*,*,#2890,.T.);
#1669=ORIENTED_EDGE('',*,*,#2157,.F.);
#1670=ORIENTED_EDGE('',*,*,#2891,.F.);
#1671=ORIENTED_EDGE('',*,*,#2887,.F.);
#1672=ORIENTED_EDGE('',*,*,#2231,.T.);
#1673=ORIENTED_EDGE('',*,*,#2883,.F.);
#1674=ORIENTED_EDGE('',*,*,#2892,.F.);
#1675=ORIENTED_EDGE('',*,*,#2893,.F.);
#1676=ORIENTED_EDGE('',*,*,#2894,.F.);
#1677=ORIENTED_EDGE('',*,*,#2895,.F.);
#1678=ORIENTED_EDGE('',*,*,#2896,.F.);
#1679=ORIENTED_EDGE('',*,*,#2897,.T.);
#1680=ORIENTED_EDGE('',*,*,#2898,.T.);
#1681=ORIENTED_EDGE('',*,*,#2899,.T.);
#1682=ORIENTED_EDGE('',*,*,#2900,.T.);
#1683=ORIENTED_EDGE('',*,*,#2901,.T.);
#1684=ORIENTED_EDGE('',*,*,#2881,.T.);
#1685=ORIENTED_EDGE('',*,*,#2233,.F.);
#1686=ORIENTED_EDGE('',*,*,#2886,.T.);
#1687=ORIENTED_EDGE('',*,*,#2902,.F.);
#1688=ORIENTED_EDGE('',*,*,#2903,.T.);
#1689=ORIENTED_EDGE('',*,*,#2898,.F.);
#1690=ORIENTED_EDGE('',*,*,#2904,.F.);
#1691=ORIENTED_EDGE('',*,*,#2899,.F.);
#1692=ORIENTED_EDGE('',*,*,#2903,.F.);
#1693=ORIENTED_EDGE('',*,*,#2905,.F.);
#1694=ORIENTED_EDGE('',*,*,#2894,.T.);
#1695=ORIENTED_EDGE('',*,*,#2906,.T.);
#1696=ORIENTED_EDGE('',*,*,#2900,.F.);
#1697=ORIENTED_EDGE('',*,*,#2906,.F.);
#1698=ORIENTED_EDGE('',*,*,#2893,.T.);
#1699=ORIENTED_EDGE('',*,*,#2907,.T.);
#1700=ORIENTED_EDGE('',*,*,#2901,.F.);
#1701=ORIENTED_EDGE('',*,*,#2907,.F.);
#1702=ORIENTED_EDGE('',*,*,#2892,.T.);
#1703=ORIENTED_EDGE('',*,*,#2882,.T.);
#1704=ORIENTED_EDGE('',*,*,#2908,.F.);
#1705=ORIENTED_EDGE('',*,*,#2888,.F.);
#1706=ORIENTED_EDGE('',*,*,#2891,.T.);
#1707=ORIENTED_EDGE('',*,*,#2156,.T.);
#1708=ORIENTED_EDGE('',*,*,#2909,.F.);
#1709=ORIENTED_EDGE('',*,*,#2904,.T.);
#1710=ORIENTED_EDGE('',*,*,#2897,.F.);
#1711=ORIENTED_EDGE('',*,*,#2190,.F.);
#1712=ORIENTED_EDGE('',*,*,#2910,.F.);
#1713=ORIENTED_EDGE('',*,*,#2911,.F.);
#1714=ORIENTED_EDGE('',*,*,#2912,.T.);
#1715=ORIENTED_EDGE('',*,*,#2913,.F.);
#1716=ORIENTED_EDGE('',*,*,#2914,.F.);
#1717=ORIENTED_EDGE('',*,*,#2915,.F.);
#1718=ORIENTED_EDGE('',*,*,#2188,.F.);
#1719=ORIENTED_EDGE('',*,*,#2916,.T.);
#1720=ORIENTED_EDGE('',*,*,#2917,.T.);
#1721=ORIENTED_EDGE('',*,*,#2918,.T.);
#1722=ORIENTED_EDGE('',*,*,#2919,.T.);
#1723=ORIENTED_EDGE('',*,*,#2160,.F.);
#1724=ORIENTED_EDGE('',*,*,#2920,.F.);
#1725=ORIENTED_EDGE('',*,*,#2916,.F.);
#1726=ORIENTED_EDGE('',*,*,#2187,.T.);
#1727=ORIENTED_EDGE('',*,*,#2912,.F.);
#1728=ORIENTED_EDGE('',*,*,#2921,.F.);
#1729=ORIENTED_EDGE('',*,*,#2922,.F.);
#1730=ORIENTED_EDGE('',*,*,#2923,.F.);
#1731=ORIENTED_EDGE('',*,*,#2924,.F.);
#1732=ORIENTED_EDGE('',*,*,#2925,.F.);
#1733=ORIENTED_EDGE('',*,*,#2926,.T.);
#1734=ORIENTED_EDGE('',*,*,#2927,.T.);
#1735=ORIENTED_EDGE('',*,*,#2928,.T.);
#1736=ORIENTED_EDGE('',*,*,#2929,.T.);
#1737=ORIENTED_EDGE('',*,*,#2930,.T.);
#1738=ORIENTED_EDGE('',*,*,#2910,.T.);
#1739=ORIENTED_EDGE('',*,*,#2189,.F.);
#1740=ORIENTED_EDGE('',*,*,#2915,.T.);
#1741=ORIENTED_EDGE('',*,*,#2931,.F.);
#1742=ORIENTED_EDGE('',*,*,#2932,.T.);
#1743=ORIENTED_EDGE('',*,*,#2927,.F.);
#1744=ORIENTED_EDGE('',*,*,#2933,.F.);
#1745=ORIENTED_EDGE('',*,*,#2928,.F.);
#1746=ORIENTED_EDGE('',*,*,#2932,.F.);
#1747=ORIENTED_EDGE('',*,*,#2934,.F.);
#1748=ORIENTED_EDGE('',*,*,#2923,.T.);
#1749=ORIENTED_EDGE('',*,*,#2935,.T.);
#1750=ORIENTED_EDGE('',*,*,#2929,.F.);
#1751=ORIENTED_EDGE('',*,*,#2935,.F.);
#1752=ORIENTED_EDGE('',*,*,#2922,.T.);
#1753=ORIENTED_EDGE('',*,*,#2936,.T.);
#1754=ORIENTED_EDGE('',*,*,#2930,.F.);
#1755=ORIENTED_EDGE('',*,*,#2936,.F.);
#1756=ORIENTED_EDGE('',*,*,#2921,.T.);
#1757=ORIENTED_EDGE('',*,*,#2911,.T.);
#1758=ORIENTED_EDGE('',*,*,#2937,.F.);
#1759=ORIENTED_EDGE('',*,*,#2917,.F.);
#1760=ORIENTED_EDGE('',*,*,#2920,.T.);
#1761=ORIENTED_EDGE('',*,*,#2159,.T.);
#1762=ORIENTED_EDGE('',*,*,#2938,.F.);
#1763=ORIENTED_EDGE('',*,*,#2933,.T.);
#1764=ORIENTED_EDGE('',*,*,#2926,.F.);
#1765=ORIENTED_EDGE('',*,*,#2238,.F.);
#1766=ORIENTED_EDGE('',*,*,#2939,.F.);
#1767=ORIENTED_EDGE('',*,*,#2940,.F.);
#1768=ORIENTED_EDGE('',*,*,#2941,.T.);
#1769=ORIENTED_EDGE('',*,*,#2942,.F.);
#1770=ORIENTED_EDGE('',*,*,#2943,.F.);
#1771=ORIENTED_EDGE('',*,*,#2944,.F.);
#1772=ORIENTED_EDGE('',*,*,#2236,.F.);
#1773=ORIENTED_EDGE('',*,*,#2945,.T.);
#1774=ORIENTED_EDGE('',*,*,#2946,.T.);
#1775=ORIENTED_EDGE('',*,*,#2947,.T.);
#1776=ORIENTED_EDGE('',*,*,#2948,.T.);
#1777=ORIENTED_EDGE('',*,*,#2163,.F.);
#1778=ORIENTED_EDGE('',*,*,#2949,.F.);
#1779=ORIENTED_EDGE('',*,*,#2945,.F.);
#1780=ORIENTED_EDGE('',*,*,#2235,.T.);
#1781=ORIENTED_EDGE('',*,*,#2941,.F.);
#1782=ORIENTED_EDGE('',*,*,#2950,.F.);
#1783=ORIENTED_EDGE('',*,*,#2951,.F.);
#1784=ORIENTED_EDGE('',*,*,#2952,.F.);
#1785=ORIENTED_EDGE('',*,*,#2953,.F.);
#1786=ORIENTED_EDGE('',*,*,#2954,.F.);
#1787=ORIENTED_EDGE('',*,*,#2955,.T.);
#1788=ORIENTED_EDGE('',*,*,#2956,.T.);
#1789=ORIENTED_EDGE('',*,*,#2957,.T.);
#1790=ORIENTED_EDGE('',*,*,#2958,.T.);
#1791=ORIENTED_EDGE('',*,*,#2959,.T.);
#1792=ORIENTED_EDGE('',*,*,#2939,.T.);
#1793=ORIENTED_EDGE('',*,*,#2237,.F.);
#1794=ORIENTED_EDGE('',*,*,#2944,.T.);
#1795=ORIENTED_EDGE('',*,*,#2960,.F.);
#1796=ORIENTED_EDGE('',*,*,#2961,.T.);
#1797=ORIENTED_EDGE('',*,*,#2956,.F.);
#1798=ORIENTED_EDGE('',*,*,#2962,.F.);
#1799=ORIENTED_EDGE('',*,*,#2957,.F.);
#1800=ORIENTED_EDGE('',*,*,#2961,.F.);
#1801=ORIENTED_EDGE('',*,*,#2963,.F.);
#1802=ORIENTED_EDGE('',*,*,#2952,.T.);
#1803=ORIENTED_EDGE('',*,*,#2964,.T.);
#1804=ORIENTED_EDGE('',*,*,#2958,.F.);
#1805=ORIENTED_EDGE('',*,*,#2964,.F.);
#1806=ORIENTED_EDGE('',*,*,#2951,.T.);
#1807=ORIENTED_EDGE('',*,*,#2965,.T.);
#1808=ORIENTED_EDGE('',*,*,#2959,.F.);
#1809=ORIENTED_EDGE('',*,*,#2965,.F.);
#1810=ORIENTED_EDGE('',*,*,#2950,.T.);
#1811=ORIENTED_EDGE('',*,*,#2940,.T.);
#1812=ORIENTED_EDGE('',*,*,#2966,.F.);
#1813=ORIENTED_EDGE('',*,*,#2946,.F.);
#1814=ORIENTED_EDGE('',*,*,#2949,.T.);
#1815=ORIENTED_EDGE('',*,*,#2162,.T.);
#1816=ORIENTED_EDGE('',*,*,#2967,.F.);
#1817=ORIENTED_EDGE('',*,*,#2962,.T.);
#1818=ORIENTED_EDGE('',*,*,#2955,.F.);
#1819=ORIENTED_EDGE('',*,*,#2186,.F.);
#1820=ORIENTED_EDGE('',*,*,#2968,.F.);
#1821=ORIENTED_EDGE('',*,*,#2969,.F.);
#1822=ORIENTED_EDGE('',*,*,#2970,.T.);
#1823=ORIENTED_EDGE('',*,*,#2971,.F.);
#1824=ORIENTED_EDGE('',*,*,#2972,.F.);
#1825=ORIENTED_EDGE('',*,*,#2973,.F.);
#1826=ORIENTED_EDGE('',*,*,#2184,.F.);
#1827=ORIENTED_EDGE('',*,*,#2974,.T.);
#1828=ORIENTED_EDGE('',*,*,#2975,.T.);
#1829=ORIENTED_EDGE('',*,*,#2976,.T.);
#1830=ORIENTED_EDGE('',*,*,#2977,.T.);
#1831=ORIENTED_EDGE('',*,*,#2166,.F.);
#1832=ORIENTED_EDGE('',*,*,#2978,.F.);
#1833=ORIENTED_EDGE('',*,*,#2974,.F.);
#1834=ORIENTED_EDGE('',*,*,#2183,.T.);
#1835=ORIENTED_EDGE('',*,*,#2970,.F.);
#1836=ORIENTED_EDGE('',*,*,#2979,.F.);
#1837=ORIENTED_EDGE('',*,*,#2980,.F.);
#1838=ORIENTED_EDGE('',*,*,#2981,.F.);
#1839=ORIENTED_EDGE('',*,*,#2982,.F.);
#1840=ORIENTED_EDGE('',*,*,#2983,.F.);
#1841=ORIENTED_EDGE('',*,*,#2984,.T.);
#1842=ORIENTED_EDGE('',*,*,#2985,.T.);
#1843=ORIENTED_EDGE('',*,*,#2986,.T.);
#1844=ORIENTED_EDGE('',*,*,#2987,.T.);
#1845=ORIENTED_EDGE('',*,*,#2988,.T.);
#1846=ORIENTED_EDGE('',*,*,#2968,.T.);
#1847=ORIENTED_EDGE('',*,*,#2185,.F.);
#1848=ORIENTED_EDGE('',*,*,#2973,.T.);
#1849=ORIENTED_EDGE('',*,*,#2989,.F.);
#1850=ORIENTED_EDGE('',*,*,#2990,.T.);
#1851=ORIENTED_EDGE('',*,*,#2985,.F.);
#1852=ORIENTED_EDGE('',*,*,#2991,.F.);
#1853=ORIENTED_EDGE('',*,*,#2986,.F.);
#1854=ORIENTED_EDGE('',*,*,#2990,.F.);
#1855=ORIENTED_EDGE('',*,*,#2992,.F.);
#1856=ORIENTED_EDGE('',*,*,#2981,.T.);
#1857=ORIENTED_EDGE('',*,*,#2993,.T.);
#1858=ORIENTED_EDGE('',*,*,#2987,.F.);
#1859=ORIENTED_EDGE('',*,*,#2993,.F.);
#1860=ORIENTED_EDGE('',*,*,#2980,.T.);
#1861=ORIENTED_EDGE('',*,*,#2994,.T.);
#1862=ORIENTED_EDGE('',*,*,#2988,.F.);
#1863=ORIENTED_EDGE('',*,*,#2994,.F.);
#1864=ORIENTED_EDGE('',*,*,#2979,.T.);
#1865=ORIENTED_EDGE('',*,*,#2969,.T.);
#1866=ORIENTED_EDGE('',*,*,#2995,.F.);
#1867=ORIENTED_EDGE('',*,*,#2975,.F.);
#1868=ORIENTED_EDGE('',*,*,#2978,.T.);
#1869=ORIENTED_EDGE('',*,*,#2165,.T.);
#1870=ORIENTED_EDGE('',*,*,#2996,.F.);
#1871=ORIENTED_EDGE('',*,*,#2991,.T.);
#1872=ORIENTED_EDGE('',*,*,#2984,.F.);
#1873=ORIENTED_EDGE('',*,*,#2242,.F.);
#1874=ORIENTED_EDGE('',*,*,#2997,.F.);
#1875=ORIENTED_EDGE('',*,*,#2998,.F.);
#1876=ORIENTED_EDGE('',*,*,#2999,.T.);
#1877=ORIENTED_EDGE('',*,*,#3000,.F.);
#1878=ORIENTED_EDGE('',*,*,#3001,.F.);
#1879=ORIENTED_EDGE('',*,*,#3002,.F.);
#1880=ORIENTED_EDGE('',*,*,#2240,.F.);
#1881=ORIENTED_EDGE('',*,*,#3003,.T.);
#1882=ORIENTED_EDGE('',*,*,#3004,.T.);
#1883=ORIENTED_EDGE('',*,*,#3005,.T.);
#1884=ORIENTED_EDGE('',*,*,#3006,.T.);
#1885=ORIENTED_EDGE('',*,*,#2169,.F.);
#1886=ORIENTED_EDGE('',*,*,#3007,.F.);
#1887=ORIENTED_EDGE('',*,*,#3003,.F.);
#1888=ORIENTED_EDGE('',*,*,#2239,.T.);
#1889=ORIENTED_EDGE('',*,*,#2999,.F.);
#1890=ORIENTED_EDGE('',*,*,#3008,.F.);
#1891=ORIENTED_EDGE('',*,*,#3009,.F.);
#1892=ORIENTED_EDGE('',*,*,#3010,.F.);
#1893=ORIENTED_EDGE('',*,*,#3011,.F.);
#1894=ORIENTED_EDGE('',*,*,#3012,.F.);
#1895=ORIENTED_EDGE('',*,*,#3013,.T.);
#1896=ORIENTED_EDGE('',*,*,#3014,.T.);
#1897=ORIENTED_EDGE('',*,*,#3015,.T.);
#1898=ORIENTED_EDGE('',*,*,#3016,.T.);
#1899=ORIENTED_EDGE('',*,*,#3017,.T.);
#1900=ORIENTED_EDGE('',*,*,#2997,.T.);
#1901=ORIENTED_EDGE('',*,*,#2241,.F.);
#1902=ORIENTED_EDGE('',*,*,#3002,.T.);
#1903=ORIENTED_EDGE('',*,*,#3018,.F.);
#1904=ORIENTED_EDGE('',*,*,#3019,.T.);
#1905=ORIENTED_EDGE('',*,*,#3014,.F.);
#1906=ORIENTED_EDGE('',*,*,#3020,.F.);
#1907=ORIENTED_EDGE('',*,*,#3015,.F.);
#1908=ORIENTED_EDGE('',*,*,#3019,.F.);
#1909=ORIENTED_EDGE('',*,*,#3021,.F.);
#1910=ORIENTED_EDGE('',*,*,#3010,.T.);
#1911=ORIENTED_EDGE('',*,*,#3022,.T.);
#1912=ORIENTED_EDGE('',*,*,#3016,.F.);
#1913=ORIENTED_EDGE('',*,*,#3022,.F.);
#1914=ORIENTED_EDGE('',*,*,#3009,.T.);
#1915=ORIENTED_EDGE('',*,*,#3023,.T.);
#1916=ORIENTED_EDGE('',*,*,#3017,.F.);
#1917=ORIENTED_EDGE('',*,*,#3023,.F.);
#1918=ORIENTED_EDGE('',*,*,#3008,.T.);
#1919=ORIENTED_EDGE('',*,*,#2998,.T.);
#1920=ORIENTED_EDGE('',*,*,#3024,.F.);
#1921=ORIENTED_EDGE('',*,*,#3004,.F.);
#1922=ORIENTED_EDGE('',*,*,#3007,.T.);
#1923=ORIENTED_EDGE('',*,*,#2168,.T.);
#1924=ORIENTED_EDGE('',*,*,#3025,.F.);
#1925=ORIENTED_EDGE('',*,*,#3020,.T.);
#1926=ORIENTED_EDGE('',*,*,#3013,.F.);
#1927=ORIENTED_EDGE('',*,*,#2182,.F.);
#1928=ORIENTED_EDGE('',*,*,#3026,.F.);
#1929=ORIENTED_EDGE('',*,*,#3027,.F.);
#1930=ORIENTED_EDGE('',*,*,#3028,.T.);
#1931=ORIENTED_EDGE('',*,*,#3029,.F.);
#1932=ORIENTED_EDGE('',*,*,#3030,.F.);
#1933=ORIENTED_EDGE('',*,*,#3031,.F.);
#1934=ORIENTED_EDGE('',*,*,#2180,.F.);
#1935=ORIENTED_EDGE('',*,*,#3032,.T.);
#1936=ORIENTED_EDGE('',*,*,#3033,.T.);
#1937=ORIENTED_EDGE('',*,*,#3034,.T.);
#1938=ORIENTED_EDGE('',*,*,#3035,.T.);
#1939=ORIENTED_EDGE('',*,*,#2172,.F.);
#1940=ORIENTED_EDGE('',*,*,#3036,.F.);
#1941=ORIENTED_EDGE('',*,*,#3032,.F.);
#1942=ORIENTED_EDGE('',*,*,#2179,.T.);
#1943=ORIENTED_EDGE('',*,*,#3028,.F.);
#1944=ORIENTED_EDGE('',*,*,#3037,.F.);
#1945=ORIENTED_EDGE('',*,*,#3038,.F.);
#1946=ORIENTED_EDGE('',*,*,#3039,.F.);
#1947=ORIENTED_EDGE('',*,*,#3040,.F.);
#1948=ORIENTED_EDGE('',*,*,#3041,.F.);
#1949=ORIENTED_EDGE('',*,*,#3042,.T.);
#1950=ORIENTED_EDGE('',*,*,#3043,.T.);
#1951=ORIENTED_EDGE('',*,*,#3044,.T.);
#1952=ORIENTED_EDGE('',*,*,#3045,.T.);
#1953=ORIENTED_EDGE('',*,*,#3046,.T.);
#1954=ORIENTED_EDGE('',*,*,#3026,.T.);
#1955=ORIENTED_EDGE('',*,*,#2181,.F.);
#1956=ORIENTED_EDGE('',*,*,#3031,.T.);
#1957=ORIENTED_EDGE('',*,*,#3047,.F.);
#1958=ORIENTED_EDGE('',*,*,#3048,.T.);
#1959=ORIENTED_EDGE('',*,*,#3043,.F.);
#1960=ORIENTED_EDGE('',*,*,#3049,.F.);
#1961=ORIENTED_EDGE('',*,*,#3044,.F.);
#1962=ORIENTED_EDGE('',*,*,#3048,.F.);
#1963=ORIENTED_EDGE('',*,*,#3050,.F.);
#1964=ORIENTED_EDGE('',*,*,#3039,.T.);
#1965=ORIENTED_EDGE('',*,*,#3051,.T.);
#1966=ORIENTED_EDGE('',*,*,#3045,.F.);
#1967=ORIENTED_EDGE('',*,*,#3051,.F.);
#1968=ORIENTED_EDGE('',*,*,#3038,.T.);
#1969=ORIENTED_EDGE('',*,*,#3052,.T.);
#1970=ORIENTED_EDGE('',*,*,#3046,.F.);
#1971=ORIENTED_EDGE('',*,*,#3052,.F.);
#1972=ORIENTED_EDGE('',*,*,#3037,.T.);
#1973=ORIENTED_EDGE('',*,*,#3027,.T.);
#1974=ORIENTED_EDGE('',*,*,#3053,.F.);
#1975=ORIENTED_EDGE('',*,*,#3033,.F.);
#1976=ORIENTED_EDGE('',*,*,#3036,.T.);
#1977=ORIENTED_EDGE('',*,*,#2171,.T.);
#1978=ORIENTED_EDGE('',*,*,#3054,.F.);
#1979=ORIENTED_EDGE('',*,*,#3049,.T.);
#1980=ORIENTED_EDGE('',*,*,#3042,.F.);
#1981=ORIENTED_EDGE('',*,*,#2246,.F.);
#1982=ORIENTED_EDGE('',*,*,#3055,.F.);
#1983=ORIENTED_EDGE('',*,*,#3056,.F.);
#1984=ORIENTED_EDGE('',*,*,#3057,.T.);
#1985=ORIENTED_EDGE('',*,*,#3058,.F.);
#1986=ORIENTED_EDGE('',*,*,#3059,.F.);
#1987=ORIENTED_EDGE('',*,*,#3060,.F.);
#1988=ORIENTED_EDGE('',*,*,#2244,.F.);
#1989=ORIENTED_EDGE('',*,*,#3061,.T.);
#1990=ORIENTED_EDGE('',*,*,#3062,.T.);
#1991=ORIENTED_EDGE('',*,*,#3063,.T.);
#1992=ORIENTED_EDGE('',*,*,#3064,.T.);
#1993=ORIENTED_EDGE('',*,*,#2175,.F.);
#1994=ORIENTED_EDGE('',*,*,#3065,.F.);
#1995=ORIENTED_EDGE('',*,*,#3061,.F.);
#1996=ORIENTED_EDGE('',*,*,#2243,.T.);
#1997=ORIENTED_EDGE('',*,*,#3057,.F.);
#1998=ORIENTED_EDGE('',*,*,#3066,.F.);
#1999=ORIENTED_EDGE('',*,*,#3067,.F.);
#2000=ORIENTED_EDGE('',*,*,#3068,.F.);
#2001=ORIENTED_EDGE('',*,*,#3069,.F.);
#2002=ORIENTED_EDGE('',*,*,#3070,.F.);
#2003=ORIENTED_EDGE('',*,*,#3071,.T.);
#2004=ORIENTED_EDGE('',*,*,#3072,.T.);
#2005=ORIENTED_EDGE('',*,*,#3073,.T.);
#2006=ORIENTED_EDGE('',*,*,#3074,.T.);
#2007=ORIENTED_EDGE('',*,*,#3075,.T.);
#2008=ORIENTED_EDGE('',*,*,#3055,.T.);
#2009=ORIENTED_EDGE('',*,*,#2245,.F.);
#2010=ORIENTED_EDGE('',*,*,#3060,.T.);
#2011=ORIENTED_EDGE('',*,*,#3076,.F.);
#2012=ORIENTED_EDGE('',*,*,#3077,.T.);
#2013=ORIENTED_EDGE('',*,*,#3072,.F.);
#2014=ORIENTED_EDGE('',*,*,#3078,.F.);
#2015=ORIENTED_EDGE('',*,*,#3073,.F.);
#2016=ORIENTED_EDGE('',*,*,#3077,.F.);
#2017=ORIENTED_EDGE('',*,*,#3079,.F.);
#2018=ORIENTED_EDGE('',*,*,#3068,.T.);
#2019=ORIENTED_EDGE('',*,*,#3080,.T.);
#2020=ORIENTED_EDGE('',*,*,#3074,.F.);
#2021=ORIENTED_EDGE('',*,*,#3080,.F.);
#2022=ORIENTED_EDGE('',*,*,#3067,.T.);
#2023=ORIENTED_EDGE('',*,*,#3081,.T.);
#2024=ORIENTED_EDGE('',*,*,#3075,.F.);
#2025=ORIENTED_EDGE('',*,*,#3081,.F.);
#2026=ORIENTED_EDGE('',*,*,#3066,.T.);
#2027=ORIENTED_EDGE('',*,*,#3056,.T.);
#2028=ORIENTED_EDGE('',*,*,#3082,.F.);
#2029=ORIENTED_EDGE('',*,*,#3062,.F.);
#2030=ORIENTED_EDGE('',*,*,#3065,.T.);
#2031=ORIENTED_EDGE('',*,*,#2174,.T.);
#2032=ORIENTED_EDGE('',*,*,#3083,.F.);
#2033=ORIENTED_EDGE('',*,*,#3078,.T.);
#2034=ORIENTED_EDGE('',*,*,#3071,.F.);
#2035=ORIENTED_EDGE('',*,*,#2856,.T.);
#2036=ORIENTED_EDGE('',*,*,#3084,.T.);
#2037=ORIENTED_EDGE('',*,*,#2860,.F.);
#2038=ORIENTED_EDGE('',*,*,#2876,.T.);
#2039=ORIENTED_EDGE('',*,*,#3085,.F.);
#2040=ORIENTED_EDGE('',*,*,#2866,.T.);
#2041=ORIENTED_EDGE('',*,*,#3084,.F.);
#2042=ORIENTED_EDGE('',*,*,#2855,.T.);
#2043=ORIENTED_EDGE('',*,*,#2879,.T.);
#2044=ORIENTED_EDGE('',*,*,#2176,.T.);
#2045=ORIENTED_EDGE('',*,*,#2861,.F.);
#2046=ORIENTED_EDGE('',*,*,#2867,.T.);
#2047=ORIENTED_EDGE('',*,*,#3085,.T.);
#2048=ORIENTED_EDGE('',*,*,#2873,.T.);
#2049=ORIENTED_EDGE('',*,*,#2880,.T.);
#2050=ORIENTED_EDGE('',*,*,#3059,.T.);
#2051=ORIENTED_EDGE('',*,*,#3086,.T.);
#2052=ORIENTED_EDGE('',*,*,#3063,.F.);
#2053=ORIENTED_EDGE('',*,*,#3079,.T.);
#2054=ORIENTED_EDGE('',*,*,#3087,.F.);
#2055=ORIENTED_EDGE('',*,*,#3069,.T.);
#2056=ORIENTED_EDGE('',*,*,#3086,.F.);
#2057=ORIENTED_EDGE('',*,*,#3058,.T.);
#2058=ORIENTED_EDGE('',*,*,#3082,.T.);
#2059=ORIENTED_EDGE('',*,*,#2173,.T.);
#2060=ORIENTED_EDGE('',*,*,#3064,.F.);
#2061=ORIENTED_EDGE('',*,*,#3070,.T.);
#2062=ORIENTED_EDGE('',*,*,#3087,.T.);
#2063=ORIENTED_EDGE('',*,*,#3076,.T.);
#2064=ORIENTED_EDGE('',*,*,#3083,.T.);
#2065=ORIENTED_EDGE('',*,*,#3030,.T.);
#2066=ORIENTED_EDGE('',*,*,#3088,.T.);
#2067=ORIENTED_EDGE('',*,*,#3034,.F.);
#2068=ORIENTED_EDGE('',*,*,#3050,.T.);
#2069=ORIENTED_EDGE('',*,*,#3089,.F.);
#2070=ORIENTED_EDGE('',*,*,#3040,.T.);
#2071=ORIENTED_EDGE('',*,*,#3088,.F.);
#2072=ORIENTED_EDGE('',*,*,#3029,.T.);
#2073=ORIENTED_EDGE('',*,*,#3053,.T.);
#2074=ORIENTED_EDGE('',*,*,#2170,.T.);
#2075=ORIENTED_EDGE('',*,*,#3035,.F.);
#2076=ORIENTED_EDGE('',*,*,#3041,.T.);
#2077=ORIENTED_EDGE('',*,*,#3089,.T.);
#2078=ORIENTED_EDGE('',*,*,#3047,.T.);
#2079=ORIENTED_EDGE('',*,*,#3054,.T.);
#2080=ORIENTED_EDGE('',*,*,#3001,.T.);
#2081=ORIENTED_EDGE('',*,*,#3090,.T.);
#2082=ORIENTED_EDGE('',*,*,#3005,.F.);
#2083=ORIENTED_EDGE('',*,*,#3021,.T.);
#2084=ORIENTED_EDGE('',*,*,#3091,.F.);
#2085=ORIENTED_EDGE('',*,*,#3011,.T.);
#2086=ORIENTED_EDGE('',*,*,#3090,.F.);
#2087=ORIENTED_EDGE('',*,*,#3000,.T.);
#2088=ORIENTED_EDGE('',*,*,#3024,.T.);
#2089=ORIENTED_EDGE('',*,*,#2167,.T.);
#2090=ORIENTED_EDGE('',*,*,#3006,.F.);
#2091=ORIENTED_EDGE('',*,*,#3012,.T.);
#2092=ORIENTED_EDGE('',*,*,#3091,.T.);
#2093=ORIENTED_EDGE('',*,*,#3018,.T.);
#2094=ORIENTED_EDGE('',*,*,#3025,.T.);
#2095=ORIENTED_EDGE('',*,*,#2972,.T.);
#2096=ORIENTED_EDGE('',*,*,#3092,.T.);
#2097=ORIENTED_EDGE('',*,*,#2976,.F.);
#2098=ORIENTED_EDGE('',*,*,#2992,.T.);
#2099=ORIENTED_EDGE('',*,*,#3093,.F.);
#2100=ORIENTED_EDGE('',*,*,#2982,.T.);
#2101=ORIENTED_EDGE('',*,*,#3092,.F.);
#2102=ORIENTED_EDGE('',*,*,#2971,.T.);
#2103=ORIENTED_EDGE('',*,*,#2995,.T.);
#2104=ORIENTED_EDGE('',*,*,#2164,.T.);
#2105=ORIENTED_EDGE('',*,*,#2977,.F.);
#2106=ORIENTED_EDGE('',*,*,#2983,.T.);
#2107=ORIENTED_EDGE('',*,*,#3093,.T.);
#2108=ORIENTED_EDGE('',*,*,#2989,.T.);
#2109=ORIENTED_EDGE('',*,*,#2996,.T.);
#2110=ORIENTED_EDGE('',*,*,#2943,.T.);
#2111=ORIENTED_EDGE('',*,*,#3094,.T.);
#2112=ORIENTED_EDGE('',*,*,#2947,.F.);
#2113=ORIENTED_EDGE('',*,*,#2963,.T.);
#2114=ORIENTED_EDGE('',*,*,#3095,.F.);
#2115=ORIENTED_EDGE('',*,*,#2953,.T.);
#2116=ORIENTED_EDGE('',*,*,#3094,.F.);
#2117=ORIENTED_EDGE('',*,*,#2942,.T.);
#2118=ORIENTED_EDGE('',*,*,#2966,.T.);
#2119=ORIENTED_EDGE('',*,*,#2161,.T.);
#2120=ORIENTED_EDGE('',*,*,#2948,.F.);
#2121=ORIENTED_EDGE('',*,*,#2954,.T.);
#2122=ORIENTED_EDGE('',*,*,#3095,.T.);
#2123=ORIENTED_EDGE('',*,*,#2960,.T.);
#2124=ORIENTED_EDGE('',*,*,#2967,.T.);
#2125=ORIENTED_EDGE('',*,*,#2914,.T.);
#2126=ORIENTED_EDGE('',*,*,#3096,.T.);
#2127=ORIENTED_EDGE('',*,*,#2918,.F.);
#2128=ORIENTED_EDGE('',*,*,#2934,.T.);
#2129=ORIENTED_EDGE('',*,*,#3097,.F.);
#2130=ORIENTED_EDGE('',*,*,#2924,.T.);
#2131=ORIENTED_EDGE('',*,*,#3096,.F.);
#2132=ORIENTED_EDGE('',*,*,#2913,.T.);
#2133=ORIENTED_EDGE('',*,*,#2937,.T.);
#2134=ORIENTED_EDGE('',*,*,#2158,.T.);
#2135=ORIENTED_EDGE('',*,*,#2919,.F.);
#2136=ORIENTED_EDGE('',*,*,#2925,.T.);
#2137=ORIENTED_EDGE('',*,*,#3097,.T.);
#2138=ORIENTED_EDGE('',*,*,#2931,.T.);
#2139=ORIENTED_EDGE('',*,*,#2938,.T.);
#2140=ORIENTED_EDGE('',*,*,#2885,.T.);
#2141=ORIENTED_EDGE('',*,*,#3098,.T.);
#2142=ORIENTED_EDGE('',*,*,#2889,.F.);
#2143=ORIENTED_EDGE('',*,*,#2905,.T.);
#2144=ORIENTED_EDGE('',*,*,#3099,.F.);
#2145=ORIENTED_EDGE('',*,*,#2895,.T.);
#2146=ORIENTED_EDGE('',*,*,#3098,.F.);
#2147=ORIENTED_EDGE('',*,*,#2884,.T.);
#2148=ORIENTED_EDGE('',*,*,#2908,.T.);
#2149=ORIENTED_EDGE('',*,*,#2155,.T.);
#2150=ORIENTED_EDGE('',*,*,#2890,.F.);
#2151=ORIENTED_EDGE('',*,*,#2896,.T.);
#2152=ORIENTED_EDGE('',*,*,#3099,.T.);
#2153=ORIENTED_EDGE('',*,*,#2902,.T.);
#2154=ORIENTED_EDGE('',*,*,#2909,.T.);
#2155=EDGE_CURVE('',#3100,#3101,#3722,.T.);
#2156=EDGE_CURVE('',#3102,#3100,#3723,.T.);
#2157=EDGE_CURVE('',#3102,#3101,#3724,.T.);
#2158=EDGE_CURVE('',#3103,#3104,#3725,.T.);
#2159=EDGE_CURVE('',#3105,#3103,#3726,.T.);
#2160=EDGE_CURVE('',#3105,#3104,#3727,.T.);
#2161=EDGE_CURVE('',#3106,#3107,#3728,.T.);
#2162=EDGE_CURVE('',#3108,#3106,#3729,.T.);
#2163=EDGE_CURVE('',#3108,#3107,#3730,.T.);
#2164=EDGE_CURVE('',#3109,#3110,#3731,.T.);
#2165=EDGE_CURVE('',#3111,#3109,#3732,.T.);
#2166=EDGE_CURVE('',#3111,#3110,#3733,.T.);
#2167=EDGE_CURVE('',#3112,#3113,#3734,.T.);
#2168=EDGE_CURVE('',#3114,#3112,#3735,.T.);
#2169=EDGE_CURVE('',#3114,#3113,#3736,.T.);
#2170=EDGE_CURVE('',#3115,#3116,#3737,.T.);
#2171=EDGE_CURVE('',#3117,#3115,#3738,.T.);
#2172=EDGE_CURVE('',#3117,#3116,#3739,.T.);
#2173=EDGE_CURVE('',#3118,#3119,#3740,.T.);
#2174=EDGE_CURVE('',#3120,#3118,#3741,.T.);
#2175=EDGE_CURVE('',#3120,#3119,#3742,.T.);
#2176=EDGE_CURVE('',#3121,#3122,#3743,.T.);
#2177=EDGE_CURVE('',#3123,#3121,#3744,.T.);
#2178=EDGE_CURVE('',#3123,#3122,#3745,.T.);
#2179=EDGE_CURVE('',#3124,#3125,#3746,.T.);
#2180=EDGE_CURVE('',#3124,#3126,#3747,.T.);
#2181=EDGE_CURVE('',#3126,#3127,#3748,.T.);
#2182=EDGE_CURVE('',#3127,#3125,#3749,.T.);
#2183=EDGE_CURVE('',#3128,#3129,#3750,.T.);
#2184=EDGE_CURVE('',#3128,#3130,#3751,.T.);
#2185=EDGE_CURVE('',#3130,#3131,#3752,.T.);
#2186=EDGE_CURVE('',#3131,#3129,#3753,.T.);
#2187=EDGE_CURVE('',#3132,#3133,#3754,.T.);
#2188=EDGE_CURVE('',#3132,#3134,#3755,.T.);
#2189=EDGE_CURVE('',#3134,#3135,#3756,.T.);
#2190=EDGE_CURVE('',#3135,#3133,#3757,.T.);
#2191=EDGE_CURVE('',#3136,#3137,#3758,.T.);
#2192=EDGE_CURVE('',#3136,#3138,#3759,.T.);
#2193=EDGE_CURVE('',#3138,#3139,#3760,.T.);
#2194=EDGE_CURVE('',#3139,#3137,#3761,.T.);
#2195=EDGE_CURVE('',#3140,#3141,#3762,.T.);
#2196=EDGE_CURVE('',#3142,#3141,#147,.F.);
#2197=EDGE_CURVE('',#3143,#3142,#3763,.T.);
#2198=EDGE_CURVE('',#3143,#3144,#3764,.T.);
#2199=EDGE_CURVE('',#3144,#3145,#3765,.T.);
#2200=EDGE_CURVE('',#3146,#3145,#148,.F.);
#2201=EDGE_CURVE('',#3147,#3146,#3766,.T.);
#2202=EDGE_CURVE('',#3147,#3148,#3767,.T.);
#2203=EDGE_CURVE('',#3148,#3149,#3768,.T.);
#2204=EDGE_CURVE('',#3150,#3149,#3769,.T.);
#2205=EDGE_CURVE('',#3151,#3150,#3770,.T.);
#2206=EDGE_CURVE('',#3151,#3152,#3771,.T.);
#2207=EDGE_CURVE('',#3152,#3153,#3772,.T.);
#2208=EDGE_CURVE('',#3154,#3153,#149,.F.);
#2209=EDGE_CURVE('',#3155,#3154,#3773,.T.);
#2210=EDGE_CURVE('',#3155,#3156,#3774,.T.);
#2211=EDGE_CURVE('',#3156,#3157,#3775,.T.);
#2212=EDGE_CURVE('',#3158,#3157,#150,.F.);
#2213=EDGE_CURVE('',#3159,#3158,#3776,.T.);
#2214=EDGE_CURVE('',#3159,#3160,#3777,.T.);
#2215=EDGE_CURVE('',#3160,#3161,#3778,.T.);
#2216=EDGE_CURVE('',#3162,#3161,#151,.F.);
#2217=EDGE_CURVE('',#3163,#3162,#3779,.T.);
#2218=EDGE_CURVE('',#3163,#3164,#3780,.T.);
#2219=EDGE_CURVE('',#3164,#3165,#3781,.T.);
#2220=EDGE_CURVE('',#3166,#3165,#152,.F.);
#2221=EDGE_CURVE('',#3167,#3166,#3782,.T.);
#2222=EDGE_CURVE('',#3167,#3168,#3783,.T.);
#2223=EDGE_CURVE('',#3168,#3169,#3784,.T.);
#2224=EDGE_CURVE('',#3170,#3169,#153,.F.);
#2225=EDGE_CURVE('',#3171,#3170,#3785,.T.);
#2226=EDGE_CURVE('',#3171,#3172,#3786,.T.);
#2227=EDGE_CURVE('',#3172,#3173,#3787,.T.);
#2228=EDGE_CURVE('',#3174,#3173,#154,.F.);
#2229=EDGE_CURVE('',#3175,#3174,#3788,.T.);
#2230=EDGE_CURVE('',#3175,#3140,#3789,.T.);
#2231=EDGE_CURVE('',#3176,#3177,#3790,.T.);
#2232=EDGE_CURVE('',#3176,#3178,#3791,.T.);
#2233=EDGE_CURVE('',#3178,#3179,#3792,.T.);
#2234=EDGE_CURVE('',#3179,#3177,#3793,.T.);
#2235=EDGE_CURVE('',#3180,#3181,#3794,.T.);
#2236=EDGE_CURVE('',#3180,#3182,#3795,.T.);
#2237=EDGE_CURVE('',#3182,#3183,#3796,.T.);
#2238=EDGE_CURVE('',#3183,#3181,#3797,.T.);
#2239=EDGE_CURVE('',#3184,#3185,#3798,.T.);
#2240=EDGE_CURVE('',#3184,#3186,#3799,.T.);
#2241=EDGE_CURVE('',#3186,#3187,#3800,.T.);
#2242=EDGE_CURVE('',#3187,#3185,#3801,.T.);
#2243=EDGE_CURVE('',#3188,#3189,#3802,.T.);
#2244=EDGE_CURVE('',#3188,#3190,#3803,.T.);
#2245=EDGE_CURVE('',#3190,#3191,#3804,.T.);
#2246=EDGE_CURVE('',#3191,#3189,#3805,.T.);
#2247=EDGE_CURVE('',#3192,#3143,#60,.T.);
#2248=EDGE_CURVE('',#3192,#3193,#3806,.T.);
#2249=EDGE_CURVE('',#3144,#3193,#61,.T.);
#2250=EDGE_CURVE('',#3194,#3195,#3807,.T.);
#2251=EDGE_CURVE('',#3196,#3194,#3808,.T.);
#2252=EDGE_CURVE('',#3197,#3196,#3809,.T.);
#2253=EDGE_CURVE('',#3197,#3198,#155,.T.);
#2254=EDGE_CURVE('',#3199,#3198,#3810,.T.);
#2255=EDGE_CURVE('',#3200,#3199,#3811,.T.);
#2256=EDGE_CURVE('',#3201,#3200,#3812,.T.);
#2257=EDGE_CURVE('',#3201,#3202,#156,.T.);
#2258=EDGE_CURVE('',#3203,#3202,#3813,.T.);
#2259=EDGE_CURVE('',#3204,#3203,#3814,.T.);
#2260=EDGE_CURVE('',#3205,#3204,#3815,.T.);
#2261=EDGE_CURVE('',#3205,#3206,#157,.T.);
#2262=EDGE_CURVE('',#3207,#3206,#3816,.T.);
#2263=EDGE_CURVE('',#3208,#3207,#3817,.T.);
#2264=EDGE_CURVE('',#3209,#3208,#3818,.T.);
#2265=EDGE_CURVE('',#3209,#3210,#158,.T.);
#2266=EDGE_CURVE('',#3211,#3210,#3819,.T.);
#2267=EDGE_CURVE('',#3212,#3211,#3820,.T.);
#2268=EDGE_CURVE('',#3213,#3212,#3821,.T.);
#2269=EDGE_CURVE('',#3213,#3214,#159,.T.);
#2270=EDGE_CURVE('',#3215,#3214,#3822,.T.);
#2271=EDGE_CURVE('',#3216,#3215,#3823,.T.);
#2272=EDGE_CURVE('',#3217,#3216,#3824,.T.);
#2273=EDGE_CURVE('',#3217,#3218,#160,.T.);
#2274=EDGE_CURVE('',#3219,#3218,#3825,.T.);
#2275=EDGE_CURVE('',#3220,#3219,#3826,.T.);
#2276=EDGE_CURVE('',#3221,#3220,#3827,.T.);
#2277=EDGE_CURVE('',#3221,#3222,#3828,.T.);
#2278=EDGE_CURVE('',#3222,#3223,#3829,.T.);
#2279=EDGE_CURVE('',#3224,#3223,#3830,.T.);
#2280=EDGE_CURVE('',#3225,#3224,#3831,.T.);
#2281=EDGE_CURVE('',#3225,#3226,#161,.T.);
#2282=EDGE_CURVE('',#3193,#3226,#3832,.T.);
#2283=EDGE_CURVE('',#3227,#3192,#3833,.T.);
#2284=EDGE_CURVE('',#3227,#3195,#162,.T.);
#2285=EDGE_CURVE('',#3153,#3228,#3834,.T.);
#2286=EDGE_CURVE('',#3228,#3229,#163,.T.);
#2287=EDGE_CURVE('',#3154,#3229,#3835,.T.);
#2288=EDGE_CURVE('',#3228,#3230,#3836,.T.);
#2289=EDGE_CURVE('',#3230,#3231,#164,.T.);
#2290=EDGE_CURVE('',#3229,#3231,#3837,.T.);
#2291=EDGE_CURVE('',#3157,#3232,#3838,.T.);
#2292=EDGE_CURVE('',#3232,#3233,#165,.T.);
#2293=EDGE_CURVE('',#3158,#3233,#3839,.T.);
#2294=EDGE_CURVE('',#3232,#3234,#3840,.T.);
#2295=EDGE_CURVE('',#3234,#3235,#166,.T.);
#2296=EDGE_CURVE('',#3233,#3235,#3841,.T.);
#2297=EDGE_CURVE('',#3161,#3236,#3842,.T.);
#2298=EDGE_CURVE('',#3236,#3237,#167,.T.);
#2299=EDGE_CURVE('',#3162,#3237,#3843,.T.);
#2300=EDGE_CURVE('',#3236,#3238,#3844,.T.);
#2301=EDGE_CURVE('',#3238,#3239,#168,.T.);
#2302=EDGE_CURVE('',#3237,#3239,#3845,.T.);
#2303=EDGE_CURVE('',#3165,#3240,#3846,.T.);
#2304=EDGE_CURVE('',#3240,#3241,#169,.T.);
#2305=EDGE_CURVE('',#3166,#3241,#3847,.T.);
#2306=EDGE_CURVE('',#3240,#3242,#3848,.T.);
#2307=EDGE_CURVE('',#3242,#3243,#170,.T.);
#2308=EDGE_CURVE('',#3241,#3243,#3849,.T.);
#2309=EDGE_CURVE('',#3169,#3244,#3850,.T.);
#2310=EDGE_CURVE('',#3244,#3245,#171,.T.);
#2311=EDGE_CURVE('',#3170,#3245,#3851,.T.);
#2312=EDGE_CURVE('',#3244,#3246,#3852,.T.);
#2313=EDGE_CURVE('',#3246,#3247,#172,.T.);
#2314=EDGE_CURVE('',#3245,#3247,#3853,.T.);
#2315=EDGE_CURVE('',#3173,#3248,#3854,.T.);
#2316=EDGE_CURVE('',#3248,#3249,#173,.T.);
#2317=EDGE_CURVE('',#3174,#3249,#3855,.T.);
#2318=EDGE_CURVE('',#3248,#3250,#3856,.T.);
#2319=EDGE_CURVE('',#3250,#3251,#174,.T.);
#2320=EDGE_CURVE('',#3249,#3251,#3857,.T.);
#2321=EDGE_CURVE('',#3141,#3252,#3858,.T.);
#2322=EDGE_CURVE('',#3252,#3253,#175,.T.);
#2323=EDGE_CURVE('',#3142,#3253,#3859,.T.);
#2324=EDGE_CURVE('',#3252,#3254,#3860,.T.);
#2325=EDGE_CURVE('',#3254,#3255,#176,.T.);
#2326=EDGE_CURVE('',#3253,#3255,#3861,.T.);
#2327=EDGE_CURVE('',#3140,#3194,#62,.T.);
#2328=EDGE_CURVE('',#3196,#3175,#63,.T.);
#2329=EDGE_CURVE('',#3172,#3199,#64,.T.);
#2330=EDGE_CURVE('',#3200,#3171,#65,.T.);
#2331=EDGE_CURVE('',#3168,#3203,#66,.T.);
#2332=EDGE_CURVE('',#3204,#3167,#67,.T.);
#2333=EDGE_CURVE('',#3164,#3207,#68,.T.);
#2334=EDGE_CURVE('',#3208,#3163,#69,.T.);
#2335=EDGE_CURVE('',#3160,#3211,#70,.T.);
#2336=EDGE_CURVE('',#3212,#3159,#71,.T.);
#2337=EDGE_CURVE('',#3156,#3215,#72,.T.);
#2338=EDGE_CURVE('',#3216,#3155,#73,.T.);
#2339=EDGE_CURVE('',#3152,#3219,#74,.T.);
#2340=EDGE_CURVE('',#3220,#3151,#177,.T.);
#2341=EDGE_CURVE('',#3227,#3256,#12,.T.);
#2342=EDGE_CURVE('',#3256,#3257,#13,.T.);
#2343=EDGE_CURVE('',#3257,#3258,#178,.T.);
#2344=EDGE_CURVE('',#3258,#3259,#14,.T.);
#2345=EDGE_CURVE('',#3259,#3195,#15,.T.);
#2346=EDGE_CURVE('',#3257,#3260,#3862,.T.);
#2347=EDGE_CURVE('',#3260,#3261,#179,.T.);
#2348=EDGE_CURVE('',#3261,#3258,#3863,.F.);
#2349=EDGE_CURVE('',#3262,#3263,#3864,.T.);
#2350=EDGE_CURVE('',#3262,#3261,#3865,.T.);
#2351=EDGE_CURVE('',#3260,#3263,#3866,.T.);
#2352=EDGE_CURVE('',#3197,#3264,#16,.T.);
#2353=EDGE_CURVE('',#3264,#3265,#17,.T.);
#2354=EDGE_CURVE('',#3265,#3266,#180,.T.);
#2355=EDGE_CURVE('',#3266,#3267,#18,.T.);
#2356=EDGE_CURVE('',#3267,#3198,#19,.T.);
#2357=EDGE_CURVE('',#3265,#3268,#3867,.T.);
#2358=EDGE_CURVE('',#3268,#3269,#181,.T.);
#2359=EDGE_CURVE('',#3269,#3266,#3868,.F.);
#2360=EDGE_CURVE('',#3270,#3271,#3869,.T.);
#2361=EDGE_CURVE('',#3270,#3269,#3870,.T.);
#2362=EDGE_CURVE('',#3268,#3271,#3871,.T.);
#2363=EDGE_CURVE('',#3201,#3272,#20,.T.);
#2364=EDGE_CURVE('',#3272,#3273,#21,.T.);
#2365=EDGE_CURVE('',#3273,#3274,#182,.T.);
#2366=EDGE_CURVE('',#3274,#3275,#22,.T.);
#2367=EDGE_CURVE('',#3275,#3202,#23,.T.);
#2368=EDGE_CURVE('',#3273,#3276,#3872,.T.);
#2369=EDGE_CURVE('',#3276,#3277,#183,.T.);
#2370=EDGE_CURVE('',#3277,#3274,#3873,.F.);
#2371=EDGE_CURVE('',#3278,#3279,#3874,.T.);
#2372=EDGE_CURVE('',#3278,#3277,#3875,.T.);
#2373=EDGE_CURVE('',#3276,#3279,#3876,.T.);
#2374=EDGE_CURVE('',#3205,#3280,#24,.T.);
#2375=EDGE_CURVE('',#3280,#3281,#25,.T.);
#2376=EDGE_CURVE('',#3281,#3282,#184,.T.);
#2377=EDGE_CURVE('',#3282,#3283,#26,.T.);
#2378=EDGE_CURVE('',#3283,#3206,#27,.T.);
#2379=EDGE_CURVE('',#3281,#3284,#3877,.T.);
#2380=EDGE_CURVE('',#3284,#3285,#185,.T.);
#2381=EDGE_CURVE('',#3285,#3282,#3878,.F.);
#2382=EDGE_CURVE('',#3286,#3287,#3879,.T.);
#2383=EDGE_CURVE('',#3286,#3285,#3880,.T.);
#2384=EDGE_CURVE('',#3284,#3287,#3881,.T.);
#2385=EDGE_CURVE('',#3209,#3288,#28,.T.);
#2386=EDGE_CURVE('',#3288,#3289,#29,.T.);
#2387=EDGE_CURVE('',#3289,#3290,#186,.T.);
#2388=EDGE_CURVE('',#3290,#3291,#30,.T.);
#2389=EDGE_CURVE('',#3291,#3210,#31,.T.);
#2390=EDGE_CURVE('',#3289,#3292,#3882,.T.);
#2391=EDGE_CURVE('',#3292,#3293,#187,.T.);
#2392=EDGE_CURVE('',#3293,#3290,#3883,.F.);
#2393=EDGE_CURVE('',#3294,#3295,#3884,.T.);
#2394=EDGE_CURVE('',#3294,#3293,#3885,.T.);
#2395=EDGE_CURVE('',#3292,#3295,#3886,.T.);
#2396=EDGE_CURVE('',#3213,#3296,#32,.T.);
#2397=EDGE_CURVE('',#3296,#3297,#33,.T.);
#2398=EDGE_CURVE('',#3297,#3298,#188,.T.);
#2399=EDGE_CURVE('',#3298,#3299,#34,.T.);
#2400=EDGE_CURVE('',#3299,#3214,#35,.T.);
#2401=EDGE_CURVE('',#3297,#3300,#3887,.T.);
#2402=EDGE_CURVE('',#3300,#3301,#189,.T.);
#2403=EDGE_CURVE('',#3301,#3298,#3888,.F.);
#2404=EDGE_CURVE('',#3302,#3303,#3889,.T.);
#2405=EDGE_CURVE('',#3302,#3301,#3890,.T.);
#2406=EDGE_CURVE('',#3300,#3303,#3891,.T.);
#2407=EDGE_CURVE('',#3217,#3304,#36,.T.);
#2408=EDGE_CURVE('',#3304,#3305,#37,.T.);
#2409=EDGE_CURVE('',#3305,#3306,#190,.T.);
#2410=EDGE_CURVE('',#3306,#3307,#38,.T.);
#2411=EDGE_CURVE('',#3307,#3218,#39,.T.);
#2412=EDGE_CURVE('',#3305,#3308,#3892,.T.);
#2413=EDGE_CURVE('',#3308,#3309,#191,.T.);
#2414=EDGE_CURVE('',#3309,#3306,#3893,.F.);
#2415=EDGE_CURVE('',#3310,#3311,#3894,.T.);
#2416=EDGE_CURVE('',#3310,#3309,#3895,.T.);
#2417=EDGE_CURVE('',#3308,#3311,#3896,.T.);
#2418=EDGE_CURVE('',#3145,#3312,#3897,.T.);
#2419=EDGE_CURVE('',#3312,#3313,#192,.T.);
#2420=EDGE_CURVE('',#3146,#3313,#3898,.T.);
#2421=EDGE_CURVE('',#3312,#3314,#3899,.T.);
#2422=EDGE_CURVE('',#3314,#3315,#193,.T.);
#2423=EDGE_CURVE('',#3313,#3315,#3900,.T.);
#2424=EDGE_CURVE('',#3224,#3147,#75,.T.);
#2425=EDGE_CURVE('',#3223,#3148,#194,.T.);
#2426=EDGE_CURVE('',#3225,#3316,#40,.T.);
#2427=EDGE_CURVE('',#3316,#3317,#41,.T.);
#2428=EDGE_CURVE('',#3317,#3318,#195,.T.);
#2429=EDGE_CURVE('',#3318,#3319,#42,.T.);
#2430=EDGE_CURVE('',#3319,#3226,#43,.T.);
#2431=EDGE_CURVE('',#3317,#3320,#3901,.T.);
#2432=EDGE_CURVE('',#3320,#3321,#196,.T.);
#2433=EDGE_CURVE('',#3321,#3318,#3902,.F.);
#2434=EDGE_CURVE('',#3322,#3323,#3903,.T.);
#2435=EDGE_CURVE('',#3322,#3321,#3904,.T.);
#2436=EDGE_CURVE('',#3320,#3323,#3905,.T.);
#2437=EDGE_CURVE('',#3310,#3230,#3906,.T.);
#2438=EDGE_CURVE('',#3311,#3231,#3907,.T.);
#2439=EDGE_CURVE('',#3302,#3234,#3908,.T.);
#2440=EDGE_CURVE('',#3303,#3235,#3909,.T.);
#2441=EDGE_CURVE('',#3294,#3238,#3910,.T.);
#2442=EDGE_CURVE('',#3295,#3239,#3911,.T.);
#2443=EDGE_CURVE('',#3286,#3242,#3912,.T.);
#2444=EDGE_CURVE('',#3287,#3243,#3913,.T.);
#2445=EDGE_CURVE('',#3278,#3246,#3914,.T.);
#2446=EDGE_CURVE('',#3279,#3247,#3915,.T.);
#2447=EDGE_CURVE('',#3270,#3250,#3916,.T.);
#2448=EDGE_CURVE('',#3271,#3251,#3917,.T.);
#2449=EDGE_CURVE('',#3262,#3254,#3918,.T.);
#2450=EDGE_CURVE('',#3263,#3255,#3919,.T.);
#2451=EDGE_CURVE('',#3322,#3314,#3920,.T.);
#2452=EDGE_CURVE('',#3323,#3315,#3921,.T.);
#2453=EDGE_CURVE('',#3324,#3325,#3922,.T.);
#2454=EDGE_CURVE('',#3324,#3326,#3923,.T.);
#2455=EDGE_CURVE('',#3327,#3326,#3924,.T.);
#2456=EDGE_CURVE('',#3325,#3327,#3925,.T.);
#2457=EDGE_CURVE('',#3328,#3329,#3926,.T.);
#2458=EDGE_CURVE('',#3328,#3330,#3927,.T.);
#2459=EDGE_CURVE('',#3331,#3330,#3928,.T.);
#2460=EDGE_CURVE('',#3329,#3331,#3929,.T.);
#2461=EDGE_CURVE('',#3332,#3333,#3930,.T.);
#2462=EDGE_CURVE('',#3332,#3334,#3931,.T.);
#2463=EDGE_CURVE('',#3335,#3334,#3932,.T.);
#2464=EDGE_CURVE('',#3333,#3335,#3933,.T.);
#2465=EDGE_CURVE('',#3336,#3337,#3934,.T.);
#2466=EDGE_CURVE('',#3336,#3338,#3935,.T.);
#2467=EDGE_CURVE('',#3339,#3338,#3936,.T.);
#2468=EDGE_CURVE('',#3337,#3339,#3937,.T.);
#2469=EDGE_CURVE('',#3340,#3341,#3938,.T.);
#2470=EDGE_CURVE('',#3340,#3342,#3939,.T.);
#2471=EDGE_CURVE('',#3343,#3342,#3940,.T.);
#2472=EDGE_CURVE('',#3341,#3343,#3941,.T.);
#2473=EDGE_CURVE('',#3344,#3345,#3942,.T.);
#2474=EDGE_CURVE('',#3344,#3346,#3943,.T.);
#2475=EDGE_CURVE('',#3347,#3346,#3944,.T.);
#2476=EDGE_CURVE('',#3345,#3347,#3945,.T.);
#2477=EDGE_CURVE('',#3348,#3349,#3946,.T.);
#2478=EDGE_CURVE('',#3348,#3350,#3947,.T.);
#2479=EDGE_CURVE('',#3351,#3350,#3948,.T.);
#2480=EDGE_CURVE('',#3349,#3351,#3949,.T.);
#2481=EDGE_CURVE('',#3352,#3353,#3950,.T.);
#2482=EDGE_CURVE('',#3352,#3354,#3951,.T.);
#2483=EDGE_CURVE('',#3355,#3354,#3952,.T.);
#2484=EDGE_CURVE('',#3353,#3355,#3953,.T.);
#2485=EDGE_CURVE('',#3356,#3357,#3954,.T.);
#2486=EDGE_CURVE('',#3357,#3358,#3955,.T.);
#2487=EDGE_CURVE('',#3359,#3358,#3956,.T.);
#2488=EDGE_CURVE('',#3360,#3359,#3957,.T.);
#2489=EDGE_CURVE('',#3360,#3361,#3958,.T.);
#2490=EDGE_CURVE('',#3361,#3362,#3959,.T.);
#2491=EDGE_CURVE('',#3363,#3362,#3960,.T.);
#2492=EDGE_CURVE('',#3363,#3364,#3961,.T.);
#2493=EDGE_CURVE('',#3365,#3364,#3962,.T.);
#2494=EDGE_CURVE('',#3365,#3366,#3963,.T.);
#2495=EDGE_CURVE('',#3367,#3366,#3964,.T.);
#2496=EDGE_CURVE('',#3368,#3367,#3965,.T.);
#2497=EDGE_CURVE('',#3369,#3368,#3966,.T.);
#2498=EDGE_CURVE('',#3369,#3370,#3967,.T.);
#2499=EDGE_CURVE('',#3371,#3370,#3968,.T.);
#2500=EDGE_CURVE('',#3372,#3371,#3969,.T.);
#2501=EDGE_CURVE('',#3373,#3372,#3970,.T.);
#2502=EDGE_CURVE('',#3373,#3374,#3971,.T.);
#2503=EDGE_CURVE('',#3375,#3374,#3972,.T.);
#2504=EDGE_CURVE('',#3376,#3375,#3973,.T.);
#2505=EDGE_CURVE('',#3377,#3376,#3974,.T.);
#2506=EDGE_CURVE('',#3377,#3378,#3975,.T.);
#2507=EDGE_CURVE('',#3379,#3378,#3976,.T.);
#2508=EDGE_CURVE('',#3380,#3379,#3977,.T.);
#2509=EDGE_CURVE('',#3381,#3380,#3978,.T.);
#2510=EDGE_CURVE('',#3381,#3382,#3979,.T.);
#2511=EDGE_CURVE('',#3383,#3382,#3980,.T.);
#2512=EDGE_CURVE('',#3384,#3383,#3981,.T.);
#2513=EDGE_CURVE('',#3385,#3384,#3982,.T.);
#2514=EDGE_CURVE('',#3385,#3386,#3983,.T.);
#2515=EDGE_CURVE('',#3387,#3386,#3984,.T.);
#2516=EDGE_CURVE('',#3388,#3387,#3985,.T.);
#2517=EDGE_CURVE('',#3389,#3388,#3986,.T.);
#2518=EDGE_CURVE('',#3389,#3390,#3987,.T.);
#2519=EDGE_CURVE('',#3391,#3390,#3988,.T.);
#2520=EDGE_CURVE('',#3392,#3391,#3989,.T.);
#2521=EDGE_CURVE('',#3393,#3392,#3990,.T.);
#2522=EDGE_CURVE('',#3393,#3394,#3991,.T.);
#2523=EDGE_CURVE('',#3395,#3394,#3992,.T.);
#2524=EDGE_CURVE('',#3396,#3395,#3993,.T.);
#2525=EDGE_CURVE('',#3397,#3396,#3994,.T.);
#2526=EDGE_CURVE('',#3398,#3397,#3995,.T.);
#2527=EDGE_CURVE('',#3398,#3399,#3996,.T.);
#2528=EDGE_CURVE('',#3400,#3399,#3997,.T.);
#2529=EDGE_CURVE('',#3400,#3401,#3998,.T.);
#2530=EDGE_CURVE('',#3401,#3402,#3999,.T.);
#2531=EDGE_CURVE('',#3403,#3402,#4000,.T.);
#2532=EDGE_CURVE('',#3404,#3403,#4001,.T.);
#2533=EDGE_CURVE('',#3404,#3405,#4002,.T.);
#2534=EDGE_CURVE('',#3405,#3406,#4003,.T.);
#2535=EDGE_CURVE('',#3407,#3406,#4004,.T.);
#2536=EDGE_CURVE('',#3408,#3407,#4005,.T.);
#2537=EDGE_CURVE('',#3408,#3409,#4006,.T.);
#2538=EDGE_CURVE('',#3409,#3410,#4007,.T.);
#2539=EDGE_CURVE('',#3411,#3410,#4008,.T.);
#2540=EDGE_CURVE('',#3412,#3411,#4009,.T.);
#2541=EDGE_CURVE('',#3412,#3413,#4010,.T.);
#2542=EDGE_CURVE('',#3413,#3414,#4011,.T.);
#2543=EDGE_CURVE('',#3415,#3414,#4012,.T.);
#2544=EDGE_CURVE('',#3416,#3415,#4013,.T.);
#2545=EDGE_CURVE('',#3416,#3417,#4014,.T.);
#2546=EDGE_CURVE('',#3417,#3418,#4015,.T.);
#2547=EDGE_CURVE('',#3419,#3418,#4016,.T.);
#2548=EDGE_CURVE('',#3420,#3419,#4017,.T.);
#2549=EDGE_CURVE('',#3420,#3421,#4018,.T.);
#2550=EDGE_CURVE('',#3421,#3422,#4019,.T.);
#2551=EDGE_CURVE('',#3423,#3422,#4020,.T.);
#2552=EDGE_CURVE('',#3356,#3423,#4021,.T.);
#2553=EDGE_CURVE('',#3424,#3425,#4022,.T.);
#2554=EDGE_CURVE('',#3426,#3425,#4023,.T.);
#2555=EDGE_CURVE('',#3427,#3426,#4024,.T.);
#2556=EDGE_CURVE('',#3427,#3424,#4025,.T.);
#2557=EDGE_CURVE('',#3428,#3425,#197,.T.);
#2558=EDGE_CURVE('',#3429,#3428,#4026,.T.);
#2559=EDGE_CURVE('',#3429,#3426,#198,.T.);
#2560=EDGE_CURVE('',#3428,#3430,#4027,.T.);
#2561=EDGE_CURVE('',#3431,#3430,#4028,.T.);
#2562=EDGE_CURVE('',#3429,#3431,#4029,.T.);
#2563=EDGE_CURVE('',#3432,#3430,#199,.T.);
#2564=EDGE_CURVE('',#3433,#3432,#4030,.T.);
#2565=EDGE_CURVE('',#3433,#3431,#200,.T.);
#2566=EDGE_CURVE('',#3360,#3434,#4031,.T.);
#2567=EDGE_CURVE('',#3435,#3434,#4032,.T.);
#2568=EDGE_CURVE('',#3357,#3435,#4033,.T.);
#2569=EDGE_CURVE('',#3356,#3436,#4034,.T.);
#2570=EDGE_CURVE('',#3437,#3436,#4035,.T.);
#2571=EDGE_CURVE('',#3421,#3437,#4036,.T.);
#2572=EDGE_CURVE('',#3420,#3438,#4037,.T.);
#2573=EDGE_CURVE('',#3439,#3438,#4038,.T.);
#2574=EDGE_CURVE('',#3417,#3439,#4039,.T.);
#2575=EDGE_CURVE('',#3416,#3440,#4040,.T.);
#2576=EDGE_CURVE('',#3441,#3440,#4041,.T.);
#2577=EDGE_CURVE('',#3413,#3441,#4042,.T.);
#2578=EDGE_CURVE('',#3412,#3442,#4043,.T.);
#2579=EDGE_CURVE('',#3443,#3442,#4044,.T.);
#2580=EDGE_CURVE('',#3409,#3443,#4045,.T.);
#2581=EDGE_CURVE('',#3408,#3444,#4046,.T.);
#2582=EDGE_CURVE('',#3445,#3444,#4047,.T.);
#2583=EDGE_CURVE('',#3405,#3445,#4048,.T.);
#2584=EDGE_CURVE('',#3404,#3446,#4049,.T.);
#2585=EDGE_CURVE('',#3447,#3446,#4050,.T.);
#2586=EDGE_CURVE('',#3401,#3447,#4051,.T.);
#2587=EDGE_CURVE('',#3400,#3448,#4052,.T.);
#2588=EDGE_CURVE('',#3449,#3448,#4053,.T.);
#2589=EDGE_CURVE('',#3433,#3449,#4054,.T.);
#2590=EDGE_CURVE('',#3432,#3450,#4055,.T.);
#2591=EDGE_CURVE('',#3451,#3450,#4056,.T.);
#2592=EDGE_CURVE('',#3361,#3451,#4057,.T.);
#2593=EDGE_CURVE('',#3452,#3370,#4058,.T.);
#2594=EDGE_CURVE('',#3452,#3453,#4059,.T.);
#2595=EDGE_CURVE('',#3453,#3367,#4060,.T.);
#2596=EDGE_CURVE('',#3454,#3366,#4061,.T.);
#2597=EDGE_CURVE('',#3454,#3455,#4062,.T.);
#2598=EDGE_CURVE('',#3455,#3456,#4063,.T.);
#2599=EDGE_CURVE('',#3457,#3456,#4064,.T.);
#2600=EDGE_CURVE('',#3458,#3457,#4065,.T.);
#2601=EDGE_CURVE('',#3458,#3459,#4066,.T.);
#2602=EDGE_CURVE('',#3459,#3395,#4067,.T.);
#2603=EDGE_CURVE('',#3460,#3394,#4068,.T.);
#2604=EDGE_CURVE('',#3460,#3461,#4069,.T.);
#2605=EDGE_CURVE('',#3461,#3391,#4070,.T.);
#2606=EDGE_CURVE('',#3462,#3390,#4071,.T.);
#2607=EDGE_CURVE('',#3462,#3463,#4072,.T.);
#2608=EDGE_CURVE('',#3463,#3387,#4073,.T.);
#2609=EDGE_CURVE('',#3464,#3386,#4074,.T.);
#2610=EDGE_CURVE('',#3464,#3465,#4075,.T.);
#2611=EDGE_CURVE('',#3465,#3383,#4076,.T.);
#2612=EDGE_CURVE('',#3466,#3382,#4077,.T.);
#2613=EDGE_CURVE('',#3466,#3467,#4078,.T.);
#2614=EDGE_CURVE('',#3467,#3379,#4079,.T.);
#2615=EDGE_CURVE('',#3468,#3378,#4080,.T.);
#2616=EDGE_CURVE('',#3468,#3469,#4081,.T.);
#2617=EDGE_CURVE('',#3469,#3375,#4082,.T.);
#2618=EDGE_CURVE('',#3470,#3374,#4083,.T.);
#2619=EDGE_CURVE('',#3470,#3471,#4084,.T.);
#2620=EDGE_CURVE('',#3471,#3371,#4085,.T.);
#2621=EDGE_CURVE('',#3456,#3222,#201,.T.);
#2622=EDGE_CURVE('',#3457,#3221,#202,.T.);
#2623=EDGE_CURVE('',#3149,#3472,#203,.T.);
#2624=EDGE_CURVE('',#3473,#3472,#4086,.T.);
#2625=EDGE_CURVE('',#3150,#3473,#204,.T.);
#2626=EDGE_CURVE('',#3472,#3424,#4087,.T.);
#2627=EDGE_CURVE('',#3473,#3427,#4088,.T.);
#2628=EDGE_CURVE('',#3474,#3363,#4089,.T.);
#2629=EDGE_CURVE('',#3475,#3474,#4090,.T.);
#2630=EDGE_CURVE('',#3450,#3475,#205,.T.);
#2631=EDGE_CURVE('',#3476,#3455,#206,.T.);
#2632=EDGE_CURVE('',#3477,#3476,#4091,.T.);
#2633=EDGE_CURVE('',#3364,#3477,#4092,.T.);
#2634=EDGE_CURVE('',#3478,#3476,#4093,.T.);
#2635=EDGE_CURVE('',#3479,#3478,#4094,.T.);
#2636=EDGE_CURVE('',#3479,#3477,#4095,.T.);
#2637=EDGE_CURVE('',#3478,#3454,#207,.T.);
#2638=EDGE_CURVE('',#3365,#3479,#4096,.T.);
#2639=EDGE_CURVE('',#3451,#3480,#208,.T.);
#2640=EDGE_CURVE('',#3480,#3481,#4097,.T.);
#2641=EDGE_CURVE('',#3481,#3362,#4098,.T.);
#2642=EDGE_CURVE('',#3481,#3474,#4099,.T.);
#2643=EDGE_CURVE('',#3480,#3475,#4100,.T.);
#2644=EDGE_CURVE('',#3482,#3483,#4101,.T.);
#2645=EDGE_CURVE('',#3484,#3483,#4102,.T.);
#2646=EDGE_CURVE('',#3485,#3484,#4103,.T.);
#2647=EDGE_CURVE('',#3485,#3482,#4104,.T.);
#2648=EDGE_CURVE('',#3483,#3461,#209,.T.);
#2649=EDGE_CURVE('',#3484,#3460,#210,.T.);
#2650=EDGE_CURVE('',#3393,#3485,#4105,.T.);
#2651=EDGE_CURVE('',#3392,#3482,#4106,.T.);
#2652=EDGE_CURVE('',#3486,#3403,#4107,.T.);
#2653=EDGE_CURVE('',#3487,#3402,#4108,.T.);
#2654=EDGE_CURVE('',#3487,#3486,#4109,.T.);
#2655=EDGE_CURVE('',#3447,#3488,#211,.T.);
#2656=EDGE_CURVE('',#3488,#3487,#4110,.T.);
#2657=EDGE_CURVE('',#3489,#3486,#4111,.T.);
#2658=EDGE_CURVE('',#3446,#3489,#212,.T.);
#2659=EDGE_CURVE('',#3488,#3489,#4112,.T.);
#2660=EDGE_CURVE('',#3490,#3491,#4113,.T.);
#2661=EDGE_CURVE('',#3492,#3491,#4114,.T.);
#2662=EDGE_CURVE('',#3493,#3492,#4115,.T.);
#2663=EDGE_CURVE('',#3493,#3490,#4116,.T.);
#2664=EDGE_CURVE('',#3491,#3463,#213,.T.);
#2665=EDGE_CURVE('',#3492,#3462,#214,.T.);
#2666=EDGE_CURVE('',#3389,#3493,#4117,.T.);
#2667=EDGE_CURVE('',#3388,#3490,#4118,.T.);
#2668=EDGE_CURVE('',#3494,#3407,#4119,.T.);
#2669=EDGE_CURVE('',#3495,#3406,#4120,.T.);
#2670=EDGE_CURVE('',#3495,#3494,#4121,.T.);
#2671=EDGE_CURVE('',#3445,#3496,#215,.T.);
#2672=EDGE_CURVE('',#3496,#3495,#4122,.T.);
#2673=EDGE_CURVE('',#3497,#3494,#4123,.T.);
#2674=EDGE_CURVE('',#3444,#3497,#216,.T.);
#2675=EDGE_CURVE('',#3496,#3497,#4124,.T.);
#2676=EDGE_CURVE('',#3498,#3499,#4125,.T.);
#2677=EDGE_CURVE('',#3500,#3499,#4126,.T.);
#2678=EDGE_CURVE('',#3501,#3500,#4127,.T.);
#2679=EDGE_CURVE('',#3501,#3498,#4128,.T.);
#2680=EDGE_CURVE('',#3499,#3465,#217,.T.);
#2681=EDGE_CURVE('',#3500,#3464,#218,.T.);
#2682=EDGE_CURVE('',#3385,#3501,#4129,.T.);
#2683=EDGE_CURVE('',#3384,#3498,#4130,.T.);
#2684=EDGE_CURVE('',#3502,#3411,#4131,.T.);
#2685=EDGE_CURVE('',#3503,#3410,#4132,.T.);
#2686=EDGE_CURVE('',#3503,#3502,#4133,.T.);
#2687=EDGE_CURVE('',#3443,#3504,#219,.T.);
#2688=EDGE_CURVE('',#3504,#3503,#4134,.T.);
#2689=EDGE_CURVE('',#3505,#3502,#4135,.T.);
#2690=EDGE_CURVE('',#3442,#3505,#220,.T.);
#2691=EDGE_CURVE('',#3504,#3505,#4136,.T.);
#2692=EDGE_CURVE('',#3506,#3507,#4137,.T.);
#2693=EDGE_CURVE('',#3508,#3507,#4138,.T.);
#2694=EDGE_CURVE('',#3509,#3508,#4139,.T.);
#2695=EDGE_CURVE('',#3509,#3506,#4140,.T.);
#2696=EDGE_CURVE('',#3507,#3467,#221,.T.);
#2697=EDGE_CURVE('',#3508,#3466,#222,.T.);
#2698=EDGE_CURVE('',#3381,#3509,#4141,.T.);
#2699=EDGE_CURVE('',#3380,#3506,#4142,.T.);
#2700=EDGE_CURVE('',#3510,#3415,#4143,.T.);
#2701=EDGE_CURVE('',#3511,#3414,#4144,.T.);
#2702=EDGE_CURVE('',#3511,#3510,#4145,.T.);
#2703=EDGE_CURVE('',#3441,#3512,#223,.T.);
#2704=EDGE_CURVE('',#3512,#3511,#4146,.T.);
#2705=EDGE_CURVE('',#3513,#3510,#4147,.T.);
#2706=EDGE_CURVE('',#3440,#3513,#224,.T.);
#2707=EDGE_CURVE('',#3512,#3513,#4148,.T.);
#2708=EDGE_CURVE('',#3514,#3515,#4149,.T.);
#2709=EDGE_CURVE('',#3516,#3515,#4150,.T.);
#2710=EDGE_CURVE('',#3517,#3516,#4151,.T.);
#2711=EDGE_CURVE('',#3517,#3514,#4152,.T.);
#2712=EDGE_CURVE('',#3515,#3469,#225,.T.);
#2713=EDGE_CURVE('',#3516,#3468,#226,.T.);
#2714=EDGE_CURVE('',#3377,#3517,#4153,.T.);
#2715=EDGE_CURVE('',#3376,#3514,#4154,.T.);
#2716=EDGE_CURVE('',#3518,#3419,#4155,.T.);
#2717=EDGE_CURVE('',#3519,#3418,#4156,.T.);
#2718=EDGE_CURVE('',#3519,#3518,#4157,.T.);
#2719=EDGE_CURVE('',#3439,#3520,#227,.T.);
#2720=EDGE_CURVE('',#3520,#3519,#4158,.T.);
#2721=EDGE_CURVE('',#3521,#3518,#4159,.T.);
#2722=EDGE_CURVE('',#3438,#3521,#228,.T.);
#2723=EDGE_CURVE('',#3520,#3521,#4160,.T.);
#2724=EDGE_CURVE('',#3522,#3523,#4161,.T.);
#2725=EDGE_CURVE('',#3524,#3523,#4162,.T.);
#2726=EDGE_CURVE('',#3525,#3524,#4163,.T.);
#2727=EDGE_CURVE('',#3525,#3522,#4164,.T.);
#2728=EDGE_CURVE('',#3523,#3471,#229,.T.);
#2729=EDGE_CURVE('',#3524,#3470,#230,.T.);
#2730=EDGE_CURVE('',#3373,#3525,#4165,.T.);
#2731=EDGE_CURVE('',#3372,#3522,#4166,.T.);
#2732=EDGE_CURVE('',#3526,#3423,#4167,.T.);
#2733=EDGE_CURVE('',#3527,#3422,#4168,.T.);
#2734=EDGE_CURVE('',#3527,#3526,#4169,.T.);
#2735=EDGE_CURVE('',#3437,#3528,#231,.T.);
#2736=EDGE_CURVE('',#3528,#3527,#4170,.T.);
#2737=EDGE_CURVE('',#3529,#3526,#4171,.T.);
#2738=EDGE_CURVE('',#3436,#3529,#232,.T.);
#2739=EDGE_CURVE('',#3528,#3529,#4172,.T.);
#2740=EDGE_CURVE('',#3530,#3531,#4173,.T.);
#2741=EDGE_CURVE('',#3532,#3531,#4174,.T.);
#2742=EDGE_CURVE('',#3533,#3532,#4175,.T.);
#2743=EDGE_CURVE('',#3533,#3530,#4176,.T.);
#2744=EDGE_CURVE('',#3531,#3453,#233,.T.);
#2745=EDGE_CURVE('',#3532,#3452,#234,.T.);
#2746=EDGE_CURVE('',#3369,#3533,#4177,.T.);
#2747=EDGE_CURVE('',#3368,#3530,#4178,.T.);
#2748=EDGE_CURVE('',#3534,#3359,#4179,.T.);
#2749=EDGE_CURVE('',#3535,#3358,#4180,.T.);
#2750=EDGE_CURVE('',#3535,#3534,#4181,.T.);
#2751=EDGE_CURVE('',#3435,#3536,#235,.T.);
#2752=EDGE_CURVE('',#3536,#3535,#4182,.T.);
#2753=EDGE_CURVE('',#3537,#3534,#4183,.T.);
#2754=EDGE_CURVE('',#3434,#3537,#236,.T.);
#2755=EDGE_CURVE('',#3536,#3537,#4184,.T.);
#2756=EDGE_CURVE('',#3538,#3399,#4185,.T.);
#2757=EDGE_CURVE('',#3539,#3538,#4186,.T.);
#2758=EDGE_CURVE('',#3448,#3539,#237,.T.);
#2759=EDGE_CURVE('',#3396,#3540,#4187,.T.);
#2760=EDGE_CURVE('',#3541,#3459,#238,.T.);
#2761=EDGE_CURVE('',#3540,#3541,#4188,.T.);
#2762=EDGE_CURVE('',#3542,#3539,#4189,.T.);
#2763=EDGE_CURVE('',#3449,#3542,#239,.T.);
#2764=EDGE_CURVE('',#3543,#3538,#4190,.T.);
#2765=EDGE_CURVE('',#3542,#3543,#4191,.T.);
#2766=EDGE_CURVE('',#3543,#3398,#4192,.T.);
#2767=EDGE_CURVE('',#3544,#3540,#4193,.T.);
#2768=EDGE_CURVE('',#3397,#3544,#4194,.T.);
#2769=EDGE_CURVE('',#3545,#3541,#4195,.T.);
#2770=EDGE_CURVE('',#3544,#3545,#4196,.T.);
#2771=EDGE_CURVE('',#3545,#3458,#240,.T.);
#2772=EDGE_CURVE('',#3316,#3313,#4197,.T.);
#2773=EDGE_CURVE('',#3319,#3312,#4198,.T.);
#2774=EDGE_CURVE('',#3304,#3229,#4199,.T.);
#2775=EDGE_CURVE('',#3307,#3228,#4200,.T.);
#2776=EDGE_CURVE('',#3296,#3233,#4201,.T.);
#2777=EDGE_CURVE('',#3299,#3232,#4202,.T.);
#2778=EDGE_CURVE('',#3288,#3237,#4203,.T.);
#2779=EDGE_CURVE('',#3291,#3236,#4204,.T.);
#2780=EDGE_CURVE('',#3280,#3241,#4205,.T.);
#2781=EDGE_CURVE('',#3283,#3240,#4206,.T.);
#2782=EDGE_CURVE('',#3272,#3245,#4207,.T.);
#2783=EDGE_CURVE('',#3275,#3244,#4208,.T.);
#2784=EDGE_CURVE('',#3264,#3249,#4209,.T.);
#2785=EDGE_CURVE('',#3267,#3248,#4210,.T.);
#2786=EDGE_CURVE('',#3256,#3253,#4211,.T.);
#2787=EDGE_CURVE('',#3259,#3252,#4212,.T.);
#2788=EDGE_CURVE('',#3352,#3546,#4213,.T.);
#2789=EDGE_CURVE('',#3353,#3547,#4214,.T.);
#2790=EDGE_CURVE('',#3546,#3547,#4215,.T.);
#2791=EDGE_CURVE('',#3548,#3355,#4216,.T.);
#2792=EDGE_CURVE('',#3549,#3354,#4217,.T.);
#2793=EDGE_CURVE('',#3549,#3548,#4218,.T.);
#2794=EDGE_CURVE('',#3546,#3549,#4219,.T.);
#2795=EDGE_CURVE('',#3547,#3548,#4220,.T.);
#2796=EDGE_CURVE('',#3348,#3550,#4221,.T.);
#2797=EDGE_CURVE('',#3349,#3551,#4222,.T.);
#2798=EDGE_CURVE('',#3550,#3551,#4223,.T.);
#2799=EDGE_CURVE('',#3552,#3351,#4224,.T.);
#2800=EDGE_CURVE('',#3553,#3350,#4225,.T.);
#2801=EDGE_CURVE('',#3553,#3552,#4226,.T.);
#2802=EDGE_CURVE('',#3550,#3553,#4227,.T.);
#2803=EDGE_CURVE('',#3551,#3552,#4228,.T.);
#2804=EDGE_CURVE('',#3344,#3554,#4229,.T.);
#2805=EDGE_CURVE('',#3345,#3555,#4230,.T.);
#2806=EDGE_CURVE('',#3554,#3555,#4231,.T.);
#2807=EDGE_CURVE('',#3556,#3347,#4232,.T.);
#2808=EDGE_CURVE('',#3557,#3346,#4233,.T.);
#2809=EDGE_CURVE('',#3557,#3556,#4234,.T.);
#2810=EDGE_CURVE('',#3554,#3557,#4235,.T.);
#2811=EDGE_CURVE('',#3555,#3556,#4236,.T.);
#2812=EDGE_CURVE('',#3340,#3558,#4237,.T.);
#2813=EDGE_CURVE('',#3341,#3559,#4238,.T.);
#2814=EDGE_CURVE('',#3558,#3559,#4239,.T.);
#2815=EDGE_CURVE('',#3560,#3343,#4240,.T.);
#2816=EDGE_CURVE('',#3561,#3342,#4241,.T.);
#2817=EDGE_CURVE('',#3561,#3560,#4242,.T.);
#2818=EDGE_CURVE('',#3558,#3561,#4243,.T.);
#2819=EDGE_CURVE('',#3559,#3560,#4244,.T.);
#2820=EDGE_CURVE('',#3336,#3562,#4245,.T.);
#2821=EDGE_CURVE('',#3337,#3563,#4246,.T.);
#2822=EDGE_CURVE('',#3562,#3563,#4247,.T.);
#2823=EDGE_CURVE('',#3564,#3339,#4248,.T.);
#2824=EDGE_CURVE('',#3565,#3338,#4249,.T.);
#2825=EDGE_CURVE('',#3565,#3564,#4250,.T.);
#2826=EDGE_CURVE('',#3562,#3565,#4251,.T.);
#2827=EDGE_CURVE('',#3563,#3564,#4252,.T.);
#2828=EDGE_CURVE('',#3332,#3566,#4253,.T.);
#2829=EDGE_CURVE('',#3333,#3567,#4254,.T.);
#2830=EDGE_CURVE('',#3566,#3567,#4255,.T.);
#2831=EDGE_CURVE('',#3568,#3335,#4256,.T.);
#2832=EDGE_CURVE('',#3569,#3334,#4257,.T.);
#2833=EDGE_CURVE('',#3569,#3568,#4258,.T.);
#2834=EDGE_CURVE('',#3566,#3569,#4259,.T.);
#2835=EDGE_CURVE('',#3567,#3568,#4260,.T.);
#2836=EDGE_CURVE('',#3328,#3570,#4261,.T.);
#2837=EDGE_CURVE('',#3329,#3571,#4262,.T.);
#2838=EDGE_CURVE('',#3570,#3571,#4263,.T.);
#2839=EDGE_CURVE('',#3572,#3331,#4264,.T.);
#2840=EDGE_CURVE('',#3573,#3330,#4265,.T.);
#2841=EDGE_CURVE('',#3573,#3572,#4266,.T.);
#2842=EDGE_CURVE('',#3570,#3573,#4267,.T.);
#2843=EDGE_CURVE('',#3571,#3572,#4268,.T.);
#2844=EDGE_CURVE('',#3324,#3574,#4269,.T.);
#2845=EDGE_CURVE('',#3325,#3575,#4270,.T.);
#2846=EDGE_CURVE('',#3574,#3575,#4271,.T.);
#2847=EDGE_CURVE('',#3576,#3327,#4272,.T.);
#2848=EDGE_CURVE('',#3577,#3326,#4273,.T.);
#2849=EDGE_CURVE('',#3577,#3576,#4274,.T.);
#2850=EDGE_CURVE('',#3574,#3577,#4275,.T.);
#2851=EDGE_CURVE('',#3575,#3576,#4276,.T.);
#2852=EDGE_CURVE('',#3578,#3139,#4277,.T.);
#2853=EDGE_CURVE('',#3579,#3578,#4278,.T.);
#2854=EDGE_CURVE('',#3579,#3137,#4279,.T.);
#2855=EDGE_CURVE('',#3580,#3581,#4280,.T.);
#2856=EDGE_CURVE('',#3582,#3580,#4281,.T.);
#2857=EDGE_CURVE('',#3138,#3582,#4282,.T.);
#2858=EDGE_CURVE('',#3136,#3583,#4283,.T.);
#2859=EDGE_CURVE('',#3583,#3581,#4284,.T.);
#2860=EDGE_CURVE('',#3584,#3585,#4285,.T.);
#2861=EDGE_CURVE('',#3585,#3122,#4286,.T.);
#2862=EDGE_CURVE('',#3583,#3123,#241,.T.);
#2863=EDGE_CURVE('',#3586,#3579,#4287,.T.);
#2864=EDGE_CURVE('',#3587,#3586,#242,.T.);
#2865=EDGE_CURVE('',#3584,#3587,#4288,.T.);
#2866=EDGE_CURVE('',#3588,#3582,#4289,.T.);
#2867=EDGE_CURVE('',#3589,#3588,#4290,.T.);
#2868=EDGE_CURVE('',#3589,#3590,#4291,.T.);
#2869=EDGE_CURVE('',#3590,#3591,#4292,.T.);
#2870=EDGE_CURVE('',#3591,#3592,#4293,.T.);
#2871=EDGE_CURVE('',#3592,#3593,#243,.T.);
#2872=EDGE_CURVE('',#3593,#3578,#4294,.T.);
#2873=EDGE_CURVE('',#3594,#3595,#4295,.T.);
#2874=EDGE_CURVE('',#3594,#3591,#4296,.T.);
#2875=EDGE_CURVE('',#3595,#3590,#4297,.T.);
#2876=EDGE_CURVE('',#3584,#3594,#4298,.T.);
#2877=EDGE_CURVE('',#3587,#3592,#4299,.T.);
#2878=EDGE_CURVE('',#3586,#3593,#4300,.T.);
#2879=EDGE_CURVE('',#3581,#3121,#76,.F.);
#2880=EDGE_CURVE('',#3595,#3589,#4301,.T.);
#2881=EDGE_CURVE('',#3596,#3179,#4302,.T.);
#2882=EDGE_CURVE('',#3597,#3596,#4303,.T.);
#2883=EDGE_CURVE('',#3597,#3177,#4304,.T.);
#2884=EDGE_CURVE('',#3598,#3599,#4305,.T.);
#2885=EDGE_CURVE('',#3600,#3598,#4306,.T.);
#2886=EDGE_CURVE('',#3178,#3600,#4307,.T.);
#2887=EDGE_CURVE('',#3176,#3601,#4308,.T.);
#2888=EDGE_CURVE('',#3601,#3599,#4309,.T.);
#2889=EDGE_CURVE('',#3602,#3603,#4310,.T.);
#2890=EDGE_CURVE('',#3603,#3101,#4311,.T.);
#2891=EDGE_CURVE('',#3601,#3102,#244,.T.);
#2892=EDGE_CURVE('',#3604,#3597,#4312,.T.);
#2893=EDGE_CURVE('',#3605,#3604,#245,.T.);
#2894=EDGE_CURVE('',#3602,#3605,#4313,.T.);
#2895=EDGE_CURVE('',#3606,#3600,#4314,.T.);
#2896=EDGE_CURVE('',#3607,#3606,#4315,.T.);
#2897=EDGE_CURVE('',#3607,#3608,#4316,.T.);
#2898=EDGE_CURVE('',#3608,#3609,#4317,.T.);
#2899=EDGE_CURVE('',#3609,#3610,#4318,.T.);
#2900=EDGE_CURVE('',#3610,#3611,#246,.T.);
#2901=EDGE_CURVE('',#3611,#3596,#4319,.T.);
#2902=EDGE_CURVE('',#3612,#3613,#4320,.T.);
#2903=EDGE_CURVE('',#3612,#3609,#4321,.T.);
#2904=EDGE_CURVE('',#3613,#3608,#4322,.T.);
#2905=EDGE_CURVE('',#3602,#3612,#4323,.T.);
#2906=EDGE_CURVE('',#3605,#3610,#4324,.T.);
#2907=EDGE_CURVE('',#3604,#3611,#4325,.T.);
#2908=EDGE_CURVE('',#3599,#3100,#77,.F.);
#2909=EDGE_CURVE('',#3613,#3607,#4326,.T.);
#2910=EDGE_CURVE('',#3614,#3135,#4327,.T.);
#2911=EDGE_CURVE('',#3615,#3614,#4328,.T.);
#2912=EDGE_CURVE('',#3615,#3133,#4329,.T.);
#2913=EDGE_CURVE('',#3616,#3617,#4330,.T.);
#2914=EDGE_CURVE('',#3618,#3616,#4331,.T.);
#2915=EDGE_CURVE('',#3134,#3618,#4332,.T.);
#2916=EDGE_CURVE('',#3132,#3619,#4333,.T.);
#2917=EDGE_CURVE('',#3619,#3617,#4334,.T.);
#2918=EDGE_CURVE('',#3620,#3621,#4335,.T.);
#2919=EDGE_CURVE('',#3621,#3104,#4336,.T.);
#2920=EDGE_CURVE('',#3619,#3105,#247,.T.);
#2921=EDGE_CURVE('',#3622,#3615,#4337,.T.);
#2922=EDGE_CURVE('',#3623,#3622,#248,.T.);
#2923=EDGE_CURVE('',#3620,#3623,#4338,.T.);
#2924=EDGE_CURVE('',#3624,#3618,#4339,.T.);
#2925=EDGE_CURVE('',#3625,#3624,#4340,.T.);
#2926=EDGE_CURVE('',#3625,#3626,#4341,.T.);
#2927=EDGE_CURVE('',#3626,#3627,#4342,.T.);
#2928=EDGE_CURVE('',#3627,#3628,#4343,.T.);
#2929=EDGE_CURVE('',#3628,#3629,#249,.T.);
#2930=EDGE_CURVE('',#3629,#3614,#4344,.T.);
#2931=EDGE_CURVE('',#3630,#3631,#4345,.T.);
#2932=EDGE_CURVE('',#3630,#3627,#4346,.T.);
#2933=EDGE_CURVE('',#3631,#3626,#4347,.T.);
#2934=EDGE_CURVE('',#3620,#3630,#4348,.T.);
#2935=EDGE_CURVE('',#3623,#3628,#4349,.T.);
#2936=EDGE_CURVE('',#3622,#3629,#4350,.T.);
#2937=EDGE_CURVE('',#3617,#3103,#78,.F.);
#2938=EDGE_CURVE('',#3631,#3625,#4351,.T.);
#2939=EDGE_CURVE('',#3632,#3183,#4352,.T.);
#2940=EDGE_CURVE('',#3633,#3632,#4353,.T.);
#2941=EDGE_CURVE('',#3633,#3181,#4354,.T.);
#2942=EDGE_CURVE('',#3634,#3635,#4355,.T.);
#2943=EDGE_CURVE('',#3636,#3634,#4356,.T.);
#2944=EDGE_CURVE('',#3182,#3636,#4357,.T.);
#2945=EDGE_CURVE('',#3180,#3637,#4358,.T.);
#2946=EDGE_CURVE('',#3637,#3635,#4359,.T.);
#2947=EDGE_CURVE('',#3638,#3639,#4360,.T.);
#2948=EDGE_CURVE('',#3639,#3107,#4361,.T.);
#2949=EDGE_CURVE('',#3637,#3108,#250,.T.);
#2950=EDGE_CURVE('',#3640,#3633,#4362,.T.);
#2951=EDGE_CURVE('',#3641,#3640,#251,.T.);
#2952=EDGE_CURVE('',#3638,#3641,#4363,.T.);
#2953=EDGE_CURVE('',#3642,#3636,#4364,.T.);
#2954=EDGE_CURVE('',#3643,#3642,#4365,.T.);
#2955=EDGE_CURVE('',#3643,#3644,#4366,.T.);
#2956=EDGE_CURVE('',#3644,#3645,#4367,.T.);
#2957=EDGE_CURVE('',#3645,#3646,#4368,.T.);
#2958=EDGE_CURVE('',#3646,#3647,#252,.T.);
#2959=EDGE_CURVE('',#3647,#3632,#4369,.T.);
#2960=EDGE_CURVE('',#3648,#3649,#4370,.T.);
#2961=EDGE_CURVE('',#3648,#3645,#4371,.T.);
#2962=EDGE_CURVE('',#3649,#3644,#4372,.T.);
#2963=EDGE_CURVE('',#3638,#3648,#4373,.T.);
#2964=EDGE_CURVE('',#3641,#3646,#4374,.T.);
#2965=EDGE_CURVE('',#3640,#3647,#4375,.T.);
#2966=EDGE_CURVE('',#3635,#3106,#79,.F.);
#2967=EDGE_CURVE('',#3649,#3643,#4376,.T.);
#2968=EDGE_CURVE('',#3650,#3131,#4377,.T.);
#2969=EDGE_CURVE('',#3651,#3650,#4378,.T.);
#2970=EDGE_CURVE('',#3651,#3129,#4379,.T.);
#2971=EDGE_CURVE('',#3652,#3653,#4380,.T.);
#2972=EDGE_CURVE('',#3654,#3652,#4381,.T.);
#2973=EDGE_CURVE('',#3130,#3654,#4382,.T.);
#2974=EDGE_CURVE('',#3128,#3655,#4383,.T.);
#2975=EDGE_CURVE('',#3655,#3653,#4384,.T.);
#2976=EDGE_CURVE('',#3656,#3657,#4385,.T.);
#2977=EDGE_CURVE('',#3657,#3110,#4386,.T.);
#2978=EDGE_CURVE('',#3655,#3111,#253,.T.);
#2979=EDGE_CURVE('',#3658,#3651,#4387,.T.);
#2980=EDGE_CURVE('',#3659,#3658,#254,.T.);
#2981=EDGE_CURVE('',#3656,#3659,#4388,.T.);
#2982=EDGE_CURVE('',#3660,#3654,#4389,.T.);
#2983=EDGE_CURVE('',#3661,#3660,#4390,.T.);
#2984=EDGE_CURVE('',#3661,#3662,#4391,.T.);
#2985=EDGE_CURVE('',#3662,#3663,#4392,.T.);
#2986=EDGE_CURVE('',#3663,#3664,#4393,.T.);
#2987=EDGE_CURVE('',#3664,#3665,#255,.T.);
#2988=EDGE_CURVE('',#3665,#3650,#4394,.T.);
#2989=EDGE_CURVE('',#3666,#3667,#4395,.T.);
#2990=EDGE_CURVE('',#3666,#3663,#4396,.T.);
#2991=EDGE_CURVE('',#3667,#3662,#4397,.T.);
#2992=EDGE_CURVE('',#3656,#3666,#4398,.T.);
#2993=EDGE_CURVE('',#3659,#3664,#4399,.T.);
#2994=EDGE_CURVE('',#3658,#3665,#4400,.T.);
#2995=EDGE_CURVE('',#3653,#3109,#80,.F.);
#2996=EDGE_CURVE('',#3667,#3661,#4401,.T.);
#2997=EDGE_CURVE('',#3668,#3187,#4402,.T.);
#2998=EDGE_CURVE('',#3669,#3668,#4403,.T.);
#2999=EDGE_CURVE('',#3669,#3185,#4404,.T.);
#3000=EDGE_CURVE('',#3670,#3671,#4405,.T.);
#3001=EDGE_CURVE('',#3672,#3670,#4406,.T.);
#3002=EDGE_CURVE('',#3186,#3672,#4407,.T.);
#3003=EDGE_CURVE('',#3184,#3673,#4408,.T.);
#3004=EDGE_CURVE('',#3673,#3671,#4409,.T.);
#3005=EDGE_CURVE('',#3674,#3675,#4410,.T.);
#3006=EDGE_CURVE('',#3675,#3113,#4411,.T.);
#3007=EDGE_CURVE('',#3673,#3114,#256,.T.);
#3008=EDGE_CURVE('',#3676,#3669,#4412,.T.);
#3009=EDGE_CURVE('',#3677,#3676,#257,.T.);
#3010=EDGE_CURVE('',#3674,#3677,#4413,.T.);
#3011=EDGE_CURVE('',#3678,#3672,#4414,.T.);
#3012=EDGE_CURVE('',#3679,#3678,#4415,.T.);
#3013=EDGE_CURVE('',#3679,#3680,#4416,.T.);
#3014=EDGE_CURVE('',#3680,#3681,#4417,.T.);
#3015=EDGE_CURVE('',#3681,#3682,#4418,.T.);
#3016=EDGE_CURVE('',#3682,#3683,#258,.T.);
#3017=EDGE_CURVE('',#3683,#3668,#4419,.T.);
#3018=EDGE_CURVE('',#3684,#3685,#4420,.T.);
#3019=EDGE_CURVE('',#3684,#3681,#4421,.T.);
#3020=EDGE_CURVE('',#3685,#3680,#4422,.T.);
#3021=EDGE_CURVE('',#3674,#3684,#4423,.T.);
#3022=EDGE_CURVE('',#3677,#3682,#4424,.T.);
#3023=EDGE_CURVE('',#3676,#3683,#4425,.T.);
#3024=EDGE_CURVE('',#3671,#3112,#81,.F.);
#3025=EDGE_CURVE('',#3685,#3679,#4426,.T.);
#3026=EDGE_CURVE('',#3686,#3127,#4427,.T.);
#3027=EDGE_CURVE('',#3687,#3686,#4428,.T.);
#3028=EDGE_CURVE('',#3687,#3125,#4429,.T.);
#3029=EDGE_CURVE('',#3688,#3689,#4430,.T.);
#3030=EDGE_CURVE('',#3690,#3688,#4431,.T.);
#3031=EDGE_CURVE('',#3126,#3690,#4432,.T.);
#3032=EDGE_CURVE('',#3124,#3691,#4433,.T.);
#3033=EDGE_CURVE('',#3691,#3689,#4434,.T.);
#3034=EDGE_CURVE('',#3692,#3693,#4435,.T.);
#3035=EDGE_CURVE('',#3693,#3116,#4436,.T.);
#3036=EDGE_CURVE('',#3691,#3117,#259,.T.);
#3037=EDGE_CURVE('',#3694,#3687,#4437,.T.);
#3038=EDGE_CURVE('',#3695,#3694,#260,.T.);
#3039=EDGE_CURVE('',#3692,#3695,#4438,.T.);
#3040=EDGE_CURVE('',#3696,#3690,#4439,.T.);
#3041=EDGE_CURVE('',#3697,#3696,#4440,.T.);
#3042=EDGE_CURVE('',#3697,#3698,#4441,.T.);
#3043=EDGE_CURVE('',#3698,#3699,#4442,.T.);
#3044=EDGE_CURVE('',#3699,#3700,#4443,.T.);
#3045=EDGE_CURVE('',#3700,#3701,#261,.T.);
#3046=EDGE_CURVE('',#3701,#3686,#4444,.T.);
#3047=EDGE_CURVE('',#3702,#3703,#4445,.T.);
#3048=EDGE_CURVE('',#3702,#3699,#4446,.T.);
#3049=EDGE_CURVE('',#3703,#3698,#4447,.T.);
#3050=EDGE_CURVE('',#3692,#3702,#4448,.T.);
#3051=EDGE_CURVE('',#3695,#3700,#4449,.T.);
#3052=EDGE_CURVE('',#3694,#3701,#4450,.T.);
#3053=EDGE_CURVE('',#3689,#3115,#82,.F.);
#3054=EDGE_CURVE('',#3703,#3697,#4451,.T.);
#3055=EDGE_CURVE('',#3704,#3191,#4452,.T.);
#3056=EDGE_CURVE('',#3705,#3704,#4453,.T.);
#3057=EDGE_CURVE('',#3705,#3189,#4454,.T.);
#3058=EDGE_CURVE('',#3706,#3707,#4455,.T.);
#3059=EDGE_CURVE('',#3708,#3706,#4456,.T.);
#3060=EDGE_CURVE('',#3190,#3708,#4457,.T.);
#3061=EDGE_CURVE('',#3188,#3709,#4458,.T.);
#3062=EDGE_CURVE('',#3709,#3707,#4459,.T.);
#3063=EDGE_CURVE('',#3710,#3711,#4460,.T.);
#3064=EDGE_CURVE('',#3711,#3119,#4461,.T.);
#3065=EDGE_CURVE('',#3709,#3120,#262,.T.);
#3066=EDGE_CURVE('',#3712,#3705,#4462,.T.);
#3067=EDGE_CURVE('',#3713,#3712,#263,.T.);
#3068=EDGE_CURVE('',#3710,#3713,#4463,.T.);
#3069=EDGE_CURVE('',#3714,#3708,#4464,.T.);
#3070=EDGE_CURVE('',#3715,#3714,#4465,.T.);
#3071=EDGE_CURVE('',#3715,#3716,#4466,.T.);
#3072=EDGE_CURVE('',#3716,#3717,#4467,.T.);
#3073=EDGE_CURVE('',#3717,#3718,#4468,.T.);
#3074=EDGE_CURVE('',#3718,#3719,#264,.T.);
#3075=EDGE_CURVE('',#3719,#3704,#4469,.T.);
#3076=EDGE_CURVE('',#3720,#3721,#4470,.T.);
#3077=EDGE_CURVE('',#3720,#3717,#4471,.T.);
#3078=EDGE_CURVE('',#3721,#3716,#4472,.T.);
#3079=EDGE_CURVE('',#3710,#3720,#4473,.T.);
#3080=EDGE_CURVE('',#3713,#3718,#4474,.T.);
#3081=EDGE_CURVE('',#3712,#3719,#4475,.T.);
#3082=EDGE_CURVE('',#3707,#3118,#83,.F.);
#3083=EDGE_CURVE('',#3721,#3715,#4476,.T.);
#3084=EDGE_CURVE('',#3580,#3585,#4477,.T.);
#3085=EDGE_CURVE('',#3588,#3594,#4478,.T.);
#3086=EDGE_CURVE('',#3706,#3711,#4479,.T.);
#3087=EDGE_CURVE('',#3714,#3720,#4480,.T.);
#3088=EDGE_CURVE('',#3688,#3693,#4481,.T.);
#3089=EDGE_CURVE('',#3696,#3702,#4482,.T.);
#3090=EDGE_CURVE('',#3670,#3675,#4483,.T.);
#3091=EDGE_CURVE('',#3678,#3684,#4484,.T.);
#3092=EDGE_CURVE('',#3652,#3657,#4485,.T.);
#3093=EDGE_CURVE('',#3660,#3666,#4486,.T.);
#3094=EDGE_CURVE('',#3634,#3639,#4487,.T.);
#3095=EDGE_CURVE('',#3642,#3648,#4488,.T.);
#3096=EDGE_CURVE('',#3616,#3621,#4489,.T.);
#3097=EDGE_CURVE('',#3624,#3630,#4490,.T.);
#3098=EDGE_CURVE('',#3598,#3603,#4491,.T.);
#3099=EDGE_CURVE('',#3606,#3612,#4492,.T.);
#3100=VERTEX_POINT('',#11200);
#3101=VERTEX_POINT('',#11201);
#3102=VERTEX_POINT('',#11203);
#3103=VERTEX_POINT('',#11207);
#3104=VERTEX_POINT('',#11208);
#3105=VERTEX_POINT('',#11210);
#3106=VERTEX_POINT('',#11214);
#3107=VERTEX_POINT('',#11215);
#3108=VERTEX_POINT('',#11217);
#3109=VERTEX_POINT('',#11221);
#3110=VERTEX_POINT('',#11222);
#3111=VERTEX_POINT('',#11224);
#3112=VERTEX_POINT('',#11228);
#3113=VERTEX_POINT('',#11229);
#3114=VERTEX_POINT('',#11231);
#3115=VERTEX_POINT('',#11235);
#3116=VERTEX_POINT('',#11236);
#3117=VERTEX_POINT('',#11238);
#3118=VERTEX_POINT('',#11242);
#3119=VERTEX_POINT('',#11243);
#3120=VERTEX_POINT('',#11245);
#3121=VERTEX_POINT('',#11249);
#3122=VERTEX_POINT('',#11250);
#3123=VERTEX_POINT('',#11252);
#3124=VERTEX_POINT('',#11256);
#3125=VERTEX_POINT('',#11257);
#3126=VERTEX_POINT('',#11259);
#3127=VERTEX_POINT('',#11261);
#3128=VERTEX_POINT('',#11264);
#3129=VERTEX_POINT('',#11265);
#3130=VERTEX_POINT('',#11267);
#3131=VERTEX_POINT('',#11269);
#3132=VERTEX_POINT('',#11272);
#3133=VERTEX_POINT('',#11273);
#3134=VERTEX_POINT('',#11275);
#3135=VERTEX_POINT('',#11277);
#3136=VERTEX_POINT('',#11280);
#3137=VERTEX_POINT('',#11281);
#3138=VERTEX_POINT('',#11283);
#3139=VERTEX_POINT('',#11285);
#3140=VERTEX_POINT('',#11288);
#3141=VERTEX_POINT('',#11289);
#3142=VERTEX_POINT('',#11291);
#3143=VERTEX_POINT('',#11293);
#3144=VERTEX_POINT('',#11295);
#3145=VERTEX_POINT('',#11297);
#3146=VERTEX_POINT('',#11299);
#3147=VERTEX_POINT('',#11301);
#3148=VERTEX_POINT('',#11303);
#3149=VERTEX_POINT('',#11305);
#3150=VERTEX_POINT('',#11307);
#3151=VERTEX_POINT('',#11309);
#3152=VERTEX_POINT('',#11311);
#3153=VERTEX_POINT('',#11313);
#3154=VERTEX_POINT('',#11315);
#3155=VERTEX_POINT('',#11317);
#3156=VERTEX_POINT('',#11319);
#3157=VERTEX_POINT('',#11321);
#3158=VERTEX_POINT('',#11323);
#3159=VERTEX_POINT('',#11325);
#3160=VERTEX_POINT('',#11327);
#3161=VERTEX_POINT('',#11329);
#3162=VERTEX_POINT('',#11331);
#3163=VERTEX_POINT('',#11333);
#3164=VERTEX_POINT('',#11335);
#3165=VERTEX_POINT('',#11337);
#3166=VERTEX_POINT('',#11339);
#3167=VERTEX_POINT('',#11341);
#3168=VERTEX_POINT('',#11343);
#3169=VERTEX_POINT('',#11345);
#3170=VERTEX_POINT('',#11347);
#3171=VERTEX_POINT('',#11349);
#3172=VERTEX_POINT('',#11351);
#3173=VERTEX_POINT('',#11353);
#3174=VERTEX_POINT('',#11355);
#3175=VERTEX_POINT('',#11357);
#3176=VERTEX_POINT('',#11360);
#3177=VERTEX_POINT('',#11361);
#3178=VERTEX_POINT('',#11363);
#3179=VERTEX_POINT('',#11365);
#3180=VERTEX_POINT('',#11368);
#3181=VERTEX_POINT('',#11369);
#3182=VERTEX_POINT('',#11371);
#3183=VERTEX_POINT('',#11373);
#3184=VERTEX_POINT('',#11376);
#3185=VERTEX_POINT('',#11377);
#3186=VERTEX_POINT('',#11379);
#3187=VERTEX_POINT('',#11381);
#3188=VERTEX_POINT('',#11384);
#3189=VERTEX_POINT('',#11385);
#3190=VERTEX_POINT('',#11387);
#3191=VERTEX_POINT('',#11389);
#3192=VERTEX_POINT('',#11393);
#3193=VERTEX_POINT('',#11395);
#3194=VERTEX_POINT('',#11399);
#3195=VERTEX_POINT('',#11400);
#3196=VERTEX_POINT('',#11402);
#3197=VERTEX_POINT('',#11404);
#3198=VERTEX_POINT('',#11406);
#3199=VERTEX_POINT('',#11408);
#3200=VERTEX_POINT('',#11410);
#3201=VERTEX_POINT('',#11412);
#3202=VERTEX_POINT('',#11414);
#3203=VERTEX_POINT('',#11416);
#3204=VERTEX_POINT('',#11418);
#3205=VERTEX_POINT('',#11420);
#3206=VERTEX_POINT('',#11422);
#3207=VERTEX_POINT('',#11424);
#3208=VERTEX_POINT('',#11426);
#3209=VERTEX_POINT('',#11428);
#3210=VERTEX_POINT('',#11430);
#3211=VERTEX_POINT('',#11432);
#3212=VERTEX_POINT('',#11434);
#3213=VERTEX_POINT('',#11436);
#3214=VERTEX_POINT('',#11438);
#3215=VERTEX_POINT('',#11440);
#3216=VERTEX_POINT('',#11442);
#3217=VERTEX_POINT('',#11444);
#3218=VERTEX_POINT('',#11446);
#3219=VERTEX_POINT('',#11448);
#3220=VERTEX_POINT('',#11450);
#3221=VERTEX_POINT('',#11452);
#3222=VERTEX_POINT('',#11454);
#3223=VERTEX_POINT('',#11456);
#3224=VERTEX_POINT('',#11458);
#3225=VERTEX_POINT('',#11460);
#3226=VERTEX_POINT('',#11462);
#3227=VERTEX_POINT('',#11465);
#3228=VERTEX_POINT('',#11469);
#3229=VERTEX_POINT('',#11471);
#3230=VERTEX_POINT('',#11475);
#3231=VERTEX_POINT('',#11477);
#3232=VERTEX_POINT('',#11481);
#3233=VERTEX_POINT('',#11483);
#3234=VERTEX_POINT('',#11487);
#3235=VERTEX_POINT('',#11489);
#3236=VERTEX_POINT('',#11493);
#3237=VERTEX_POINT('',#11495);
#3238=VERTEX_POINT('',#11499);
#3239=VERTEX_POINT('',#11501);
#3240=VERTEX_POINT('',#11505);
#3241=VERTEX_POINT('',#11507);
#3242=VERTEX_POINT('',#11511);
#3243=VERTEX_POINT('',#11513);
#3244=VERTEX_POINT('',#11517);
#3245=VERTEX_POINT('',#11519);
#3246=VERTEX_POINT('',#11523);
#3247=VERTEX_POINT('',#11525);
#3248=VERTEX_POINT('',#11529);
#3249=VERTEX_POINT('',#11531);
#3250=VERTEX_POINT('',#11535);
#3251=VERTEX_POINT('',#11537);
#3252=VERTEX_POINT('',#11541);
#3253=VERTEX_POINT('',#11543);
#3254=VERTEX_POINT('',#11547);
#3255=VERTEX_POINT('',#11549);
#3256=VERTEX_POINT('',#11577);
#3257=VERTEX_POINT('',#11582);
#3258=VERTEX_POINT('',#11584);
#3259=VERTEX_POINT('',#11589);
#3260=VERTEX_POINT('',#11596);
#3261=VERTEX_POINT('',#11598);
#3262=VERTEX_POINT('',#11602);
#3263=VERTEX_POINT('',#11603);
#3264=VERTEX_POINT('',#11611);
#3265=VERTEX_POINT('',#11616);
#3266=VERTEX_POINT('',#11618);
#3267=VERTEX_POINT('',#11623);
#3268=VERTEX_POINT('',#11630);
#3269=VERTEX_POINT('',#11632);
#3270=VERTEX_POINT('',#11636);
#3271=VERTEX_POINT('',#11637);
#3272=VERTEX_POINT('',#11645);
#3273=VERTEX_POINT('',#11650);
#3274=VERTEX_POINT('',#11652);
#3275=VERTEX_POINT('',#11657);
#3276=VERTEX_POINT('',#11664);
#3277=VERTEX_POINT('',#11666);
#3278=VERTEX_POINT('',#11670);
#3279=VERTEX_POINT('',#11671);
#3280=VERTEX_POINT('',#11679);
#3281=VERTEX_POINT('',#11684);
#3282=VERTEX_POINT('',#11686);
#3283=VERTEX_POINT('',#11691);
#3284=VERTEX_POINT('',#11698);
#3285=VERTEX_POINT('',#11700);
#3286=VERTEX_POINT('',#11704);
#3287=VERTEX_POINT('',#11705);
#3288=VERTEX_POINT('',#11713);
#3289=VERTEX_POINT('',#11718);
#3290=VERTEX_POINT('',#11720);
#3291=VERTEX_POINT('',#11725);
#3292=VERTEX_POINT('',#11732);
#3293=VERTEX_POINT('',#11734);
#3294=VERTEX_POINT('',#11738);
#3295=VERTEX_POINT('',#11739);
#3296=VERTEX_POINT('',#11747);
#3297=VERTEX_POINT('',#11752);
#3298=VERTEX_POINT('',#11754);
#3299=VERTEX_POINT('',#11759);
#3300=VERTEX_POINT('',#11766);
#3301=VERTEX_POINT('',#11768);
#3302=VERTEX_POINT('',#11772);
#3303=VERTEX_POINT('',#11773);
#3304=VERTEX_POINT('',#11781);
#3305=VERTEX_POINT('',#11786);
#3306=VERTEX_POINT('',#11788);
#3307=VERTEX_POINT('',#11793);
#3308=VERTEX_POINT('',#11800);
#3309=VERTEX_POINT('',#11802);
#3310=VERTEX_POINT('',#11806);
#3311=VERTEX_POINT('',#11807);
#3312=VERTEX_POINT('',#11812);
#3313=VERTEX_POINT('',#11814);
#3314=VERTEX_POINT('',#11818);
#3315=VERTEX_POINT('',#11820);
#3316=VERTEX_POINT('',#11830);
#3317=VERTEX_POINT('',#11835);
#3318=VERTEX_POINT('',#11837);
#3319=VERTEX_POINT('',#11842);
#3320=VERTEX_POINT('',#11849);
#3321=VERTEX_POINT('',#11851);
#3322=VERTEX_POINT('',#11855);
#3323=VERTEX_POINT('',#11856);
#3324=VERTEX_POINT('',#11885);
#3325=VERTEX_POINT('',#11886);
#3326=VERTEX_POINT('',#11888);
#3327=VERTEX_POINT('',#11890);
#3328=VERTEX_POINT('',#11893);
#3329=VERTEX_POINT('',#11894);
#3330=VERTEX_POINT('',#11896);
#3331=VERTEX_POINT('',#11898);
#3332=VERTEX_POINT('',#11901);
#3333=VERTEX_POINT('',#11902);
#3334=VERTEX_POINT('',#11904);
#3335=VERTEX_POINT('',#11906);
#3336=VERTEX_POINT('',#11909);
#3337=VERTEX_POINT('',#11910);
#3338=VERTEX_POINT('',#11912);
#3339=VERTEX_POINT('',#11914);
#3340=VERTEX_POINT('',#11917);
#3341=VERTEX_POINT('',#11918);
#3342=VERTEX_POINT('',#11920);
#3343=VERTEX_POINT('',#11922);
#3344=VERTEX_POINT('',#11925);
#3345=VERTEX_POINT('',#11926);
#3346=VERTEX_POINT('',#11928);
#3347=VERTEX_POINT('',#11930);
#3348=VERTEX_POINT('',#11933);
#3349=VERTEX_POINT('',#11934);
#3350=VERTEX_POINT('',#11936);
#3351=VERTEX_POINT('',#11938);
#3352=VERTEX_POINT('',#11941);
#3353=VERTEX_POINT('',#11942);
#3354=VERTEX_POINT('',#11944);
#3355=VERTEX_POINT('',#11946);
#3356=VERTEX_POINT('',#11949);
#3357=VERTEX_POINT('',#11950);
#3358=VERTEX_POINT('',#11952);
#3359=VERTEX_POINT('',#11954);
#3360=VERTEX_POINT('',#11956);
#3361=VERTEX_POINT('',#11958);
#3362=VERTEX_POINT('',#11960);
#3363=VERTEX_POINT('',#11962);
#3364=VERTEX_POINT('',#11964);
#3365=VERTEX_POINT('',#11966);
#3366=VERTEX_POINT('',#11968);
#3367=VERTEX_POINT('',#11970);
#3368=VERTEX_POINT('',#11972);
#3369=VERTEX_POINT('',#11974);
#3370=VERTEX_POINT('',#11976);
#3371=VERTEX_POINT('',#11978);
#3372=VERTEX_POINT('',#11980);
#3373=VERTEX_POINT('',#11982);
#3374=VERTEX_POINT('',#11984);
#3375=VERTEX_POINT('',#11986);
#3376=VERTEX_POINT('',#11988);
#3377=VERTEX_POINT('',#11990);
#3378=VERTEX_POINT('',#11992);
#3379=VERTEX_POINT('',#11994);
#3380=VERTEX_POINT('',#11996);
#3381=VERTEX_POINT('',#11998);
#3382=VERTEX_POINT('',#12000);
#3383=VERTEX_POINT('',#12002);
#3384=VERTEX_POINT('',#12004);
#3385=VERTEX_POINT('',#12006);
#3386=VERTEX_POINT('',#12008);
#3387=VERTEX_POINT('',#12010);
#3388=VERTEX_POINT('',#12012);
#3389=VERTEX_POINT('',#12014);
#3390=VERTEX_POINT('',#12016);
#3391=VERTEX_POINT('',#12018);
#3392=VERTEX_POINT('',#12020);
#3393=VERTEX_POINT('',#12022);
#3394=VERTEX_POINT('',#12024);
#3395=VERTEX_POINT('',#12026);
#3396=VERTEX_POINT('',#12028);
#3397=VERTEX_POINT('',#12030);
#3398=VERTEX_POINT('',#12032);
#3399=VERTEX_POINT('',#12034);
#3400=VERTEX_POINT('',#12036);
#3401=VERTEX_POINT('',#12038);
#3402=VERTEX_POINT('',#12040);
#3403=VERTEX_POINT('',#12042);
#3404=VERTEX_POINT('',#12044);
#3405=VERTEX_POINT('',#12046);
#3406=VERTEX_POINT('',#12048);
#3407=VERTEX_POINT('',#12050);
#3408=VERTEX_POINT('',#12052);
#3409=VERTEX_POINT('',#12054);
#3410=VERTEX_POINT('',#12056);
#3411=VERTEX_POINT('',#12058);
#3412=VERTEX_POINT('',#12060);
#3413=VERTEX_POINT('',#12062);
#3414=VERTEX_POINT('',#12064);
#3415=VERTEX_POINT('',#12066);
#3416=VERTEX_POINT('',#12068);
#3417=VERTEX_POINT('',#12070);
#3418=VERTEX_POINT('',#12072);
#3419=VERTEX_POINT('',#12074);
#3420=VERTEX_POINT('',#12076);
#3421=VERTEX_POINT('',#12078);
#3422=VERTEX_POINT('',#12080);
#3423=VERTEX_POINT('',#12082);
#3424=VERTEX_POINT('',#12086);
#3425=VERTEX_POINT('',#12087);
#3426=VERTEX_POINT('',#12089);
#3427=VERTEX_POINT('',#12091);
#3428=VERTEX_POINT('',#12095);
#3429=VERTEX_POINT('',#12097);
#3430=VERTEX_POINT('',#12101);
#3431=VERTEX_POINT('',#12103);
#3432=VERTEX_POINT('',#12107);
#3433=VERTEX_POINT('',#12109);
#3434=VERTEX_POINT('',#12113);
#3435=VERTEX_POINT('',#12115);
#3436=VERTEX_POINT('',#12118);
#3437=VERTEX_POINT('',#12120);
#3438=VERTEX_POINT('',#12123);
#3439=VERTEX_POINT('',#12125);
#3440=VERTEX_POINT('',#12128);
#3441=VERTEX_POINT('',#12130);
#3442=VERTEX_POINT('',#12133);
#3443=VERTEX_POINT('',#12135);
#3444=VERTEX_POINT('',#12138);
#3445=VERTEX_POINT('',#12140);
#3446=VERTEX_POINT('',#12143);
#3447=VERTEX_POINT('',#12145);
#3448=VERTEX_POINT('',#12148);
#3449=VERTEX_POINT('',#12150);
#3450=VERTEX_POINT('',#12153);
#3451=VERTEX_POINT('',#12155);
#3452=VERTEX_POINT('',#12159);
#3453=VERTEX_POINT('',#12161);
#3454=VERTEX_POINT('',#12164);
#3455=VERTEX_POINT('',#12166);
#3456=VERTEX_POINT('',#12168);
#3457=VERTEX_POINT('',#12170);
#3458=VERTEX_POINT('',#12172);
#3459=VERTEX_POINT('',#12174);
#3460=VERTEX_POINT('',#12177);
#3461=VERTEX_POINT('',#12179);
#3462=VERTEX_POINT('',#12182);
#3463=VERTEX_POINT('',#12184);
#3464=VERTEX_POINT('',#12187);
#3465=VERTEX_POINT('',#12189);
#3466=VERTEX_POINT('',#12192);
#3467=VERTEX_POINT('',#12194);
#3468=VERTEX_POINT('',#12197);
#3469=VERTEX_POINT('',#12199);
#3470=VERTEX_POINT('',#12202);
#3471=VERTEX_POINT('',#12204);
#3472=VERTEX_POINT('',#12211);
#3473=VERTEX_POINT('',#12213);
#3474=VERTEX_POINT('',#12220);
#3475=VERTEX_POINT('',#12222);
#3476=VERTEX_POINT('',#12225);
#3477=VERTEX_POINT('',#12227);
#3478=VERTEX_POINT('',#12231);
#3479=VERTEX_POINT('',#12233);
#3480=VERTEX_POINT('',#12242);
#3481=VERTEX_POINT('',#12244);
#3482=VERTEX_POINT('',#12253);
#3483=VERTEX_POINT('',#12254);
#3484=VERTEX_POINT('',#12256);
#3485=VERTEX_POINT('',#12258);
#3486=VERTEX_POINT('',#12270);
#3487=VERTEX_POINT('',#12272);
#3488=VERTEX_POINT('',#12276);
#3489=VERTEX_POINT('',#12280);
#3490=VERTEX_POINT('',#12287);
#3491=VERTEX_POINT('',#12288);
#3492=VERTEX_POINT('',#12290);
#3493=VERTEX_POINT('',#12292);
#3494=VERTEX_POINT('',#12304);
#3495=VERTEX_POINT('',#12306);
#3496=VERTEX_POINT('',#12310);
#3497=VERTEX_POINT('',#12314);
#3498=VERTEX_POINT('',#12321);
#3499=VERTEX_POINT('',#12322);
#3500=VERTEX_POINT('',#12324);
#3501=VERTEX_POINT('',#12326);
#3502=VERTEX_POINT('',#12338);
#3503=VERTEX_POINT('',#12340);
#3504=VERTEX_POINT('',#12344);
#3505=VERTEX_POINT('',#12348);
#3506=VERTEX_POINT('',#12355);
#3507=VERTEX_POINT('',#12356);
#3508=VERTEX_POINT('',#12358);
#3509=VERTEX_POINT('',#12360);
#3510=VERTEX_POINT('',#12372);
#3511=VERTEX_POINT('',#12374);
#3512=VERTEX_POINT('',#12378);
#3513=VERTEX_POINT('',#12382);
#3514=VERTEX_POINT('',#12389);
#3515=VERTEX_POINT('',#12390);
#3516=VERTEX_POINT('',#12392);
#3517=VERTEX_POINT('',#12394);
#3518=VERTEX_POINT('',#12406);
#3519=VERTEX_POINT('',#12408);
#3520=VERTEX_POINT('',#12412);
#3521=VERTEX_POINT('',#12416);
#3522=VERTEX_POINT('',#12423);
#3523=VERTEX_POINT('',#12424);
#3524=VERTEX_POINT('',#12426);
#3525=VERTEX_POINT('',#12428);
#3526=VERTEX_POINT('',#12440);
#3527=VERTEX_POINT('',#12442);
#3528=VERTEX_POINT('',#12446);
#3529=VERTEX_POINT('',#12450);
#3530=VERTEX_POINT('',#12457);
#3531=VERTEX_POINT('',#12458);
#3532=VERTEX_POINT('',#12460);
#3533=VERTEX_POINT('',#12462);
#3534=VERTEX_POINT('',#12474);
#3535=VERTEX_POINT('',#12476);
#3536=VERTEX_POINT('',#12480);
#3537=VERTEX_POINT('',#12484);
#3538=VERTEX_POINT('',#12491);
#3539=VERTEX_POINT('',#12493);
#3540=VERTEX_POINT('',#12497);
#3541=VERTEX_POINT('',#12499);
#3542=VERTEX_POINT('',#12503);
#3543=VERTEX_POINT('',#12507);
#3544=VERTEX_POINT('',#12513);
#3545=VERTEX_POINT('',#12517);
#3546=VERTEX_POINT('',#12572);
#3547=VERTEX_POINT('',#12574);
#3548=VERTEX_POINT('',#12578);
#3549=VERTEX_POINT('',#12580);
#3550=VERTEX_POINT('',#12589);
#3551=VERTEX_POINT('',#12591);
#3552=VERTEX_POINT('',#12595);
#3553=VERTEX_POINT('',#12597);
#3554=VERTEX_POINT('',#12606);
#3555=VERTEX_POINT('',#12608);
#3556=VERTEX_POINT('',#12612);
#3557=VERTEX_POINT('',#12614);
#3558=VERTEX_POINT('',#12623);
#3559=VERTEX_POINT('',#12625);
#3560=VERTEX_POINT('',#12629);
#3561=VERTEX_POINT('',#12631);
#3562=VERTEX_POINT('',#12640);
#3563=VERTEX_POINT('',#12642);
#3564=VERTEX_POINT('',#12646);
#3565=VERTEX_POINT('',#12648);
#3566=VERTEX_POINT('',#12657);
#3567=VERTEX_POINT('',#12659);
#3568=VERTEX_POINT('',#12663);
#3569=VERTEX_POINT('',#12665);
#3570=VERTEX_POINT('',#12674);
#3571=VERTEX_POINT('',#12676);
#3572=VERTEX_POINT('',#12680);
#3573=VERTEX_POINT('',#12682);
#3574=VERTEX_POINT('',#12691);
#3575=VERTEX_POINT('',#12693);
#3576=VERTEX_POINT('',#12697);
#3577=VERTEX_POINT('',#12699);
#3578=VERTEX_POINT('',#12708);
#3579=VERTEX_POINT('',#12710);
#3580=VERTEX_POINT('',#12714);
#3581=VERTEX_POINT('',#12715);
#3582=VERTEX_POINT('',#12717);
#3583=VERTEX_POINT('',#12720);
#3584=VERTEX_POINT('',#12724);
#3585=VERTEX_POINT('',#12725);
#3586=VERTEX_POINT('',#12729);
#3587=VERTEX_POINT('',#12731);
#3588=VERTEX_POINT('',#12735);
#3589=VERTEX_POINT('',#12737);
#3590=VERTEX_POINT('',#12739);
#3591=VERTEX_POINT('',#12741);
#3592=VERTEX_POINT('',#12743);
#3593=VERTEX_POINT('',#12745);
#3594=VERTEX_POINT('',#12749);
#3595=VERTEX_POINT('',#12750);
#3596=VERTEX_POINT('',#12765);
#3597=VERTEX_POINT('',#12767);
#3598=VERTEX_POINT('',#12771);
#3599=VERTEX_POINT('',#12772);
#3600=VERTEX_POINT('',#12774);
#3601=VERTEX_POINT('',#12777);
#3602=VERTEX_POINT('',#12781);
#3603=VERTEX_POINT('',#12782);
#3604=VERTEX_POINT('',#12786);
#3605=VERTEX_POINT('',#12788);
#3606=VERTEX_POINT('',#12792);
#3607=VERTEX_POINT('',#12794);
#3608=VERTEX_POINT('',#12796);
#3609=VERTEX_POINT('',#12798);
#3610=VERTEX_POINT('',#12800);
#3611=VERTEX_POINT('',#12802);
#3612=VERTEX_POINT('',#12806);
#3613=VERTEX_POINT('',#12807);
#3614=VERTEX_POINT('',#12822);
#3615=VERTEX_POINT('',#12824);
#3616=VERTEX_POINT('',#12828);
#3617=VERTEX_POINT('',#12829);
#3618=VERTEX_POINT('',#12831);
#3619=VERTEX_POINT('',#12834);
#3620=VERTEX_POINT('',#12838);
#3621=VERTEX_POINT('',#12839);
#3622=VERTEX_POINT('',#12843);
#3623=VERTEX_POINT('',#12845);
#3624=VERTEX_POINT('',#12849);
#3625=VERTEX_POINT('',#12851);
#3626=VERTEX_POINT('',#12853);
#3627=VERTEX_POINT('',#12855);
#3628=VERTEX_POINT('',#12857);
#3629=VERTEX_POINT('',#12859);
#3630=VERTEX_POINT('',#12863);
#3631=VERTEX_POINT('',#12864);
#3632=VERTEX_POINT('',#12879);
#3633=VERTEX_POINT('',#12881);
#3634=VERTEX_POINT('',#12885);
#3635=VERTEX_POINT('',#12886);
#3636=VERTEX_POINT('',#12888);
#3637=VERTEX_POINT('',#12891);
#3638=VERTEX_POINT('',#12895);
#3639=VERTEX_POINT('',#12896);
#3640=VERTEX_POINT('',#12900);
#3641=VERTEX_POINT('',#12902);
#3642=VERTEX_POINT('',#12906);
#3643=VERTEX_POINT('',#12908);
#3644=VERTEX_POINT('',#12910);
#3645=VERTEX_POINT('',#12912);
#3646=VERTEX_POINT('',#12914);
#3647=VERTEX_POINT('',#12916);
#3648=VERTEX_POINT('',#12920);
#3649=VERTEX_POINT('',#12921);
#3650=VERTEX_POINT('',#12936);
#3651=VERTEX_POINT('',#12938);
#3652=VERTEX_POINT('',#12942);
#3653=VERTEX_POINT('',#12943);
#3654=VERTEX_POINT('',#12945);
#3655=VERTEX_POINT('',#12948);
#3656=VERTEX_POINT('',#12952);
#3657=VERTEX_POINT('',#12953);
#3658=VERTEX_POINT('',#12957);
#3659=VERTEX_POINT('',#12959);
#3660=VERTEX_POINT('',#12963);
#3661=VERTEX_POINT('',#12965);
#3662=VERTEX_POINT('',#12967);
#3663=VERTEX_POINT('',#12969);
#3664=VERTEX_POINT('',#12971);
#3665=VERTEX_POINT('',#12973);
#3666=VERTEX_POINT('',#12977);
#3667=VERTEX_POINT('',#12978);
#3668=VERTEX_POINT('',#12993);
#3669=VERTEX_POINT('',#12995);
#3670=VERTEX_POINT('',#12999);
#3671=VERTEX_POINT('',#13000);
#3672=VERTEX_POINT('',#13002);
#3673=VERTEX_POINT('',#13005);
#3674=VERTEX_POINT('',#13009);
#3675=VERTEX_POINT('',#13010);
#3676=VERTEX_POINT('',#13014);
#3677=VERTEX_POINT('',#13016);
#3678=VERTEX_POINT('',#13020);
#3679=VERTEX_POINT('',#13022);
#3680=VERTEX_POINT('',#13024);
#3681=VERTEX_POINT('',#13026);
#3682=VERTEX_POINT('',#13028);
#3683=VERTEX_POINT('',#13030);
#3684=VERTEX_POINT('',#13034);
#3685=VERTEX_POINT('',#13035);
#3686=VERTEX_POINT('',#13050);
#3687=VERTEX_POINT('',#13052);
#3688=VERTEX_POINT('',#13056);
#3689=VERTEX_POINT('',#13057);
#3690=VERTEX_POINT('',#13059);
#3691=VERTEX_POINT('',#13062);
#3692=VERTEX_POINT('',#13066);
#3693=VERTEX_POINT('',#13067);
#3694=VERTEX_POINT('',#13071);
#3695=VERTEX_POINT('',#13073);
#3696=VERTEX_POINT('',#13077);
#3697=VERTEX_POINT('',#13079);
#3698=VERTEX_POINT('',#13081);
#3699=VERTEX_POINT('',#13083);
#3700=VERTEX_POINT('',#13085);
#3701=VERTEX_POINT('',#13087);
#3702=VERTEX_POINT('',#13091);
#3703=VERTEX_POINT('',#13092);
#3704=VERTEX_POINT('',#13107);
#3705=VERTEX_POINT('',#13109);
#3706=VERTEX_POINT('',#13113);
#3707=VERTEX_POINT('',#13114);
#3708=VERTEX_POINT('',#13116);
#3709=VERTEX_POINT('',#13119);
#3710=VERTEX_POINT('',#13123);
#3711=VERTEX_POINT('',#13124);
#3712=VERTEX_POINT('',#13128);
#3713=VERTEX_POINT('',#13130);
#3714=VERTEX_POINT('',#13134);
#3715=VERTEX_POINT('',#13136);
#3716=VERTEX_POINT('',#13138);
#3717=VERTEX_POINT('',#13140);
#3718=VERTEX_POINT('',#13142);
#3719=VERTEX_POINT('',#13144);
#3720=VERTEX_POINT('',#13148);
#3721=VERTEX_POINT('',#13149);
#3722=LINE('',#11199,#4493);
#3723=LINE('',#11202,#4494);
#3724=LINE('',#11204,#4495);
#3725=LINE('',#11206,#4496);
#3726=LINE('',#11209,#4497);
#3727=LINE('',#11211,#4498);
#3728=LINE('',#11213,#4499);
#3729=LINE('',#11216,#4500);
#3730=LINE('',#11218,#4501);
#3731=LINE('',#11220,#4502);
#3732=LINE('',#11223,#4503);
#3733=LINE('',#11225,#4504);
#3734=LINE('',#11227,#4505);
#3735=LINE('',#11230,#4506);
#3736=LINE('',#11232,#4507);
#3737=LINE('',#11234,#4508);
#3738=LINE('',#11237,#4509);
#3739=LINE('',#11239,#4510);
#3740=LINE('',#11241,#4511);
#3741=LINE('',#11244,#4512);
#3742=LINE('',#11246,#4513);
#3743=LINE('',#11248,#4514);
#3744=LINE('',#11251,#4515);
#3745=LINE('',#11253,#4516);
#3746=LINE('',#11255,#4517);
#3747=LINE('',#11258,#4518);
#3748=LINE('',#11260,#4519);
#3749=LINE('',#11262,#4520);
#3750=LINE('',#11263,#4521);
#3751=LINE('',#11266,#4522);
#3752=LINE('',#11268,#4523);
#3753=LINE('',#11270,#4524);
#3754=LINE('',#11271,#4525);
#3755=LINE('',#11274,#4526);
#3756=LINE('',#11276,#4527);
#3757=LINE('',#11278,#4528);
#3758=LINE('',#11279,#4529);
#3759=LINE('',#11282,#4530);
#3760=LINE('',#11284,#4531);
#3761=LINE('',#11286,#4532);
#3762=LINE('',#11287,#4533);
#3763=LINE('',#11292,#4534);
#3764=LINE('',#11294,#4535);
#3765=LINE('',#11296,#4536);
#3766=LINE('',#11300,#4537);
#3767=LINE('',#11302,#4538);
#3768=LINE('',#11304,#4539);
#3769=LINE('',#11306,#4540);
#3770=LINE('',#11308,#4541);
#3771=LINE('',#11310,#4542);
#3772=LINE('',#11312,#4543);
#3773=LINE('',#11316,#4544);
#3774=LINE('',#11318,#4545);
#3775=LINE('',#11320,#4546);
#3776=LINE('',#11324,#4547);
#3777=LINE('',#11326,#4548);
#3778=LINE('',#11328,#4549);
#3779=LINE('',#11332,#4550);
#3780=LINE('',#11334,#4551);
#3781=LINE('',#11336,#4552);
#3782=LINE('',#11340,#4553);
#3783=LINE('',#11342,#4554);
#3784=LINE('',#11344,#4555);
#3785=LINE('',#11348,#4556);
#3786=LINE('',#11350,#4557);
#3787=LINE('',#11352,#4558);
#3788=LINE('',#11356,#4559);
#3789=LINE('',#11358,#4560);
#3790=LINE('',#11359,#4561);
#3791=LINE('',#11362,#4562);
#3792=LINE('',#11364,#4563);
#3793=LINE('',#11366,#4564);
#3794=LINE('',#11367,#4565);
#3795=LINE('',#11370,#4566);
#3796=LINE('',#11372,#4567);
#3797=LINE('',#11374,#4568);
#3798=LINE('',#11375,#4569);
#3799=LINE('',#11378,#4570);
#3800=LINE('',#11380,#4571);
#3801=LINE('',#11382,#4572);
#3802=LINE('',#11383,#4573);
#3803=LINE('',#11386,#4574);
#3804=LINE('',#11388,#4575);
#3805=LINE('',#11390,#4576);
#3806=LINE('',#11394,#4577);
#3807=LINE('',#11398,#4578);
#3808=LINE('',#11401,#4579);
#3809=LINE('',#11403,#4580);
#3810=LINE('',#11407,#4581);
#3811=LINE('',#11409,#4582);
#3812=LINE('',#11411,#4583);
#3813=LINE('',#11415,#4584);
#3814=LINE('',#11417,#4585);
#3815=LINE('',#11419,#4586);
#3816=LINE('',#11423,#4587);
#3817=LINE('',#11425,#4588);
#3818=LINE('',#11427,#4589);
#3819=LINE('',#11431,#4590);
#3820=LINE('',#11433,#4591);
#3821=LINE('',#11435,#4592);
#3822=LINE('',#11439,#4593);
#3823=LINE('',#11441,#4594);
#3824=LINE('',#11443,#4595);
#3825=LINE('',#11447,#4596);
#3826=LINE('',#11449,#4597);
#3827=LINE('',#11451,#4598);
#3828=LINE('',#11453,#4599);
#3829=LINE('',#11455,#4600);
#3830=LINE('',#11457,#4601);
#3831=LINE('',#11459,#4602);
#3832=LINE('',#11463,#4603);
#3833=LINE('',#11464,#4604);
#3834=LINE('',#11468,#4605);
#3835=LINE('',#11472,#4606);
#3836=LINE('',#11474,#4607);
#3837=LINE('',#11478,#4608);
#3838=LINE('',#11480,#4609);
#3839=LINE('',#11484,#4610);
#3840=LINE('',#11486,#4611);
#3841=LINE('',#11490,#4612);
#3842=LINE('',#11492,#4613);
#3843=LINE('',#11496,#4614);
#3844=LINE('',#11498,#4615);
#3845=LINE('',#11502,#4616);
#3846=LINE('',#11504,#4617);
#3847=LINE('',#11508,#4618);
#3848=LINE('',#11510,#4619);
#3849=LINE('',#11514,#4620);
#3850=LINE('',#11516,#4621);
#3851=LINE('',#11520,#4622);
#3852=LINE('',#11522,#4623);
#3853=LINE('',#11526,#4624);
#3854=LINE('',#11528,#4625);
#3855=LINE('',#11532,#4626);
#3856=LINE('',#11534,#4627);
#3857=LINE('',#11538,#4628);
#3858=LINE('',#11540,#4629);
#3859=LINE('',#11544,#4630);
#3860=LINE('',#11546,#4631);
#3861=LINE('',#11550,#4632);
#3862=LINE('',#11595,#4633);
#3863=LINE('',#11599,#4634);
#3864=LINE('',#11601,#4635);
#3865=LINE('',#11604,#4636);
#3866=LINE('',#11605,#4637);
#3867=LINE('',#11629,#4638);
#3868=LINE('',#11633,#4639);
#3869=LINE('',#11635,#4640);
#3870=LINE('',#11638,#4641);
#3871=LINE('',#11639,#4642);
#3872=LINE('',#11663,#4643);
#3873=LINE('',#11667,#4644);
#3874=LINE('',#11669,#4645);
#3875=LINE('',#11672,#4646);
#3876=LINE('',#11673,#4647);
#3877=LINE('',#11697,#4648);
#3878=LINE('',#11701,#4649);
#3879=LINE('',#11703,#4650);
#3880=LINE('',#11706,#4651);
#3881=LINE('',#11707,#4652);
#3882=LINE('',#11731,#4653);
#3883=LINE('',#11735,#4654);
#3884=LINE('',#11737,#4655);
#3885=LINE('',#11740,#4656);
#3886=LINE('',#11741,#4657);
#3887=LINE('',#11765,#4658);
#3888=LINE('',#11769,#4659);
#3889=LINE('',#11771,#4660);
#3890=LINE('',#11774,#4661);
#3891=LINE('',#11775,#4662);
#3892=LINE('',#11799,#4663);
#3893=LINE('',#11803,#4664);
#3894=LINE('',#11805,#4665);
#3895=LINE('',#11808,#4666);
#3896=LINE('',#11809,#4667);
#3897=LINE('',#11811,#4668);
#3898=LINE('',#11815,#4669);
#3899=LINE('',#11817,#4670);
#3900=LINE('',#11821,#4671);
#3901=LINE('',#11848,#4672);
#3902=LINE('',#11852,#4673);
#3903=LINE('',#11854,#4674);
#3904=LINE('',#11857,#4675);
#3905=LINE('',#11858,#4676);
#3906=LINE('',#11860,#4677);
#3907=LINE('',#11861,#4678);
#3908=LINE('',#11863,#4679);
#3909=LINE('',#11864,#4680);
#3910=LINE('',#11866,#4681);
#3911=LINE('',#11867,#4682);
#3912=LINE('',#11869,#4683);
#3913=LINE('',#11870,#4684);
#3914=LINE('',#11872,#4685);
#3915=LINE('',#11873,#4686);
#3916=LINE('',#11875,#4687);
#3917=LINE('',#11876,#4688);
#3918=LINE('',#11878,#4689);
#3919=LINE('',#11879,#4690);
#3920=LINE('',#11881,#4691);
#3921=LINE('',#11882,#4692);
#3922=LINE('',#11884,#4693);
#3923=LINE('',#11887,#4694);
#3924=LINE('',#11889,#4695);
#3925=LINE('',#11891,#4696);
#3926=LINE('',#11892,#4697);
#3927=LINE('',#11895,#4698);
#3928=LINE('',#11897,#4699);
#3929=LINE('',#11899,#4700);
#3930=LINE('',#11900,#4701);
#3931=LINE('',#11903,#4702);
#3932=LINE('',#11905,#4703);
#3933=LINE('',#11907,#4704);
#3934=LINE('',#11908,#4705);
#3935=LINE('',#11911,#4706);
#3936=LINE('',#11913,#4707);
#3937=LINE('',#11915,#4708);
#3938=LINE('',#11916,#4709);
#3939=LINE('',#11919,#4710);
#3940=LINE('',#11921,#4711);
#3941=LINE('',#11923,#4712);
#3942=LINE('',#11924,#4713);
#3943=LINE('',#11927,#4714);
#3944=LINE('',#11929,#4715);
#3945=LINE('',#11931,#4716);
#3946=LINE('',#11932,#4717);
#3947=LINE('',#11935,#4718);
#3948=LINE('',#11937,#4719);
#3949=LINE('',#11939,#4720);
#3950=LINE('',#11940,#4721);
#3951=LINE('',#11943,#4722);
#3952=LINE('',#11945,#4723);
#3953=LINE('',#11947,#4724);
#3954=LINE('',#11948,#4725);
#3955=LINE('',#11951,#4726);
#3956=LINE('',#11953,#4727);
#3957=LINE('',#11955,#4728);
#3958=LINE('',#11957,#4729);
#3959=LINE('',#11959,#4730);
#3960=LINE('',#11961,#4731);
#3961=LINE('',#11963,#4732);
#3962=LINE('',#11965,#4733);
#3963=LINE('',#11967,#4734);
#3964=LINE('',#11969,#4735);
#3965=LINE('',#11971,#4736);
#3966=LINE('',#11973,#4737);
#3967=LINE('',#11975,#4738);
#3968=LINE('',#11977,#4739);
#3969=LINE('',#11979,#4740);
#3970=LINE('',#11981,#4741);
#3971=LINE('',#11983,#4742);
#3972=LINE('',#11985,#4743);
#3973=LINE('',#11987,#4744);
#3974=LINE('',#11989,#4745);
#3975=LINE('',#11991,#4746);
#3976=LINE('',#11993,#4747);
#3977=LINE('',#11995,#4748);
#3978=LINE('',#11997,#4749);
#3979=LINE('',#11999,#4750);
#3980=LINE('',#12001,#4751);
#3981=LINE('',#12003,#4752);
#3982=LINE('',#12005,#4753);
#3983=LINE('',#12007,#4754);
#3984=LINE('',#12009,#4755);
#3985=LINE('',#12011,#4756);
#3986=LINE('',#12013,#4757);
#3987=LINE('',#12015,#4758);
#3988=LINE('',#12017,#4759);
#3989=LINE('',#12019,#4760);
#3990=LINE('',#12021,#4761);
#3991=LINE('',#12023,#4762);
#3992=LINE('',#12025,#4763);
#3993=LINE('',#12027,#4764);
#3994=LINE('',#12029,#4765);
#3995=LINE('',#12031,#4766);
#3996=LINE('',#12033,#4767);
#3997=LINE('',#12035,#4768);
#3998=LINE('',#12037,#4769);
#3999=LINE('',#12039,#4770);
#4000=LINE('',#12041,#4771);
#4001=LINE('',#12043,#4772);
#4002=LINE('',#12045,#4773);
#4003=LINE('',#12047,#4774);
#4004=LINE('',#12049,#4775);
#4005=LINE('',#12051,#4776);
#4006=LINE('',#12053,#4777);
#4007=LINE('',#12055,#4778);
#4008=LINE('',#12057,#4779);
#4009=LINE('',#12059,#4780);
#4010=LINE('',#12061,#4781);
#4011=LINE('',#12063,#4782);
#4012=LINE('',#12065,#4783);
#4013=LINE('',#12067,#4784);
#4014=LINE('',#12069,#4785);
#4015=LINE('',#12071,#4786);
#4016=LINE('',#12073,#4787);
#4017=LINE('',#12075,#4788);
#4018=LINE('',#12077,#4789);
#4019=LINE('',#12079,#4790);
#4020=LINE('',#12081,#4791);
#4021=LINE('',#12083,#4792);
#4022=LINE('',#12085,#4793);
#4023=LINE('',#12088,#4794);
#4024=LINE('',#12090,#4795);
#4025=LINE('',#12092,#4796);
#4026=LINE('',#12096,#4797);
#4027=LINE('',#12100,#4798);
#4028=LINE('',#12102,#4799);
#4029=LINE('',#12104,#4800);
#4030=LINE('',#12108,#4801);
#4031=LINE('',#12112,#4802);
#4032=LINE('',#12114,#4803);
#4033=LINE('',#12116,#4804);
#4034=LINE('',#12117,#4805);
#4035=LINE('',#12119,#4806);
#4036=LINE('',#12121,#4807);
#4037=LINE('',#12122,#4808);
#4038=LINE('',#12124,#4809);
#4039=LINE('',#12126,#4810);
#4040=LINE('',#12127,#4811);
#4041=LINE('',#12129,#4812);
#4042=LINE('',#12131,#4813);
#4043=LINE('',#12132,#4814);
#4044=LINE('',#12134,#4815);
#4045=LINE('',#12136,#4816);
#4046=LINE('',#12137,#4817);
#4047=LINE('',#12139,#4818);
#4048=LINE('',#12141,#4819);
#4049=LINE('',#12142,#4820);
#4050=LINE('',#12144,#4821);
#4051=LINE('',#12146,#4822);
#4052=LINE('',#12147,#4823);
#4053=LINE('',#12149,#4824);
#4054=LINE('',#12151,#4825);
#4055=LINE('',#12152,#4826);
#4056=LINE('',#12154,#4827);
#4057=LINE('',#12156,#4828);
#4058=LINE('',#12158,#4829);
#4059=LINE('',#12160,#4830);
#4060=LINE('',#12162,#4831);
#4061=LINE('',#12163,#4832);
#4062=LINE('',#12165,#4833);
#4063=LINE('',#12167,#4834);
#4064=LINE('',#12169,#4835);
#4065=LINE('',#12171,#4836);
#4066=LINE('',#12173,#4837);
#4067=LINE('',#12175,#4838);
#4068=LINE('',#12176,#4839);
#4069=LINE('',#12178,#4840);
#4070=LINE('',#12180,#4841);
#4071=LINE('',#12181,#4842);
#4072=LINE('',#12183,#4843);
#4073=LINE('',#12185,#4844);
#4074=LINE('',#12186,#4845);
#4075=LINE('',#12188,#4846);
#4076=LINE('',#12190,#4847);
#4077=LINE('',#12191,#4848);
#4078=LINE('',#12193,#4849);
#4079=LINE('',#12195,#4850);
#4080=LINE('',#12196,#4851);
#4081=LINE('',#12198,#4852);
#4082=LINE('',#12200,#4853);
#4083=LINE('',#12201,#4854);
#4084=LINE('',#12203,#4855);
#4085=LINE('',#12205,#4856);
#4086=LINE('',#12212,#4857);
#4087=LINE('',#12216,#4858);
#4088=LINE('',#12217,#4859);
#4089=LINE('',#12219,#4860);
#4090=LINE('',#12221,#4861);
#4091=LINE('',#12226,#4862);
#4092=LINE('',#12228,#4863);
#4093=LINE('',#12230,#4864);
#4094=LINE('',#12232,#4865);
#4095=LINE('',#12234,#4866);
#4096=LINE('',#12238,#4867);
#4097=LINE('',#12243,#4868);
#4098=LINE('',#12245,#4869);
#4099=LINE('',#12247,#4870);
#4100=LINE('',#12249,#4871);
#4101=LINE('',#12252,#4872);
#4102=LINE('',#12255,#4873);
#4103=LINE('',#12257,#4874);
#4104=LINE('',#12259,#4875);
#4105=LINE('',#12264,#4876);
#4106=LINE('',#12266,#4877);
#4107=LINE('',#12269,#4878);
#4108=LINE('',#12271,#4879);
#4109=LINE('',#12273,#4880);
#4110=LINE('',#12277,#4881);
#4111=LINE('',#12279,#4882);
#4112=LINE('',#12283,#4883);
#4113=LINE('',#12286,#4884);
#4114=LINE('',#12289,#4885);
#4115=LINE('',#12291,#4886);
#4116=LINE('',#12293,#4887);
#4117=LINE('',#12298,#4888);
#4118=LINE('',#12300,#4889);
#4119=LINE('',#12303,#4890);
#4120=LINE('',#12305,#4891);
#4121=LINE('',#12307,#4892);
#4122=LINE('',#12311,#4893);
#4123=LINE('',#12313,#4894);
#4124=LINE('',#12317,#4895);
#4125=LINE('',#12320,#4896);
#4126=LINE('',#12323,#4897);
#4127=LINE('',#12325,#4898);
#4128=LINE('',#12327,#4899);
#4129=LINE('',#12332,#4900);
#4130=LINE('',#12334,#4901);
#4131=LINE('',#12337,#4902);
#4132=LINE('',#12339,#4903);
#4133=LINE('',#12341,#4904);
#4134=LINE('',#12345,#4905);
#4135=LINE('',#12347,#4906);
#4136=LINE('',#12351,#4907);
#4137=LINE('',#12354,#4908);
#4138=LINE('',#12357,#4909);
#4139=LINE('',#12359,#4910);
#4140=LINE('',#12361,#4911);
#4141=LINE('',#12366,#4912);
#4142=LINE('',#12368,#4913);
#4143=LINE('',#12371,#4914);
#4144=LINE('',#12373,#4915);
#4145=LINE('',#12375,#4916);
#4146=LINE('',#12379,#4917);
#4147=LINE('',#12381,#4918);
#4148=LINE('',#12385,#4919);
#4149=LINE('',#12388,#4920);
#4150=LINE('',#12391,#4921);
#4151=LINE('',#12393,#4922);
#4152=LINE('',#12395,#4923);
#4153=LINE('',#12400,#4924);
#4154=LINE('',#12402,#4925);
#4155=LINE('',#12405,#4926);
#4156=LINE('',#12407,#4927);
#4157=LINE('',#12409,#4928);
#4158=LINE('',#12413,#4929);
#4159=LINE('',#12415,#4930);
#4160=LINE('',#12419,#4931);
#4161=LINE('',#12422,#4932);
#4162=LINE('',#12425,#4933);
#4163=LINE('',#12427,#4934);
#4164=LINE('',#12429,#4935);
#4165=LINE('',#12434,#4936);
#4166=LINE('',#12436,#4937);
#4167=LINE('',#12439,#4938);
#4168=LINE('',#12441,#4939);
#4169=LINE('',#12443,#4940);
#4170=LINE('',#12447,#4941);
#4171=LINE('',#12449,#4942);
#4172=LINE('',#12453,#4943);
#4173=LINE('',#12456,#4944);
#4174=LINE('',#12459,#4945);
#4175=LINE('',#12461,#4946);
#4176=LINE('',#12463,#4947);
#4177=LINE('',#12468,#4948);
#4178=LINE('',#12470,#4949);
#4179=LINE('',#12473,#4950);
#4180=LINE('',#12475,#4951);
#4181=LINE('',#12477,#4952);
#4182=LINE('',#12481,#4953);
#4183=LINE('',#12483,#4954);
#4184=LINE('',#12487,#4955);
#4185=LINE('',#12490,#4956);
#4186=LINE('',#12492,#4957);
#4187=LINE('',#12496,#4958);
#4188=LINE('',#12500,#4959);
#4189=LINE('',#12502,#4960);
#4190=LINE('',#12506,#4961);
#4191=LINE('',#12508,#4962);
#4192=LINE('',#12510,#4963);
#4193=LINE('',#12512,#4964);
#4194=LINE('',#12514,#4965);
#4195=LINE('',#12516,#4966);
#4196=LINE('',#12518,#4967);
#4197=LINE('',#12523,#4968);
#4198=LINE('',#12526,#4969);
#4199=LINE('',#12529,#4970);
#4200=LINE('',#12532,#4971);
#4201=LINE('',#12535,#4972);
#4202=LINE('',#12538,#4973);
#4203=LINE('',#12541,#4974);
#4204=LINE('',#12544,#4975);
#4205=LINE('',#12547,#4976);
#4206=LINE('',#12550,#4977);
#4207=LINE('',#12553,#4978);
#4208=LINE('',#12556,#4979);
#4209=LINE('',#12559,#4980);
#4210=LINE('',#12562,#4981);
#4211=LINE('',#12565,#4982);
#4212=LINE('',#12568,#4983);
#4213=LINE('',#12571,#4984);
#4214=LINE('',#12573,#4985);
#4215=LINE('',#12575,#4986);
#4216=LINE('',#12577,#4987);
#4217=LINE('',#12579,#4988);
#4218=LINE('',#12581,#4989);
#4219=LINE('',#12583,#4990);
#4220=LINE('',#12585,#4991);
#4221=LINE('',#12588,#4992);
#4222=LINE('',#12590,#4993);
#4223=LINE('',#12592,#4994);
#4224=LINE('',#12594,#4995);
#4225=LINE('',#12596,#4996);
#4226=LINE('',#12598,#4997);
#4227=LINE('',#12600,#4998);
#4228=LINE('',#12602,#4999);
#4229=LINE('',#12605,#5000);
#4230=LINE('',#12607,#5001);
#4231=LINE('',#12609,#5002);
#4232=LINE('',#12611,#5003);
#4233=LINE('',#12613,#5004);
#4234=LINE('',#12615,#5005);
#4235=LINE('',#12617,#5006);
#4236=LINE('',#12619,#5007);
#4237=LINE('',#12622,#5008);
#4238=LINE('',#12624,#5009);
#4239=LINE('',#12626,#5010);
#4240=LINE('',#12628,#5011);
#4241=LINE('',#12630,#5012);
#4242=LINE('',#12632,#5013);
#4243=LINE('',#12634,#5014);
#4244=LINE('',#12636,#5015);
#4245=LINE('',#12639,#5016);
#4246=LINE('',#12641,#5017);
#4247=LINE('',#12643,#5018);
#4248=LINE('',#12645,#5019);
#4249=LINE('',#12647,#5020);
#4250=LINE('',#12649,#5021);
#4251=LINE('',#12651,#5022);
#4252=LINE('',#12653,#5023);
#4253=LINE('',#12656,#5024);
#4254=LINE('',#12658,#5025);
#4255=LINE('',#12660,#5026);
#4256=LINE('',#12662,#5027);
#4257=LINE('',#12664,#5028);
#4258=LINE('',#12666,#5029);
#4259=LINE('',#12668,#5030);
#4260=LINE('',#12670,#5031);
#4261=LINE('',#12673,#5032);
#4262=LINE('',#12675,#5033);
#4263=LINE('',#12677,#5034);
#4264=LINE('',#12679,#5035);
#4265=LINE('',#12681,#5036);
#4266=LINE('',#12683,#5037);
#4267=LINE('',#12685,#5038);
#4268=LINE('',#12687,#5039);
#4269=LINE('',#12690,#5040);
#4270=LINE('',#12692,#5041);
#4271=LINE('',#12694,#5042);
#4272=LINE('',#12696,#5043);
#4273=LINE('',#12698,#5044);
#4274=LINE('',#12700,#5045);
#4275=LINE('',#12702,#5046);
#4276=LINE('',#12704,#5047);
#4277=LINE('',#12707,#5048);
#4278=LINE('',#12709,#5049);
#4279=LINE('',#12711,#5050);
#4280=LINE('',#12713,#5051);
#4281=LINE('',#12716,#5052);
#4282=LINE('',#12718,#5053);
#4283=LINE('',#12719,#5054);
#4284=LINE('',#12721,#5055);
#4285=LINE('',#12723,#5056);
#4286=LINE('',#12726,#5057);
#4287=LINE('',#12728,#5058);
#4288=LINE('',#12732,#5059);
#4289=LINE('',#12734,#5060);
#4290=LINE('',#12736,#5061);
#4291=LINE('',#12738,#5062);
#4292=LINE('',#12740,#5063);
#4293=LINE('',#12742,#5064);
#4294=LINE('',#12746,#5065);
#4295=LINE('',#12748,#5066);
#4296=LINE('',#12751,#5067);
#4297=LINE('',#12752,#5068);
#4298=LINE('',#12754,#5069);
#4299=LINE('',#12755,#5070);
#4300=LINE('',#12757,#5071);
#4301=LINE('',#12762,#5072);
#4302=LINE('',#12764,#5073);
#4303=LINE('',#12766,#5074);
#4304=LINE('',#12768,#5075);
#4305=LINE('',#12770,#5076);
#4306=LINE('',#12773,#5077);
#4307=LINE('',#12775,#5078);
#4308=LINE('',#12776,#5079);
#4309=LINE('',#12778,#5080);
#4310=LINE('',#12780,#5081);
#4311=LINE('',#12783,#5082);
#4312=LINE('',#12785,#5083);
#4313=LINE('',#12789,#5084);
#4314=LINE('',#12791,#5085);
#4315=LINE('',#12793,#5086);
#4316=LINE('',#12795,#5087);
#4317=LINE('',#12797,#5088);
#4318=LINE('',#12799,#5089);
#4319=LINE('',#12803,#5090);
#4320=LINE('',#12805,#5091);
#4321=LINE('',#12808,#5092);
#4322=LINE('',#12809,#5093);
#4323=LINE('',#12811,#5094);
#4324=LINE('',#12812,#5095);
#4325=LINE('',#12814,#5096);
#4326=LINE('',#12819,#5097);
#4327=LINE('',#12821,#5098);
#4328=LINE('',#12823,#5099);
#4329=LINE('',#12825,#5100);
#4330=LINE('',#12827,#5101);
#4331=LINE('',#12830,#5102);
#4332=LINE('',#12832,#5103);
#4333=LINE('',#12833,#5104);
#4334=LINE('',#12835,#5105);
#4335=LINE('',#12837,#5106);
#4336=LINE('',#12840,#5107);
#4337=LINE('',#12842,#5108);
#4338=LINE('',#12846,#5109);
#4339=LINE('',#12848,#5110);
#4340=LINE('',#12850,#5111);
#4341=LINE('',#12852,#5112);
#4342=LINE('',#12854,#5113);
#4343=LINE('',#12856,#5114);
#4344=LINE('',#12860,#5115);
#4345=LINE('',#12862,#5116);
#4346=LINE('',#12865,#5117);
#4347=LINE('',#12866,#5118);
#4348=LINE('',#12868,#5119);
#4349=LINE('',#12869,#5120);
#4350=LINE('',#12871,#5121);
#4351=LINE('',#12876,#5122);
#4352=LINE('',#12878,#5123);
#4353=LINE('',#12880,#5124);
#4354=LINE('',#12882,#5125);
#4355=LINE('',#12884,#5126);
#4356=LINE('',#12887,#5127);
#4357=LINE('',#12889,#5128);
#4358=LINE('',#12890,#5129);
#4359=LINE('',#12892,#5130);
#4360=LINE('',#12894,#5131);
#4361=LINE('',#12897,#5132);
#4362=LINE('',#12899,#5133);
#4363=LINE('',#12903,#5134);
#4364=LINE('',#12905,#5135);
#4365=LINE('',#12907,#5136);
#4366=LINE('',#12909,#5137);
#4367=LINE('',#12911,#5138);
#4368=LINE('',#12913,#5139);
#4369=LINE('',#12917,#5140);
#4370=LINE('',#12919,#5141);
#4371=LINE('',#12922,#5142);
#4372=LINE('',#12923,#5143);
#4373=LINE('',#12925,#5144);
#4374=LINE('',#12926,#5145);
#4375=LINE('',#12928,#5146);
#4376=LINE('',#12933,#5147);
#4377=LINE('',#12935,#5148);
#4378=LINE('',#12937,#5149);
#4379=LINE('',#12939,#5150);
#4380=LINE('',#12941,#5151);
#4381=LINE('',#12944,#5152);
#4382=LINE('',#12946,#5153);
#4383=LINE('',#12947,#5154);
#4384=LINE('',#12949,#5155);
#4385=LINE('',#12951,#5156);
#4386=LINE('',#12954,#5157);
#4387=LINE('',#12956,#5158);
#4388=LINE('',#12960,#5159);
#4389=LINE('',#12962,#5160);
#4390=LINE('',#12964,#5161);
#4391=LINE('',#12966,#5162);
#4392=LINE('',#12968,#5163);
#4393=LINE('',#12970,#5164);
#4394=LINE('',#12974,#5165);
#4395=LINE('',#12976,#5166);
#4396=LINE('',#12979,#5167);
#4397=LINE('',#12980,#5168);
#4398=LINE('',#12982,#5169);
#4399=LINE('',#12983,#5170);
#4400=LINE('',#12985,#5171);
#4401=LINE('',#12990,#5172);
#4402=LINE('',#12992,#5173);
#4403=LINE('',#12994,#5174);
#4404=LINE('',#12996,#5175);
#4405=LINE('',#12998,#5176);
#4406=LINE('',#13001,#5177);
#4407=LINE('',#13003,#5178);
#4408=LINE('',#13004,#5179);
#4409=LINE('',#13006,#5180);
#4410=LINE('',#13008,#5181);
#4411=LINE('',#13011,#5182);
#4412=LINE('',#13013,#5183);
#4413=LINE('',#13017,#5184);
#4414=LINE('',#13019,#5185);
#4415=LINE('',#13021,#5186);
#4416=LINE('',#13023,#5187);
#4417=LINE('',#13025,#5188);
#4418=LINE('',#13027,#5189);
#4419=LINE('',#13031,#5190);
#4420=LINE('',#13033,#5191);
#4421=LINE('',#13036,#5192);
#4422=LINE('',#13037,#5193);
#4423=LINE('',#13039,#5194);
#4424=LINE('',#13040,#5195);
#4425=LINE('',#13042,#5196);
#4426=LINE('',#13047,#5197);
#4427=LINE('',#13049,#5198);
#4428=LINE('',#13051,#5199);
#4429=LINE('',#13053,#5200);
#4430=LINE('',#13055,#5201);
#4431=LINE('',#13058,#5202);
#4432=LINE('',#13060,#5203);
#4433=LINE('',#13061,#5204);
#4434=LINE('',#13063,#5205);
#4435=LINE('',#13065,#5206);
#4436=LINE('',#13068,#5207);
#4437=LINE('',#13070,#5208);
#4438=LINE('',#13074,#5209);
#4439=LINE('',#13076,#5210);
#4440=LINE('',#13078,#5211);
#4441=LINE('',#13080,#5212);
#4442=LINE('',#13082,#5213);
#4443=LINE('',#13084,#5214);
#4444=LINE('',#13088,#5215);
#4445=LINE('',#13090,#5216);
#4446=LINE('',#13093,#5217);
#4447=LINE('',#13094,#5218);
#4448=LINE('',#13096,#5219);
#4449=LINE('',#13097,#5220);
#4450=LINE('',#13099,#5221);
#4451=LINE('',#13104,#5222);
#4452=LINE('',#13106,#5223);
#4453=LINE('',#13108,#5224);
#4454=LINE('',#13110,#5225);
#4455=LINE('',#13112,#5226);
#4456=LINE('',#13115,#5227);
#4457=LINE('',#13117,#5228);
#4458=LINE('',#13118,#5229);
#4459=LINE('',#13120,#5230);
#4460=LINE('',#13122,#5231);
#4461=LINE('',#13125,#5232);
#4462=LINE('',#13127,#5233);
#4463=LINE('',#13131,#5234);
#4464=LINE('',#13133,#5235);
#4465=LINE('',#13135,#5236);
#4466=LINE('',#13137,#5237);
#4467=LINE('',#13139,#5238);
#4468=LINE('',#13141,#5239);
#4469=LINE('',#13145,#5240);
#4470=LINE('',#13147,#5241);
#4471=LINE('',#13150,#5242);
#4472=LINE('',#13151,#5243);
#4473=LINE('',#13153,#5244);
#4474=LINE('',#13154,#5245);
#4475=LINE('',#13156,#5246);
#4476=LINE('',#13161,#5247);
#4477=LINE('',#13163,#5248);
#4478=LINE('',#13164,#5249);
#4479=LINE('',#13168,#5250);
#4480=LINE('',#13169,#5251);
#4481=LINE('',#13173,#5252);
#4482=LINE('',#13174,#5253);
#4483=LINE('',#13178,#5254);
#4484=LINE('',#13179,#5255);
#4485=LINE('',#13183,#5256);
#4486=LINE('',#13184,#5257);
#4487=LINE('',#13188,#5258);
#4488=LINE('',#13189,#5259);
#4489=LINE('',#13193,#5260);
#4490=LINE('',#13194,#5261);
#4491=LINE('',#13198,#5262);
#4492=LINE('',#13199,#5263);
#4493=VECTOR('',#9462,1000.);
#4494=VECTOR('',#9463,1000.);
#4495=VECTOR('',#9464,1000.);
#4496=VECTOR('',#9467,1000.);
#4497=VECTOR('',#9468,1000.);
#4498=VECTOR('',#9469,1000.);
#4499=VECTOR('',#9472,1000.);
#4500=VECTOR('',#9473,1000.);
#4501=VECTOR('',#9474,1000.);
#4502=VECTOR('',#9477,1000.);
#4503=VECTOR('',#9478,1000.);
#4504=VECTOR('',#9479,1000.);
#4505=VECTOR('',#9482,1000.);
#4506=VECTOR('',#9483,1000.);
#4507=VECTOR('',#9484,1000.);
#4508=VECTOR('',#9487,1000.);
#4509=VECTOR('',#9488,1000.);
#4510=VECTOR('',#9489,1000.);
#4511=VECTOR('',#9492,1000.);
#4512=VECTOR('',#9493,1000.);
#4513=VECTOR('',#9494,1000.);
#4514=VECTOR('',#9497,1000.);
#4515=VECTOR('',#9498,1000.);
#4516=VECTOR('',#9499,1000.);
#4517=VECTOR('',#9502,1000.);
#4518=VECTOR('',#9503,1000.);
#4519=VECTOR('',#9504,1000.);
#4520=VECTOR('',#9505,1000.);
#4521=VECTOR('',#9506,1000.);
#4522=VECTOR('',#9507,1000.);
#4523=VECTOR('',#9508,1000.);
#4524=VECTOR('',#9509,1000.);
#4525=VECTOR('',#9510,1000.);
#4526=VECTOR('',#9511,1000.);
#4527=VECTOR('',#9512,1000.);
#4528=VECTOR('',#9513,1000.);
#4529=VECTOR('',#9514,1000.);
#4530=VECTOR('',#9515,1000.);
#4531=VECTOR('',#9516,1000.);
#4532=VECTOR('',#9517,1000.);
#4533=VECTOR('',#9518,1000.);
#4534=VECTOR('',#9521,1000.);
#4535=VECTOR('',#9522,1000.);
#4536=VECTOR('',#9523,1000.);
#4537=VECTOR('',#9526,1000.);
#4538=VECTOR('',#9527,1000.);
#4539=VECTOR('',#9528,1000.);
#4540=VECTOR('',#9529,1000.);
#4541=VECTOR('',#9530,1000.);
#4542=VECTOR('',#9531,1000.);
#4543=VECTOR('',#9532,1000.);
#4544=VECTOR('',#9535,1000.);
#4545=VECTOR('',#9536,1000.);
#4546=VECTOR('',#9537,1000.);
#4547=VECTOR('',#9540,1000.);
#4548=VECTOR('',#9541,1000.);
#4549=VECTOR('',#9542,1000.);
#4550=VECTOR('',#9545,1000.);
#4551=VECTOR('',#9546,1000.);
#4552=VECTOR('',#9547,1000.);
#4553=VECTOR('',#9550,1000.);
#4554=VECTOR('',#9551,1000.);
#4555=VECTOR('',#9552,1000.);
#4556=VECTOR('',#9555,1000.);
#4557=VECTOR('',#9556,1000.);
#4558=VECTOR('',#9557,1000.);
#4559=VECTOR('',#9560,1000.);
#4560=VECTOR('',#9561,1000.);
#4561=VECTOR('',#9562,1000.);
#4562=VECTOR('',#9563,1000.);
#4563=VECTOR('',#9564,1000.);
#4564=VECTOR('',#9565,1000.);
#4565=VECTOR('',#9566,1000.);
#4566=VECTOR('',#9567,1000.);
#4567=VECTOR('',#9568,1000.);
#4568=VECTOR('',#9569,1000.);
#4569=VECTOR('',#9570,1000.);
#4570=VECTOR('',#9571,1000.);
#4571=VECTOR('',#9572,1000.);
#4572=VECTOR('',#9573,1000.);
#4573=VECTOR('',#9574,1000.);
#4574=VECTOR('',#9575,1000.);
#4575=VECTOR('',#9576,1000.);
#4576=VECTOR('',#9577,1000.);
#4577=VECTOR('',#9582,1000.);
#4578=VECTOR('',#9587,1000.);
#4579=VECTOR('',#9588,1000.);
#4580=VECTOR('',#9589,1000.);
#4581=VECTOR('',#9592,1000.);
#4582=VECTOR('',#9593,1000.);
#4583=VECTOR('',#9594,1000.);
#4584=VECTOR('',#9597,1000.);
#4585=VECTOR('',#9598,1000.);
#4586=VECTOR('',#9599,1000.);
#4587=VECTOR('',#9602,1000.);
#4588=VECTOR('',#9603,1000.);
#4589=VECTOR('',#9604,1000.);
#4590=VECTOR('',#9607,1000.);
#4591=VECTOR('',#9608,1000.);
#4592=VECTOR('',#9609,1000.);
#4593=VECTOR('',#9612,1000.);
#4594=VECTOR('',#9613,1000.);
#4595=VECTOR('',#9614,1000.);
#4596=VECTOR('',#9617,1000.);
#4597=VECTOR('',#9618,1000.);
#4598=VECTOR('',#9619,1000.);
#4599=VECTOR('',#9620,1000.);
#4600=VECTOR('',#9621,1000.);
#4601=VECTOR('',#9622,1000.);
#4602=VECTOR('',#9623,1000.);
#4603=VECTOR('',#9626,1000.);
#4604=VECTOR('',#9627,1000.);
#4605=VECTOR('',#9632,1000.);
#4606=VECTOR('',#9635,1000.);
#4607=VECTOR('',#9638,1000.);
#4608=VECTOR('',#9641,1000.);
#4609=VECTOR('',#9644,1000.);
#4610=VECTOR('',#9647,1000.);
#4611=VECTOR('',#9650,1000.);
#4612=VECTOR('',#9653,1000.);
#4613=VECTOR('',#9656,1000.);
#4614=VECTOR('',#9659,1000.);
#4615=VECTOR('',#9662,1000.);
#4616=VECTOR('',#9665,1000.);
#4617=VECTOR('',#9668,1000.);
#4618=VECTOR('',#9671,1000.);
#4619=VECTOR('',#9674,1000.);
#4620=VECTOR('',#9677,1000.);
#4621=VECTOR('',#9680,1000.);
#4622=VECTOR('',#9683,1000.);
#4623=VECTOR('',#9686,1000.);
#4624=VECTOR('',#9689,1000.);
#4625=VECTOR('',#9692,1000.);
#4626=VECTOR('',#9695,1000.);
#4627=VECTOR('',#9698,1000.);
#4628=VECTOR('',#9701,1000.);
#4629=VECTOR('',#9704,1000.);
#4630=VECTOR('',#9707,1000.);
#4631=VECTOR('',#9710,1000.);
#4632=VECTOR('',#9713,1000.);
#4633=VECTOR('',#9762,1000.);
#4634=VECTOR('',#9765,1000.);
#4635=VECTOR('',#9768,1000.);
#4636=VECTOR('',#9769,1000.);
#4637=VECTOR('',#9770,1000.);
#4638=VECTOR('',#9777,1000.);
#4639=VECTOR('',#9780,1000.);
#4640=VECTOR('',#9783,1000.);
#4641=VECTOR('',#9784,1000.);
#4642=VECTOR('',#9785,1000.);
#4643=VECTOR('',#9792,1000.);
#4644=VECTOR('',#9795,1000.);
#4645=VECTOR('',#9798,1000.);
#4646=VECTOR('',#9799,1000.);
#4647=VECTOR('',#9800,1000.);
#4648=VECTOR('',#9807,1000.);
#4649=VECTOR('',#9810,1000.);
#4650=VECTOR('',#9813,1000.);
#4651=VECTOR('',#9814,1000.);
#4652=VECTOR('',#9815,1000.);
#4653=VECTOR('',#9822,1000.);
#4654=VECTOR('',#9825,1000.);
#4655=VECTOR('',#9828,1000.);
#4656=VECTOR('',#9829,1000.);
#4657=VECTOR('',#9830,1000.);
#4658=VECTOR('',#9837,1000.);
#4659=VECTOR('',#9840,1000.);
#4660=VECTOR('',#9843,1000.);
#4661=VECTOR('',#9844,1000.);
#4662=VECTOR('',#9845,1000.);
#4663=VECTOR('',#9852,1000.);
#4664=VECTOR('',#9855,1000.);
#4665=VECTOR('',#9858,1000.);
#4666=VECTOR('',#9859,1000.);
#4667=VECTOR('',#9860,1000.);
#4668=VECTOR('',#9863,1000.);
#4669=VECTOR('',#9866,1000.);
#4670=VECTOR('',#9869,1000.);
#4671=VECTOR('',#9872,1000.);
#4672=VECTOR('',#9885,1000.);
#4673=VECTOR('',#9888,1000.);
#4674=VECTOR('',#9891,1000.);
#4675=VECTOR('',#9892,1000.);
#4676=VECTOR('',#9893,1000.);
#4677=VECTOR('',#9896,1000.);
#4678=VECTOR('',#9897,1000.);
#4679=VECTOR('',#9900,1000.);
#4680=VECTOR('',#9901,1000.);
#4681=VECTOR('',#9904,1000.);
#4682=VECTOR('',#9905,1000.);
#4683=VECTOR('',#9908,1000.);
#4684=VECTOR('',#9909,1000.);
#4685=VECTOR('',#9912,1000.);
#4686=VECTOR('',#9913,1000.);
#4687=VECTOR('',#9916,1000.);
#4688=VECTOR('',#9917,1000.);
#4689=VECTOR('',#9920,1000.);
#4690=VECTOR('',#9921,1000.);
#4691=VECTOR('',#9924,1000.);
#4692=VECTOR('',#9925,1000.);
#4693=VECTOR('',#9928,1000.);
#4694=VECTOR('',#9929,1000.);
#4695=VECTOR('',#9930,1000.);
#4696=VECTOR('',#9931,1000.);
#4697=VECTOR('',#9932,1000.);
#4698=VECTOR('',#9933,1000.);
#4699=VECTOR('',#9934,1000.);
#4700=VECTOR('',#9935,1000.);
#4701=VECTOR('',#9936,1000.);
#4702=VECTOR('',#9937,1000.);
#4703=VECTOR('',#9938,1000.);
#4704=VECTOR('',#9939,1000.);
#4705=VECTOR('',#9940,1000.);
#4706=VECTOR('',#9941,1000.);
#4707=VECTOR('',#9942,1000.);
#4708=VECTOR('',#9943,1000.);
#4709=VECTOR('',#9944,1000.);
#4710=VECTOR('',#9945,1000.);
#4711=VECTOR('',#9946,1000.);
#4712=VECTOR('',#9947,1000.);
#4713=VECTOR('',#9948,1000.);
#4714=VECTOR('',#9949,1000.);
#4715=VECTOR('',#9950,1000.);
#4716=VECTOR('',#9951,1000.);
#4717=VECTOR('',#9952,1000.);
#4718=VECTOR('',#9953,1000.);
#4719=VECTOR('',#9954,1000.);
#4720=VECTOR('',#9955,1000.);
#4721=VECTOR('',#9956,1000.);
#4722=VECTOR('',#9957,1000.);
#4723=VECTOR('',#9958,1000.);
#4724=VECTOR('',#9959,1000.);
#4725=VECTOR('',#9960,1000.);
#4726=VECTOR('',#9961,1000.);
#4727=VECTOR('',#9962,1000.);
#4728=VECTOR('',#9963,1000.);
#4729=VECTOR('',#9964,1000.);
#4730=VECTOR('',#9965,1000.);
#4731=VECTOR('',#9966,1000.);
#4732=VECTOR('',#9967,1000.);
#4733=VECTOR('',#9968,1000.);
#4734=VECTOR('',#9969,1000.);
#4735=VECTOR('',#9970,1000.);
#4736=VECTOR('',#9971,1000.);
#4737=VECTOR('',#9972,1000.);
#4738=VECTOR('',#9973,1000.);
#4739=VECTOR('',#9974,1000.);
#4740=VECTOR('',#9975,1000.);
#4741=VECTOR('',#9976,1000.);
#4742=VECTOR('',#9977,1000.);
#4743=VECTOR('',#9978,1000.);
#4744=VECTOR('',#9979,1000.);
#4745=VECTOR('',#9980,1000.);
#4746=VECTOR('',#9981,1000.);
#4747=VECTOR('',#9982,1000.);
#4748=VECTOR('',#9983,1000.);
#4749=VECTOR('',#9984,1000.);
#4750=VECTOR('',#9985,1000.);
#4751=VECTOR('',#9986,1000.);
#4752=VECTOR('',#9987,1000.);
#4753=VECTOR('',#9988,1000.);
#4754=VECTOR('',#9989,1000.);
#4755=VECTOR('',#9990,1000.);
#4756=VECTOR('',#9991,1000.);
#4757=VECTOR('',#9992,1000.);
#4758=VECTOR('',#9993,1000.);
#4759=VECTOR('',#9994,1000.);
#4760=VECTOR('',#9995,1000.);
#4761=VECTOR('',#9996,1000.);
#4762=VECTOR('',#9997,1000.);
#4763=VECTOR('',#9998,1000.);
#4764=VECTOR('',#9999,1000.);
#4765=VECTOR('',#10000,1000.);
#4766=VECTOR('',#10001,1000.);
#4767=VECTOR('',#10002,1000.);
#4768=VECTOR('',#10003,1000.);
#4769=VECTOR('',#10004,1000.);
#4770=VECTOR('',#10005,1000.);
#4771=VECTOR('',#10006,1000.);
#4772=VECTOR('',#10007,1000.);
#4773=VECTOR('',#10008,1000.);
#4774=VECTOR('',#10009,1000.);
#4775=VECTOR('',#10010,1000.);
#4776=VECTOR('',#10011,1000.);
#4777=VECTOR('',#10012,1000.);
#4778=VECTOR('',#10013,1000.);
#4779=VECTOR('',#10014,1000.);
#4780=VECTOR('',#10015,1000.);
#4781=VECTOR('',#10016,1000.);
#4782=VECTOR('',#10017,1000.);
#4783=VECTOR('',#10018,1000.);
#4784=VECTOR('',#10019,1000.);
#4785=VECTOR('',#10020,1000.);
#4786=VECTOR('',#10021,1000.);
#4787=VECTOR('',#10022,1000.);
#4788=VECTOR('',#10023,1000.);
#4789=VECTOR('',#10024,1000.);
#4790=VECTOR('',#10025,1000.);
#4791=VECTOR('',#10026,1000.);
#4792=VECTOR('',#10027,1000.);
#4793=VECTOR('',#10030,1000.);
#4794=VECTOR('',#10031,1000.);
#4795=VECTOR('',#10032,1000.);
#4796=VECTOR('',#10033,1000.);
#4797=VECTOR('',#10038,1000.);
#4798=VECTOR('',#10043,1000.);
#4799=VECTOR('',#10044,1000.);
#4800=VECTOR('',#10045,1000.);
#4801=VECTOR('',#10050,1000.);
#4802=VECTOR('',#10055,1000.);
#4803=VECTOR('',#10056,1000.);
#4804=VECTOR('',#10057,1000.);
#4805=VECTOR('',#10058,1000.);
#4806=VECTOR('',#10059,1000.);
#4807=VECTOR('',#10060,1000.);
#4808=VECTOR('',#10061,1000.);
#4809=VECTOR('',#10062,1000.);
#4810=VECTOR('',#10063,1000.);
#4811=VECTOR('',#10064,1000.);
#4812=VECTOR('',#10065,1000.);
#4813=VECTOR('',#10066,1000.);
#4814=VECTOR('',#10067,1000.);
#4815=VECTOR('',#10068,1000.);
#4816=VECTOR('',#10069,1000.);
#4817=VECTOR('',#10070,1000.);
#4818=VECTOR('',#10071,1000.);
#4819=VECTOR('',#10072,1000.);
#4820=VECTOR('',#10073,1000.);
#4821=VECTOR('',#10074,1000.);
#4822=VECTOR('',#10075,1000.);
#4823=VECTOR('',#10076,1000.);
#4824=VECTOR('',#10077,1000.);
#4825=VECTOR('',#10078,1000.);
#4826=VECTOR('',#10079,1000.);
#4827=VECTOR('',#10080,1000.);
#4828=VECTOR('',#10081,1000.);
#4829=VECTOR('',#10084,1000.);
#4830=VECTOR('',#10085,1000.);
#4831=VECTOR('',#10086,1000.);
#4832=VECTOR('',#10087,1000.);
#4833=VECTOR('',#10088,1000.);
#4834=VECTOR('',#10089,1000.);
#4835=VECTOR('',#10090,1000.);
#4836=VECTOR('',#10091,1000.);
#4837=VECTOR('',#10092,1000.);
#4838=VECTOR('',#10093,1000.);
#4839=VECTOR('',#10094,1000.);
#4840=VECTOR('',#10095,1000.);
#4841=VECTOR('',#10096,1000.);
#4842=VECTOR('',#10097,1000.);
#4843=VECTOR('',#10098,1000.);
#4844=VECTOR('',#10099,1000.);
#4845=VECTOR('',#10100,1000.);
#4846=VECTOR('',#10101,1000.);
#4847=VECTOR('',#10102,1000.);
#4848=VECTOR('',#10103,1000.);
#4849=VECTOR('',#10104,1000.);
#4850=VECTOR('',#10105,1000.);
#4851=VECTOR('',#10106,1000.);
#4852=VECTOR('',#10107,1000.);
#4853=VECTOR('',#10108,1000.);
#4854=VECTOR('',#10109,1000.);
#4855=VECTOR('',#10110,1000.);
#4856=VECTOR('',#10111,1000.);
#4857=VECTOR('',#10122,1000.);
#4858=VECTOR('',#10127,1000.);
#4859=VECTOR('',#10128,1000.);
#4860=VECTOR('',#10131,1000.);
#4861=VECTOR('',#10132,1000.);
#4862=VECTOR('',#10137,1000.);
#4863=VECTOR('',#10138,1000.);
#4864=VECTOR('',#10141,1000.);
#4865=VECTOR('',#10142,1000.);
#4866=VECTOR('',#10143,1000.);
#4867=VECTOR('',#10150,1000.);
#4868=VECTOR('',#10157,1000.);
#4869=VECTOR('',#10158,1000.);
#4870=VECTOR('',#10161,1000.);
#4871=VECTOR('',#10164,1000.);
#4872=VECTOR('',#10169,1000.);
#4873=VECTOR('',#10170,1000.);
#4874=VECTOR('',#10171,1000.);
#4875=VECTOR('',#10172,1000.);
#4876=VECTOR('',#10181,1000.);
#4877=VECTOR('',#10184,1000.);
#4878=VECTOR('',#10189,1000.);
#4879=VECTOR('',#10190,1000.);
#4880=VECTOR('',#10191,1000.);
#4881=VECTOR('',#10196,1000.);
#4882=VECTOR('',#10199,1000.);
#4883=VECTOR('',#10204,1000.);
#4884=VECTOR('',#10209,1000.);
#4885=VECTOR('',#10210,1000.);
#4886=VECTOR('',#10211,1000.);
#4887=VECTOR('',#10212,1000.);
#4888=VECTOR('',#10221,1000.);
#4889=VECTOR('',#10224,1000.);
#4890=VECTOR('',#10229,1000.);
#4891=VECTOR('',#10230,1000.);
#4892=VECTOR('',#10231,1000.);
#4893=VECTOR('',#10236,1000.);
#4894=VECTOR('',#10239,1000.);
#4895=VECTOR('',#10244,1000.);
#4896=VECTOR('',#10249,1000.);
#4897=VECTOR('',#10250,1000.);
#4898=VECTOR('',#10251,1000.);
#4899=VECTOR('',#10252,1000.);
#4900=VECTOR('',#10261,1000.);
#4901=VECTOR('',#10264,1000.);
#4902=VECTOR('',#10269,1000.);
#4903=VECTOR('',#10270,1000.);
#4904=VECTOR('',#10271,1000.);
#4905=VECTOR('',#10276,1000.);
#4906=VECTOR('',#10279,1000.);
#4907=VECTOR('',#10284,1000.);
#4908=VECTOR('',#10289,1000.);
#4909=VECTOR('',#10290,1000.);
#4910=VECTOR('',#10291,1000.);
#4911=VECTOR('',#10292,1000.);
#4912=VECTOR('',#10301,1000.);
#4913=VECTOR('',#10304,1000.);
#4914=VECTOR('',#10309,1000.);
#4915=VECTOR('',#10310,1000.);
#4916=VECTOR('',#10311,1000.);
#4917=VECTOR('',#10316,1000.);
#4918=VECTOR('',#10319,1000.);
#4919=VECTOR('',#10324,1000.);
#4920=VECTOR('',#10329,1000.);
#4921=VECTOR('',#10330,1000.);
#4922=VECTOR('',#10331,1000.);
#4923=VECTOR('',#10332,1000.);
#4924=VECTOR('',#10341,1000.);
#4925=VECTOR('',#10344,1000.);
#4926=VECTOR('',#10349,1000.);
#4927=VECTOR('',#10350,1000.);
#4928=VECTOR('',#10351,1000.);
#4929=VECTOR('',#10356,1000.);
#4930=VECTOR('',#10359,1000.);
#4931=VECTOR('',#10364,1000.);
#4932=VECTOR('',#10369,1000.);
#4933=VECTOR('',#10370,1000.);
#4934=VECTOR('',#10371,1000.);
#4935=VECTOR('',#10372,1000.);
#4936=VECTOR('',#10381,1000.);
#4937=VECTOR('',#10384,1000.);
#4938=VECTOR('',#10389,1000.);
#4939=VECTOR('',#10390,1000.);
#4940=VECTOR('',#10391,1000.);
#4941=VECTOR('',#10396,1000.);
#4942=VECTOR('',#10399,1000.);
#4943=VECTOR('',#10404,1000.);
#4944=VECTOR('',#10409,1000.);
#4945=VECTOR('',#10410,1000.);
#4946=VECTOR('',#10411,1000.);
#4947=VECTOR('',#10412,1000.);
#4948=VECTOR('',#10421,1000.);
#4949=VECTOR('',#10424,1000.);
#4950=VECTOR('',#10429,1000.);
#4951=VECTOR('',#10430,1000.);
#4952=VECTOR('',#10431,1000.);
#4953=VECTOR('',#10436,1000.);
#4954=VECTOR('',#10439,1000.);
#4955=VECTOR('',#10444,1000.);
#4956=VECTOR('',#10449,1000.);
#4957=VECTOR('',#10450,1000.);
#4958=VECTOR('',#10455,1000.);
#4959=VECTOR('',#10458,1000.);
#4960=VECTOR('',#10461,1000.);
#4961=VECTOR('',#10466,1000.);
#4962=VECTOR('',#10467,1000.);
#4963=VECTOR('',#10470,1000.);
#4964=VECTOR('',#10473,1000.);
#4965=VECTOR('',#10474,1000.);
#4966=VECTOR('',#10477,1000.);
#4967=VECTOR('',#10478,1000.);
#4968=VECTOR('',#10487,1000.);
#4969=VECTOR('',#10492,1000.);
#4970=VECTOR('',#10497,1000.);
#4971=VECTOR('',#10502,1000.);
#4972=VECTOR('',#10507,1000.);
#4973=VECTOR('',#10512,1000.);
#4974=VECTOR('',#10517,1000.);
#4975=VECTOR('',#10522,1000.);
#4976=VECTOR('',#10527,1000.);
#4977=VECTOR('',#10532,1000.);
#4978=VECTOR('',#10537,1000.);
#4979=VECTOR('',#10542,1000.);
#4980=VECTOR('',#10547,1000.);
#4981=VECTOR('',#10552,1000.);
#4982=VECTOR('',#10557,1000.);
#4983=VECTOR('',#10562,1000.);
#4984=VECTOR('',#10567,1000.);
#4985=VECTOR('',#10568,1000.);
#4986=VECTOR('',#10569,1000.);
#4987=VECTOR('',#10572,1000.);
#4988=VECTOR('',#10573,1000.);
#4989=VECTOR('',#10574,1000.);
#4990=VECTOR('',#10577,1000.);
#4991=VECTOR('',#10580,1000.);
#4992=VECTOR('',#10585,1000.);
#4993=VECTOR('',#10586,1000.);
#4994=VECTOR('',#10587,1000.);
#4995=VECTOR('',#10590,1000.);
#4996=VECTOR('',#10591,1000.);
#4997=VECTOR('',#10592,1000.);
#4998=VECTOR('',#10595,1000.);
#4999=VECTOR('',#10598,1000.);
#5000=VECTOR('',#10603,1000.);
#5001=VECTOR('',#10604,1000.);
#5002=VECTOR('',#10605,1000.);
#5003=VECTOR('',#10608,1000.);
#5004=VECTOR('',#10609,1000.);
#5005=VECTOR('',#10610,1000.);
#5006=VECTOR('',#10613,1000.);
#5007=VECTOR('',#10616,1000.);
#5008=VECTOR('',#10621,1000.);
#5009=VECTOR('',#10622,1000.);
#5010=VECTOR('',#10623,1000.);
#5011=VECTOR('',#10626,1000.);
#5012=VECTOR('',#10627,1000.);
#5013=VECTOR('',#10628,1000.);
#5014=VECTOR('',#10631,1000.);
#5015=VECTOR('',#10634,1000.);
#5016=VECTOR('',#10639,1000.);
#5017=VECTOR('',#10640,1000.);
#5018=VECTOR('',#10641,1000.);
#5019=VECTOR('',#10644,1000.);
#5020=VECTOR('',#10645,1000.);
#5021=VECTOR('',#10646,1000.);
#5022=VECTOR('',#10649,1000.);
#5023=VECTOR('',#10652,1000.);
#5024=VECTOR('',#10657,1000.);
#5025=VECTOR('',#10658,1000.);
#5026=VECTOR('',#10659,1000.);
#5027=VECTOR('',#10662,1000.);
#5028=VECTOR('',#10663,1000.);
#5029=VECTOR('',#10664,1000.);
#5030=VECTOR('',#10667,1000.);
#5031=VECTOR('',#10670,1000.);
#5032=VECTOR('',#10675,1000.);
#5033=VECTOR('',#10676,1000.);
#5034=VECTOR('',#10677,1000.);
#5035=VECTOR('',#10680,1000.);
#5036=VECTOR('',#10681,1000.);
#5037=VECTOR('',#10682,1000.);
#5038=VECTOR('',#10685,1000.);
#5039=VECTOR('',#10688,1000.);
#5040=VECTOR('',#10693,1000.);
#5041=VECTOR('',#10694,1000.);
#5042=VECTOR('',#10695,1000.);
#5043=VECTOR('',#10698,1000.);
#5044=VECTOR('',#10699,1000.);
#5045=VECTOR('',#10700,1000.);
#5046=VECTOR('',#10703,1000.);
#5047=VECTOR('',#10706,1000.);
#5048=VECTOR('',#10711,1000.);
#5049=VECTOR('',#10712,1000.);
#5050=VECTOR('',#10713,1000.);
#5051=VECTOR('',#10716,1000.);
#5052=VECTOR('',#10717,1000.);
#5053=VECTOR('',#10718,1000.);
#5054=VECTOR('',#10719,1000.);
#5055=VECTOR('',#10720,1000.);
#5056=VECTOR('',#10723,1000.);
#5057=VECTOR('',#10724,1000.);
#5058=VECTOR('',#10727,1000.);
#5059=VECTOR('',#10730,1000.);
#5060=VECTOR('',#10733,1000.);
#5061=VECTOR('',#10734,1000.);
#5062=VECTOR('',#10735,1000.);
#5063=VECTOR('',#10736,1000.);
#5064=VECTOR('',#10737,1000.);
#5065=VECTOR('',#10740,1000.);
#5066=VECTOR('',#10743,1000.);
#5067=VECTOR('',#10744,1000.);
#5068=VECTOR('',#10745,1000.);
#5069=VECTOR('',#10748,1000.);
#5070=VECTOR('',#10749,1000.);
#5071=VECTOR('',#10752,1000.);
#5072=VECTOR('',#10761,1000.);
#5073=VECTOR('',#10764,1000.);
#5074=VECTOR('',#10765,1000.);
#5075=VECTOR('',#10766,1000.);
#5076=VECTOR('',#10769,1000.);
#5077=VECTOR('',#10770,1000.);
#5078=VECTOR('',#10771,1000.);
#5079=VECTOR('',#10772,1000.);
#5080=VECTOR('',#10773,1000.);
#5081=VECTOR('',#10776,1000.);
#5082=VECTOR('',#10777,1000.);
#5083=VECTOR('',#10780,1000.);
#5084=VECTOR('',#10783,1000.);
#5085=VECTOR('',#10786,1000.);
#5086=VECTOR('',#10787,1000.);
#5087=VECTOR('',#10788,1000.);
#5088=VECTOR('',#10789,1000.);
#5089=VECTOR('',#10790,1000.);
#5090=VECTOR('',#10793,1000.);
#5091=VECTOR('',#10796,1000.);
#5092=VECTOR('',#10797,1000.);
#5093=VECTOR('',#10798,1000.);
#5094=VECTOR('',#10801,1000.);
#5095=VECTOR('',#10802,1000.);
#5096=VECTOR('',#10805,1000.);
#5097=VECTOR('',#10814,1000.);
#5098=VECTOR('',#10817,1000.);
#5099=VECTOR('',#10818,1000.);
#5100=VECTOR('',#10819,1000.);
#5101=VECTOR('',#10822,1000.);
#5102=VECTOR('',#10823,1000.);
#5103=VECTOR('',#10824,1000.);
#5104=VECTOR('',#10825,1000.);
#5105=VECTOR('',#10826,1000.);
#5106=VECTOR('',#10829,1000.);
#5107=VECTOR('',#10830,1000.);
#5108=VECTOR('',#10833,1000.);
#5109=VECTOR('',#10836,1000.);
#5110=VECTOR('',#10839,1000.);
#5111=VECTOR('',#10840,1000.);
#5112=VECTOR('',#10841,1000.);
#5113=VECTOR('',#10842,1000.);
#5114=VECTOR('',#10843,1000.);
#5115=VECTOR('',#10846,1000.);
#5116=VECTOR('',#10849,1000.);
#5117=VECTOR('',#10850,1000.);
#5118=VECTOR('',#10851,1000.);
#5119=VECTOR('',#10854,1000.);
#5120=VECTOR('',#10855,1000.);
#5121=VECTOR('',#10858,1000.);
#5122=VECTOR('',#10867,1000.);
#5123=VECTOR('',#10870,1000.);
#5124=VECTOR('',#10871,1000.);
#5125=VECTOR('',#10872,1000.);
#5126=VECTOR('',#10875,1000.);
#5127=VECTOR('',#10876,1000.);
#5128=VECTOR('',#10877,1000.);
#5129=VECTOR('',#10878,1000.);
#5130=VECTOR('',#10879,1000.);
#5131=VECTOR('',#10882,1000.);
#5132=VECTOR('',#10883,1000.);
#5133=VECTOR('',#10886,1000.);
#5134=VECTOR('',#10889,1000.);
#5135=VECTOR('',#10892,1000.);
#5136=VECTOR('',#10893,1000.);
#5137=VECTOR('',#10894,1000.);
#5138=VECTOR('',#10895,1000.);
#5139=VECTOR('',#10896,1000.);
#5140=VECTOR('',#10899,1000.);
#5141=VECTOR('',#10902,1000.);
#5142=VECTOR('',#10903,1000.);
#5143=VECTOR('',#10904,1000.);
#5144=VECTOR('',#10907,1000.);
#5145=VECTOR('',#10908,1000.);
#5146=VECTOR('',#10911,1000.);
#5147=VECTOR('',#10920,1000.);
#5148=VECTOR('',#10923,1000.);
#5149=VECTOR('',#10924,1000.);
#5150=VECTOR('',#10925,1000.);
#5151=VECTOR('',#10928,1000.);
#5152=VECTOR('',#10929,1000.);
#5153=VECTOR('',#10930,1000.);
#5154=VECTOR('',#10931,1000.);
#5155=VECTOR('',#10932,1000.);
#5156=VECTOR('',#10935,1000.);
#5157=VECTOR('',#10936,1000.);
#5158=VECTOR('',#10939,1000.);
#5159=VECTOR('',#10942,1000.);
#5160=VECTOR('',#10945,1000.);
#5161=VECTOR('',#10946,1000.);
#5162=VECTOR('',#10947,1000.);
#5163=VECTOR('',#10948,1000.);
#5164=VECTOR('',#10949,1000.);
#5165=VECTOR('',#10952,1000.);
#5166=VECTOR('',#10955,1000.);
#5167=VECTOR('',#10956,1000.);
#5168=VECTOR('',#10957,1000.);
#5169=VECTOR('',#10960,1000.);
#5170=VECTOR('',#10961,1000.);
#5171=VECTOR('',#10964,1000.);
#5172=VECTOR('',#10973,1000.);
#5173=VECTOR('',#10976,1000.);
#5174=VECTOR('',#10977,1000.);
#5175=VECTOR('',#10978,1000.);
#5176=VECTOR('',#10981,1000.);
#5177=VECTOR('',#10982,1000.);
#5178=VECTOR('',#10983,1000.);
#5179=VECTOR('',#10984,1000.);
#5180=VECTOR('',#10985,1000.);
#5181=VECTOR('',#10988,1000.);
#5182=VECTOR('',#10989,1000.);
#5183=VECTOR('',#10992,1000.);
#5184=VECTOR('',#10995,1000.);
#5185=VECTOR('',#10998,1000.);
#5186=VECTOR('',#10999,1000.);
#5187=VECTOR('',#11000,1000.);
#5188=VECTOR('',#11001,1000.);
#5189=VECTOR('',#11002,1000.);
#5190=VECTOR('',#11005,1000.);
#5191=VECTOR('',#11008,1000.);
#5192=VECTOR('',#11009,1000.);
#5193=VECTOR('',#11010,1000.);
#5194=VECTOR('',#11013,1000.);
#5195=VECTOR('',#11014,1000.);
#5196=VECTOR('',#11017,1000.);
#5197=VECTOR('',#11026,1000.);
#5198=VECTOR('',#11029,1000.);
#5199=VECTOR('',#11030,1000.);
#5200=VECTOR('',#11031,1000.);
#5201=VECTOR('',#11034,1000.);
#5202=VECTOR('',#11035,1000.);
#5203=VECTOR('',#11036,1000.);
#5204=VECTOR('',#11037,1000.);
#5205=VECTOR('',#11038,1000.);
#5206=VECTOR('',#11041,1000.);
#5207=VECTOR('',#11042,1000.);
#5208=VECTOR('',#11045,1000.);
#5209=VECTOR('',#11048,1000.);
#5210=VECTOR('',#11051,1000.);
#5211=VECTOR('',#11052,1000.);
#5212=VECTOR('',#11053,1000.);
#5213=VECTOR('',#11054,1000.);
#5214=VECTOR('',#11055,1000.);
#5215=VECTOR('',#11058,1000.);
#5216=VECTOR('',#11061,1000.);
#5217=VECTOR('',#11062,1000.);
#5218=VECTOR('',#11063,1000.);
#5219=VECTOR('',#11066,1000.);
#5220=VECTOR('',#11067,1000.);
#5221=VECTOR('',#11070,1000.);
#5222=VECTOR('',#11079,1000.);
#5223=VECTOR('',#11082,1000.);
#5224=VECTOR('',#11083,1000.);
#5225=VECTOR('',#11084,1000.);
#5226=VECTOR('',#11087,1000.);
#5227=VECTOR('',#11088,1000.);
#5228=VECTOR('',#11089,1000.);
#5229=VECTOR('',#11090,1000.);
#5230=VECTOR('',#11091,1000.);
#5231=VECTOR('',#11094,1000.);
#5232=VECTOR('',#11095,1000.);
#5233=VECTOR('',#11098,1000.);
#5234=VECTOR('',#11101,1000.);
#5235=VECTOR('',#11104,1000.);
#5236=VECTOR('',#11105,1000.);
#5237=VECTOR('',#11106,1000.);
#5238=VECTOR('',#11107,1000.);
#5239=VECTOR('',#11108,1000.);
#5240=VECTOR('',#11111,1000.);
#5241=VECTOR('',#11114,1000.);
#5242=VECTOR('',#11115,1000.);
#5243=VECTOR('',#11116,1000.);
#5244=VECTOR('',#11119,1000.);
#5245=VECTOR('',#11120,1000.);
#5246=VECTOR('',#11123,1000.);
#5247=VECTOR('',#11132,1000.);
#5248=VECTOR('',#11135,1000.);
#5249=VECTOR('',#11136,1000.);
#5250=VECTOR('',#11143,1000.);
#5251=VECTOR('',#11144,1000.);
#5252=VECTOR('',#11151,1000.);
#5253=VECTOR('',#11152,1000.);
#5254=VECTOR('',#11159,1000.);
#5255=VECTOR('',#11160,1000.);
#5256=VECTOR('',#11167,1000.);
#5257=VECTOR('',#11168,1000.);
#5258=VECTOR('',#11175,1000.);
#5259=VECTOR('',#11176,1000.);
#5260=VECTOR('',#11183,1000.);
#5261=VECTOR('',#11184,1000.);
#5262=VECTOR('',#11191,1000.);
#5263=VECTOR('',#11192,1000.);
#5264=EDGE_LOOP('',(#265,#266,#267));
#5265=EDGE_LOOP('',(#268,#269,#270));
#5266=EDGE_LOOP('',(#271,#272,#273));
#5267=EDGE_LOOP('',(#274,#275,#276));
#5268=EDGE_LOOP('',(#277,#278,#279));
#5269=EDGE_LOOP('',(#280,#281,#282));
#5270=EDGE_LOOP('',(#283,#284,#285));
#5271=EDGE_LOOP('',(#286,#287,#288));
#5272=EDGE_LOOP('',(#289,#290,#291,#292));
#5273=EDGE_LOOP('',(#293,#294,#295,#296));
#5274=EDGE_LOOP('',(#297,#298,#299,#300));
#5275=EDGE_LOOP('',(#301,#302,#303,#304));
#5276=EDGE_LOOP('',(#305,#306,#307,#308,#309,#310,#311,#312,#313,#314,#315,
#316,#317,#318,#319,#320,#321,#322,#323,#324,#325,#326,#327,#328,#329,#330,
#331,#332,#333,#334,#335,#336,#337,#338,#339,#340));
#5277=EDGE_LOOP('',(#341,#342,#343,#344));
#5278=EDGE_LOOP('',(#345,#346,#347,#348));
#5279=EDGE_LOOP('',(#349,#350,#351,#352));
#5280=EDGE_LOOP('',(#353,#354,#355,#356));
#5281=EDGE_LOOP('',(#357,#358,#359,#360));
#5282=EDGE_LOOP('',(#361,#362,#363,#364,#365,#366,#367,#368,#369,#370,#371,
#372,#373,#374,#375,#376,#377,#378,#379,#380,#381,#382,#383,#384,#385,#386,
#387,#388,#389,#390,#391,#392,#393,#394,#395,#396));
#5283=EDGE_LOOP('',(#397,#398,#399,#400));
#5284=EDGE_LOOP('',(#401,#402,#403,#404));
#5285=EDGE_LOOP('',(#405,#406,#407,#408));
#5286=EDGE_LOOP('',(#409,#410,#411,#412));
#5287=EDGE_LOOP('',(#413,#414,#415,#416));
#5288=EDGE_LOOP('',(#417,#418,#419,#420));
#5289=EDGE_LOOP('',(#421,#422,#423,#424));
#5290=EDGE_LOOP('',(#425,#426,#427,#428));
#5291=EDGE_LOOP('',(#429,#430,#431,#432));
#5292=EDGE_LOOP('',(#433,#434,#435,#436));
#5293=EDGE_LOOP('',(#437,#438,#439,#440));
#5294=EDGE_LOOP('',(#441,#442,#443,#444));
#5295=EDGE_LOOP('',(#445,#446,#447,#448));
#5296=EDGE_LOOP('',(#449,#450,#451,#452));
#5297=EDGE_LOOP('',(#453,#454,#455,#456));
#5298=EDGE_LOOP('',(#457,#458,#459,#460));
#5299=EDGE_LOOP('',(#461,#462,#463,#464));
#5300=EDGE_LOOP('',(#465,#466,#467,#468));
#5301=EDGE_LOOP('',(#469,#470,#471,#472));
#5302=EDGE_LOOP('',(#473,#474,#475,#476));
#5303=EDGE_LOOP('',(#477,#478,#479,#480));
#5304=EDGE_LOOP('',(#481,#482,#483,#484,#485,#486));
#5305=EDGE_LOOP('',(#487,#488,#489,#490));
#5306=EDGE_LOOP('',(#491,#492,#493,#494));
#5307=EDGE_LOOP('',(#495,#496,#497,#498,#499,#500));
#5308=EDGE_LOOP('',(#501,#502,#503,#504));
#5309=EDGE_LOOP('',(#505,#506,#507,#508));
#5310=EDGE_LOOP('',(#509,#510,#511,#512,#513,#514));
#5311=EDGE_LOOP('',(#515,#516,#517,#518));
#5312=EDGE_LOOP('',(#519,#520,#521,#522));
#5313=EDGE_LOOP('',(#523,#524,#525,#526,#527,#528));
#5314=EDGE_LOOP('',(#529,#530,#531,#532));
#5315=EDGE_LOOP('',(#533,#534,#535,#536));
#5316=EDGE_LOOP('',(#537,#538,#539,#540,#541,#542));
#5317=EDGE_LOOP('',(#543,#544,#545,#546));
#5318=EDGE_LOOP('',(#547,#548,#549,#550));
#5319=EDGE_LOOP('',(#551,#552,#553,#554,#555,#556));
#5320=EDGE_LOOP('',(#557,#558,#559,#560));
#5321=EDGE_LOOP('',(#561,#562,#563,#564));
#5322=EDGE_LOOP('',(#565,#566,#567,#568,#569,#570));
#5323=EDGE_LOOP('',(#571,#572,#573,#574));
#5324=EDGE_LOOP('',(#575,#576,#577,#578));
#5325=EDGE_LOOP('',(#579,#580,#581,#582));
#5326=EDGE_LOOP('',(#583,#584,#585,#586));
#5327=EDGE_LOOP('',(#587,#588,#589,#590));
#5328=EDGE_LOOP('',(#591,#592,#593,#594,#595,#596));
#5329=EDGE_LOOP('',(#597,#598,#599,#600));
#5330=EDGE_LOOP('',(#601,#602,#603,#604));
#5331=EDGE_LOOP('',(#605,#606,#607,#608));
#5332=EDGE_LOOP('',(#609,#610,#611,#612));
#5333=EDGE_LOOP('',(#613,#614,#615,#616));
#5334=EDGE_LOOP('',(#617,#618,#619,#620));
#5335=EDGE_LOOP('',(#621,#622,#623,#624));
#5336=EDGE_LOOP('',(#625,#626,#627,#628));
#5337=EDGE_LOOP('',(#629,#630,#631,#632));
#5338=EDGE_LOOP('',(#633,#634,#635,#636));
#5339=EDGE_LOOP('',(#637,#638,#639,#640));
#5340=EDGE_LOOP('',(#641,#642,#643,#644));
#5341=EDGE_LOOP('',(#645,#646,#647,#648));
#5342=EDGE_LOOP('',(#649,#650,#651,#652));
#5343=EDGE_LOOP('',(#653,#654,#655,#656));
#5344=EDGE_LOOP('',(#657,#658,#659,#660));
#5345=EDGE_LOOP('',(#661,#662,#663,#664));
#5346=EDGE_LOOP('',(#665,#666,#667,#668));
#5347=EDGE_LOOP('',(#669,#670,#671,#672,#673,#674,#675,#676,#677,#678,#679,
#680,#681,#682,#683,#684,#685,#686,#687,#688,#689,#690,#691,#692,#693,#694,
#695,#696,#697,#698,#699,#700,#701,#702,#703,#704,#705,#706,#707,#708,#709,
#710,#711,#712,#713,#714,#715,#716,#717,#718,#719,#720,#721,#722,#723,#724,
#725,#726,#727,#728,#729,#730,#731,#732,#733,#734,#735,#736));
#5348=EDGE_LOOP('',(#737,#738,#739,#740));
#5349=EDGE_LOOP('',(#741,#742,#743,#744));
#5350=EDGE_LOOP('',(#745,#746,#747,#748));
#5351=EDGE_LOOP('',(#749,#750,#751,#752));
#5352=EDGE_LOOP('',(#753,#754,#755,#756,#757,#758,#759,#760,#761,#762,#763,
#764,#765,#766,#767,#768,#769,#770,#771,#772,#773,#774,#775,#776,#777,#778,
#779,#780,#781,#782,#783,#784,#785,#786,#787,#788));
#5353=EDGE_LOOP('',(#789,#790,#791,#792,#793,#794,#795,#796,#797,#798,#799,
#800,#801,#802,#803,#804,#805,#806,#807,#808,#809,#810,#811,#812,#813,#814,
#815,#816,#817,#818,#819,#820,#821,#822,#823,#824));
#5354=EDGE_LOOP('',(#825,#826,#827,#828));
#5355=EDGE_LOOP('',(#829,#830,#831,#832));
#5356=EDGE_LOOP('',(#833,#834,#835,#836));
#5357=EDGE_LOOP('',(#837,#838,#839,#840,#841,#842,#843,#844,#845,#846,#847,
#848,#849,#850,#851,#852,#853,#854,#855));
#5358=EDGE_LOOP('',(#856,#857,#858,#859));
#5359=EDGE_LOOP('',(#860,#861,#862,#863));
#5360=EDGE_LOOP('',(#864,#865,#866,#867,#868));
#5361=EDGE_LOOP('',(#869,#870,#871,#872));
#5362=EDGE_LOOP('',(#873,#874,#875,#876,#877));
#5363=EDGE_LOOP('',(#878,#879,#880,#881));
#5364=EDGE_LOOP('',(#882,#883,#884,#885));
#5365=EDGE_LOOP('',(#886,#887,#888,#889));
#5366=EDGE_LOOP('',(#890,#891,#892,#893));
#5367=EDGE_LOOP('',(#894,#895,#896,#897));
#5368=EDGE_LOOP('',(#898,#899,#900,#901,#902));
#5369=EDGE_LOOP('',(#903,#904,#905,#906,#907));
#5370=EDGE_LOOP('',(#908,#909,#910,#911));
#5371=EDGE_LOOP('',(#912,#913,#914,#915));
#5372=EDGE_LOOP('',(#916,#917,#918,#919,#920));
#5373=EDGE_LOOP('',(#921,#922,#923,#924,#925));
#5374=EDGE_LOOP('',(#926,#927,#928,#929));
#5375=EDGE_LOOP('',(#930,#931,#932,#933));
#5376=EDGE_LOOP('',(#934,#935,#936,#937));
#5377=EDGE_LOOP('',(#938,#939,#940,#941));
#5378=EDGE_LOOP('',(#942,#943,#944,#945,#946));
#5379=EDGE_LOOP('',(#947,#948,#949,#950,#951));
#5380=EDGE_LOOP('',(#952,#953,#954,#955));
#5381=EDGE_LOOP('',(#956,#957,#958,#959));
#5382=EDGE_LOOP('',(#960,#961,#962,#963,#964));
#5383=EDGE_LOOP('',(#965,#966,#967,#968,#969));
#5384=EDGE_LOOP('',(#970,#971,#972,#973));
#5385=EDGE_LOOP('',(#974,#975,#976,#977));
#5386=EDGE_LOOP('',(#978,#979,#980,#981));
#5387=EDGE_LOOP('',(#982,#983,#984,#985));
#5388=EDGE_LOOP('',(#986,#987,#988,#989,#990));
#5389=EDGE_LOOP('',(#991,#992,#993,#994,#995));
#5390=EDGE_LOOP('',(#996,#997,#998,#999));
#5391=EDGE_LOOP('',(#1000,#1001,#1002,#1003));
#5392=EDGE_LOOP('',(#1004,#1005,#1006,#1007,#1008));
#5393=EDGE_LOOP('',(#1009,#1010,#1011,#1012,#1013));
#5394=EDGE_LOOP('',(#1014,#1015,#1016,#1017));
#5395=EDGE_LOOP('',(#1018,#1019,#1020,#1021));
#5396=EDGE_LOOP('',(#1022,#1023,#1024,#1025));
#5397=EDGE_LOOP('',(#1026,#1027,#1028,#1029));
#5398=EDGE_LOOP('',(#1030,#1031,#1032,#1033,#1034));
#5399=EDGE_LOOP('',(#1035,#1036,#1037,#1038,#1039));
#5400=EDGE_LOOP('',(#1040,#1041,#1042,#1043));
#5401=EDGE_LOOP('',(#1044,#1045,#1046,#1047));
#5402=EDGE_LOOP('',(#1048,#1049,#1050,#1051,#1052));
#5403=EDGE_LOOP('',(#1053,#1054,#1055,#1056,#1057));
#5404=EDGE_LOOP('',(#1058,#1059,#1060,#1061));
#5405=EDGE_LOOP('',(#1062,#1063,#1064,#1065));
#5406=EDGE_LOOP('',(#1066,#1067,#1068,#1069));
#5407=EDGE_LOOP('',(#1070,#1071,#1072,#1073));
#5408=EDGE_LOOP('',(#1074,#1075,#1076,#1077,#1078));
#5409=EDGE_LOOP('',(#1079,#1080,#1081,#1082,#1083));
#5410=EDGE_LOOP('',(#1084,#1085,#1086,#1087));
#5411=EDGE_LOOP('',(#1088,#1089,#1090,#1091));
#5412=EDGE_LOOP('',(#1092,#1093,#1094,#1095,#1096));
#5413=EDGE_LOOP('',(#1097,#1098,#1099,#1100,#1101));
#5414=EDGE_LOOP('',(#1102,#1103,#1104,#1105));
#5415=EDGE_LOOP('',(#1106,#1107,#1108,#1109));
#5416=EDGE_LOOP('',(#1110,#1111,#1112,#1113));
#5417=EDGE_LOOP('',(#1114,#1115,#1116,#1117));
#5418=EDGE_LOOP('',(#1118,#1119,#1120,#1121,#1122));
#5419=EDGE_LOOP('',(#1123,#1124,#1125,#1126,#1127));
#5420=EDGE_LOOP('',(#1128,#1129,#1130,#1131));
#5421=EDGE_LOOP('',(#1132,#1133,#1134,#1135));
#5422=EDGE_LOOP('',(#1136,#1137,#1138,#1139,#1140));
#5423=EDGE_LOOP('',(#1141,#1142,#1143,#1144,#1145));
#5424=EDGE_LOOP('',(#1146,#1147,#1148,#1149));
#5425=EDGE_LOOP('',(#1150,#1151,#1152,#1153));
#5426=EDGE_LOOP('',(#1154,#1155,#1156,#1157));
#5427=EDGE_LOOP('',(#1158,#1159,#1160,#1161));
#5428=EDGE_LOOP('',(#1162,#1163,#1164,#1165,#1166));
#5429=EDGE_LOOP('',(#1167,#1168,#1169,#1170,#1171));
#5430=EDGE_LOOP('',(#1172,#1173,#1174,#1175));
#5431=EDGE_LOOP('',(#1176,#1177,#1178,#1179));
#5432=EDGE_LOOP('',(#1180,#1181,#1182,#1183,#1184));
#5433=EDGE_LOOP('',(#1185,#1186,#1187,#1188,#1189));
#5434=EDGE_LOOP('',(#1190,#1191,#1192,#1193));
#5435=EDGE_LOOP('',(#1194,#1195,#1196,#1197));
#5436=EDGE_LOOP('',(#1198,#1199,#1200,#1201,#1202));
#5437=EDGE_LOOP('',(#1203,#1204,#1205,#1206,#1207));
#5438=EDGE_LOOP('',(#1208,#1209,#1210,#1211));
#5439=EDGE_LOOP('',(#1212,#1213,#1214,#1215));
#5440=EDGE_LOOP('',(#1216,#1217,#1218,#1219));
#5441=EDGE_LOOP('',(#1220,#1221,#1222,#1223));
#5442=EDGE_LOOP('',(#1224,#1225,#1226,#1227));
#5443=EDGE_LOOP('',(#1228,#1229,#1230,#1231));
#5444=EDGE_LOOP('',(#1232,#1233,#1234,#1235,#1236,#1237,#1238,#1239,#1240,
#1241,#1242,#1243,#1244,#1245,#1246,#1247,#1248,#1249,#1250));
#5445=EDGE_LOOP('',(#1251,#1252,#1253,#1254,#1255,#1256));
#5446=EDGE_LOOP('',(#1257,#1258,#1259,#1260,#1261,#1262));
#5447=EDGE_LOOP('',(#1263,#1264,#1265,#1266,#1267,#1268));
#5448=EDGE_LOOP('',(#1269,#1270,#1271,#1272,#1273,#1274));
#5449=EDGE_LOOP('',(#1275,#1276,#1277,#1278,#1279,#1280));
#5450=EDGE_LOOP('',(#1281,#1282,#1283,#1284,#1285,#1286));
#5451=EDGE_LOOP('',(#1287,#1288,#1289,#1290,#1291,#1292));
#5452=EDGE_LOOP('',(#1293,#1294,#1295,#1296,#1297,#1298));
#5453=EDGE_LOOP('',(#1299,#1300,#1301,#1302,#1303,#1304));
#5454=EDGE_LOOP('',(#1305,#1306,#1307,#1308,#1309,#1310));
#5455=EDGE_LOOP('',(#1311,#1312,#1313,#1314,#1315,#1316));
#5456=EDGE_LOOP('',(#1317,#1318,#1319,#1320,#1321,#1322));
#5457=EDGE_LOOP('',(#1323,#1324,#1325,#1326,#1327,#1328));
#5458=EDGE_LOOP('',(#1329,#1330,#1331,#1332,#1333,#1334));
#5459=EDGE_LOOP('',(#1335,#1336,#1337,#1338,#1339,#1340));
#5460=EDGE_LOOP('',(#1341,#1342,#1343,#1344,#1345,#1346));
#5461=EDGE_LOOP('',(#1347,#1348,#1349,#1350,#1351,#1352));
#5462=EDGE_LOOP('',(#1353,#1354,#1355,#1356,#1357,#1358));
#5463=EDGE_LOOP('',(#1359,#1360,#1361,#1362,#1363,#1364));
#5464=EDGE_LOOP('',(#1365,#1366,#1367,#1368,#1369,#1370));
#5465=EDGE_LOOP('',(#1371,#1372,#1373,#1374,#1375,#1376));
#5466=EDGE_LOOP('',(#1377,#1378,#1379,#1380,#1381,#1382));
#5467=EDGE_LOOP('',(#1383,#1384,#1385,#1386,#1387,#1388));
#5468=EDGE_LOOP('',(#1389,#1390,#1391,#1392,#1393,#1394));
#5469=EDGE_LOOP('',(#1395,#1396,#1397,#1398,#1399,#1400));
#5470=EDGE_LOOP('',(#1401,#1402,#1403,#1404,#1405,#1406));
#5471=EDGE_LOOP('',(#1407,#1408,#1409,#1410,#1411,#1412));
#5472=EDGE_LOOP('',(#1413,#1414,#1415,#1416,#1417,#1418));
#5473=EDGE_LOOP('',(#1419,#1420,#1421,#1422,#1423,#1424));
#5474=EDGE_LOOP('',(#1425,#1426,#1427,#1428,#1429,#1430));
#5475=EDGE_LOOP('',(#1431,#1432,#1433,#1434,#1435,#1436));
#5476=EDGE_LOOP('',(#1437,#1438,#1439,#1440,#1441,#1442));
#5477=EDGE_LOOP('',(#1443,#1444,#1445,#1446));
#5478=EDGE_LOOP('',(#1447,#1448,#1449,#1450));
#5479=EDGE_LOOP('',(#1451,#1452,#1453,#1454));
#5480=EDGE_LOOP('',(#1455,#1456,#1457,#1458));
#5481=EDGE_LOOP('',(#1459,#1460,#1461,#1462));
#5482=EDGE_LOOP('',(#1463,#1464,#1465,#1466));
#5483=EDGE_LOOP('',(#1467,#1468,#1469,#1470));
#5484=EDGE_LOOP('',(#1471,#1472,#1473,#1474));
#5485=EDGE_LOOP('',(#1475,#1476,#1477,#1478));
#5486=EDGE_LOOP('',(#1479,#1480,#1481,#1482));
#5487=EDGE_LOOP('',(#1483,#1484,#1485,#1486));
#5488=EDGE_LOOP('',(#1487,#1488,#1489,#1490));
#5489=EDGE_LOOP('',(#1491,#1492,#1493,#1494));
#5490=EDGE_LOOP('',(#1495,#1496,#1497,#1498));
#5491=EDGE_LOOP('',(#1499,#1500,#1501,#1502));
#5492=EDGE_LOOP('',(#1503,#1504,#1505,#1506));
#5493=EDGE_LOOP('',(#1507,#1508,#1509,#1510));
#5494=EDGE_LOOP('',(#1511,#1512,#1513,#1514));
#5495=EDGE_LOOP('',(#1515,#1516,#1517,#1518));
#5496=EDGE_LOOP('',(#1519,#1520,#1521,#1522));
#5497=EDGE_LOOP('',(#1523,#1524,#1525,#1526));
#5498=EDGE_LOOP('',(#1527,#1528,#1529,#1530));
#5499=EDGE_LOOP('',(#1531,#1532,#1533,#1534));
#5500=EDGE_LOOP('',(#1535,#1536,#1537,#1538));
#5501=EDGE_LOOP('',(#1539,#1540,#1541,#1542));
#5502=EDGE_LOOP('',(#1543,#1544,#1545,#1546));
#5503=EDGE_LOOP('',(#1547,#1548,#1549,#1550));
#5504=EDGE_LOOP('',(#1551,#1552,#1553,#1554));
#5505=EDGE_LOOP('',(#1555,#1556,#1557,#1558));
#5506=EDGE_LOOP('',(#1559,#1560,#1561,#1562));
#5507=EDGE_LOOP('',(#1563,#1564,#1565,#1566));
#5508=EDGE_LOOP('',(#1567,#1568,#1569,#1570));
#5509=EDGE_LOOP('',(#1571,#1572,#1573,#1574));
#5510=EDGE_LOOP('',(#1575,#1576,#1577,#1578));
#5511=EDGE_LOOP('',(#1579,#1580,#1581,#1582));
#5512=EDGE_LOOP('',(#1583,#1584,#1585,#1586));
#5513=EDGE_LOOP('',(#1587,#1588,#1589,#1590));
#5514=EDGE_LOOP('',(#1591,#1592,#1593,#1594));
#5515=EDGE_LOOP('',(#1595,#1596,#1597,#1598));
#5516=EDGE_LOOP('',(#1599,#1600,#1601,#1602));
#5517=EDGE_LOOP('',(#1603,#1604,#1605,#1606));
#5518=EDGE_LOOP('',(#1607,#1608,#1609,#1610,#1611,#1612));
#5519=EDGE_LOOP('',(#1613,#1614,#1615,#1616,#1617,#1618,#1619,#1620,#1621,
#1622));
#5520=EDGE_LOOP('',(#1623,#1624,#1625,#1626,#1627,#1628,#1629,#1630,#1631,
#1632));
#5521=EDGE_LOOP('',(#1633,#1634,#1635,#1636));
#5522=EDGE_LOOP('',(#1637,#1638,#1639,#1640,#1641));
#5523=EDGE_LOOP('',(#1642,#1643,#1644,#1645));
#5524=EDGE_LOOP('',(#1646,#1647,#1648,#1649));
#5525=EDGE_LOOP('',(#1650,#1651,#1652,#1653));
#5526=EDGE_LOOP('',(#1654,#1655,#1656));
#5527=EDGE_LOOP('',(#1657,#1658,#1659,#1660));
#5528=EDGE_LOOP('',(#1661,#1662,#1663,#1664,#1665,#1666));
#5529=EDGE_LOOP('',(#1667,#1668,#1669,#1670,#1671,#1672,#1673,#1674,#1675,
#1676));
#5530=EDGE_LOOP('',(#1677,#1678,#1679,#1680,#1681,#1682,#1683,#1684,#1685,
#1686));
#5531=EDGE_LOOP('',(#1687,#1688,#1689,#1690));
#5532=EDGE_LOOP('',(#1691,#1692,#1693,#1694,#1695));
#5533=EDGE_LOOP('',(#1696,#1697,#1698,#1699));
#5534=EDGE_LOOP('',(#1700,#1701,#1702,#1703));
#5535=EDGE_LOOP('',(#1704,#1705,#1706,#1707));
#5536=EDGE_LOOP('',(#1708,#1709,#1710));
#5537=EDGE_LOOP('',(#1711,#1712,#1713,#1714));
#5538=EDGE_LOOP('',(#1715,#1716,#1717,#1718,#1719,#1720));
#5539=EDGE_LOOP('',(#1721,#1722,#1723,#1724,#1725,#1726,#1727,#1728,#1729,
#1730));
#5540=EDGE_LOOP('',(#1731,#1732,#1733,#1734,#1735,#1736,#1737,#1738,#1739,
#1740));
#5541=EDGE_LOOP('',(#1741,#1742,#1743,#1744));
#5542=EDGE_LOOP('',(#1745,#1746,#1747,#1748,#1749));
#5543=EDGE_LOOP('',(#1750,#1751,#1752,#1753));
#5544=EDGE_LOOP('',(#1754,#1755,#1756,#1757));
#5545=EDGE_LOOP('',(#1758,#1759,#1760,#1761));
#5546=EDGE_LOOP('',(#1762,#1763,#1764));
#5547=EDGE_LOOP('',(#1765,#1766,#1767,#1768));
#5548=EDGE_LOOP('',(#1769,#1770,#1771,#1772,#1773,#1774));
#5549=EDGE_LOOP('',(#1775,#1776,#1777,#1778,#1779,#1780,#1781,#1782,#1783,
#1784));
#5550=EDGE_LOOP('',(#1785,#1786,#1787,#1788,#1789,#1790,#1791,#1792,#1793,
#1794));
#5551=EDGE_LOOP('',(#1795,#1796,#1797,#1798));
#5552=EDGE_LOOP('',(#1799,#1800,#1801,#1802,#1803));
#5553=EDGE_LOOP('',(#1804,#1805,#1806,#1807));
#5554=EDGE_LOOP('',(#1808,#1809,#1810,#1811));
#5555=EDGE_LOOP('',(#1812,#1813,#1814,#1815));
#5556=EDGE_LOOP('',(#1816,#1817,#1818));
#5557=EDGE_LOOP('',(#1819,#1820,#1821,#1822));
#5558=EDGE_LOOP('',(#1823,#1824,#1825,#1826,#1827,#1828));
#5559=EDGE_LOOP('',(#1829,#1830,#1831,#1832,#1833,#1834,#1835,#1836,#1837,
#1838));
#5560=EDGE_LOOP('',(#1839,#1840,#1841,#1842,#1843,#1844,#1845,#1846,#1847,
#1848));
#5561=EDGE_LOOP('',(#1849,#1850,#1851,#1852));
#5562=EDGE_LOOP('',(#1853,#1854,#1855,#1856,#1857));
#5563=EDGE_LOOP('',(#1858,#1859,#1860,#1861));
#5564=EDGE_LOOP('',(#1862,#1863,#1864,#1865));
#5565=EDGE_LOOP('',(#1866,#1867,#1868,#1869));
#5566=EDGE_LOOP('',(#1870,#1871,#1872));
#5567=EDGE_LOOP('',(#1873,#1874,#1875,#1876));
#5568=EDGE_LOOP('',(#1877,#1878,#1879,#1880,#1881,#1882));
#5569=EDGE_LOOP('',(#1883,#1884,#1885,#1886,#1887,#1888,#1889,#1890,#1891,
#1892));
#5570=EDGE_LOOP('',(#1893,#1894,#1895,#1896,#1897,#1898,#1899,#1900,#1901,
#1902));
#5571=EDGE_LOOP('',(#1903,#1904,#1905,#1906));
#5572=EDGE_LOOP('',(#1907,#1908,#1909,#1910,#1911));
#5573=EDGE_LOOP('',(#1912,#1913,#1914,#1915));
#5574=EDGE_LOOP('',(#1916,#1917,#1918,#1919));
#5575=EDGE_LOOP('',(#1920,#1921,#1922,#1923));
#5576=EDGE_LOOP('',(#1924,#1925,#1926));
#5577=EDGE_LOOP('',(#1927,#1928,#1929,#1930));
#5578=EDGE_LOOP('',(#1931,#1932,#1933,#1934,#1935,#1936));
#5579=EDGE_LOOP('',(#1937,#1938,#1939,#1940,#1941,#1942,#1943,#1944,#1945,
#1946));
#5580=EDGE_LOOP('',(#1947,#1948,#1949,#1950,#1951,#1952,#1953,#1954,#1955,
#1956));
#5581=EDGE_LOOP('',(#1957,#1958,#1959,#1960));
#5582=EDGE_LOOP('',(#1961,#1962,#1963,#1964,#1965));
#5583=EDGE_LOOP('',(#1966,#1967,#1968,#1969));
#5584=EDGE_LOOP('',(#1970,#1971,#1972,#1973));
#5585=EDGE_LOOP('',(#1974,#1975,#1976,#1977));
#5586=EDGE_LOOP('',(#1978,#1979,#1980));
#5587=EDGE_LOOP('',(#1981,#1982,#1983,#1984));
#5588=EDGE_LOOP('',(#1985,#1986,#1987,#1988,#1989,#1990));
#5589=EDGE_LOOP('',(#1991,#1992,#1993,#1994,#1995,#1996,#1997,#1998,#1999,
#2000));
#5590=EDGE_LOOP('',(#2001,#2002,#2003,#2004,#2005,#2006,#2007,#2008,#2009,
#2010));
#5591=EDGE_LOOP('',(#2011,#2012,#2013,#2014));
#5592=EDGE_LOOP('',(#2015,#2016,#2017,#2018,#2019));
#5593=EDGE_LOOP('',(#2020,#2021,#2022,#2023));
#5594=EDGE_LOOP('',(#2024,#2025,#2026,#2027));
#5595=EDGE_LOOP('',(#2028,#2029,#2030,#2031));
#5596=EDGE_LOOP('',(#2032,#2033,#2034));
#5597=EDGE_LOOP('',(#2035,#2036,#2037,#2038,#2039,#2040));
#5598=EDGE_LOOP('',(#2041,#2042,#2043,#2044,#2045));
#5599=EDGE_LOOP('',(#2046,#2047,#2048,#2049));
#5600=EDGE_LOOP('',(#2050,#2051,#2052,#2053,#2054,#2055));
#5601=EDGE_LOOP('',(#2056,#2057,#2058,#2059,#2060));
#5602=EDGE_LOOP('',(#2061,#2062,#2063,#2064));
#5603=EDGE_LOOP('',(#2065,#2066,#2067,#2068,#2069,#2070));
#5604=EDGE_LOOP('',(#2071,#2072,#2073,#2074,#2075));
#5605=EDGE_LOOP('',(#2076,#2077,#2078,#2079));
#5606=EDGE_LOOP('',(#2080,#2081,#2082,#2083,#2084,#2085));
#5607=EDGE_LOOP('',(#2086,#2087,#2088,#2089,#2090));
#5608=EDGE_LOOP('',(#2091,#2092,#2093,#2094));
#5609=EDGE_LOOP('',(#2095,#2096,#2097,#2098,#2099,#2100));
#5610=EDGE_LOOP('',(#2101,#2102,#2103,#2104,#2105));
#5611=EDGE_LOOP('',(#2106,#2107,#2108,#2109));
#5612=EDGE_LOOP('',(#2110,#2111,#2112,#2113,#2114,#2115));
#5613=EDGE_LOOP('',(#2116,#2117,#2118,#2119,#2120));
#5614=EDGE_LOOP('',(#2121,#2122,#2123,#2124));
#5615=EDGE_LOOP('',(#2125,#2126,#2127,#2128,#2129,#2130));
#5616=EDGE_LOOP('',(#2131,#2132,#2133,#2134,#2135));
#5617=EDGE_LOOP('',(#2136,#2137,#2138,#2139));
#5618=EDGE_LOOP('',(#2140,#2141,#2142,#2143,#2144,#2145));
#5619=EDGE_LOOP('',(#2146,#2147,#2148,#2149,#2150));
#5620=EDGE_LOOP('',(#2151,#2152,#2153,#2154));
#5621=FACE_BOUND('',#5264,.T.);
#5622=FACE_BOUND('',#5265,.T.);
#5623=FACE_BOUND('',#5266,.T.);
#5624=FACE_BOUND('',#5267,.T.);
#5625=FACE_BOUND('',#5268,.T.);
#5626=FACE_BOUND('',#5269,.T.);
#5627=FACE_BOUND('',#5270,.T.);
#5628=FACE_BOUND('',#5271,.T.);
#5629=FACE_BOUND('',#5272,.T.);
#5630=FACE_BOUND('',#5273,.T.);
#5631=FACE_BOUND('',#5274,.T.);
#5632=FACE_BOUND('',#5275,.T.);
#5633=FACE_BOUND('',#5276,.T.);
#5634=FACE_BOUND('',#5277,.T.);
#5635=FACE_BOUND('',#5278,.T.);
#5636=FACE_BOUND('',#5279,.T.);
#5637=FACE_BOUND('',#5280,.T.);
#5638=FACE_BOUND('',#5281,.T.);
#5639=FACE_BOUND('',#5282,.T.);
#5640=FACE_BOUND('',#5283,.T.);
#5641=FACE_BOUND('',#5284,.T.);
#5642=FACE_BOUND('',#5285,.T.);
#5643=FACE_BOUND('',#5286,.T.);
#5644=FACE_BOUND('',#5287,.T.);
#5645=FACE_BOUND('',#5288,.T.);
#5646=FACE_BOUND('',#5289,.T.);
#5647=FACE_BOUND('',#5290,.T.);
#5648=FACE_BOUND('',#5291,.T.);
#5649=FACE_BOUND('',#5292,.T.);
#5650=FACE_BOUND('',#5293,.T.);
#5651=FACE_BOUND('',#5294,.T.);
#5652=FACE_BOUND('',#5295,.T.);
#5653=FACE_BOUND('',#5296,.T.);
#5654=FACE_BOUND('',#5297,.T.);
#5655=FACE_BOUND('',#5298,.T.);
#5656=FACE_BOUND('',#5299,.T.);
#5657=FACE_BOUND('',#5300,.T.);
#5658=FACE_BOUND('',#5301,.T.);
#5659=FACE_BOUND('',#5302,.T.);
#5660=FACE_BOUND('',#5303,.T.);
#5661=FACE_BOUND('',#5304,.T.);
#5662=FACE_BOUND('',#5305,.T.);
#5663=FACE_BOUND('',#5306,.T.);
#5664=FACE_BOUND('',#5307,.T.);
#5665=FACE_BOUND('',#5308,.T.);
#5666=FACE_BOUND('',#5309,.T.);
#5667=FACE_BOUND('',#5310,.T.);
#5668=FACE_BOUND('',#5311,.T.);
#5669=FACE_BOUND('',#5312,.T.);
#5670=FACE_BOUND('',#5313,.T.);
#5671=FACE_BOUND('',#5314,.T.);
#5672=FACE_BOUND('',#5315,.T.);
#5673=FACE_BOUND('',#5316,.T.);
#5674=FACE_BOUND('',#5317,.T.);
#5675=FACE_BOUND('',#5318,.T.);
#5676=FACE_BOUND('',#5319,.T.);
#5677=FACE_BOUND('',#5320,.T.);
#5678=FACE_BOUND('',#5321,.T.);
#5679=FACE_BOUND('',#5322,.T.);
#5680=FACE_BOUND('',#5323,.T.);
#5681=FACE_BOUND('',#5324,.T.);
#5682=FACE_BOUND('',#5325,.T.);
#5683=FACE_BOUND('',#5326,.T.);
#5684=FACE_BOUND('',#5327,.T.);
#5685=FACE_BOUND('',#5328,.T.);
#5686=FACE_BOUND('',#5329,.T.);
#5687=FACE_BOUND('',#5330,.T.);
#5688=FACE_BOUND('',#5331,.T.);
#5689=FACE_BOUND('',#5332,.T.);
#5690=FACE_BOUND('',#5333,.T.);
#5691=FACE_BOUND('',#5334,.T.);
#5692=FACE_BOUND('',#5335,.T.);
#5693=FACE_BOUND('',#5336,.T.);
#5694=FACE_BOUND('',#5337,.T.);
#5695=FACE_BOUND('',#5338,.T.);
#5696=FACE_BOUND('',#5339,.T.);
#5697=FACE_BOUND('',#5340,.T.);
#5698=FACE_BOUND('',#5341,.T.);
#5699=FACE_BOUND('',#5342,.T.);
#5700=FACE_BOUND('',#5343,.T.);
#5701=FACE_BOUND('',#5344,.T.);
#5702=FACE_BOUND('',#5345,.T.);
#5703=FACE_BOUND('',#5346,.T.);
#5704=FACE_BOUND('',#5347,.T.);
#5705=FACE_BOUND('',#5348,.T.);
#5706=FACE_BOUND('',#5349,.T.);
#5707=FACE_BOUND('',#5350,.T.);
#5708=FACE_BOUND('',#5351,.T.);
#5709=FACE_BOUND('',#5352,.T.);
#5710=FACE_BOUND('',#5353,.T.);
#5711=FACE_BOUND('',#5354,.T.);
#5712=FACE_BOUND('',#5355,.T.);
#5713=FACE_BOUND('',#5356,.T.);
#5714=FACE_BOUND('',#5357,.T.);
#5715=FACE_BOUND('',#5358,.T.);
#5716=FACE_BOUND('',#5359,.T.);
#5717=FACE_BOUND('',#5360,.T.);
#5718=FACE_BOUND('',#5361,.T.);
#5719=FACE_BOUND('',#5362,.T.);
#5720=FACE_BOUND('',#5363,.T.);
#5721=FACE_BOUND('',#5364,.T.);
#5722=FACE_BOUND('',#5365,.T.);
#5723=FACE_BOUND('',#5366,.T.);
#5724=FACE_BOUND('',#5367,.T.);
#5725=FACE_BOUND('',#5368,.T.);
#5726=FACE_BOUND('',#5369,.T.);
#5727=FACE_BOUND('',#5370,.T.);
#5728=FACE_BOUND('',#5371,.T.);
#5729=FACE_BOUND('',#5372,.T.);
#5730=FACE_BOUND('',#5373,.T.);
#5731=FACE_BOUND('',#5374,.T.);
#5732=FACE_BOUND('',#5375,.T.);
#5733=FACE_BOUND('',#5376,.T.);
#5734=FACE_BOUND('',#5377,.T.);
#5735=FACE_BOUND('',#5378,.T.);
#5736=FACE_BOUND('',#5379,.T.);
#5737=FACE_BOUND('',#5380,.T.);
#5738=FACE_BOUND('',#5381,.T.);
#5739=FACE_BOUND('',#5382,.T.);
#5740=FACE_BOUND('',#5383,.T.);
#5741=FACE_BOUND('',#5384,.T.);
#5742=FACE_BOUND('',#5385,.T.);
#5743=FACE_BOUND('',#5386,.T.);
#5744=FACE_BOUND('',#5387,.T.);
#5745=FACE_BOUND('',#5388,.T.);
#5746=FACE_BOUND('',#5389,.T.);
#5747=FACE_BOUND('',#5390,.T.);
#5748=FACE_BOUND('',#5391,.T.);
#5749=FACE_BOUND('',#5392,.T.);
#5750=FACE_BOUND('',#5393,.T.);
#5751=FACE_BOUND('',#5394,.T.);
#5752=FACE_BOUND('',#5395,.T.);
#5753=FACE_BOUND('',#5396,.T.);
#5754=FACE_BOUND('',#5397,.T.);
#5755=FACE_BOUND('',#5398,.T.);
#5756=FACE_BOUND('',#5399,.T.);
#5757=FACE_BOUND('',#5400,.T.);
#5758=FACE_BOUND('',#5401,.T.);
#5759=FACE_BOUND('',#5402,.T.);
#5760=FACE_BOUND('',#5403,.T.);
#5761=FACE_BOUND('',#5404,.T.);
#5762=FACE_BOUND('',#5405,.T.);
#5763=FACE_BOUND('',#5406,.T.);
#5764=FACE_BOUND('',#5407,.T.);
#5765=FACE_BOUND('',#5408,.T.);
#5766=FACE_BOUND('',#5409,.T.);
#5767=FACE_BOUND('',#5410,.T.);
#5768=FACE_BOUND('',#5411,.T.);
#5769=FACE_BOUND('',#5412,.T.);
#5770=FACE_BOUND('',#5413,.T.);
#5771=FACE_BOUND('',#5414,.T.);
#5772=FACE_BOUND('',#5415,.T.);
#5773=FACE_BOUND('',#5416,.T.);
#5774=FACE_BOUND('',#5417,.T.);
#5775=FACE_BOUND('',#5418,.T.);
#5776=FACE_BOUND('',#5419,.T.);
#5777=FACE_BOUND('',#5420,.T.);
#5778=FACE_BOUND('',#5421,.T.);
#5779=FACE_BOUND('',#5422,.T.);
#5780=FACE_BOUND('',#5423,.T.);
#5781=FACE_BOUND('',#5424,.T.);
#5782=FACE_BOUND('',#5425,.T.);
#5783=FACE_BOUND('',#5426,.T.);
#5784=FACE_BOUND('',#5427,.T.);
#5785=FACE_BOUND('',#5428,.T.);
#5786=FACE_BOUND('',#5429,.T.);
#5787=FACE_BOUND('',#5430,.T.);
#5788=FACE_BOUND('',#5431,.T.);
#5789=FACE_BOUND('',#5432,.T.);
#5790=FACE_BOUND('',#5433,.T.);
#5791=FACE_BOUND('',#5434,.T.);
#5792=FACE_BOUND('',#5435,.T.);
#5793=FACE_BOUND('',#5436,.T.);
#5794=FACE_BOUND('',#5437,.T.);
#5795=FACE_BOUND('',#5438,.T.);
#5796=FACE_BOUND('',#5439,.T.);
#5797=FACE_BOUND('',#5440,.T.);
#5798=FACE_BOUND('',#5441,.T.);
#5799=FACE_BOUND('',#5442,.T.);
#5800=FACE_BOUND('',#5443,.T.);
#5801=FACE_BOUND('',#5444,.T.);
#5802=FACE_BOUND('',#5445,.T.);
#5803=FACE_BOUND('',#5446,.T.);
#5804=FACE_BOUND('',#5447,.T.);
#5805=FACE_BOUND('',#5448,.T.);
#5806=FACE_BOUND('',#5449,.T.);
#5807=FACE_BOUND('',#5450,.T.);
#5808=FACE_BOUND('',#5451,.T.);
#5809=FACE_BOUND('',#5452,.T.);
#5810=FACE_BOUND('',#5453,.T.);
#5811=FACE_BOUND('',#5454,.T.);
#5812=FACE_BOUND('',#5455,.T.);
#5813=FACE_BOUND('',#5456,.T.);
#5814=FACE_BOUND('',#5457,.T.);
#5815=FACE_BOUND('',#5458,.T.);
#5816=FACE_BOUND('',#5459,.T.);
#5817=FACE_BOUND('',#5460,.T.);
#5818=FACE_BOUND('',#5461,.T.);
#5819=FACE_BOUND('',#5462,.T.);
#5820=FACE_BOUND('',#5463,.T.);
#5821=FACE_BOUND('',#5464,.T.);
#5822=FACE_BOUND('',#5465,.T.);
#5823=FACE_BOUND('',#5466,.T.);
#5824=FACE_BOUND('',#5467,.T.);
#5825=FACE_BOUND('',#5468,.T.);
#5826=FACE_BOUND('',#5469,.T.);
#5827=FACE_BOUND('',#5470,.T.);
#5828=FACE_BOUND('',#5471,.T.);
#5829=FACE_BOUND('',#5472,.T.);
#5830=FACE_BOUND('',#5473,.T.);
#5831=FACE_BOUND('',#5474,.T.);
#5832=FACE_BOUND('',#5475,.T.);
#5833=FACE_BOUND('',#5476,.T.);
#5834=FACE_BOUND('',#5477,.T.);
#5835=FACE_BOUND('',#5478,.T.);
#5836=FACE_BOUND('',#5479,.T.);
#5837=FACE_BOUND('',#5480,.T.);
#5838=FACE_BOUND('',#5481,.T.);
#5839=FACE_BOUND('',#5482,.T.);
#5840=FACE_BOUND('',#5483,.T.);
#5841=FACE_BOUND('',#5484,.T.);
#5842=FACE_BOUND('',#5485,.T.);
#5843=FACE_BOUND('',#5486,.T.);
#5844=FACE_BOUND('',#5487,.T.);
#5845=FACE_BOUND('',#5488,.T.);
#5846=FACE_BOUND('',#5489,.T.);
#5847=FACE_BOUND('',#5490,.T.);
#5848=FACE_BOUND('',#5491,.T.);
#5849=FACE_BOUND('',#5492,.T.);
#5850=FACE_BOUND('',#5493,.T.);
#5851=FACE_BOUND('',#5494,.T.);
#5852=FACE_BOUND('',#5495,.T.);
#5853=FACE_BOUND('',#5496,.T.);
#5854=FACE_BOUND('',#5497,.T.);
#5855=FACE_BOUND('',#5498,.T.);
#5856=FACE_BOUND('',#5499,.T.);
#5857=FACE_BOUND('',#5500,.T.);
#5858=FACE_BOUND('',#5501,.T.);
#5859=FACE_BOUND('',#5502,.T.);
#5860=FACE_BOUND('',#5503,.T.);
#5861=FACE_BOUND('',#5504,.T.);
#5862=FACE_BOUND('',#5505,.T.);
#5863=FACE_BOUND('',#5506,.T.);
#5864=FACE_BOUND('',#5507,.T.);
#5865=FACE_BOUND('',#5508,.T.);
#5866=FACE_BOUND('',#5509,.T.);
#5867=FACE_BOUND('',#5510,.T.);
#5868=FACE_BOUND('',#5511,.T.);
#5869=FACE_BOUND('',#5512,.T.);
#5870=FACE_BOUND('',#5513,.T.);
#5871=FACE_BOUND('',#5514,.T.);
#5872=FACE_BOUND('',#5515,.T.);
#5873=FACE_BOUND('',#5516,.T.);
#5874=FACE_BOUND('',#5517,.T.);
#5875=FACE_BOUND('',#5518,.T.);
#5876=FACE_BOUND('',#5519,.T.);
#5877=FACE_BOUND('',#5520,.T.);
#5878=FACE_BOUND('',#5521,.T.);
#5879=FACE_BOUND('',#5522,.T.);
#5880=FACE_BOUND('',#5523,.T.);
#5881=FACE_BOUND('',#5524,.T.);
#5882=FACE_BOUND('',#5525,.T.);
#5883=FACE_BOUND('',#5526,.T.);
#5884=FACE_BOUND('',#5527,.T.);
#5885=FACE_BOUND('',#5528,.T.);
#5886=FACE_BOUND('',#5529,.T.);
#5887=FACE_BOUND('',#5530,.T.);
#5888=FACE_BOUND('',#5531,.T.);
#5889=FACE_BOUND('',#5532,.T.);
#5890=FACE_BOUND('',#5533,.T.);
#5891=FACE_BOUND('',#5534,.T.);
#5892=FACE_BOUND('',#5535,.T.);
#5893=FACE_BOUND('',#5536,.T.);
#5894=FACE_BOUND('',#5537,.T.);
#5895=FACE_BOUND('',#5538,.T.);
#5896=FACE_BOUND('',#5539,.T.);
#5897=FACE_BOUND('',#5540,.T.);
#5898=FACE_BOUND('',#5541,.T.);
#5899=FACE_BOUND('',#5542,.T.);
#5900=FACE_BOUND('',#5543,.T.);
#5901=FACE_BOUND('',#5544,.T.);
#5902=FACE_BOUND('',#5545,.T.);
#5903=FACE_BOUND('',#5546,.T.);
#5904=FACE_BOUND('',#5547,.T.);
#5905=FACE_BOUND('',#5548,.T.);
#5906=FACE_BOUND('',#5549,.T.);
#5907=FACE_BOUND('',#5550,.T.);
#5908=FACE_BOUND('',#5551,.T.);
#5909=FACE_BOUND('',#5552,.T.);
#5910=FACE_BOUND('',#5553,.T.);
#5911=FACE_BOUND('',#5554,.T.);
#5912=FACE_BOUND('',#5555,.T.);
#5913=FACE_BOUND('',#5556,.T.);
#5914=FACE_BOUND('',#5557,.T.);
#5915=FACE_BOUND('',#5558,.T.);
#5916=FACE_BOUND('',#5559,.T.);
#5917=FACE_BOUND('',#5560,.T.);
#5918=FACE_BOUND('',#5561,.T.);
#5919=FACE_BOUND('',#5562,.T.);
#5920=FACE_BOUND('',#5563,.T.);
#5921=FACE_BOUND('',#5564,.T.);
#5922=FACE_BOUND('',#5565,.T.);
#5923=FACE_BOUND('',#5566,.T.);
#5924=FACE_BOUND('',#5567,.T.);
#5925=FACE_BOUND('',#5568,.T.);
#5926=FACE_BOUND('',#5569,.T.);
#5927=FACE_BOUND('',#5570,.T.);
#5928=FACE_BOUND('',#5571,.T.);
#5929=FACE_BOUND('',#5572,.T.);
#5930=FACE_BOUND('',#5573,.T.);
#5931=FACE_BOUND('',#5574,.T.);
#5932=FACE_BOUND('',#5575,.T.);
#5933=FACE_BOUND('',#5576,.T.);
#5934=FACE_BOUND('',#5577,.T.);
#5935=FACE_BOUND('',#5578,.T.);
#5936=FACE_BOUND('',#5579,.T.);
#5937=FACE_BOUND('',#5580,.T.);
#5938=FACE_BOUND('',#5581,.T.);
#5939=FACE_BOUND('',#5582,.T.);
#5940=FACE_BOUND('',#5583,.T.);
#5941=FACE_BOUND('',#5584,.T.);
#5942=FACE_BOUND('',#5585,.T.);
#5943=FACE_BOUND('',#5586,.T.);
#5944=FACE_BOUND('',#5587,.T.);
#5945=FACE_BOUND('',#5588,.T.);
#5946=FACE_BOUND('',#5589,.T.);
#5947=FACE_BOUND('',#5590,.T.);
#5948=FACE_BOUND('',#5591,.T.);
#5949=FACE_BOUND('',#5592,.T.);
#5950=FACE_BOUND('',#5593,.T.);
#5951=FACE_BOUND('',#5594,.T.);
#5952=FACE_BOUND('',#5595,.T.);
#5953=FACE_BOUND('',#5596,.T.);
#5954=FACE_BOUND('',#5597,.T.);
#5955=FACE_BOUND('',#5598,.T.);
#5956=FACE_BOUND('',#5599,.T.);
#5957=FACE_BOUND('',#5600,.T.);
#5958=FACE_BOUND('',#5601,.T.);
#5959=FACE_BOUND('',#5602,.T.);
#5960=FACE_BOUND('',#5603,.T.);
#5961=FACE_BOUND('',#5604,.T.);
#5962=FACE_BOUND('',#5605,.T.);
#5963=FACE_BOUND('',#5606,.T.);
#5964=FACE_BOUND('',#5607,.T.);
#5965=FACE_BOUND('',#5608,.T.);
#5966=FACE_BOUND('',#5609,.T.);
#5967=FACE_BOUND('',#5610,.T.);
#5968=FACE_BOUND('',#5611,.T.);
#5969=FACE_BOUND('',#5612,.T.);
#5970=FACE_BOUND('',#5613,.T.);
#5971=FACE_BOUND('',#5614,.T.);
#5972=FACE_BOUND('',#5615,.T.);
#5973=FACE_BOUND('',#5616,.T.);
#5974=FACE_BOUND('',#5617,.T.);
#5975=FACE_BOUND('',#5618,.T.);
#5976=FACE_BOUND('',#5619,.T.);
#5977=FACE_BOUND('',#5620,.T.);
#5978=PLANE('',#8975);
#5979=PLANE('',#8976);
#5980=PLANE('',#8977);
#5981=PLANE('',#8978);
#5982=PLANE('',#8979);
#5983=PLANE('',#8980);
#5984=PLANE('',#8981);
#5985=PLANE('',#8982);
#5986=PLANE('',#8983);
#5987=PLANE('',#8995);
#5988=PLANE('',#9057);
#5989=PLANE('',#9062);
#5990=PLANE('',#9067);
#5991=PLANE('',#9072);
#5992=PLANE('',#9077);
#5993=PLANE('',#9082);
#5994=PLANE('',#9087);
#5995=PLANE('',#9099);
#5996=PLANE('',#9100);
#5997=PLANE('',#9101);
#5998=PLANE('',#9102);
#5999=PLANE('',#9103);
#6000=PLANE('',#9104);
#6001=PLANE('',#9105);
#6002=PLANE('',#9106);
#6003=PLANE('',#9107);
#6004=PLANE('',#9108);
#6005=PLANE('',#9109);
#6006=PLANE('',#9113);
#6007=PLANE('',#9117);
#6008=PLANE('',#9118);
#6009=PLANE('',#9125);
#6010=PLANE('',#9126);
#6011=PLANE('',#9129);
#6012=PLANE('',#9132);
#6013=PLANE('',#9133);
#6014=PLANE('',#9134);
#6015=PLANE('',#9136);
#6016=PLANE('',#9138);
#6017=PLANE('',#9139);
#6018=PLANE('',#9143);
#6019=PLANE('',#9144);
#6020=PLANE('',#9145);
#6021=PLANE('',#9146);
#6022=PLANE('',#9147);
#6023=PLANE('',#9149);
#6024=PLANE('',#9152);
#6025=PLANE('',#9153);
#6026=PLANE('',#9157);
#6027=PLANE('',#9158);
#6028=PLANE('',#9159);
#6029=PLANE('',#9160);
#6030=PLANE('',#9161);
#6031=PLANE('',#9163);
#6032=PLANE('',#9166);
#6033=PLANE('',#9167);
#6034=PLANE('',#9171);
#6035=PLANE('',#9172);
#6036=PLANE('',#9173);
#6037=PLANE('',#9174);
#6038=PLANE('',#9175);
#6039=PLANE('',#9177);
#6040=PLANE('',#9180);
#6041=PLANE('',#9181);
#6042=PLANE('',#9185);
#6043=PLANE('',#9186);
#6044=PLANE('',#9187);
#6045=PLANE('',#9188);
#6046=PLANE('',#9189);
#6047=PLANE('',#9191);
#6048=PLANE('',#9194);
#6049=PLANE('',#9195);
#6050=PLANE('',#9199);
#6051=PLANE('',#9200);
#6052=PLANE('',#9201);
#6053=PLANE('',#9202);
#6054=PLANE('',#9203);
#6055=PLANE('',#9205);
#6056=PLANE('',#9208);
#6057=PLANE('',#9209);
#6058=PLANE('',#9213);
#6059=PLANE('',#9214);
#6060=PLANE('',#9215);
#6061=PLANE('',#9216);
#6062=PLANE('',#9217);
#6063=PLANE('',#9219);
#6064=PLANE('',#9222);
#6065=PLANE('',#9223);
#6066=PLANE('',#9227);
#6067=PLANE('',#9228);
#6068=PLANE('',#9229);
#6069=PLANE('',#9230);
#6070=PLANE('',#9231);
#6071=PLANE('',#9233);
#6072=PLANE('',#9236);
#6073=PLANE('',#9237);
#6074=PLANE('',#9239);
#6075=PLANE('',#9243);
#6076=PLANE('',#9244);
#6077=PLANE('',#9245);
#6078=PLANE('',#9246);
#6079=PLANE('',#9249);
#6080=PLANE('',#9250);
#6081=PLANE('',#9251);
#6082=PLANE('',#9252);
#6083=PLANE('',#9253);
#6084=PLANE('',#9254);
#6085=PLANE('',#9255);
#6086=PLANE('',#9256);
#6087=PLANE('',#9257);
#6088=PLANE('',#9258);
#6089=PLANE('',#9259);
#6090=PLANE('',#9260);
#6091=PLANE('',#9261);
#6092=PLANE('',#9262);
#6093=PLANE('',#9263);
#6094=PLANE('',#9264);
#6095=PLANE('',#9265);
#6096=PLANE('',#9266);
#6097=PLANE('',#9267);
#6098=PLANE('',#9268);
#6099=PLANE('',#9269);
#6100=PLANE('',#9270);
#6101=PLANE('',#9271);
#6102=PLANE('',#9272);
#6103=PLANE('',#9273);
#6104=PLANE('',#9274);
#6105=PLANE('',#9275);
#6106=PLANE('',#9276);
#6107=PLANE('',#9277);
#6108=PLANE('',#9278);
#6109=PLANE('',#9279);
#6110=PLANE('',#9280);
#6111=PLANE('',#9281);
#6112=PLANE('',#9282);
#6113=PLANE('',#9283);
#6114=PLANE('',#9284);
#6115=PLANE('',#9285);
#6116=PLANE('',#9286);
#6117=PLANE('',#9287);
#6118=PLANE('',#9288);
#6119=PLANE('',#9289);
#6120=PLANE('',#9290);
#6121=PLANE('',#9291);
#6122=PLANE('',#9292);
#6123=PLANE('',#9293);
#6124=PLANE('',#9294);
#6125=PLANE('',#9295);
#6126=PLANE('',#9296);
#6127=PLANE('',#9297);
#6128=PLANE('',#9298);
#6129=PLANE('',#9299);
#6130=PLANE('',#9300);
#6131=PLANE('',#9301);
#6132=PLANE('',#9302);
#6133=PLANE('',#9303);
#6134=PLANE('',#9304);
#6135=PLANE('',#9305);
#6136=PLANE('',#9306);
#6137=PLANE('',#9307);
#6138=PLANE('',#9308);
#6139=PLANE('',#9309);
#6140=PLANE('',#9310);
#6141=PLANE('',#9311);
#6142=PLANE('',#9312);
#6143=PLANE('',#9313);
#6144=PLANE('',#9314);
#6145=PLANE('',#9315);
#6146=PLANE('',#9316);
#6147=PLANE('',#9317);
#6148=PLANE('',#9318);
#6149=PLANE('',#9319);
#6150=PLANE('',#9320);
#6151=PLANE('',#9321);
#6152=PLANE('',#9322);
#6153=PLANE('',#9323);
#6154=PLANE('',#9324);
#6155=PLANE('',#9327);
#6156=PLANE('',#9329);
#6157=PLANE('',#9330);
#6158=PLANE('',#9332);
#6159=PLANE('',#9335);
#6160=PLANE('',#9336);
#6161=PLANE('',#9337);
#6162=PLANE('',#9338);
#6163=PLANE('',#9341);
#6164=PLANE('',#9343);
#6165=PLANE('',#9344);
#6166=PLANE('',#9346);
#6167=PLANE('',#9349);
#6168=PLANE('',#9350);
#6169=PLANE('',#9351);
#6170=PLANE('',#9352);
#6171=PLANE('',#9355);
#6172=PLANE('',#9357);
#6173=PLANE('',#9358);
#6174=PLANE('',#9360);
#6175=PLANE('',#9363);
#6176=PLANE('',#9364);
#6177=PLANE('',#9365);
#6178=PLANE('',#9366);
#6179=PLANE('',#9369);
#6180=PLANE('',#9371);
#6181=PLANE('',#9372);
#6182=PLANE('',#9374);
#6183=PLANE('',#9377);
#6184=PLANE('',#9378);
#6185=PLANE('',#9379);
#6186=PLANE('',#9380);
#6187=PLANE('',#9383);
#6188=PLANE('',#9385);
#6189=PLANE('',#9386);
#6190=PLANE('',#9388);
#6191=PLANE('',#9391);
#6192=PLANE('',#9392);
#6193=PLANE('',#9393);
#6194=PLANE('',#9394);
#6195=PLANE('',#9397);
#6196=PLANE('',#9399);
#6197=PLANE('',#9400);
#6198=PLANE('',#9402);
#6199=PLANE('',#9405);
#6200=PLANE('',#9406);
#6201=PLANE('',#9407);
#6202=PLANE('',#9408);
#6203=PLANE('',#9411);
#6204=PLANE('',#9413);
#6205=PLANE('',#9414);
#6206=PLANE('',#9416);
#6207=PLANE('',#9419);
#6208=PLANE('',#9420);
#6209=PLANE('',#9421);
#6210=PLANE('',#9422);
#6211=PLANE('',#9425);
#6212=PLANE('',#9427);
#6213=PLANE('',#9428);
#6214=PLANE('',#9430);
#6215=PLANE('',#9433);
#6216=PLANE('',#9434);
#6217=PLANE('',#9435);
#6218=PLANE('',#9436);
#6219=PLANE('',#9437);
#6220=PLANE('',#9438);
#6221=PLANE('',#9439);
#6222=PLANE('',#9440);
#6223=PLANE('',#9441);
#6224=PLANE('',#9442);
#6225=PLANE('',#9443);
#6226=PLANE('',#9444);
#6227=PLANE('',#9445);
#6228=PLANE('',#9446);
#6229=PLANE('',#9447);
#6230=PLANE('',#9448);
#6231=PLANE('',#9449);
#6232=PLANE('',#9450);
#6233=PLANE('',#9451);
#6234=PLANE('',#9452);
#6235=PLANE('',#9453);
#6236=PLANE('',#9454);
#6237=PLANE('',#9455);
#6238=PLANE('',#9456);
#6239=PLANE('',#9457);
#6240=STYLED_ITEM('',(#6581),#8629);
#6241=STYLED_ITEM('',(#6582),#8630);
#6242=STYLED_ITEM('',(#6583),#8631);
#6243=STYLED_ITEM('',(#6584),#8632);
#6244=STYLED_ITEM('',(#6585),#8633);
#6245=STYLED_ITEM('',(#6586),#8634);
#6246=STYLED_ITEM('',(#6587),#8635);
#6247=STYLED_ITEM('',(#6588),#8636);
#6248=STYLED_ITEM('',(#6589),#8637);
#6249=STYLED_ITEM('',(#6590),#8638);
#6250=STYLED_ITEM('',(#6591),#8639);
#6251=STYLED_ITEM('',(#6592),#8640);
#6252=STYLED_ITEM('',(#6593),#8641);
#6253=STYLED_ITEM('',(#6594),#8642);
#6254=STYLED_ITEM('',(#6595),#8643);
#6255=STYLED_ITEM('',(#6596),#8644);
#6256=STYLED_ITEM('',(#6597),#8645);
#6257=STYLED_ITEM('',(#6598),#8646);
#6258=STYLED_ITEM('',(#6599),#8647);
#6259=STYLED_ITEM('',(#6600),#8648);
#6260=STYLED_ITEM('',(#6601),#8649);
#6261=STYLED_ITEM('',(#6602),#8650);
#6262=STYLED_ITEM('',(#6603),#8651);
#6263=STYLED_ITEM('',(#6604),#8652);
#6264=STYLED_ITEM('',(#6605),#8653);
#6265=STYLED_ITEM('',(#6606),#8654);
#6266=STYLED_ITEM('',(#6607),#8655);
#6267=STYLED_ITEM('',(#6608),#8656);
#6268=STYLED_ITEM('',(#6609),#8657);
#6269=STYLED_ITEM('',(#6610),#8658);
#6270=STYLED_ITEM('',(#6611),#8659);
#6271=STYLED_ITEM('',(#6612),#8660);
#6272=STYLED_ITEM('',(#6613),#8661);
#6273=STYLED_ITEM('',(#6614),#8662);
#6274=STYLED_ITEM('',(#6615),#8663);
#6275=STYLED_ITEM('',(#6616),#8664);
#6276=STYLED_ITEM('',(#6617),#8665);
#6277=STYLED_ITEM('',(#6618),#8666);
#6278=STYLED_ITEM('',(#6619),#8667);
#6279=STYLED_ITEM('',(#6620),#8668);
#6280=STYLED_ITEM('',(#6621),#8669);
#6281=STYLED_ITEM('',(#6622),#8670);
#6282=STYLED_ITEM('',(#6623),#8671);
#6283=STYLED_ITEM('',(#6624),#8672);
#6284=STYLED_ITEM('',(#6625),#8673);
#6285=STYLED_ITEM('',(#6626),#8674);
#6286=STYLED_ITEM('',(#6627),#8675);
#6287=STYLED_ITEM('',(#6628),#8676);
#6288=STYLED_ITEM('',(#6629),#8677);
#6289=STYLED_ITEM('',(#6630),#8678);
#6290=STYLED_ITEM('',(#6631),#8679);
#6291=STYLED_ITEM('',(#6632),#8680);
#6292=STYLED_ITEM('',(#6633),#8681);
#6293=STYLED_ITEM('',(#6634),#8682);
#6294=STYLED_ITEM('',(#6635),#8683);
#6295=STYLED_ITEM('',(#6636),#8684);
#6296=STYLED_ITEM('',(#6637),#8685);
#6297=STYLED_ITEM('',(#6638),#8686);
#6298=STYLED_ITEM('',(#6639),#8687);
#6299=STYLED_ITEM('',(#6640),#8688);
#6300=STYLED_ITEM('',(#6641),#8689);
#6301=STYLED_ITEM('',(#6642),#8690);
#6302=STYLED_ITEM('',(#6643),#8691);
#6303=STYLED_ITEM('',(#6644),#8692);
#6304=STYLED_ITEM('',(#6645),#8693);
#6305=STYLED_ITEM('',(#6646),#8694);
#6306=STYLED_ITEM('',(#6647),#8695);
#6307=STYLED_ITEM('',(#6648),#8696);
#6308=STYLED_ITEM('',(#6649),#8697);
#6309=STYLED_ITEM('',(#6650),#8698);
#6310=STYLED_ITEM('',(#6651),#8699);
#6311=STYLED_ITEM('',(#6652),#8700);
#6312=STYLED_ITEM('',(#6653),#8701);
#6313=STYLED_ITEM('',(#6654),#8702);
#6314=STYLED_ITEM('',(#6655),#8703);
#6315=STYLED_ITEM('',(#6656),#8704);
#6316=STYLED_ITEM('',(#6657),#8705);
#6317=STYLED_ITEM('',(#6658),#8706);
#6318=STYLED_ITEM('',(#6659),#8707);
#6319=STYLED_ITEM('',(#6660),#8708);
#6320=STYLED_ITEM('',(#6661),#8709);
#6321=STYLED_ITEM('',(#6662),#8710);
#6322=STYLED_ITEM('',(#6663),#8711);
#6323=STYLED_ITEM('',(#6664),#8712);
#6324=STYLED_ITEM('',(#6665),#8713);
#6325=STYLED_ITEM('',(#6666),#8714);
#6326=STYLED_ITEM('',(#6667),#8715);
#6327=STYLED_ITEM('',(#6668),#8716);
#6328=STYLED_ITEM('',(#6669),#8717);
#6329=STYLED_ITEM('',(#6670),#8718);
#6330=STYLED_ITEM('',(#6671),#8719);
#6331=STYLED_ITEM('',(#6672),#8720);
#6332=STYLED_ITEM('',(#6673),#8721);
#6333=STYLED_ITEM('',(#6674),#8722);
#6334=STYLED_ITEM('',(#6675),#8723);
#6335=STYLED_ITEM('',(#6676),#8724);
#6336=STYLED_ITEM('',(#6677),#8725);
#6337=STYLED_ITEM('',(#6678),#8726);
#6338=STYLED_ITEM('',(#6679),#8727);
#6339=STYLED_ITEM('',(#6680),#8728);
#6340=STYLED_ITEM('',(#6681),#8729);
#6341=STYLED_ITEM('',(#6682),#8730);
#6342=STYLED_ITEM('',(#6683),#8731);
#6343=STYLED_ITEM('',(#6684),#8732);
#6344=STYLED_ITEM('',(#6685),#8733);
#6345=STYLED_ITEM('',(#6686),#8734);
#6346=STYLED_ITEM('',(#6687),#8735);
#6347=STYLED_ITEM('',(#6688),#8736);
#6348=STYLED_ITEM('',(#6689),#8737);
#6349=STYLED_ITEM('',(#6690),#8738);
#6350=STYLED_ITEM('',(#6691),#8739);
#6351=STYLED_ITEM('',(#6692),#8740);
#6352=STYLED_ITEM('',(#6693),#8741);
#6353=STYLED_ITEM('',(#6694),#8742);
#6354=STYLED_ITEM('',(#6695),#8743);
#6355=STYLED_ITEM('',(#6696),#8744);
#6356=STYLED_ITEM('',(#6697),#8745);
#6357=STYLED_ITEM('',(#6698),#8746);
#6358=STYLED_ITEM('',(#6699),#8747);
#6359=STYLED_ITEM('',(#6700),#8748);
#6360=STYLED_ITEM('',(#6701),#8749);
#6361=STYLED_ITEM('',(#6702),#8750);
#6362=STYLED_ITEM('',(#6703),#8751);
#6363=STYLED_ITEM('',(#6704),#8752);
#6364=STYLED_ITEM('',(#6705),#8753);
#6365=STYLED_ITEM('',(#6706),#8754);
#6366=STYLED_ITEM('',(#6707),#8755);
#6367=STYLED_ITEM('',(#6708),#8756);
#6368=STYLED_ITEM('',(#6709),#8757);
#6369=STYLED_ITEM('',(#6710),#8758);
#6370=STYLED_ITEM('',(#6711),#8759);
#6371=STYLED_ITEM('',(#6712),#8760);
#6372=STYLED_ITEM('',(#6713),#8761);
#6373=STYLED_ITEM('',(#6714),#8762);
#6374=STYLED_ITEM('',(#6715),#8763);
#6375=STYLED_ITEM('',(#6716),#8764);
#6376=STYLED_ITEM('',(#6717),#8765);
#6377=STYLED_ITEM('',(#6718),#8766);
#6378=STYLED_ITEM('',(#6719),#8767);
#6379=STYLED_ITEM('',(#6720),#8768);
#6380=STYLED_ITEM('',(#6721),#8769);
#6381=STYLED_ITEM('',(#6722),#8770);
#6382=STYLED_ITEM('',(#6723),#8771);
#6383=STYLED_ITEM('',(#6724),#8772);
#6384=STYLED_ITEM('',(#6725),#8773);
#6385=STYLED_ITEM('',(#6726),#8774);
#6386=STYLED_ITEM('',(#6727),#8775);
#6387=STYLED_ITEM('',(#6728),#8776);
#6388=STYLED_ITEM('',(#6729),#8777);
#6389=STYLED_ITEM('',(#6730),#8778);
#6390=STYLED_ITEM('',(#6731),#8779);
#6391=STYLED_ITEM('',(#6732),#8780);
#6392=STYLED_ITEM('',(#6733),#8781);
#6393=STYLED_ITEM('',(#6734),#8782);
#6394=STYLED_ITEM('',(#6735),#8783);
#6395=STYLED_ITEM('',(#6736),#8784);
#6396=STYLED_ITEM('',(#6737),#8785);
#6397=STYLED_ITEM('',(#6738),#8786);
#6398=STYLED_ITEM('',(#6739),#8787);
#6399=STYLED_ITEM('',(#6740),#8788);
#6400=STYLED_ITEM('',(#6741),#8789);
#6401=STYLED_ITEM('',(#6742),#8790);
#6402=STYLED_ITEM('',(#6743),#8791);
#6403=STYLED_ITEM('',(#6744),#8792);
#6404=STYLED_ITEM('',(#6745),#8793);
#6405=STYLED_ITEM('',(#6746),#8794);
#6406=STYLED_ITEM('',(#6747),#8795);
#6407=STYLED_ITEM('',(#6748),#8796);
#6408=STYLED_ITEM('',(#6749),#8797);
#6409=STYLED_ITEM('',(#6750),#8798);
#6410=STYLED_ITEM('',(#6751),#8799);
#6411=STYLED_ITEM('',(#6752),#8800);
#6412=STYLED_ITEM('',(#6753),#8801);
#6413=STYLED_ITEM('',(#6754),#8802);
#6414=STYLED_ITEM('',(#6755),#8803);
#6415=STYLED_ITEM('',(#6756),#8804);
#6416=STYLED_ITEM('',(#6757),#8805);
#6417=STYLED_ITEM('',(#6758),#8806);
#6418=STYLED_ITEM('',(#6759),#8807);
#6419=STYLED_ITEM('',(#6760),#8808);
#6420=STYLED_ITEM('',(#6761),#8809);
#6421=STYLED_ITEM('',(#6762),#8810);
#6422=STYLED_ITEM('',(#6763),#8811);
#6423=STYLED_ITEM('',(#6764),#8812);
#6424=STYLED_ITEM('',(#6765),#8813);
#6425=STYLED_ITEM('',(#6766),#8814);
#6426=STYLED_ITEM('',(#6767),#8815);
#6427=STYLED_ITEM('',(#6768),#8816);
#6428=STYLED_ITEM('',(#6769),#8817);
#6429=STYLED_ITEM('',(#6770),#8818);
#6430=STYLED_ITEM('',(#6771),#8819);
#6431=STYLED_ITEM('',(#6772),#8820);
#6432=STYLED_ITEM('',(#6773),#8821);
#6433=STYLED_ITEM('',(#6774),#8822);
#6434=STYLED_ITEM('',(#6775),#8823);
#6435=STYLED_ITEM('',(#6776),#8824);
#6436=STYLED_ITEM('',(#6777),#8825);
#6437=STYLED_ITEM('',(#6778),#8826);
#6438=STYLED_ITEM('',(#6779),#8827);
#6439=STYLED_ITEM('',(#6780),#8828);
#6440=STYLED_ITEM('',(#6781),#8829);
#6441=STYLED_ITEM('',(#6782),#8830);
#6442=STYLED_ITEM('',(#6783),#8831);
#6443=STYLED_ITEM('',(#6784),#8832);
#6444=STYLED_ITEM('',(#6785),#8833);
#6445=STYLED_ITEM('',(#6786),#8834);
#6446=STYLED_ITEM('',(#6787),#8835);
#6447=STYLED_ITEM('',(#6788),#8836);
#6448=STYLED_ITEM('',(#6789),#8837);
#6449=STYLED_ITEM('',(#6790),#8838);
#6450=STYLED_ITEM('',(#6791),#8839);
#6451=STYLED_ITEM('',(#6792),#8840);
#6452=STYLED_ITEM('',(#6793),#8841);
#6453=STYLED_ITEM('',(#6794),#8842);
#6454=STYLED_ITEM('',(#6795),#8843);
#6455=STYLED_ITEM('',(#6796),#8844);
#6456=STYLED_ITEM('',(#6797),#8845);
#6457=STYLED_ITEM('',(#6798),#8846);
#6458=STYLED_ITEM('',(#6799),#8847);
#6459=STYLED_ITEM('',(#6800),#8848);
#6460=STYLED_ITEM('',(#6801),#8849);
#6461=STYLED_ITEM('',(#6802),#8850);
#6462=STYLED_ITEM('',(#6803),#8851);
#6463=STYLED_ITEM('',(#6804),#8852);
#6464=STYLED_ITEM('',(#6805),#8853);
#6465=STYLED_ITEM('',(#6806),#8854);
#6466=STYLED_ITEM('',(#6807),#8855);
#6467=STYLED_ITEM('',(#6808),#8856);
#6468=STYLED_ITEM('',(#6809),#8857);
#6469=STYLED_ITEM('',(#6810),#8858);
#6470=STYLED_ITEM('',(#6811),#8859);
#6471=STYLED_ITEM('',(#6812),#8860);
#6472=STYLED_ITEM('',(#6813),#8861);
#6473=STYLED_ITEM('',(#6814),#8862);
#6474=STYLED_ITEM('',(#6815),#8863);
#6475=STYLED_ITEM('',(#6816),#8864);
#6476=STYLED_ITEM('',(#6817),#8865);
#6477=STYLED_ITEM('',(#6818),#8866);
#6478=STYLED_ITEM('',(#6819),#8867);
#6479=STYLED_ITEM('',(#6820),#8868);
#6480=STYLED_ITEM('',(#6821),#8869);
#6481=STYLED_ITEM('',(#6822),#8870);
#6482=STYLED_ITEM('',(#6823),#8871);
#6483=STYLED_ITEM('',(#6824),#8872);
#6484=STYLED_ITEM('',(#6825),#8873);
#6485=STYLED_ITEM('',(#6826),#8874);
#6486=STYLED_ITEM('',(#6827),#8875);
#6487=STYLED_ITEM('',(#6828),#8876);
#6488=STYLED_ITEM('',(#6829),#8877);
#6489=STYLED_ITEM('',(#6830),#8878);
#6490=STYLED_ITEM('',(#6831),#8879);
#6491=STYLED_ITEM('',(#6832),#8880);
#6492=STYLED_ITEM('',(#6833),#8881);
#6493=STYLED_ITEM('',(#6834),#8882);
#6494=STYLED_ITEM('',(#6835),#8883);
#6495=STYLED_ITEM('',(#6836),#8884);
#6496=STYLED_ITEM('',(#6837),#8885);
#6497=STYLED_ITEM('',(#6838),#8886);
#6498=STYLED_ITEM('',(#6839),#8887);
#6499=STYLED_ITEM('',(#6840),#8888);
#6500=STYLED_ITEM('',(#6841),#8889);
#6501=STYLED_ITEM('',(#6842),#8890);
#6502=STYLED_ITEM('',(#6843),#8891);
#6503=STYLED_ITEM('',(#6844),#8892);
#6504=STYLED_ITEM('',(#6845),#8893);
#6505=STYLED_ITEM('',(#6846),#8894);
#6506=STYLED_ITEM('',(#6847),#8895);
#6507=STYLED_ITEM('',(#6848),#8896);
#6508=STYLED_ITEM('',(#6849),#8897);
#6509=STYLED_ITEM('',(#6850),#8898);
#6510=STYLED_ITEM('',(#6851),#8899);
#6511=STYLED_ITEM('',(#6852),#8900);
#6512=STYLED_ITEM('',(#6853),#8901);
#6513=STYLED_ITEM('',(#6854),#8902);
#6514=STYLED_ITEM('',(#6855),#8903);
#6515=STYLED_ITEM('',(#6856),#8904);
#6516=STYLED_ITEM('',(#6857),#8905);
#6517=STYLED_ITEM('',(#6858),#8906);
#6518=STYLED_ITEM('',(#6859),#8907);
#6519=STYLED_ITEM('',(#6860),#8908);
#6520=STYLED_ITEM('',(#6861),#8909);
#6521=STYLED_ITEM('',(#6862),#8910);
#6522=STYLED_ITEM('',(#6863),#8911);
#6523=STYLED_ITEM('',(#6864),#8912);
#6524=STYLED_ITEM('',(#6865),#8913);
#6525=STYLED_ITEM('',(#6866),#8914);
#6526=STYLED_ITEM('',(#6867),#8915);
#6527=STYLED_ITEM('',(#6868),#8916);
#6528=STYLED_ITEM('',(#6869),#8917);
#6529=STYLED_ITEM('',(#6870),#8918);
#6530=STYLED_ITEM('',(#6871),#8919);
#6531=STYLED_ITEM('',(#6872),#8920);
#6532=STYLED_ITEM('',(#6873),#8921);
#6533=STYLED_ITEM('',(#6874),#8922);
#6534=STYLED_ITEM('',(#6875),#8923);
#6535=STYLED_ITEM('',(#6876),#8924);
#6536=STYLED_ITEM('',(#6877),#8925);
#6537=STYLED_ITEM('',(#6878),#8926);
#6538=STYLED_ITEM('',(#6879),#8927);
#6539=STYLED_ITEM('',(#6880),#8928);
#6540=STYLED_ITEM('',(#6881),#8929);
#6541=STYLED_ITEM('',(#6882),#8930);
#6542=STYLED_ITEM('',(#6883),#8931);
#6543=STYLED_ITEM('',(#6884),#8932);
#6544=STYLED_ITEM('',(#6885),#8933);
#6545=STYLED_ITEM('',(#6886),#8934);
#6546=STYLED_ITEM('',(#6887),#8935);
#6547=STYLED_ITEM('',(#6888),#8936);
#6548=STYLED_ITEM('',(#6889),#8937);
#6549=STYLED_ITEM('',(#6890),#8938);
#6550=STYLED_ITEM('',(#6891),#8939);
#6551=STYLED_ITEM('',(#6892),#8940);
#6552=STYLED_ITEM('',(#6893),#8941);
#6553=STYLED_ITEM('',(#6894),#8942);
#6554=STYLED_ITEM('',(#6895),#8943);
#6555=STYLED_ITEM('',(#6896),#8944);
#6556=STYLED_ITEM('',(#6897),#8945);
#6557=STYLED_ITEM('',(#6898),#8946);
#6558=STYLED_ITEM('',(#6899),#8947);
#6559=STYLED_ITEM('',(#6900),#8948);
#6560=STYLED_ITEM('',(#6901),#8949);
#6561=STYLED_ITEM('',(#6902),#8950);
#6562=STYLED_ITEM('',(#6903),#8951);
#6563=STYLED_ITEM('',(#6904),#8952);
#6564=STYLED_ITEM('',(#6905),#8953);
#6565=STYLED_ITEM('',(#6906),#8954);
#6566=STYLED_ITEM('',(#6907),#8955);
#6567=STYLED_ITEM('',(#6908),#8956);
#6568=STYLED_ITEM('',(#6909),#8957);
#6569=STYLED_ITEM('',(#6910),#8958);
#6570=STYLED_ITEM('',(#6911),#8959);
#6571=STYLED_ITEM('',(#6912),#8960);
#6572=STYLED_ITEM('',(#6913),#8961);
#6573=STYLED_ITEM('',(#6914),#8962);
#6574=STYLED_ITEM('',(#6915),#8963);
#6575=STYLED_ITEM('',(#6916),#8964);
#6576=STYLED_ITEM('',(#6917),#8965);
#6577=STYLED_ITEM('',(#6918),#8966);
#6578=STYLED_ITEM('',(#6919),#8967);
#6579=STYLED_ITEM('',(#6920),#8968);
#6580=STYLED_ITEM('',(#6921),#8969);
#6581=PRESENTATION_STYLE_ASSIGNMENT((#6922));
#6582=PRESENTATION_STYLE_ASSIGNMENT((#6923));
#6583=PRESENTATION_STYLE_ASSIGNMENT((#6924));
#6584=PRESENTATION_STYLE_ASSIGNMENT((#6925));
#6585=PRESENTATION_STYLE_ASSIGNMENT((#6926));
#6586=PRESENTATION_STYLE_ASSIGNMENT((#6927));
#6587=PRESENTATION_STYLE_ASSIGNMENT((#6928));
#6588=PRESENTATION_STYLE_ASSIGNMENT((#6929));
#6589=PRESENTATION_STYLE_ASSIGNMENT((#6930));
#6590=PRESENTATION_STYLE_ASSIGNMENT((#6931));
#6591=PRESENTATION_STYLE_ASSIGNMENT((#6932));
#6592=PRESENTATION_STYLE_ASSIGNMENT((#6933));
#6593=PRESENTATION_STYLE_ASSIGNMENT((#6934));
#6594=PRESENTATION_STYLE_ASSIGNMENT((#6935));
#6595=PRESENTATION_STYLE_ASSIGNMENT((#6936));
#6596=PRESENTATION_STYLE_ASSIGNMENT((#6937));
#6597=PRESENTATION_STYLE_ASSIGNMENT((#6938));
#6598=PRESENTATION_STYLE_ASSIGNMENT((#6939));
#6599=PRESENTATION_STYLE_ASSIGNMENT((#6940));
#6600=PRESENTATION_STYLE_ASSIGNMENT((#6941));
#6601=PRESENTATION_STYLE_ASSIGNMENT((#6942));
#6602=PRESENTATION_STYLE_ASSIGNMENT((#6943));
#6603=PRESENTATION_STYLE_ASSIGNMENT((#6944));
#6604=PRESENTATION_STYLE_ASSIGNMENT((#6945));
#6605=PRESENTATION_STYLE_ASSIGNMENT((#6946));
#6606=PRESENTATION_STYLE_ASSIGNMENT((#6947));
#6607=PRESENTATION_STYLE_ASSIGNMENT((#6948));
#6608=PRESENTATION_STYLE_ASSIGNMENT((#6949));
#6609=PRESENTATION_STYLE_ASSIGNMENT((#6950));
#6610=PRESENTATION_STYLE_ASSIGNMENT((#6951));
#6611=PRESENTATION_STYLE_ASSIGNMENT((#6952));
#6612=PRESENTATION_STYLE_ASSIGNMENT((#6953));
#6613=PRESENTATION_STYLE_ASSIGNMENT((#6954));
#6614=PRESENTATION_STYLE_ASSIGNMENT((#6955));
#6615=PRESENTATION_STYLE_ASSIGNMENT((#6956));
#6616=PRESENTATION_STYLE_ASSIGNMENT((#6957));
#6617=PRESENTATION_STYLE_ASSIGNMENT((#6958));
#6618=PRESENTATION_STYLE_ASSIGNMENT((#6959));
#6619=PRESENTATION_STYLE_ASSIGNMENT((#6960));
#6620=PRESENTATION_STYLE_ASSIGNMENT((#6961));
#6621=PRESENTATION_STYLE_ASSIGNMENT((#6962));
#6622=PRESENTATION_STYLE_ASSIGNMENT((#6963));
#6623=PRESENTATION_STYLE_ASSIGNMENT((#6964));
#6624=PRESENTATION_STYLE_ASSIGNMENT((#6965));
#6625=PRESENTATION_STYLE_ASSIGNMENT((#6966));
#6626=PRESENTATION_STYLE_ASSIGNMENT((#6967));
#6627=PRESENTATION_STYLE_ASSIGNMENT((#6968));
#6628=PRESENTATION_STYLE_ASSIGNMENT((#6969));
#6629=PRESENTATION_STYLE_ASSIGNMENT((#6970));
#6630=PRESENTATION_STYLE_ASSIGNMENT((#6971));
#6631=PRESENTATION_STYLE_ASSIGNMENT((#6972));
#6632=PRESENTATION_STYLE_ASSIGNMENT((#6973));
#6633=PRESENTATION_STYLE_ASSIGNMENT((#6974));
#6634=PRESENTATION_STYLE_ASSIGNMENT((#6975));
#6635=PRESENTATION_STYLE_ASSIGNMENT((#6976));
#6636=PRESENTATION_STYLE_ASSIGNMENT((#6977));
#6637=PRESENTATION_STYLE_ASSIGNMENT((#6978));
#6638=PRESENTATION_STYLE_ASSIGNMENT((#6979));
#6639=PRESENTATION_STYLE_ASSIGNMENT((#6980));
#6640=PRESENTATION_STYLE_ASSIGNMENT((#6981));
#6641=PRESENTATION_STYLE_ASSIGNMENT((#6982));
#6642=PRESENTATION_STYLE_ASSIGNMENT((#6983));
#6643=PRESENTATION_STYLE_ASSIGNMENT((#6984));
#6644=PRESENTATION_STYLE_ASSIGNMENT((#6985));
#6645=PRESENTATION_STYLE_ASSIGNMENT((#6986));
#6646=PRESENTATION_STYLE_ASSIGNMENT((#6987));
#6647=PRESENTATION_STYLE_ASSIGNMENT((#6988));
#6648=PRESENTATION_STYLE_ASSIGNMENT((#6989));
#6649=PRESENTATION_STYLE_ASSIGNMENT((#6990));
#6650=PRESENTATION_STYLE_ASSIGNMENT((#6991));
#6651=PRESENTATION_STYLE_ASSIGNMENT((#6992));
#6652=PRESENTATION_STYLE_ASSIGNMENT((#6993));
#6653=PRESENTATION_STYLE_ASSIGNMENT((#6994));
#6654=PRESENTATION_STYLE_ASSIGNMENT((#6995));
#6655=PRESENTATION_STYLE_ASSIGNMENT((#6996));
#6656=PRESENTATION_STYLE_ASSIGNMENT((#6997));
#6657=PRESENTATION_STYLE_ASSIGNMENT((#6998));
#6658=PRESENTATION_STYLE_ASSIGNMENT((#6999));
#6659=PRESENTATION_STYLE_ASSIGNMENT((#7000));
#6660=PRESENTATION_STYLE_ASSIGNMENT((#7001));
#6661=PRESENTATION_STYLE_ASSIGNMENT((#7002));
#6662=PRESENTATION_STYLE_ASSIGNMENT((#7003));
#6663=PRESENTATION_STYLE_ASSIGNMENT((#7004));
#6664=PRESENTATION_STYLE_ASSIGNMENT((#7005));
#6665=PRESENTATION_STYLE_ASSIGNMENT((#7006));
#6666=PRESENTATION_STYLE_ASSIGNMENT((#7007));
#6667=PRESENTATION_STYLE_ASSIGNMENT((#7008));
#6668=PRESENTATION_STYLE_ASSIGNMENT((#7009));
#6669=PRESENTATION_STYLE_ASSIGNMENT((#7010));
#6670=PRESENTATION_STYLE_ASSIGNMENT((#7011));
#6671=PRESENTATION_STYLE_ASSIGNMENT((#7012));
#6672=PRESENTATION_STYLE_ASSIGNMENT((#7013));
#6673=PRESENTATION_STYLE_ASSIGNMENT((#7014));
#6674=PRESENTATION_STYLE_ASSIGNMENT((#7015));
#6675=PRESENTATION_STYLE_ASSIGNMENT((#7016));
#6676=PRESENTATION_STYLE_ASSIGNMENT((#7017));
#6677=PRESENTATION_STYLE_ASSIGNMENT((#7018));
#6678=PRESENTATION_STYLE_ASSIGNMENT((#7019));
#6679=PRESENTATION_STYLE_ASSIGNMENT((#7020));
#6680=PRESENTATION_STYLE_ASSIGNMENT((#7021));
#6681=PRESENTATION_STYLE_ASSIGNMENT((#7022));
#6682=PRESENTATION_STYLE_ASSIGNMENT((#7023));
#6683=PRESENTATION_STYLE_ASSIGNMENT((#7024));
#6684=PRESENTATION_STYLE_ASSIGNMENT((#7025));
#6685=PRESENTATION_STYLE_ASSIGNMENT((#7026));
#6686=PRESENTATION_STYLE_ASSIGNMENT((#7027));
#6687=PRESENTATION_STYLE_ASSIGNMENT((#7028));
#6688=PRESENTATION_STYLE_ASSIGNMENT((#7029));
#6689=PRESENTATION_STYLE_ASSIGNMENT((#7030));
#6690=PRESENTATION_STYLE_ASSIGNMENT((#7031));
#6691=PRESENTATION_STYLE_ASSIGNMENT((#7032));
#6692=PRESENTATION_STYLE_ASSIGNMENT((#7033));
#6693=PRESENTATION_STYLE_ASSIGNMENT((#7034));
#6694=PRESENTATION_STYLE_ASSIGNMENT((#7035));
#6695=PRESENTATION_STYLE_ASSIGNMENT((#7036));
#6696=PRESENTATION_STYLE_ASSIGNMENT((#7037));
#6697=PRESENTATION_STYLE_ASSIGNMENT((#7038));
#6698=PRESENTATION_STYLE_ASSIGNMENT((#7039));
#6699=PRESENTATION_STYLE_ASSIGNMENT((#7040));
#6700=PRESENTATION_STYLE_ASSIGNMENT((#7041));
#6701=PRESENTATION_STYLE_ASSIGNMENT((#7042));
#6702=PRESENTATION_STYLE_ASSIGNMENT((#7043));
#6703=PRESENTATION_STYLE_ASSIGNMENT((#7044));
#6704=PRESENTATION_STYLE_ASSIGNMENT((#7045));
#6705=PRESENTATION_STYLE_ASSIGNMENT((#7046));
#6706=PRESENTATION_STYLE_ASSIGNMENT((#7047));
#6707=PRESENTATION_STYLE_ASSIGNMENT((#7048));
#6708=PRESENTATION_STYLE_ASSIGNMENT((#7049));
#6709=PRESENTATION_STYLE_ASSIGNMENT((#7050));
#6710=PRESENTATION_STYLE_ASSIGNMENT((#7051));
#6711=PRESENTATION_STYLE_ASSIGNMENT((#7052));
#6712=PRESENTATION_STYLE_ASSIGNMENT((#7053));
#6713=PRESENTATION_STYLE_ASSIGNMENT((#7054));
#6714=PRESENTATION_STYLE_ASSIGNMENT((#7055));
#6715=PRESENTATION_STYLE_ASSIGNMENT((#7056));
#6716=PRESENTATION_STYLE_ASSIGNMENT((#7057));
#6717=PRESENTATION_STYLE_ASSIGNMENT((#7058));
#6718=PRESENTATION_STYLE_ASSIGNMENT((#7059));
#6719=PRESENTATION_STYLE_ASSIGNMENT((#7060));
#6720=PRESENTATION_STYLE_ASSIGNMENT((#7061));
#6721=PRESENTATION_STYLE_ASSIGNMENT((#7062));
#6722=PRESENTATION_STYLE_ASSIGNMENT((#7063));
#6723=PRESENTATION_STYLE_ASSIGNMENT((#7064));
#6724=PRESENTATION_STYLE_ASSIGNMENT((#7065));
#6725=PRESENTATION_STYLE_ASSIGNMENT((#7066));
#6726=PRESENTATION_STYLE_ASSIGNMENT((#7067));
#6727=PRESENTATION_STYLE_ASSIGNMENT((#7068));
#6728=PRESENTATION_STYLE_ASSIGNMENT((#7069));
#6729=PRESENTATION_STYLE_ASSIGNMENT((#7070));
#6730=PRESENTATION_STYLE_ASSIGNMENT((#7071));
#6731=PRESENTATION_STYLE_ASSIGNMENT((#7072));
#6732=PRESENTATION_STYLE_ASSIGNMENT((#7073));
#6733=PRESENTATION_STYLE_ASSIGNMENT((#7074));
#6734=PRESENTATION_STYLE_ASSIGNMENT((#7075));
#6735=PRESENTATION_STYLE_ASSIGNMENT((#7076));
#6736=PRESENTATION_STYLE_ASSIGNMENT((#7077));
#6737=PRESENTATION_STYLE_ASSIGNMENT((#7078));
#6738=PRESENTATION_STYLE_ASSIGNMENT((#7079));
#6739=PRESENTATION_STYLE_ASSIGNMENT((#7080));
#6740=PRESENTATION_STYLE_ASSIGNMENT((#7081));
#6741=PRESENTATION_STYLE_ASSIGNMENT((#7082));
#6742=PRESENTATION_STYLE_ASSIGNMENT((#7083));
#6743=PRESENTATION_STYLE_ASSIGNMENT((#7084));
#6744=PRESENTATION_STYLE_ASSIGNMENT((#7085));
#6745=PRESENTATION_STYLE_ASSIGNMENT((#7086));
#6746=PRESENTATION_STYLE_ASSIGNMENT((#7087));
#6747=PRESENTATION_STYLE_ASSIGNMENT((#7088));
#6748=PRESENTATION_STYLE_ASSIGNMENT((#7089));
#6749=PRESENTATION_STYLE_ASSIGNMENT((#7090));
#6750=PRESENTATION_STYLE_ASSIGNMENT((#7091));
#6751=PRESENTATION_STYLE_ASSIGNMENT((#7092));
#6752=PRESENTATION_STYLE_ASSIGNMENT((#7093));
#6753=PRESENTATION_STYLE_ASSIGNMENT((#7094));
#6754=PRESENTATION_STYLE_ASSIGNMENT((#7095));
#6755=PRESENTATION_STYLE_ASSIGNMENT((#7096));
#6756=PRESENTATION_STYLE_ASSIGNMENT((#7097));
#6757=PRESENTATION_STYLE_ASSIGNMENT((#7098));
#6758=PRESENTATION_STYLE_ASSIGNMENT((#7099));
#6759=PRESENTATION_STYLE_ASSIGNMENT((#7100));
#6760=PRESENTATION_STYLE_ASSIGNMENT((#7101));
#6761=PRESENTATION_STYLE_ASSIGNMENT((#7102));
#6762=PRESENTATION_STYLE_ASSIGNMENT((#7103));
#6763=PRESENTATION_STYLE_ASSIGNMENT((#7104));
#6764=PRESENTATION_STYLE_ASSIGNMENT((#7105));
#6765=PRESENTATION_STYLE_ASSIGNMENT((#7106));
#6766=PRESENTATION_STYLE_ASSIGNMENT((#7107));
#6767=PRESENTATION_STYLE_ASSIGNMENT((#7108));
#6768=PRESENTATION_STYLE_ASSIGNMENT((#7109));
#6769=PRESENTATION_STYLE_ASSIGNMENT((#7110));
#6770=PRESENTATION_STYLE_ASSIGNMENT((#7111));
#6771=PRESENTATION_STYLE_ASSIGNMENT((#7112));
#6772=PRESENTATION_STYLE_ASSIGNMENT((#7113));
#6773=PRESENTATION_STYLE_ASSIGNMENT((#7114));
#6774=PRESENTATION_STYLE_ASSIGNMENT((#7115));
#6775=PRESENTATION_STYLE_ASSIGNMENT((#7116));
#6776=PRESENTATION_STYLE_ASSIGNMENT((#7117));
#6777=PRESENTATION_STYLE_ASSIGNMENT((#7118));
#6778=PRESENTATION_STYLE_ASSIGNMENT((#7119));
#6779=PRESENTATION_STYLE_ASSIGNMENT((#7120));
#6780=PRESENTATION_STYLE_ASSIGNMENT((#7121));
#6781=PRESENTATION_STYLE_ASSIGNMENT((#7122));
#6782=PRESENTATION_STYLE_ASSIGNMENT((#7123));
#6783=PRESENTATION_STYLE_ASSIGNMENT((#7124));
#6784=PRESENTATION_STYLE_ASSIGNMENT((#7125));
#6785=PRESENTATION_STYLE_ASSIGNMENT((#7126));
#6786=PRESENTATION_STYLE_ASSIGNMENT((#7127));
#6787=PRESENTATION_STYLE_ASSIGNMENT((#7128));
#6788=PRESENTATION_STYLE_ASSIGNMENT((#7129));
#6789=PRESENTATION_STYLE_ASSIGNMENT((#7130));
#6790=PRESENTATION_STYLE_ASSIGNMENT((#7131));
#6791=PRESENTATION_STYLE_ASSIGNMENT((#7132));
#6792=PRESENTATION_STYLE_ASSIGNMENT((#7133));
#6793=PRESENTATION_STYLE_ASSIGNMENT((#7134));
#6794=PRESENTATION_STYLE_ASSIGNMENT((#7135));
#6795=PRESENTATION_STYLE_ASSIGNMENT((#7136));
#6796=PRESENTATION_STYLE_ASSIGNMENT((#7137));
#6797=PRESENTATION_STYLE_ASSIGNMENT((#7138));
#6798=PRESENTATION_STYLE_ASSIGNMENT((#7139));
#6799=PRESENTATION_STYLE_ASSIGNMENT((#7140));
#6800=PRESENTATION_STYLE_ASSIGNMENT((#7141));
#6801=PRESENTATION_STYLE_ASSIGNMENT((#7142));
#6802=PRESENTATION_STYLE_ASSIGNMENT((#7143));
#6803=PRESENTATION_STYLE_ASSIGNMENT((#7144));
#6804=PRESENTATION_STYLE_ASSIGNMENT((#7145));
#6805=PRESENTATION_STYLE_ASSIGNMENT((#7146));
#6806=PRESENTATION_STYLE_ASSIGNMENT((#7147));
#6807=PRESENTATION_STYLE_ASSIGNMENT((#7148));
#6808=PRESENTATION_STYLE_ASSIGNMENT((#7149));
#6809=PRESENTATION_STYLE_ASSIGNMENT((#7150));
#6810=PRESENTATION_STYLE_ASSIGNMENT((#7151));
#6811=PRESENTATION_STYLE_ASSIGNMENT((#7152));
#6812=PRESENTATION_STYLE_ASSIGNMENT((#7153));
#6813=PRESENTATION_STYLE_ASSIGNMENT((#7154));
#6814=PRESENTATION_STYLE_ASSIGNMENT((#7155));
#6815=PRESENTATION_STYLE_ASSIGNMENT((#7156));
#6816=PRESENTATION_STYLE_ASSIGNMENT((#7157));
#6817=PRESENTATION_STYLE_ASSIGNMENT((#7158));
#6818=PRESENTATION_STYLE_ASSIGNMENT((#7159));
#6819=PRESENTATION_STYLE_ASSIGNMENT((#7160));
#6820=PRESENTATION_STYLE_ASSIGNMENT((#7161));
#6821=PRESENTATION_STYLE_ASSIGNMENT((#7162));
#6822=PRESENTATION_STYLE_ASSIGNMENT((#7163));
#6823=PRESENTATION_STYLE_ASSIGNMENT((#7164));
#6824=PRESENTATION_STYLE_ASSIGNMENT((#7165));
#6825=PRESENTATION_STYLE_ASSIGNMENT((#7166));
#6826=PRESENTATION_STYLE_ASSIGNMENT((#7167));
#6827=PRESENTATION_STYLE_ASSIGNMENT((#7168));
#6828=PRESENTATION_STYLE_ASSIGNMENT((#7169));
#6829=PRESENTATION_STYLE_ASSIGNMENT((#7170));
#6830=PRESENTATION_STYLE_ASSIGNMENT((#7171));
#6831=PRESENTATION_STYLE_ASSIGNMENT((#7172));
#6832=PRESENTATION_STYLE_ASSIGNMENT((#7173));
#6833=PRESENTATION_STYLE_ASSIGNMENT((#7174));
#6834=PRESENTATION_STYLE_ASSIGNMENT((#7175));
#6835=PRESENTATION_STYLE_ASSIGNMENT((#7176));
#6836=PRESENTATION_STYLE_ASSIGNMENT((#7177));
#6837=PRESENTATION_STYLE_ASSIGNMENT((#7178));
#6838=PRESENTATION_STYLE_ASSIGNMENT((#7179));
#6839=PRESENTATION_STYLE_ASSIGNMENT((#7180));
#6840=PRESENTATION_STYLE_ASSIGNMENT((#7181));
#6841=PRESENTATION_STYLE_ASSIGNMENT((#7182));
#6842=PRESENTATION_STYLE_ASSIGNMENT((#7183));
#6843=PRESENTATION_STYLE_ASSIGNMENT((#7184));
#6844=PRESENTATION_STYLE_ASSIGNMENT((#7185));
#6845=PRESENTATION_STYLE_ASSIGNMENT((#7186));
#6846=PRESENTATION_STYLE_ASSIGNMENT((#7187));
#6847=PRESENTATION_STYLE_ASSIGNMENT((#7188));
#6848=PRESENTATION_STYLE_ASSIGNMENT((#7189));
#6849=PRESENTATION_STYLE_ASSIGNMENT((#7190));
#6850=PRESENTATION_STYLE_ASSIGNMENT((#7191));
#6851=PRESENTATION_STYLE_ASSIGNMENT((#7192));
#6852=PRESENTATION_STYLE_ASSIGNMENT((#7193));
#6853=PRESENTATION_STYLE_ASSIGNMENT((#7194));
#6854=PRESENTATION_STYLE_ASSIGNMENT((#7195));
#6855=PRESENTATION_STYLE_ASSIGNMENT((#7196));
#6856=PRESENTATION_STYLE_ASSIGNMENT((#7197));
#6857=PRESENTATION_STYLE_ASSIGNMENT((#7198));
#6858=PRESENTATION_STYLE_ASSIGNMENT((#7199));
#6859=PRESENTATION_STYLE_ASSIGNMENT((#7200));
#6860=PRESENTATION_STYLE_ASSIGNMENT((#7201));
#6861=PRESENTATION_STYLE_ASSIGNMENT((#7202));
#6862=PRESENTATION_STYLE_ASSIGNMENT((#7203));
#6863=PRESENTATION_STYLE_ASSIGNMENT((#7204));
#6864=PRESENTATION_STYLE_ASSIGNMENT((#7205));
#6865=PRESENTATION_STYLE_ASSIGNMENT((#7206));
#6866=PRESENTATION_STYLE_ASSIGNMENT((#7207));
#6867=PRESENTATION_STYLE_ASSIGNMENT((#7208));
#6868=PRESENTATION_STYLE_ASSIGNMENT((#7209));
#6869=PRESENTATION_STYLE_ASSIGNMENT((#7210));
#6870=PRESENTATION_STYLE_ASSIGNMENT((#7211));
#6871=PRESENTATION_STYLE_ASSIGNMENT((#7212));
#6872=PRESENTATION_STYLE_ASSIGNMENT((#7213));
#6873=PRESENTATION_STYLE_ASSIGNMENT((#7214));
#6874=PRESENTATION_STYLE_ASSIGNMENT((#7215));
#6875=PRESENTATION_STYLE_ASSIGNMENT((#7216));
#6876=PRESENTATION_STYLE_ASSIGNMENT((#7217));
#6877=PRESENTATION_STYLE_ASSIGNMENT((#7218));
#6878=PRESENTATION_STYLE_ASSIGNMENT((#7219));
#6879=PRESENTATION_STYLE_ASSIGNMENT((#7220));
#6880=PRESENTATION_STYLE_ASSIGNMENT((#7221));
#6881=PRESENTATION_STYLE_ASSIGNMENT((#7222));
#6882=PRESENTATION_STYLE_ASSIGNMENT((#7223));
#6883=PRESENTATION_STYLE_ASSIGNMENT((#7224));
#6884=PRESENTATION_STYLE_ASSIGNMENT((#7225));
#6885=PRESENTATION_STYLE_ASSIGNMENT((#7226));
#6886=PRESENTATION_STYLE_ASSIGNMENT((#7227));
#6887=PRESENTATION_STYLE_ASSIGNMENT((#7228));
#6888=PRESENTATION_STYLE_ASSIGNMENT((#7229));
#6889=PRESENTATION_STYLE_ASSIGNMENT((#7230));
#6890=PRESENTATION_STYLE_ASSIGNMENT((#7231));
#6891=PRESENTATION_STYLE_ASSIGNMENT((#7232));
#6892=PRESENTATION_STYLE_ASSIGNMENT((#7233));
#6893=PRESENTATION_STYLE_ASSIGNMENT((#7234));
#6894=PRESENTATION_STYLE_ASSIGNMENT((#7235));
#6895=PRESENTATION_STYLE_ASSIGNMENT((#7236));
#6896=PRESENTATION_STYLE_ASSIGNMENT((#7237));
#6897=PRESENTATION_STYLE_ASSIGNMENT((#7238));
#6898=PRESENTATION_STYLE_ASSIGNMENT((#7239));
#6899=PRESENTATION_STYLE_ASSIGNMENT((#7240));
#6900=PRESENTATION_STYLE_ASSIGNMENT((#7241));
#6901=PRESENTATION_STYLE_ASSIGNMENT((#7242));
#6902=PRESENTATION_STYLE_ASSIGNMENT((#7243));
#6903=PRESENTATION_STYLE_ASSIGNMENT((#7244));
#6904=PRESENTATION_STYLE_ASSIGNMENT((#7245));
#6905=PRESENTATION_STYLE_ASSIGNMENT((#7246));
#6906=PRESENTATION_STYLE_ASSIGNMENT((#7247));
#6907=PRESENTATION_STYLE_ASSIGNMENT((#7248));
#6908=PRESENTATION_STYLE_ASSIGNMENT((#7249));
#6909=PRESENTATION_STYLE_ASSIGNMENT((#7250));
#6910=PRESENTATION_STYLE_ASSIGNMENT((#7251));
#6911=PRESENTATION_STYLE_ASSIGNMENT((#7252));
#6912=PRESENTATION_STYLE_ASSIGNMENT((#7253));
#6913=PRESENTATION_STYLE_ASSIGNMENT((#7254));
#6914=PRESENTATION_STYLE_ASSIGNMENT((#7255));
#6915=PRESENTATION_STYLE_ASSIGNMENT((#7256));
#6916=PRESENTATION_STYLE_ASSIGNMENT((#7257));
#6917=PRESENTATION_STYLE_ASSIGNMENT((#7258));
#6918=PRESENTATION_STYLE_ASSIGNMENT((#7259));
#6919=PRESENTATION_STYLE_ASSIGNMENT((#7260));
#6920=PRESENTATION_STYLE_ASSIGNMENT((#7261));
#6921=PRESENTATION_STYLE_ASSIGNMENT((#7262));
#6922=SURFACE_STYLE_USAGE(.BOTH.,#7263);
#6923=SURFACE_STYLE_USAGE(.BOTH.,#7264);
#6924=SURFACE_STYLE_USAGE(.BOTH.,#7265);
#6925=SURFACE_STYLE_USAGE(.BOTH.,#7266);
#6926=SURFACE_STYLE_USAGE(.BOTH.,#7267);
#6927=SURFACE_STYLE_USAGE(.BOTH.,#7268);
#6928=SURFACE_STYLE_USAGE(.BOTH.,#7269);
#6929=SURFACE_STYLE_USAGE(.BOTH.,#7270);
#6930=SURFACE_STYLE_USAGE(.BOTH.,#7271);
#6931=SURFACE_STYLE_USAGE(.BOTH.,#7272);
#6932=SURFACE_STYLE_USAGE(.BOTH.,#7273);
#6933=SURFACE_STYLE_USAGE(.BOTH.,#7274);
#6934=SURFACE_STYLE_USAGE(.BOTH.,#7275);
#6935=SURFACE_STYLE_USAGE(.BOTH.,#7276);
#6936=SURFACE_STYLE_USAGE(.BOTH.,#7277);
#6937=SURFACE_STYLE_USAGE(.BOTH.,#7278);
#6938=SURFACE_STYLE_USAGE(.BOTH.,#7279);
#6939=SURFACE_STYLE_USAGE(.BOTH.,#7280);
#6940=SURFACE_STYLE_USAGE(.BOTH.,#7281);
#6941=SURFACE_STYLE_USAGE(.BOTH.,#7282);
#6942=SURFACE_STYLE_USAGE(.BOTH.,#7283);
#6943=SURFACE_STYLE_USAGE(.BOTH.,#7284);
#6944=SURFACE_STYLE_USAGE(.BOTH.,#7285);
#6945=SURFACE_STYLE_USAGE(.BOTH.,#7286);
#6946=SURFACE_STYLE_USAGE(.BOTH.,#7287);
#6947=SURFACE_STYLE_USAGE(.BOTH.,#7288);
#6948=SURFACE_STYLE_USAGE(.BOTH.,#7289);
#6949=SURFACE_STYLE_USAGE(.BOTH.,#7290);
#6950=SURFACE_STYLE_USAGE(.BOTH.,#7291);
#6951=SURFACE_STYLE_USAGE(.BOTH.,#7292);
#6952=SURFACE_STYLE_USAGE(.BOTH.,#7293);
#6953=SURFACE_STYLE_USAGE(.BOTH.,#7294);
#6954=SURFACE_STYLE_USAGE(.BOTH.,#7295);
#6955=SURFACE_STYLE_USAGE(.BOTH.,#7296);
#6956=SURFACE_STYLE_USAGE(.BOTH.,#7297);
#6957=SURFACE_STYLE_USAGE(.BOTH.,#7298);
#6958=SURFACE_STYLE_USAGE(.BOTH.,#7299);
#6959=SURFACE_STYLE_USAGE(.BOTH.,#7300);
#6960=SURFACE_STYLE_USAGE(.BOTH.,#7301);
#6961=SURFACE_STYLE_USAGE(.BOTH.,#7302);
#6962=SURFACE_STYLE_USAGE(.BOTH.,#7303);
#6963=SURFACE_STYLE_USAGE(.BOTH.,#7304);
#6964=SURFACE_STYLE_USAGE(.BOTH.,#7305);
#6965=SURFACE_STYLE_USAGE(.BOTH.,#7306);
#6966=SURFACE_STYLE_USAGE(.BOTH.,#7307);
#6967=SURFACE_STYLE_USAGE(.BOTH.,#7308);
#6968=SURFACE_STYLE_USAGE(.BOTH.,#7309);
#6969=SURFACE_STYLE_USAGE(.BOTH.,#7310);
#6970=SURFACE_STYLE_USAGE(.BOTH.,#7311);
#6971=SURFACE_STYLE_USAGE(.BOTH.,#7312);
#6972=SURFACE_STYLE_USAGE(.BOTH.,#7313);
#6973=SURFACE_STYLE_USAGE(.BOTH.,#7314);
#6974=SURFACE_STYLE_USAGE(.BOTH.,#7315);
#6975=SURFACE_STYLE_USAGE(.BOTH.,#7316);
#6976=SURFACE_STYLE_USAGE(.BOTH.,#7317);
#6977=SURFACE_STYLE_USAGE(.BOTH.,#7318);
#6978=SURFACE_STYLE_USAGE(.BOTH.,#7319);
#6979=SURFACE_STYLE_USAGE(.BOTH.,#7320);
#6980=SURFACE_STYLE_USAGE(.BOTH.,#7321);
#6981=SURFACE_STYLE_USAGE(.BOTH.,#7322);
#6982=SURFACE_STYLE_USAGE(.BOTH.,#7323);
#6983=SURFACE_STYLE_USAGE(.BOTH.,#7324);
#6984=SURFACE_STYLE_USAGE(.BOTH.,#7325);
#6985=SURFACE_STYLE_USAGE(.BOTH.,#7326);
#6986=SURFACE_STYLE_USAGE(.BOTH.,#7327);
#6987=SURFACE_STYLE_USAGE(.BOTH.,#7328);
#6988=SURFACE_STYLE_USAGE(.BOTH.,#7329);
#6989=SURFACE_STYLE_USAGE(.BOTH.,#7330);
#6990=SURFACE_STYLE_USAGE(.BOTH.,#7331);
#6991=SURFACE_STYLE_USAGE(.BOTH.,#7332);
#6992=SURFACE_STYLE_USAGE(.BOTH.,#7333);
#6993=SURFACE_STYLE_USAGE(.BOTH.,#7334);
#6994=SURFACE_STYLE_USAGE(.BOTH.,#7335);
#6995=SURFACE_STYLE_USAGE(.BOTH.,#7336);
#6996=SURFACE_STYLE_USAGE(.BOTH.,#7337);
#6997=SURFACE_STYLE_USAGE(.BOTH.,#7338);
#6998=SURFACE_STYLE_USAGE(.BOTH.,#7339);
#6999=SURFACE_STYLE_USAGE(.BOTH.,#7340);
#7000=SURFACE_STYLE_USAGE(.BOTH.,#7341);
#7001=SURFACE_STYLE_USAGE(.BOTH.,#7342);
#7002=SURFACE_STYLE_USAGE(.BOTH.,#7343);
#7003=SURFACE_STYLE_USAGE(.BOTH.,#7344);
#7004=SURFACE_STYLE_USAGE(.BOTH.,#7345);
#7005=SURFACE_STYLE_USAGE(.BOTH.,#7346);
#7006=SURFACE_STYLE_USAGE(.BOTH.,#7347);
#7007=SURFACE_STYLE_USAGE(.BOTH.,#7348);
#7008=SURFACE_STYLE_USAGE(.BOTH.,#7349);
#7009=SURFACE_STYLE_USAGE(.BOTH.,#7350);
#7010=SURFACE_STYLE_USAGE(.BOTH.,#7351);
#7011=SURFACE_STYLE_USAGE(.BOTH.,#7352);
#7012=SURFACE_STYLE_USAGE(.BOTH.,#7353);
#7013=SURFACE_STYLE_USAGE(.BOTH.,#7354);
#7014=SURFACE_STYLE_USAGE(.BOTH.,#7355);
#7015=SURFACE_STYLE_USAGE(.BOTH.,#7356);
#7016=SURFACE_STYLE_USAGE(.BOTH.,#7357);
#7017=SURFACE_STYLE_USAGE(.BOTH.,#7358);
#7018=SURFACE_STYLE_USAGE(.BOTH.,#7359);
#7019=SURFACE_STYLE_USAGE(.BOTH.,#7360);
#7020=SURFACE_STYLE_USAGE(.BOTH.,#7361);
#7021=SURFACE_STYLE_USAGE(.BOTH.,#7362);
#7022=SURFACE_STYLE_USAGE(.BOTH.,#7363);
#7023=SURFACE_STYLE_USAGE(.BOTH.,#7364);
#7024=SURFACE_STYLE_USAGE(.BOTH.,#7365);
#7025=SURFACE_STYLE_USAGE(.BOTH.,#7366);
#7026=SURFACE_STYLE_USAGE(.BOTH.,#7367);
#7027=SURFACE_STYLE_USAGE(.BOTH.,#7368);
#7028=SURFACE_STYLE_USAGE(.BOTH.,#7369);
#7029=SURFACE_STYLE_USAGE(.BOTH.,#7370);
#7030=SURFACE_STYLE_USAGE(.BOTH.,#7371);
#7031=SURFACE_STYLE_USAGE(.BOTH.,#7372);
#7032=SURFACE_STYLE_USAGE(.BOTH.,#7373);
#7033=SURFACE_STYLE_USAGE(.BOTH.,#7374);
#7034=SURFACE_STYLE_USAGE(.BOTH.,#7375);
#7035=SURFACE_STYLE_USAGE(.BOTH.,#7376);
#7036=SURFACE_STYLE_USAGE(.BOTH.,#7377);
#7037=SURFACE_STYLE_USAGE(.BOTH.,#7378);
#7038=SURFACE_STYLE_USAGE(.BOTH.,#7379);
#7039=SURFACE_STYLE_USAGE(.BOTH.,#7380);
#7040=SURFACE_STYLE_USAGE(.BOTH.,#7381);
#7041=SURFACE_STYLE_USAGE(.BOTH.,#7382);
#7042=SURFACE_STYLE_USAGE(.BOTH.,#7383);
#7043=SURFACE_STYLE_USAGE(.BOTH.,#7384);
#7044=SURFACE_STYLE_USAGE(.BOTH.,#7385);
#7045=SURFACE_STYLE_USAGE(.BOTH.,#7386);
#7046=SURFACE_STYLE_USAGE(.BOTH.,#7387);
#7047=SURFACE_STYLE_USAGE(.BOTH.,#7388);
#7048=SURFACE_STYLE_USAGE(.BOTH.,#7389);
#7049=SURFACE_STYLE_USAGE(.BOTH.,#7390);
#7050=SURFACE_STYLE_USAGE(.BOTH.,#7391);
#7051=SURFACE_STYLE_USAGE(.BOTH.,#7392);
#7052=SURFACE_STYLE_USAGE(.BOTH.,#7393);
#7053=SURFACE_STYLE_USAGE(.BOTH.,#7394);
#7054=SURFACE_STYLE_USAGE(.BOTH.,#7395);
#7055=SURFACE_STYLE_USAGE(.BOTH.,#7396);
#7056=SURFACE_STYLE_USAGE(.BOTH.,#7397);
#7057=SURFACE_STYLE_USAGE(.BOTH.,#7398);
#7058=SURFACE_STYLE_USAGE(.BOTH.,#7399);
#7059=SURFACE_STYLE_USAGE(.BOTH.,#7400);
#7060=SURFACE_STYLE_USAGE(.BOTH.,#7401);
#7061=SURFACE_STYLE_USAGE(.BOTH.,#7402);
#7062=SURFACE_STYLE_USAGE(.BOTH.,#7403);
#7063=SURFACE_STYLE_USAGE(.BOTH.,#7404);
#7064=SURFACE_STYLE_USAGE(.BOTH.,#7405);
#7065=SURFACE_STYLE_USAGE(.BOTH.,#7406);
#7066=SURFACE_STYLE_USAGE(.BOTH.,#7407);
#7067=SURFACE_STYLE_USAGE(.BOTH.,#7408);
#7068=SURFACE_STYLE_USAGE(.BOTH.,#7409);
#7069=SURFACE_STYLE_USAGE(.BOTH.,#7410);
#7070=SURFACE_STYLE_USAGE(.BOTH.,#7411);
#7071=SURFACE_STYLE_USAGE(.BOTH.,#7412);
#7072=SURFACE_STYLE_USAGE(.BOTH.,#7413);
#7073=SURFACE_STYLE_USAGE(.BOTH.,#7414);
#7074=SURFACE_STYLE_USAGE(.BOTH.,#7415);
#7075=SURFACE_STYLE_USAGE(.BOTH.,#7416);
#7076=SURFACE_STYLE_USAGE(.BOTH.,#7417);
#7077=SURFACE_STYLE_USAGE(.BOTH.,#7418);
#7078=SURFACE_STYLE_USAGE(.BOTH.,#7419);
#7079=SURFACE_STYLE_USAGE(.BOTH.,#7420);
#7080=SURFACE_STYLE_USAGE(.BOTH.,#7421);
#7081=SURFACE_STYLE_USAGE(.BOTH.,#7422);
#7082=SURFACE_STYLE_USAGE(.BOTH.,#7423);
#7083=SURFACE_STYLE_USAGE(.BOTH.,#7424);
#7084=SURFACE_STYLE_USAGE(.BOTH.,#7425);
#7085=SURFACE_STYLE_USAGE(.BOTH.,#7426);
#7086=SURFACE_STYLE_USAGE(.BOTH.,#7427);
#7087=SURFACE_STYLE_USAGE(.BOTH.,#7428);
#7088=SURFACE_STYLE_USAGE(.BOTH.,#7429);
#7089=SURFACE_STYLE_USAGE(.BOTH.,#7430);
#7090=SURFACE_STYLE_USAGE(.BOTH.,#7431);
#7091=SURFACE_STYLE_USAGE(.BOTH.,#7432);
#7092=SURFACE_STYLE_USAGE(.BOTH.,#7433);
#7093=SURFACE_STYLE_USAGE(.BOTH.,#7434);
#7094=SURFACE_STYLE_USAGE(.BOTH.,#7435);
#7095=SURFACE_STYLE_USAGE(.BOTH.,#7436);
#7096=SURFACE_STYLE_USAGE(.BOTH.,#7437);
#7097=SURFACE_STYLE_USAGE(.BOTH.,#7438);
#7098=SURFACE_STYLE_USAGE(.BOTH.,#7439);
#7099=SURFACE_STYLE_USAGE(.BOTH.,#7440);
#7100=SURFACE_STYLE_USAGE(.BOTH.,#7441);
#7101=SURFACE_STYLE_USAGE(.BOTH.,#7442);
#7102=SURFACE_STYLE_USAGE(.BOTH.,#7443);
#7103=SURFACE_STYLE_USAGE(.BOTH.,#7444);
#7104=SURFACE_STYLE_USAGE(.BOTH.,#7445);
#7105=SURFACE_STYLE_USAGE(.BOTH.,#7446);
#7106=SURFACE_STYLE_USAGE(.BOTH.,#7447);
#7107=SURFACE_STYLE_USAGE(.BOTH.,#7448);
#7108=SURFACE_STYLE_USAGE(.BOTH.,#7449);
#7109=SURFACE_STYLE_USAGE(.BOTH.,#7450);
#7110=SURFACE_STYLE_USAGE(.BOTH.,#7451);
#7111=SURFACE_STYLE_USAGE(.BOTH.,#7452);
#7112=SURFACE_STYLE_USAGE(.BOTH.,#7453);
#7113=SURFACE_STYLE_USAGE(.BOTH.,#7454);
#7114=SURFACE_STYLE_USAGE(.BOTH.,#7455);
#7115=SURFACE_STYLE_USAGE(.BOTH.,#7456);
#7116=SURFACE_STYLE_USAGE(.BOTH.,#7457);
#7117=SURFACE_STYLE_USAGE(.BOTH.,#7458);
#7118=SURFACE_STYLE_USAGE(.BOTH.,#7459);
#7119=SURFACE_STYLE_USAGE(.BOTH.,#7460);
#7120=SURFACE_STYLE_USAGE(.BOTH.,#7461);
#7121=SURFACE_STYLE_USAGE(.BOTH.,#7462);
#7122=SURFACE_STYLE_USAGE(.BOTH.,#7463);
#7123=SURFACE_STYLE_USAGE(.BOTH.,#7464);
#7124=SURFACE_STYLE_USAGE(.BOTH.,#7465);
#7125=SURFACE_STYLE_USAGE(.BOTH.,#7466);
#7126=SURFACE_STYLE_USAGE(.BOTH.,#7467);
#7127=SURFACE_STYLE_USAGE(.BOTH.,#7468);
#7128=SURFACE_STYLE_USAGE(.BOTH.,#7469);
#7129=SURFACE_STYLE_USAGE(.BOTH.,#7470);
#7130=SURFACE_STYLE_USAGE(.BOTH.,#7471);
#7131=SURFACE_STYLE_USAGE(.BOTH.,#7472);
#7132=SURFACE_STYLE_USAGE(.BOTH.,#7473);
#7133=SURFACE_STYLE_USAGE(.BOTH.,#7474);
#7134=SURFACE_STYLE_USAGE(.BOTH.,#7475);
#7135=SURFACE_STYLE_USAGE(.BOTH.,#7476);
#7136=SURFACE_STYLE_USAGE(.BOTH.,#7477);
#7137=SURFACE_STYLE_USAGE(.BOTH.,#7478);
#7138=SURFACE_STYLE_USAGE(.BOTH.,#7479);
#7139=SURFACE_STYLE_USAGE(.BOTH.,#7480);
#7140=SURFACE_STYLE_USAGE(.BOTH.,#7481);
#7141=SURFACE_STYLE_USAGE(.BOTH.,#7482);
#7142=SURFACE_STYLE_USAGE(.BOTH.,#7483);
#7143=SURFACE_STYLE_USAGE(.BOTH.,#7484);
#7144=SURFACE_STYLE_USAGE(.BOTH.,#7485);
#7145=SURFACE_STYLE_USAGE(.BOTH.,#7486);
#7146=SURFACE_STYLE_USAGE(.BOTH.,#7487);
#7147=SURFACE_STYLE_USAGE(.BOTH.,#7488);
#7148=SURFACE_STYLE_USAGE(.BOTH.,#7489);
#7149=SURFACE_STYLE_USAGE(.BOTH.,#7490);
#7150=SURFACE_STYLE_USAGE(.BOTH.,#7491);
#7151=SURFACE_STYLE_USAGE(.BOTH.,#7492);
#7152=SURFACE_STYLE_USAGE(.BOTH.,#7493);
#7153=SURFACE_STYLE_USAGE(.BOTH.,#7494);
#7154=SURFACE_STYLE_USAGE(.BOTH.,#7495);
#7155=SURFACE_STYLE_USAGE(.BOTH.,#7496);
#7156=SURFACE_STYLE_USAGE(.BOTH.,#7497);
#7157=SURFACE_STYLE_USAGE(.BOTH.,#7498);
#7158=SURFACE_STYLE_USAGE(.BOTH.,#7499);
#7159=SURFACE_STYLE_USAGE(.BOTH.,#7500);
#7160=SURFACE_STYLE_USAGE(.BOTH.,#7501);
#7161=SURFACE_STYLE_USAGE(.BOTH.,#7502);
#7162=SURFACE_STYLE_USAGE(.BOTH.,#7503);
#7163=SURFACE_STYLE_USAGE(.BOTH.,#7504);
#7164=SURFACE_STYLE_USAGE(.BOTH.,#7505);
#7165=SURFACE_STYLE_USAGE(.BOTH.,#7506);
#7166=SURFACE_STYLE_USAGE(.BOTH.,#7507);
#7167=SURFACE_STYLE_USAGE(.BOTH.,#7508);
#7168=SURFACE_STYLE_USAGE(.BOTH.,#7509);
#7169=SURFACE_STYLE_USAGE(.BOTH.,#7510);
#7170=SURFACE_STYLE_USAGE(.BOTH.,#7511);
#7171=SURFACE_STYLE_USAGE(.BOTH.,#7512);
#7172=SURFACE_STYLE_USAGE(.BOTH.,#7513);
#7173=SURFACE_STYLE_USAGE(.BOTH.,#7514);
#7174=SURFACE_STYLE_USAGE(.BOTH.,#7515);
#7175=SURFACE_STYLE_USAGE(.BOTH.,#7516);
#7176=SURFACE_STYLE_USAGE(.BOTH.,#7517);
#7177=SURFACE_STYLE_USAGE(.BOTH.,#7518);
#7178=SURFACE_STYLE_USAGE(.BOTH.,#7519);
#7179=SURFACE_STYLE_USAGE(.BOTH.,#7520);
#7180=SURFACE_STYLE_USAGE(.BOTH.,#7521);
#7181=SURFACE_STYLE_USAGE(.BOTH.,#7522);
#7182=SURFACE_STYLE_USAGE(.BOTH.,#7523);
#7183=SURFACE_STYLE_USAGE(.BOTH.,#7524);
#7184=SURFACE_STYLE_USAGE(.BOTH.,#7525);
#7185=SURFACE_STYLE_USAGE(.BOTH.,#7526);
#7186=SURFACE_STYLE_USAGE(.BOTH.,#7527);
#7187=SURFACE_STYLE_USAGE(.BOTH.,#7528);
#7188=SURFACE_STYLE_USAGE(.BOTH.,#7529);
#7189=SURFACE_STYLE_USAGE(.BOTH.,#7530);
#7190=SURFACE_STYLE_USAGE(.BOTH.,#7531);
#7191=SURFACE_STYLE_USAGE(.BOTH.,#7532);
#7192=SURFACE_STYLE_USAGE(.BOTH.,#7533);
#7193=SURFACE_STYLE_USAGE(.BOTH.,#7534);
#7194=SURFACE_STYLE_USAGE(.BOTH.,#7535);
#7195=SURFACE_STYLE_USAGE(.BOTH.,#7536);
#7196=SURFACE_STYLE_USAGE(.BOTH.,#7537);
#7197=SURFACE_STYLE_USAGE(.BOTH.,#7538);
#7198=SURFACE_STYLE_USAGE(.BOTH.,#7539);
#7199=SURFACE_STYLE_USAGE(.BOTH.,#7540);
#7200=SURFACE_STYLE_USAGE(.BOTH.,#7541);
#7201=SURFACE_STYLE_USAGE(.BOTH.,#7542);
#7202=SURFACE_STYLE_USAGE(.BOTH.,#7543);
#7203=SURFACE_STYLE_USAGE(.BOTH.,#7544);
#7204=SURFACE_STYLE_USAGE(.BOTH.,#7545);
#7205=SURFACE_STYLE_USAGE(.BOTH.,#7546);
#7206=SURFACE_STYLE_USAGE(.BOTH.,#7547);
#7207=SURFACE_STYLE_USAGE(.BOTH.,#7548);
#7208=SURFACE_STYLE_USAGE(.BOTH.,#7549);
#7209=SURFACE_STYLE_USAGE(.BOTH.,#7550);
#7210=SURFACE_STYLE_USAGE(.BOTH.,#7551);
#7211=SURFACE_STYLE_USAGE(.BOTH.,#7552);
#7212=SURFACE_STYLE_USAGE(.BOTH.,#7553);
#7213=SURFACE_STYLE_USAGE(.BOTH.,#7554);
#7214=SURFACE_STYLE_USAGE(.BOTH.,#7555);
#7215=SURFACE_STYLE_USAGE(.BOTH.,#7556);
#7216=SURFACE_STYLE_USAGE(.BOTH.,#7557);
#7217=SURFACE_STYLE_USAGE(.BOTH.,#7558);
#7218=SURFACE_STYLE_USAGE(.BOTH.,#7559);
#7219=SURFACE_STYLE_USAGE(.BOTH.,#7560);
#7220=SURFACE_STYLE_USAGE(.BOTH.,#7561);
#7221=SURFACE_STYLE_USAGE(.BOTH.,#7562);
#7222=SURFACE_STYLE_USAGE(.BOTH.,#7563);
#7223=SURFACE_STYLE_USAGE(.BOTH.,#7564);
#7224=SURFACE_STYLE_USAGE(.BOTH.,#7565);
#7225=SURFACE_STYLE_USAGE(.BOTH.,#7566);
#7226=SURFACE_STYLE_USAGE(.BOTH.,#7567);
#7227=SURFACE_STYLE_USAGE(.BOTH.,#7568);
#7228=SURFACE_STYLE_USAGE(.BOTH.,#7569);
#7229=SURFACE_STYLE_USAGE(.BOTH.,#7570);
#7230=SURFACE_STYLE_USAGE(.BOTH.,#7571);
#7231=SURFACE_STYLE_USAGE(.BOTH.,#7572);
#7232=SURFACE_STYLE_USAGE(.BOTH.,#7573);
#7233=SURFACE_STYLE_USAGE(.BOTH.,#7574);
#7234=SURFACE_STYLE_USAGE(.BOTH.,#7575);
#7235=SURFACE_STYLE_USAGE(.BOTH.,#7576);
#7236=SURFACE_STYLE_USAGE(.BOTH.,#7577);
#7237=SURFACE_STYLE_USAGE(.BOTH.,#7578);
#7238=SURFACE_STYLE_USAGE(.BOTH.,#7579);
#7239=SURFACE_STYLE_USAGE(.BOTH.,#7580);
#7240=SURFACE_STYLE_USAGE(.BOTH.,#7581);
#7241=SURFACE_STYLE_USAGE(.BOTH.,#7582);
#7242=SURFACE_STYLE_USAGE(.BOTH.,#7583);
#7243=SURFACE_STYLE_USAGE(.BOTH.,#7584);
#7244=SURFACE_STYLE_USAGE(.BOTH.,#7585);
#7245=SURFACE_STYLE_USAGE(.BOTH.,#7586);
#7246=SURFACE_STYLE_USAGE(.BOTH.,#7587);
#7247=SURFACE_STYLE_USAGE(.BOTH.,#7588);
#7248=SURFACE_STYLE_USAGE(.BOTH.,#7589);
#7249=SURFACE_STYLE_USAGE(.BOTH.,#7590);
#7250=SURFACE_STYLE_USAGE(.BOTH.,#7591);
#7251=SURFACE_STYLE_USAGE(.BOTH.,#7592);
#7252=SURFACE_STYLE_USAGE(.BOTH.,#7593);
#7253=SURFACE_STYLE_USAGE(.BOTH.,#7594);
#7254=SURFACE_STYLE_USAGE(.BOTH.,#7595);
#7255=SURFACE_STYLE_USAGE(.BOTH.,#7596);
#7256=SURFACE_STYLE_USAGE(.BOTH.,#7597);
#7257=SURFACE_STYLE_USAGE(.BOTH.,#7598);
#7258=SURFACE_STYLE_USAGE(.BOTH.,#7599);
#7259=SURFACE_STYLE_USAGE(.BOTH.,#7600);
#7260=SURFACE_STYLE_USAGE(.BOTH.,#7601);
#7261=SURFACE_STYLE_USAGE(.BOTH.,#7602);
#7262=SURFACE_STYLE_USAGE(.BOTH.,#7603);
#7263=SURFACE_SIDE_STYLE('',(#7604));
#7264=SURFACE_SIDE_STYLE('',(#7605));
#7265=SURFACE_SIDE_STYLE('',(#7606));
#7266=SURFACE_SIDE_STYLE('',(#7607));
#7267=SURFACE_SIDE_STYLE('',(#7608));
#7268=SURFACE_SIDE_STYLE('',(#7609));
#7269=SURFACE_SIDE_STYLE('',(#7610));
#7270=SURFACE_SIDE_STYLE('',(#7611));
#7271=SURFACE_SIDE_STYLE('',(#7612));
#7272=SURFACE_SIDE_STYLE('',(#7613));
#7273=SURFACE_SIDE_STYLE('',(#7614));
#7274=SURFACE_SIDE_STYLE('',(#7615));
#7275=SURFACE_SIDE_STYLE('',(#7616));
#7276=SURFACE_SIDE_STYLE('',(#7617));
#7277=SURFACE_SIDE_STYLE('',(#7618));
#7278=SURFACE_SIDE_STYLE('',(#7619));
#7279=SURFACE_SIDE_STYLE('',(#7620));
#7280=SURFACE_SIDE_STYLE('',(#7621));
#7281=SURFACE_SIDE_STYLE('',(#7622));
#7282=SURFACE_SIDE_STYLE('',(#7623));
#7283=SURFACE_SIDE_STYLE('',(#7624));
#7284=SURFACE_SIDE_STYLE('',(#7625));
#7285=SURFACE_SIDE_STYLE('',(#7626));
#7286=SURFACE_SIDE_STYLE('',(#7627));
#7287=SURFACE_SIDE_STYLE('',(#7628));
#7288=SURFACE_SIDE_STYLE('',(#7629));
#7289=SURFACE_SIDE_STYLE('',(#7630));
#7290=SURFACE_SIDE_STYLE('',(#7631));
#7291=SURFACE_SIDE_STYLE('',(#7632));
#7292=SURFACE_SIDE_STYLE('',(#7633));
#7293=SURFACE_SIDE_STYLE('',(#7634));
#7294=SURFACE_SIDE_STYLE('',(#7635));
#7295=SURFACE_SIDE_STYLE('',(#7636));
#7296=SURFACE_SIDE_STYLE('',(#7637));
#7297=SURFACE_SIDE_STYLE('',(#7638));
#7298=SURFACE_SIDE_STYLE('',(#7639));
#7299=SURFACE_SIDE_STYLE('',(#7640));
#7300=SURFACE_SIDE_STYLE('',(#7641));
#7301=SURFACE_SIDE_STYLE('',(#7642));
#7302=SURFACE_SIDE_STYLE('',(#7643));
#7303=SURFACE_SIDE_STYLE('',(#7644));
#7304=SURFACE_SIDE_STYLE('',(#7645));
#7305=SURFACE_SIDE_STYLE('',(#7646));
#7306=SURFACE_SIDE_STYLE('',(#7647));
#7307=SURFACE_SIDE_STYLE('',(#7648));
#7308=SURFACE_SIDE_STYLE('',(#7649));
#7309=SURFACE_SIDE_STYLE('',(#7650));
#7310=SURFACE_SIDE_STYLE('',(#7651));
#7311=SURFACE_SIDE_STYLE('',(#7652));
#7312=SURFACE_SIDE_STYLE('',(#7653));
#7313=SURFACE_SIDE_STYLE('',(#7654));
#7314=SURFACE_SIDE_STYLE('',(#7655));
#7315=SURFACE_SIDE_STYLE('',(#7656));
#7316=SURFACE_SIDE_STYLE('',(#7657));
#7317=SURFACE_SIDE_STYLE('',(#7658));
#7318=SURFACE_SIDE_STYLE('',(#7659));
#7319=SURFACE_SIDE_STYLE('',(#7660));
#7320=SURFACE_SIDE_STYLE('',(#7661));
#7321=SURFACE_SIDE_STYLE('',(#7662));
#7322=SURFACE_SIDE_STYLE('',(#7663));
#7323=SURFACE_SIDE_STYLE('',(#7664));
#7324=SURFACE_SIDE_STYLE('',(#7665));
#7325=SURFACE_SIDE_STYLE('',(#7666));
#7326=SURFACE_SIDE_STYLE('',(#7667));
#7327=SURFACE_SIDE_STYLE('',(#7668));
#7328=SURFACE_SIDE_STYLE('',(#7669));
#7329=SURFACE_SIDE_STYLE('',(#7670));
#7330=SURFACE_SIDE_STYLE('',(#7671));
#7331=SURFACE_SIDE_STYLE('',(#7672));
#7332=SURFACE_SIDE_STYLE('',(#7673));
#7333=SURFACE_SIDE_STYLE('',(#7674));
#7334=SURFACE_SIDE_STYLE('',(#7675));
#7335=SURFACE_SIDE_STYLE('',(#7676));
#7336=SURFACE_SIDE_STYLE('',(#7677));
#7337=SURFACE_SIDE_STYLE('',(#7678));
#7338=SURFACE_SIDE_STYLE('',(#7679));
#7339=SURFACE_SIDE_STYLE('',(#7680));
#7340=SURFACE_SIDE_STYLE('',(#7681));
#7341=SURFACE_SIDE_STYLE('',(#7682));
#7342=SURFACE_SIDE_STYLE('',(#7683));
#7343=SURFACE_SIDE_STYLE('',(#7684));
#7344=SURFACE_SIDE_STYLE('',(#7685));
#7345=SURFACE_SIDE_STYLE('',(#7686));
#7346=SURFACE_SIDE_STYLE('',(#7687));
#7347=SURFACE_SIDE_STYLE('',(#7688));
#7348=SURFACE_SIDE_STYLE('',(#7689));
#7349=SURFACE_SIDE_STYLE('',(#7690));
#7350=SURFACE_SIDE_STYLE('',(#7691));
#7351=SURFACE_SIDE_STYLE('',(#7692));
#7352=SURFACE_SIDE_STYLE('',(#7693));
#7353=SURFACE_SIDE_STYLE('',(#7694));
#7354=SURFACE_SIDE_STYLE('',(#7695));
#7355=SURFACE_SIDE_STYLE('',(#7696));
#7356=SURFACE_SIDE_STYLE('',(#7697));
#7357=SURFACE_SIDE_STYLE('',(#7698));
#7358=SURFACE_SIDE_STYLE('',(#7699));
#7359=SURFACE_SIDE_STYLE('',(#7700));
#7360=SURFACE_SIDE_STYLE('',(#7701));
#7361=SURFACE_SIDE_STYLE('',(#7702));
#7362=SURFACE_SIDE_STYLE('',(#7703));
#7363=SURFACE_SIDE_STYLE('',(#7704));
#7364=SURFACE_SIDE_STYLE('',(#7705));
#7365=SURFACE_SIDE_STYLE('',(#7706));
#7366=SURFACE_SIDE_STYLE('',(#7707));
#7367=SURFACE_SIDE_STYLE('',(#7708));
#7368=SURFACE_SIDE_STYLE('',(#7709));
#7369=SURFACE_SIDE_STYLE('',(#7710));
#7370=SURFACE_SIDE_STYLE('',(#7711));
#7371=SURFACE_SIDE_STYLE('',(#7712));
#7372=SURFACE_SIDE_STYLE('',(#7713));
#7373=SURFACE_SIDE_STYLE('',(#7714));
#7374=SURFACE_SIDE_STYLE('',(#7715));
#7375=SURFACE_SIDE_STYLE('',(#7716));
#7376=SURFACE_SIDE_STYLE('',(#7717));
#7377=SURFACE_SIDE_STYLE('',(#7718));
#7378=SURFACE_SIDE_STYLE('',(#7719));
#7379=SURFACE_SIDE_STYLE('',(#7720));
#7380=SURFACE_SIDE_STYLE('',(#7721));
#7381=SURFACE_SIDE_STYLE('',(#7722));
#7382=SURFACE_SIDE_STYLE('',(#7723));
#7383=SURFACE_SIDE_STYLE('',(#7724));
#7384=SURFACE_SIDE_STYLE('',(#7725));
#7385=SURFACE_SIDE_STYLE('',(#7726));
#7386=SURFACE_SIDE_STYLE('',(#7727));
#7387=SURFACE_SIDE_STYLE('',(#7728));
#7388=SURFACE_SIDE_STYLE('',(#7729));
#7389=SURFACE_SIDE_STYLE('',(#7730));
#7390=SURFACE_SIDE_STYLE('',(#7731));
#7391=SURFACE_SIDE_STYLE('',(#7732));
#7392=SURFACE_SIDE_STYLE('',(#7733));
#7393=SURFACE_SIDE_STYLE('',(#7734));
#7394=SURFACE_SIDE_STYLE('',(#7735));
#7395=SURFACE_SIDE_STYLE('',(#7736));
#7396=SURFACE_SIDE_STYLE('',(#7737));
#7397=SURFACE_SIDE_STYLE('',(#7738));
#7398=SURFACE_SIDE_STYLE('',(#7739));
#7399=SURFACE_SIDE_STYLE('',(#7740));
#7400=SURFACE_SIDE_STYLE('',(#7741));
#7401=SURFACE_SIDE_STYLE('',(#7742));
#7402=SURFACE_SIDE_STYLE('',(#7743));
#7403=SURFACE_SIDE_STYLE('',(#7744));
#7404=SURFACE_SIDE_STYLE('',(#7745));
#7405=SURFACE_SIDE_STYLE('',(#7746));
#7406=SURFACE_SIDE_STYLE('',(#7747));
#7407=SURFACE_SIDE_STYLE('',(#7748));
#7408=SURFACE_SIDE_STYLE('',(#7749));
#7409=SURFACE_SIDE_STYLE('',(#7750));
#7410=SURFACE_SIDE_STYLE('',(#7751));
#7411=SURFACE_SIDE_STYLE('',(#7752));
#7412=SURFACE_SIDE_STYLE('',(#7753));
#7413=SURFACE_SIDE_STYLE('',(#7754));
#7414=SURFACE_SIDE_STYLE('',(#7755));
#7415=SURFACE_SIDE_STYLE('',(#7756));
#7416=SURFACE_SIDE_STYLE('',(#7757));
#7417=SURFACE_SIDE_STYLE('',(#7758));
#7418=SURFACE_SIDE_STYLE('',(#7759));
#7419=SURFACE_SIDE_STYLE('',(#7760));
#7420=SURFACE_SIDE_STYLE('',(#7761));
#7421=SURFACE_SIDE_STYLE('',(#7762));
#7422=SURFACE_SIDE_STYLE('',(#7763));
#7423=SURFACE_SIDE_STYLE('',(#7764));
#7424=SURFACE_SIDE_STYLE('',(#7765));
#7425=SURFACE_SIDE_STYLE('',(#7766));
#7426=SURFACE_SIDE_STYLE('',(#7767));
#7427=SURFACE_SIDE_STYLE('',(#7768));
#7428=SURFACE_SIDE_STYLE('',(#7769));
#7429=SURFACE_SIDE_STYLE('',(#7770));
#7430=SURFACE_SIDE_STYLE('',(#7771));
#7431=SURFACE_SIDE_STYLE('',(#7772));
#7432=SURFACE_SIDE_STYLE('',(#7773));
#7433=SURFACE_SIDE_STYLE('',(#7774));
#7434=SURFACE_SIDE_STYLE('',(#7775));
#7435=SURFACE_SIDE_STYLE('',(#7776));
#7436=SURFACE_SIDE_STYLE('',(#7777));
#7437=SURFACE_SIDE_STYLE('',(#7778));
#7438=SURFACE_SIDE_STYLE('',(#7779));
#7439=SURFACE_SIDE_STYLE('',(#7780));
#7440=SURFACE_SIDE_STYLE('',(#7781));
#7441=SURFACE_SIDE_STYLE('',(#7782));
#7442=SURFACE_SIDE_STYLE('',(#7783));
#7443=SURFACE_SIDE_STYLE('',(#7784));
#7444=SURFACE_SIDE_STYLE('',(#7785));
#7445=SURFACE_SIDE_STYLE('',(#7786));
#7446=SURFACE_SIDE_STYLE('',(#7787));
#7447=SURFACE_SIDE_STYLE('',(#7788));
#7448=SURFACE_SIDE_STYLE('',(#7789));
#7449=SURFACE_SIDE_STYLE('',(#7790));
#7450=SURFACE_SIDE_STYLE('',(#7791));
#7451=SURFACE_SIDE_STYLE('',(#7792));
#7452=SURFACE_SIDE_STYLE('',(#7793));
#7453=SURFACE_SIDE_STYLE('',(#7794));
#7454=SURFACE_SIDE_STYLE('',(#7795));
#7455=SURFACE_SIDE_STYLE('',(#7796));
#7456=SURFACE_SIDE_STYLE('',(#7797));
#7457=SURFACE_SIDE_STYLE('',(#7798));
#7458=SURFACE_SIDE_STYLE('',(#7799));
#7459=SURFACE_SIDE_STYLE('',(#7800));
#7460=SURFACE_SIDE_STYLE('',(#7801));
#7461=SURFACE_SIDE_STYLE('',(#7802));
#7462=SURFACE_SIDE_STYLE('',(#7803));
#7463=SURFACE_SIDE_STYLE('',(#7804));
#7464=SURFACE_SIDE_STYLE('',(#7805));
#7465=SURFACE_SIDE_STYLE('',(#7806));
#7466=SURFACE_SIDE_STYLE('',(#7807));
#7467=SURFACE_SIDE_STYLE('',(#7808));
#7468=SURFACE_SIDE_STYLE('',(#7809));
#7469=SURFACE_SIDE_STYLE('',(#7810));
#7470=SURFACE_SIDE_STYLE('',(#7811));
#7471=SURFACE_SIDE_STYLE('',(#7812));
#7472=SURFACE_SIDE_STYLE('',(#7813));
#7473=SURFACE_SIDE_STYLE('',(#7814));
#7474=SURFACE_SIDE_STYLE('',(#7815));
#7475=SURFACE_SIDE_STYLE('',(#7816));
#7476=SURFACE_SIDE_STYLE('',(#7817));
#7477=SURFACE_SIDE_STYLE('',(#7818));
#7478=SURFACE_SIDE_STYLE('',(#7819));
#7479=SURFACE_SIDE_STYLE('',(#7820));
#7480=SURFACE_SIDE_STYLE('',(#7821));
#7481=SURFACE_SIDE_STYLE('',(#7822));
#7482=SURFACE_SIDE_STYLE('',(#7823));
#7483=SURFACE_SIDE_STYLE('',(#7824));
#7484=SURFACE_SIDE_STYLE('',(#7825));
#7485=SURFACE_SIDE_STYLE('',(#7826));
#7486=SURFACE_SIDE_STYLE('',(#7827));
#7487=SURFACE_SIDE_STYLE('',(#7828));
#7488=SURFACE_SIDE_STYLE('',(#7829));
#7489=SURFACE_SIDE_STYLE('',(#7830));
#7490=SURFACE_SIDE_STYLE('',(#7831));
#7491=SURFACE_SIDE_STYLE('',(#7832));
#7492=SURFACE_SIDE_STYLE('',(#7833));
#7493=SURFACE_SIDE_STYLE('',(#7834));
#7494=SURFACE_SIDE_STYLE('',(#7835));
#7495=SURFACE_SIDE_STYLE('',(#7836));
#7496=SURFACE_SIDE_STYLE('',(#7837));
#7497=SURFACE_SIDE_STYLE('',(#7838));
#7498=SURFACE_SIDE_STYLE('',(#7839));
#7499=SURFACE_SIDE_STYLE('',(#7840));
#7500=SURFACE_SIDE_STYLE('',(#7841));
#7501=SURFACE_SIDE_STYLE('',(#7842));
#7502=SURFACE_SIDE_STYLE('',(#7843));
#7503=SURFACE_SIDE_STYLE('',(#7844));
#7504=SURFACE_SIDE_STYLE('',(#7845));
#7505=SURFACE_SIDE_STYLE('',(#7846));
#7506=SURFACE_SIDE_STYLE('',(#7847));
#7507=SURFACE_SIDE_STYLE('',(#7848));
#7508=SURFACE_SIDE_STYLE('',(#7849));
#7509=SURFACE_SIDE_STYLE('',(#7850));
#7510=SURFACE_SIDE_STYLE('',(#7851));
#7511=SURFACE_SIDE_STYLE('',(#7852));
#7512=SURFACE_SIDE_STYLE('',(#7853));
#7513=SURFACE_SIDE_STYLE('',(#7854));
#7514=SURFACE_SIDE_STYLE('',(#7855));
#7515=SURFACE_SIDE_STYLE('',(#7856));
#7516=SURFACE_SIDE_STYLE('',(#7857));
#7517=SURFACE_SIDE_STYLE('',(#7858));
#7518=SURFACE_SIDE_STYLE('',(#7859));
#7519=SURFACE_SIDE_STYLE('',(#7860));
#7520=SURFACE_SIDE_STYLE('',(#7861));
#7521=SURFACE_SIDE_STYLE('',(#7862));
#7522=SURFACE_SIDE_STYLE('',(#7863));
#7523=SURFACE_SIDE_STYLE('',(#7864));
#7524=SURFACE_SIDE_STYLE('',(#7865));
#7525=SURFACE_SIDE_STYLE('',(#7866));
#7526=SURFACE_SIDE_STYLE('',(#7867));
#7527=SURFACE_SIDE_STYLE('',(#7868));
#7528=SURFACE_SIDE_STYLE('',(#7869));
#7529=SURFACE_SIDE_STYLE('',(#7870));
#7530=SURFACE_SIDE_STYLE('',(#7871));
#7531=SURFACE_SIDE_STYLE('',(#7872));
#7532=SURFACE_SIDE_STYLE('',(#7873));
#7533=SURFACE_SIDE_STYLE('',(#7874));
#7534=SURFACE_SIDE_STYLE('',(#7875));
#7535=SURFACE_SIDE_STYLE('',(#7876));
#7536=SURFACE_SIDE_STYLE('',(#7877));
#7537=SURFACE_SIDE_STYLE('',(#7878));
#7538=SURFACE_SIDE_STYLE('',(#7879));
#7539=SURFACE_SIDE_STYLE('',(#7880));
#7540=SURFACE_SIDE_STYLE('',(#7881));
#7541=SURFACE_SIDE_STYLE('',(#7882));
#7542=SURFACE_SIDE_STYLE('',(#7883));
#7543=SURFACE_SIDE_STYLE('',(#7884));
#7544=SURFACE_SIDE_STYLE('',(#7885));
#7545=SURFACE_SIDE_STYLE('',(#7886));
#7546=SURFACE_SIDE_STYLE('',(#7887));
#7547=SURFACE_SIDE_STYLE('',(#7888));
#7548=SURFACE_SIDE_STYLE('',(#7889));
#7549=SURFACE_SIDE_STYLE('',(#7890));
#7550=SURFACE_SIDE_STYLE('',(#7891));
#7551=SURFACE_SIDE_STYLE('',(#7892));
#7552=SURFACE_SIDE_STYLE('',(#7893));
#7553=SURFACE_SIDE_STYLE('',(#7894));
#7554=SURFACE_SIDE_STYLE('',(#7895));
#7555=SURFACE_SIDE_STYLE('',(#7896));
#7556=SURFACE_SIDE_STYLE('',(#7897));
#7557=SURFACE_SIDE_STYLE('',(#7898));
#7558=SURFACE_SIDE_STYLE('',(#7899));
#7559=SURFACE_SIDE_STYLE('',(#7900));
#7560=SURFACE_SIDE_STYLE('',(#7901));
#7561=SURFACE_SIDE_STYLE('',(#7902));
#7562=SURFACE_SIDE_STYLE('',(#7903));
#7563=SURFACE_SIDE_STYLE('',(#7904));
#7564=SURFACE_SIDE_STYLE('',(#7905));
#7565=SURFACE_SIDE_STYLE('',(#7906));
#7566=SURFACE_SIDE_STYLE('',(#7907));
#7567=SURFACE_SIDE_STYLE('',(#7908));
#7568=SURFACE_SIDE_STYLE('',(#7909));
#7569=SURFACE_SIDE_STYLE('',(#7910));
#7570=SURFACE_SIDE_STYLE('',(#7911));
#7571=SURFACE_SIDE_STYLE('',(#7912));
#7572=SURFACE_SIDE_STYLE('',(#7913));
#7573=SURFACE_SIDE_STYLE('',(#7914));
#7574=SURFACE_SIDE_STYLE('',(#7915));
#7575=SURFACE_SIDE_STYLE('',(#7916));
#7576=SURFACE_SIDE_STYLE('',(#7917));
#7577=SURFACE_SIDE_STYLE('',(#7918));
#7578=SURFACE_SIDE_STYLE('',(#7919));
#7579=SURFACE_SIDE_STYLE('',(#7920));
#7580=SURFACE_SIDE_STYLE('',(#7921));
#7581=SURFACE_SIDE_STYLE('',(#7922));
#7582=SURFACE_SIDE_STYLE('',(#7923));
#7583=SURFACE_SIDE_STYLE('',(#7924));
#7584=SURFACE_SIDE_STYLE('',(#7925));
#7585=SURFACE_SIDE_STYLE('',(#7926));
#7586=SURFACE_SIDE_STYLE('',(#7927));
#7587=SURFACE_SIDE_STYLE('',(#7928));
#7588=SURFACE_SIDE_STYLE('',(#7929));
#7589=SURFACE_SIDE_STYLE('',(#7930));
#7590=SURFACE_SIDE_STYLE('',(#7931));
#7591=SURFACE_SIDE_STYLE('',(#7932));
#7592=SURFACE_SIDE_STYLE('',(#7933));
#7593=SURFACE_SIDE_STYLE('',(#7934));
#7594=SURFACE_SIDE_STYLE('',(#7935));
#7595=SURFACE_SIDE_STYLE('',(#7936));
#7596=SURFACE_SIDE_STYLE('',(#7937));
#7597=SURFACE_SIDE_STYLE('',(#7938));
#7598=SURFACE_SIDE_STYLE('',(#7939));
#7599=SURFACE_SIDE_STYLE('',(#7940));
#7600=SURFACE_SIDE_STYLE('',(#7941));
#7601=SURFACE_SIDE_STYLE('',(#7942));
#7602=SURFACE_SIDE_STYLE('',(#7943));
#7603=SURFACE_SIDE_STYLE('',(#7944));
#7604=SURFACE_STYLE_FILL_AREA(#7945);
#7605=SURFACE_STYLE_FILL_AREA(#7946);
#7606=SURFACE_STYLE_FILL_AREA(#7947);
#7607=SURFACE_STYLE_FILL_AREA(#7948);
#7608=SURFACE_STYLE_FILL_AREA(#7949);
#7609=SURFACE_STYLE_FILL_AREA(#7950);
#7610=SURFACE_STYLE_FILL_AREA(#7951);
#7611=SURFACE_STYLE_FILL_AREA(#7952);
#7612=SURFACE_STYLE_FILL_AREA(#7953);
#7613=SURFACE_STYLE_FILL_AREA(#7954);
#7614=SURFACE_STYLE_FILL_AREA(#7955);
#7615=SURFACE_STYLE_FILL_AREA(#7956);
#7616=SURFACE_STYLE_FILL_AREA(#7957);
#7617=SURFACE_STYLE_FILL_AREA(#7958);
#7618=SURFACE_STYLE_FILL_AREA(#7959);
#7619=SURFACE_STYLE_FILL_AREA(#7960);
#7620=SURFACE_STYLE_FILL_AREA(#7961);
#7621=SURFACE_STYLE_FILL_AREA(#7962);
#7622=SURFACE_STYLE_FILL_AREA(#7963);
#7623=SURFACE_STYLE_FILL_AREA(#7964);
#7624=SURFACE_STYLE_FILL_AREA(#7965);
#7625=SURFACE_STYLE_FILL_AREA(#7966);
#7626=SURFACE_STYLE_FILL_AREA(#7967);
#7627=SURFACE_STYLE_FILL_AREA(#7968);
#7628=SURFACE_STYLE_FILL_AREA(#7969);
#7629=SURFACE_STYLE_FILL_AREA(#7970);
#7630=SURFACE_STYLE_FILL_AREA(#7971);
#7631=SURFACE_STYLE_FILL_AREA(#7972);
#7632=SURFACE_STYLE_FILL_AREA(#7973);
#7633=SURFACE_STYLE_FILL_AREA(#7974);
#7634=SURFACE_STYLE_FILL_AREA(#7975);
#7635=SURFACE_STYLE_FILL_AREA(#7976);
#7636=SURFACE_STYLE_FILL_AREA(#7977);
#7637=SURFACE_STYLE_FILL_AREA(#7978);
#7638=SURFACE_STYLE_FILL_AREA(#7979);
#7639=SURFACE_STYLE_FILL_AREA(#7980);
#7640=SURFACE_STYLE_FILL_AREA(#7981);
#7641=SURFACE_STYLE_FILL_AREA(#7982);
#7642=SURFACE_STYLE_FILL_AREA(#7983);
#7643=SURFACE_STYLE_FILL_AREA(#7984);
#7644=SURFACE_STYLE_FILL_AREA(#7985);
#7645=SURFACE_STYLE_FILL_AREA(#7986);
#7646=SURFACE_STYLE_FILL_AREA(#7987);
#7647=SURFACE_STYLE_FILL_AREA(#7988);
#7648=SURFACE_STYLE_FILL_AREA(#7989);
#7649=SURFACE_STYLE_FILL_AREA(#7990);
#7650=SURFACE_STYLE_FILL_AREA(#7991);
#7651=SURFACE_STYLE_FILL_AREA(#7992);
#7652=SURFACE_STYLE_FILL_AREA(#7993);
#7653=SURFACE_STYLE_FILL_AREA(#7994);
#7654=SURFACE_STYLE_FILL_AREA(#7995);
#7655=SURFACE_STYLE_FILL_AREA(#7996);
#7656=SURFACE_STYLE_FILL_AREA(#7997);
#7657=SURFACE_STYLE_FILL_AREA(#7998);
#7658=SURFACE_STYLE_FILL_AREA(#7999);
#7659=SURFACE_STYLE_FILL_AREA(#8000);
#7660=SURFACE_STYLE_FILL_AREA(#8001);
#7661=SURFACE_STYLE_FILL_AREA(#8002);
#7662=SURFACE_STYLE_FILL_AREA(#8003);
#7663=SURFACE_STYLE_FILL_AREA(#8004);
#7664=SURFACE_STYLE_FILL_AREA(#8005);
#7665=SURFACE_STYLE_FILL_AREA(#8006);
#7666=SURFACE_STYLE_FILL_AREA(#8007);
#7667=SURFACE_STYLE_FILL_AREA(#8008);
#7668=SURFACE_STYLE_FILL_AREA(#8009);
#7669=SURFACE_STYLE_FILL_AREA(#8010);
#7670=SURFACE_STYLE_FILL_AREA(#8011);
#7671=SURFACE_STYLE_FILL_AREA(#8012);
#7672=SURFACE_STYLE_FILL_AREA(#8013);
#7673=SURFACE_STYLE_FILL_AREA(#8014);
#7674=SURFACE_STYLE_FILL_AREA(#8015);
#7675=SURFACE_STYLE_FILL_AREA(#8016);
#7676=SURFACE_STYLE_FILL_AREA(#8017);
#7677=SURFACE_STYLE_FILL_AREA(#8018);
#7678=SURFACE_STYLE_FILL_AREA(#8019);
#7679=SURFACE_STYLE_FILL_AREA(#8020);
#7680=SURFACE_STYLE_FILL_AREA(#8021);
#7681=SURFACE_STYLE_FILL_AREA(#8022);
#7682=SURFACE_STYLE_FILL_AREA(#8023);
#7683=SURFACE_STYLE_FILL_AREA(#8024);
#7684=SURFACE_STYLE_FILL_AREA(#8025);
#7685=SURFACE_STYLE_FILL_AREA(#8026);
#7686=SURFACE_STYLE_FILL_AREA(#8027);
#7687=SURFACE_STYLE_FILL_AREA(#8028);
#7688=SURFACE_STYLE_FILL_AREA(#8029);
#7689=SURFACE_STYLE_FILL_AREA(#8030);
#7690=SURFACE_STYLE_FILL_AREA(#8031);
#7691=SURFACE_STYLE_FILL_AREA(#8032);
#7692=SURFACE_STYLE_FILL_AREA(#8033);
#7693=SURFACE_STYLE_FILL_AREA(#8034);
#7694=SURFACE_STYLE_FILL_AREA(#8035);
#7695=SURFACE_STYLE_FILL_AREA(#8036);
#7696=SURFACE_STYLE_FILL_AREA(#8037);
#7697=SURFACE_STYLE_FILL_AREA(#8038);
#7698=SURFACE_STYLE_FILL_AREA(#8039);
#7699=SURFACE_STYLE_FILL_AREA(#8040);
#7700=SURFACE_STYLE_FILL_AREA(#8041);
#7701=SURFACE_STYLE_FILL_AREA(#8042);
#7702=SURFACE_STYLE_FILL_AREA(#8043);
#7703=SURFACE_STYLE_FILL_AREA(#8044);
#7704=SURFACE_STYLE_FILL_AREA(#8045);
#7705=SURFACE_STYLE_FILL_AREA(#8046);
#7706=SURFACE_STYLE_FILL_AREA(#8047);
#7707=SURFACE_STYLE_FILL_AREA(#8048);
#7708=SURFACE_STYLE_FILL_AREA(#8049);
#7709=SURFACE_STYLE_FILL_AREA(#8050);
#7710=SURFACE_STYLE_FILL_AREA(#8051);
#7711=SURFACE_STYLE_FILL_AREA(#8052);
#7712=SURFACE_STYLE_FILL_AREA(#8053);
#7713=SURFACE_STYLE_FILL_AREA(#8054);
#7714=SURFACE_STYLE_FILL_AREA(#8055);
#7715=SURFACE_STYLE_FILL_AREA(#8056);
#7716=SURFACE_STYLE_FILL_AREA(#8057);
#7717=SURFACE_STYLE_FILL_AREA(#8058);
#7718=SURFACE_STYLE_FILL_AREA(#8059);
#7719=SURFACE_STYLE_FILL_AREA(#8060);
#7720=SURFACE_STYLE_FILL_AREA(#8061);
#7721=SURFACE_STYLE_FILL_AREA(#8062);
#7722=SURFACE_STYLE_FILL_AREA(#8063);
#7723=SURFACE_STYLE_FILL_AREA(#8064);
#7724=SURFACE_STYLE_FILL_AREA(#8065);
#7725=SURFACE_STYLE_FILL_AREA(#8066);
#7726=SURFACE_STYLE_FILL_AREA(#8067);
#7727=SURFACE_STYLE_FILL_AREA(#8068);
#7728=SURFACE_STYLE_FILL_AREA(#8069);
#7729=SURFACE_STYLE_FILL_AREA(#8070);
#7730=SURFACE_STYLE_FILL_AREA(#8071);
#7731=SURFACE_STYLE_FILL_AREA(#8072);
#7732=SURFACE_STYLE_FILL_AREA(#8073);
#7733=SURFACE_STYLE_FILL_AREA(#8074);
#7734=SURFACE_STYLE_FILL_AREA(#8075);
#7735=SURFACE_STYLE_FILL_AREA(#8076);
#7736=SURFACE_STYLE_FILL_AREA(#8077);
#7737=SURFACE_STYLE_FILL_AREA(#8078);
#7738=SURFACE_STYLE_FILL_AREA(#8079);
#7739=SURFACE_STYLE_FILL_AREA(#8080);
#7740=SURFACE_STYLE_FILL_AREA(#8081);
#7741=SURFACE_STYLE_FILL_AREA(#8082);
#7742=SURFACE_STYLE_FILL_AREA(#8083);
#7743=SURFACE_STYLE_FILL_AREA(#8084);
#7744=SURFACE_STYLE_FILL_AREA(#8085);
#7745=SURFACE_STYLE_FILL_AREA(#8086);
#7746=SURFACE_STYLE_FILL_AREA(#8087);
#7747=SURFACE_STYLE_FILL_AREA(#8088);
#7748=SURFACE_STYLE_FILL_AREA(#8089);
#7749=SURFACE_STYLE_FILL_AREA(#8090);
#7750=SURFACE_STYLE_FILL_AREA(#8091);
#7751=SURFACE_STYLE_FILL_AREA(#8092);
#7752=SURFACE_STYLE_FILL_AREA(#8093);
#7753=SURFACE_STYLE_FILL_AREA(#8094);
#7754=SURFACE_STYLE_FILL_AREA(#8095);
#7755=SURFACE_STYLE_FILL_AREA(#8096);
#7756=SURFACE_STYLE_FILL_AREA(#8097);
#7757=SURFACE_STYLE_FILL_AREA(#8098);
#7758=SURFACE_STYLE_FILL_AREA(#8099);
#7759=SURFACE_STYLE_FILL_AREA(#8100);
#7760=SURFACE_STYLE_FILL_AREA(#8101);
#7761=SURFACE_STYLE_FILL_AREA(#8102);
#7762=SURFACE_STYLE_FILL_AREA(#8103);
#7763=SURFACE_STYLE_FILL_AREA(#8104);
#7764=SURFACE_STYLE_FILL_AREA(#8105);
#7765=SURFACE_STYLE_FILL_AREA(#8106);
#7766=SURFACE_STYLE_FILL_AREA(#8107);
#7767=SURFACE_STYLE_FILL_AREA(#8108);
#7768=SURFACE_STYLE_FILL_AREA(#8109);
#7769=SURFACE_STYLE_FILL_AREA(#8110);
#7770=SURFACE_STYLE_FILL_AREA(#8111);
#7771=SURFACE_STYLE_FILL_AREA(#8112);
#7772=SURFACE_STYLE_FILL_AREA(#8113);
#7773=SURFACE_STYLE_FILL_AREA(#8114);
#7774=SURFACE_STYLE_FILL_AREA(#8115);
#7775=SURFACE_STYLE_FILL_AREA(#8116);
#7776=SURFACE_STYLE_FILL_AREA(#8117);
#7777=SURFACE_STYLE_FILL_AREA(#8118);
#7778=SURFACE_STYLE_FILL_AREA(#8119);
#7779=SURFACE_STYLE_FILL_AREA(#8120);
#7780=SURFACE_STYLE_FILL_AREA(#8121);
#7781=SURFACE_STYLE_FILL_AREA(#8122);
#7782=SURFACE_STYLE_FILL_AREA(#8123);
#7783=SURFACE_STYLE_FILL_AREA(#8124);
#7784=SURFACE_STYLE_FILL_AREA(#8125);
#7785=SURFACE_STYLE_FILL_AREA(#8126);
#7786=SURFACE_STYLE_FILL_AREA(#8127);
#7787=SURFACE_STYLE_FILL_AREA(#8128);
#7788=SURFACE_STYLE_FILL_AREA(#8129);
#7789=SURFACE_STYLE_FILL_AREA(#8130);
#7790=SURFACE_STYLE_FILL_AREA(#8131);
#7791=SURFACE_STYLE_FILL_AREA(#8132);
#7792=SURFACE_STYLE_FILL_AREA(#8133);
#7793=SURFACE_STYLE_FILL_AREA(#8134);
#7794=SURFACE_STYLE_FILL_AREA(#8135);
#7795=SURFACE_STYLE_FILL_AREA(#8136);
#7796=SURFACE_STYLE_FILL_AREA(#8137);
#7797=SURFACE_STYLE_FILL_AREA(#8138);
#7798=SURFACE_STYLE_FILL_AREA(#8139);
#7799=SURFACE_STYLE_FILL_AREA(#8140);
#7800=SURFACE_STYLE_FILL_AREA(#8141);
#7801=SURFACE_STYLE_FILL_AREA(#8142);
#7802=SURFACE_STYLE_FILL_AREA(#8143);
#7803=SURFACE_STYLE_FILL_AREA(#8144);
#7804=SURFACE_STYLE_FILL_AREA(#8145);
#7805=SURFACE_STYLE_FILL_AREA(#8146);
#7806=SURFACE_STYLE_FILL_AREA(#8147);
#7807=SURFACE_STYLE_FILL_AREA(#8148);
#7808=SURFACE_STYLE_FILL_AREA(#8149);
#7809=SURFACE_STYLE_FILL_AREA(#8150);
#7810=SURFACE_STYLE_FILL_AREA(#8151);
#7811=SURFACE_STYLE_FILL_AREA(#8152);
#7812=SURFACE_STYLE_FILL_AREA(#8153);
#7813=SURFACE_STYLE_FILL_AREA(#8154);
#7814=SURFACE_STYLE_FILL_AREA(#8155);
#7815=SURFACE_STYLE_FILL_AREA(#8156);
#7816=SURFACE_STYLE_FILL_AREA(#8157);
#7817=SURFACE_STYLE_FILL_AREA(#8158);
#7818=SURFACE_STYLE_FILL_AREA(#8159);
#7819=SURFACE_STYLE_FILL_AREA(#8160);
#7820=SURFACE_STYLE_FILL_AREA(#8161);
#7821=SURFACE_STYLE_FILL_AREA(#8162);
#7822=SURFACE_STYLE_FILL_AREA(#8163);
#7823=SURFACE_STYLE_FILL_AREA(#8164);
#7824=SURFACE_STYLE_FILL_AREA(#8165);
#7825=SURFACE_STYLE_FILL_AREA(#8166);
#7826=SURFACE_STYLE_FILL_AREA(#8167);
#7827=SURFACE_STYLE_FILL_AREA(#8168);
#7828=SURFACE_STYLE_FILL_AREA(#8169);
#7829=SURFACE_STYLE_FILL_AREA(#8170);
#7830=SURFACE_STYLE_FILL_AREA(#8171);
#7831=SURFACE_STYLE_FILL_AREA(#8172);
#7832=SURFACE_STYLE_FILL_AREA(#8173);
#7833=SURFACE_STYLE_FILL_AREA(#8174);
#7834=SURFACE_STYLE_FILL_AREA(#8175);
#7835=SURFACE_STYLE_FILL_AREA(#8176);
#7836=SURFACE_STYLE_FILL_AREA(#8177);
#7837=SURFACE_STYLE_FILL_AREA(#8178);
#7838=SURFACE_STYLE_FILL_AREA(#8179);
#7839=SURFACE_STYLE_FILL_AREA(#8180);
#7840=SURFACE_STYLE_FILL_AREA(#8181);
#7841=SURFACE_STYLE_FILL_AREA(#8182);
#7842=SURFACE_STYLE_FILL_AREA(#8183);
#7843=SURFACE_STYLE_FILL_AREA(#8184);
#7844=SURFACE_STYLE_FILL_AREA(#8185);
#7845=SURFACE_STYLE_FILL_AREA(#8186);
#7846=SURFACE_STYLE_FILL_AREA(#8187);
#7847=SURFACE_STYLE_FILL_AREA(#8188);
#7848=SURFACE_STYLE_FILL_AREA(#8189);
#7849=SURFACE_STYLE_FILL_AREA(#8190);
#7850=SURFACE_STYLE_FILL_AREA(#8191);
#7851=SURFACE_STYLE_FILL_AREA(#8192);
#7852=SURFACE_STYLE_FILL_AREA(#8193);
#7853=SURFACE_STYLE_FILL_AREA(#8194);
#7854=SURFACE_STYLE_FILL_AREA(#8195);
#7855=SURFACE_STYLE_FILL_AREA(#8196);
#7856=SURFACE_STYLE_FILL_AREA(#8197);
#7857=SURFACE_STYLE_FILL_AREA(#8198);
#7858=SURFACE_STYLE_FILL_AREA(#8199);
#7859=SURFACE_STYLE_FILL_AREA(#8200);
#7860=SURFACE_STYLE_FILL_AREA(#8201);
#7861=SURFACE_STYLE_FILL_AREA(#8202);
#7862=SURFACE_STYLE_FILL_AREA(#8203);
#7863=SURFACE_STYLE_FILL_AREA(#8204);
#7864=SURFACE_STYLE_FILL_AREA(#8205);
#7865=SURFACE_STYLE_FILL_AREA(#8206);
#7866=SURFACE_STYLE_FILL_AREA(#8207);
#7867=SURFACE_STYLE_FILL_AREA(#8208);
#7868=SURFACE_STYLE_FILL_AREA(#8209);
#7869=SURFACE_STYLE_FILL_AREA(#8210);
#7870=SURFACE_STYLE_FILL_AREA(#8211);
#7871=SURFACE_STYLE_FILL_AREA(#8212);
#7872=SURFACE_STYLE_FILL_AREA(#8213);
#7873=SURFACE_STYLE_FILL_AREA(#8214);
#7874=SURFACE_STYLE_FILL_AREA(#8215);
#7875=SURFACE_STYLE_FILL_AREA(#8216);
#7876=SURFACE_STYLE_FILL_AREA(#8217);
#7877=SURFACE_STYLE_FILL_AREA(#8218);
#7878=SURFACE_STYLE_FILL_AREA(#8219);
#7879=SURFACE_STYLE_FILL_AREA(#8220);
#7880=SURFACE_STYLE_FILL_AREA(#8221);
#7881=SURFACE_STYLE_FILL_AREA(#8222);
#7882=SURFACE_STYLE_FILL_AREA(#8223);
#7883=SURFACE_STYLE_FILL_AREA(#8224);
#7884=SURFACE_STYLE_FILL_AREA(#8225);
#7885=SURFACE_STYLE_FILL_AREA(#8226);
#7886=SURFACE_STYLE_FILL_AREA(#8227);
#7887=SURFACE_STYLE_FILL_AREA(#8228);
#7888=SURFACE_STYLE_FILL_AREA(#8229);
#7889=SURFACE_STYLE_FILL_AREA(#8230);
#7890=SURFACE_STYLE_FILL_AREA(#8231);
#7891=SURFACE_STYLE_FILL_AREA(#8232);
#7892=SURFACE_STYLE_FILL_AREA(#8233);
#7893=SURFACE_STYLE_FILL_AREA(#8234);
#7894=SURFACE_STYLE_FILL_AREA(#8235);
#7895=SURFACE_STYLE_FILL_AREA(#8236);
#7896=SURFACE_STYLE_FILL_AREA(#8237);
#7897=SURFACE_STYLE_FILL_AREA(#8238);
#7898=SURFACE_STYLE_FILL_AREA(#8239);
#7899=SURFACE_STYLE_FILL_AREA(#8240);
#7900=SURFACE_STYLE_FILL_AREA(#8241);
#7901=SURFACE_STYLE_FILL_AREA(#8242);
#7902=SURFACE_STYLE_FILL_AREA(#8243);
#7903=SURFACE_STYLE_FILL_AREA(#8244);
#7904=SURFACE_STYLE_FILL_AREA(#8245);
#7905=SURFACE_STYLE_FILL_AREA(#8246);
#7906=SURFACE_STYLE_FILL_AREA(#8247);
#7907=SURFACE_STYLE_FILL_AREA(#8248);
#7908=SURFACE_STYLE_FILL_AREA(#8249);
#7909=SURFACE_STYLE_FILL_AREA(#8250);
#7910=SURFACE_STYLE_FILL_AREA(#8251);
#7911=SURFACE_STYLE_FILL_AREA(#8252);
#7912=SURFACE_STYLE_FILL_AREA(#8253);
#7913=SURFACE_STYLE_FILL_AREA(#8254);
#7914=SURFACE_STYLE_FILL_AREA(#8255);
#7915=SURFACE_STYLE_FILL_AREA(#8256);
#7916=SURFACE_STYLE_FILL_AREA(#8257);
#7917=SURFACE_STYLE_FILL_AREA(#8258);
#7918=SURFACE_STYLE_FILL_AREA(#8259);
#7919=SURFACE_STYLE_FILL_AREA(#8260);
#7920=SURFACE_STYLE_FILL_AREA(#8261);
#7921=SURFACE_STYLE_FILL_AREA(#8262);
#7922=SURFACE_STYLE_FILL_AREA(#8263);
#7923=SURFACE_STYLE_FILL_AREA(#8264);
#7924=SURFACE_STYLE_FILL_AREA(#8265);
#7925=SURFACE_STYLE_FILL_AREA(#8266);
#7926=SURFACE_STYLE_FILL_AREA(#8267);
#7927=SURFACE_STYLE_FILL_AREA(#8268);
#7928=SURFACE_STYLE_FILL_AREA(#8269);
#7929=SURFACE_STYLE_FILL_AREA(#8270);
#7930=SURFACE_STYLE_FILL_AREA(#8271);
#7931=SURFACE_STYLE_FILL_AREA(#8272);
#7932=SURFACE_STYLE_FILL_AREA(#8273);
#7933=SURFACE_STYLE_FILL_AREA(#8274);
#7934=SURFACE_STYLE_FILL_AREA(#8275);
#7935=SURFACE_STYLE_FILL_AREA(#8276);
#7936=SURFACE_STYLE_FILL_AREA(#8277);
#7937=SURFACE_STYLE_FILL_AREA(#8278);
#7938=SURFACE_STYLE_FILL_AREA(#8279);
#7939=SURFACE_STYLE_FILL_AREA(#8280);
#7940=SURFACE_STYLE_FILL_AREA(#8281);
#7941=SURFACE_STYLE_FILL_AREA(#8282);
#7942=SURFACE_STYLE_FILL_AREA(#8283);
#7943=SURFACE_STYLE_FILL_AREA(#8284);
#7944=SURFACE_STYLE_FILL_AREA(#8285);
#7945=FILL_AREA_STYLE('',(#8286));
#7946=FILL_AREA_STYLE('',(#8287));
#7947=FILL_AREA_STYLE('',(#8288));
#7948=FILL_AREA_STYLE('',(#8289));
#7949=FILL_AREA_STYLE('',(#8290));
#7950=FILL_AREA_STYLE('',(#8291));
#7951=FILL_AREA_STYLE('',(#8292));
#7952=FILL_AREA_STYLE('',(#8293));
#7953=FILL_AREA_STYLE('',(#8294));
#7954=FILL_AREA_STYLE('',(#8295));
#7955=FILL_AREA_STYLE('',(#8296));
#7956=FILL_AREA_STYLE('',(#8297));
#7957=FILL_AREA_STYLE('',(#8298));
#7958=FILL_AREA_STYLE('',(#8299));
#7959=FILL_AREA_STYLE('',(#8300));
#7960=FILL_AREA_STYLE('',(#8301));
#7961=FILL_AREA_STYLE('',(#8302));
#7962=FILL_AREA_STYLE('',(#8303));
#7963=FILL_AREA_STYLE('',(#8304));
#7964=FILL_AREA_STYLE('',(#8305));
#7965=FILL_AREA_STYLE('',(#8306));
#7966=FILL_AREA_STYLE('',(#8307));
#7967=FILL_AREA_STYLE('',(#8308));
#7968=FILL_AREA_STYLE('',(#8309));
#7969=FILL_AREA_STYLE('',(#8310));
#7970=FILL_AREA_STYLE('',(#8311));
#7971=FILL_AREA_STYLE('',(#8312));
#7972=FILL_AREA_STYLE('',(#8313));
#7973=FILL_AREA_STYLE('',(#8314));
#7974=FILL_AREA_STYLE('',(#8315));
#7975=FILL_AREA_STYLE('',(#8316));
#7976=FILL_AREA_STYLE('',(#8317));
#7977=FILL_AREA_STYLE('',(#8318));
#7978=FILL_AREA_STYLE('',(#8319));
#7979=FILL_AREA_STYLE('',(#8320));
#7980=FILL_AREA_STYLE('',(#8321));
#7981=FILL_AREA_STYLE('',(#8322));
#7982=FILL_AREA_STYLE('',(#8323));
#7983=FILL_AREA_STYLE('',(#8324));
#7984=FILL_AREA_STYLE('',(#8325));
#7985=FILL_AREA_STYLE('',(#8326));
#7986=FILL_AREA_STYLE('',(#8327));
#7987=FILL_AREA_STYLE('',(#8328));
#7988=FILL_AREA_STYLE('',(#8329));
#7989=FILL_AREA_STYLE('',(#8330));
#7990=FILL_AREA_STYLE('',(#8331));
#7991=FILL_AREA_STYLE('',(#8332));
#7992=FILL_AREA_STYLE('',(#8333));
#7993=FILL_AREA_STYLE('',(#8334));
#7994=FILL_AREA_STYLE('',(#8335));
#7995=FILL_AREA_STYLE('',(#8336));
#7996=FILL_AREA_STYLE('',(#8337));
#7997=FILL_AREA_STYLE('',(#8338));
#7998=FILL_AREA_STYLE('',(#8339));
#7999=FILL_AREA_STYLE('',(#8340));
#8000=FILL_AREA_STYLE('',(#8341));
#8001=FILL_AREA_STYLE('',(#8342));
#8002=FILL_AREA_STYLE('',(#8343));
#8003=FILL_AREA_STYLE('',(#8344));
#8004=FILL_AREA_STYLE('',(#8345));
#8005=FILL_AREA_STYLE('',(#8346));
#8006=FILL_AREA_STYLE('',(#8347));
#8007=FILL_AREA_STYLE('',(#8348));
#8008=FILL_AREA_STYLE('',(#8349));
#8009=FILL_AREA_STYLE('',(#8350));
#8010=FILL_AREA_STYLE('',(#8351));
#8011=FILL_AREA_STYLE('',(#8352));
#8012=FILL_AREA_STYLE('',(#8353));
#8013=FILL_AREA_STYLE('',(#8354));
#8014=FILL_AREA_STYLE('',(#8355));
#8015=FILL_AREA_STYLE('',(#8356));
#8016=FILL_AREA_STYLE('',(#8357));
#8017=FILL_AREA_STYLE('',(#8358));
#8018=FILL_AREA_STYLE('',(#8359));
#8019=FILL_AREA_STYLE('',(#8360));
#8020=FILL_AREA_STYLE('',(#8361));
#8021=FILL_AREA_STYLE('',(#8362));
#8022=FILL_AREA_STYLE('',(#8363));
#8023=FILL_AREA_STYLE('',(#8364));
#8024=FILL_AREA_STYLE('',(#8365));
#8025=FILL_AREA_STYLE('',(#8366));
#8026=FILL_AREA_STYLE('',(#8367));
#8027=FILL_AREA_STYLE('',(#8368));
#8028=FILL_AREA_STYLE('',(#8369));
#8029=FILL_AREA_STYLE('',(#8370));
#8030=FILL_AREA_STYLE('',(#8371));
#8031=FILL_AREA_STYLE('',(#8372));
#8032=FILL_AREA_STYLE('',(#8373));
#8033=FILL_AREA_STYLE('',(#8374));
#8034=FILL_AREA_STYLE('',(#8375));
#8035=FILL_AREA_STYLE('',(#8376));
#8036=FILL_AREA_STYLE('',(#8377));
#8037=FILL_AREA_STYLE('',(#8378));
#8038=FILL_AREA_STYLE('',(#8379));
#8039=FILL_AREA_STYLE('',(#8380));
#8040=FILL_AREA_STYLE('',(#8381));
#8041=FILL_AREA_STYLE('',(#8382));
#8042=FILL_AREA_STYLE('',(#8383));
#8043=FILL_AREA_STYLE('',(#8384));
#8044=FILL_AREA_STYLE('',(#8385));
#8045=FILL_AREA_STYLE('',(#8386));
#8046=FILL_AREA_STYLE('',(#8387));
#8047=FILL_AREA_STYLE('',(#8388));
#8048=FILL_AREA_STYLE('',(#8389));
#8049=FILL_AREA_STYLE('',(#8390));
#8050=FILL_AREA_STYLE('',(#8391));
#8051=FILL_AREA_STYLE('',(#8392));
#8052=FILL_AREA_STYLE('',(#8393));
#8053=FILL_AREA_STYLE('',(#8394));
#8054=FILL_AREA_STYLE('',(#8395));
#8055=FILL_AREA_STYLE('',(#8396));
#8056=FILL_AREA_STYLE('',(#8397));
#8057=FILL_AREA_STYLE('',(#8398));
#8058=FILL_AREA_STYLE('',(#8399));
#8059=FILL_AREA_STYLE('',(#8400));
#8060=FILL_AREA_STYLE('',(#8401));
#8061=FILL_AREA_STYLE('',(#8402));
#8062=FILL_AREA_STYLE('',(#8403));
#8063=FILL_AREA_STYLE('',(#8404));
#8064=FILL_AREA_STYLE('',(#8405));
#8065=FILL_AREA_STYLE('',(#8406));
#8066=FILL_AREA_STYLE('',(#8407));
#8067=FILL_AREA_STYLE('',(#8408));
#8068=FILL_AREA_STYLE('',(#8409));
#8069=FILL_AREA_STYLE('',(#8410));
#8070=FILL_AREA_STYLE('',(#8411));
#8071=FILL_AREA_STYLE('',(#8412));
#8072=FILL_AREA_STYLE('',(#8413));
#8073=FILL_AREA_STYLE('',(#8414));
#8074=FILL_AREA_STYLE('',(#8415));
#8075=FILL_AREA_STYLE('',(#8416));
#8076=FILL_AREA_STYLE('',(#8417));
#8077=FILL_AREA_STYLE('',(#8418));
#8078=FILL_AREA_STYLE('',(#8419));
#8079=FILL_AREA_STYLE('',(#8420));
#8080=FILL_AREA_STYLE('',(#8421));
#8081=FILL_AREA_STYLE('',(#8422));
#8082=FILL_AREA_STYLE('',(#8423));
#8083=FILL_AREA_STYLE('',(#8424));
#8084=FILL_AREA_STYLE('',(#8425));
#8085=FILL_AREA_STYLE('',(#8426));
#8086=FILL_AREA_STYLE('',(#8427));
#8087=FILL_AREA_STYLE('',(#8428));
#8088=FILL_AREA_STYLE('',(#8429));
#8089=FILL_AREA_STYLE('',(#8430));
#8090=FILL_AREA_STYLE('',(#8431));
#8091=FILL_AREA_STYLE('',(#8432));
#8092=FILL_AREA_STYLE('',(#8433));
#8093=FILL_AREA_STYLE('',(#8434));
#8094=FILL_AREA_STYLE('',(#8435));
#8095=FILL_AREA_STYLE('',(#8436));
#8096=FILL_AREA_STYLE('',(#8437));
#8097=FILL_AREA_STYLE('',(#8438));
#8098=FILL_AREA_STYLE('',(#8439));
#8099=FILL_AREA_STYLE('',(#8440));
#8100=FILL_AREA_STYLE('',(#8441));
#8101=FILL_AREA_STYLE('',(#8442));
#8102=FILL_AREA_STYLE('',(#8443));
#8103=FILL_AREA_STYLE('',(#8444));
#8104=FILL_AREA_STYLE('',(#8445));
#8105=FILL_AREA_STYLE('',(#8446));
#8106=FILL_AREA_STYLE('',(#8447));
#8107=FILL_AREA_STYLE('',(#8448));
#8108=FILL_AREA_STYLE('',(#8449));
#8109=FILL_AREA_STYLE('',(#8450));
#8110=FILL_AREA_STYLE('',(#8451));
#8111=FILL_AREA_STYLE('',(#8452));
#8112=FILL_AREA_STYLE('',(#8453));
#8113=FILL_AREA_STYLE('',(#8454));
#8114=FILL_AREA_STYLE('',(#8455));
#8115=FILL_AREA_STYLE('',(#8456));
#8116=FILL_AREA_STYLE('',(#8457));
#8117=FILL_AREA_STYLE('',(#8458));
#8118=FILL_AREA_STYLE('',(#8459));
#8119=FILL_AREA_STYLE('',(#8460));
#8120=FILL_AREA_STYLE('',(#8461));
#8121=FILL_AREA_STYLE('',(#8462));
#8122=FILL_AREA_STYLE('',(#8463));
#8123=FILL_AREA_STYLE('',(#8464));
#8124=FILL_AREA_STYLE('',(#8465));
#8125=FILL_AREA_STYLE('',(#8466));
#8126=FILL_AREA_STYLE('',(#8467));
#8127=FILL_AREA_STYLE('',(#8468));
#8128=FILL_AREA_STYLE('',(#8469));
#8129=FILL_AREA_STYLE('',(#8470));
#8130=FILL_AREA_STYLE('',(#8471));
#8131=FILL_AREA_STYLE('',(#8472));
#8132=FILL_AREA_STYLE('',(#8473));
#8133=FILL_AREA_STYLE('',(#8474));
#8134=FILL_AREA_STYLE('',(#8475));
#8135=FILL_AREA_STYLE('',(#8476));
#8136=FILL_AREA_STYLE('',(#8477));
#8137=FILL_AREA_STYLE('',(#8478));
#8138=FILL_AREA_STYLE('',(#8479));
#8139=FILL_AREA_STYLE('',(#8480));
#8140=FILL_AREA_STYLE('',(#8481));
#8141=FILL_AREA_STYLE('',(#8482));
#8142=FILL_AREA_STYLE('',(#8483));
#8143=FILL_AREA_STYLE('',(#8484));
#8144=FILL_AREA_STYLE('',(#8485));
#8145=FILL_AREA_STYLE('',(#8486));
#8146=FILL_AREA_STYLE('',(#8487));
#8147=FILL_AREA_STYLE('',(#8488));
#8148=FILL_AREA_STYLE('',(#8489));
#8149=FILL_AREA_STYLE('',(#8490));
#8150=FILL_AREA_STYLE('',(#8491));
#8151=FILL_AREA_STYLE('',(#8492));
#8152=FILL_AREA_STYLE('',(#8493));
#8153=FILL_AREA_STYLE('',(#8494));
#8154=FILL_AREA_STYLE('',(#8495));
#8155=FILL_AREA_STYLE('',(#8496));
#8156=FILL_AREA_STYLE('',(#8497));
#8157=FILL_AREA_STYLE('',(#8498));
#8158=FILL_AREA_STYLE('',(#8499));
#8159=FILL_AREA_STYLE('',(#8500));
#8160=FILL_AREA_STYLE('',(#8501));
#8161=FILL_AREA_STYLE('',(#8502));
#8162=FILL_AREA_STYLE('',(#8503));
#8163=FILL_AREA_STYLE('',(#8504));
#8164=FILL_AREA_STYLE('',(#8505));
#8165=FILL_AREA_STYLE('',(#8506));
#8166=FILL_AREA_STYLE('',(#8507));
#8167=FILL_AREA_STYLE('',(#8508));
#8168=FILL_AREA_STYLE('',(#8509));
#8169=FILL_AREA_STYLE('',(#8510));
#8170=FILL_AREA_STYLE('',(#8511));
#8171=FILL_AREA_STYLE('',(#8512));
#8172=FILL_AREA_STYLE('',(#8513));
#8173=FILL_AREA_STYLE('',(#8514));
#8174=FILL_AREA_STYLE('',(#8515));
#8175=FILL_AREA_STYLE('',(#8516));
#8176=FILL_AREA_STYLE('',(#8517));
#8177=FILL_AREA_STYLE('',(#8518));
#8178=FILL_AREA_STYLE('',(#8519));
#8179=FILL_AREA_STYLE('',(#8520));
#8180=FILL_AREA_STYLE('',(#8521));
#8181=FILL_AREA_STYLE('',(#8522));
#8182=FILL_AREA_STYLE('',(#8523));
#8183=FILL_AREA_STYLE('',(#8524));
#8184=FILL_AREA_STYLE('',(#8525));
#8185=FILL_AREA_STYLE('',(#8526));
#8186=FILL_AREA_STYLE('',(#8527));
#8187=FILL_AREA_STYLE('',(#8528));
#8188=FILL_AREA_STYLE('',(#8529));
#8189=FILL_AREA_STYLE('',(#8530));
#8190=FILL_AREA_STYLE('',(#8531));
#8191=FILL_AREA_STYLE('',(#8532));
#8192=FILL_AREA_STYLE('',(#8533));
#8193=FILL_AREA_STYLE('',(#8534));
#8194=FILL_AREA_STYLE('',(#8535));
#8195=FILL_AREA_STYLE('',(#8536));
#8196=FILL_AREA_STYLE('',(#8537));
#8197=FILL_AREA_STYLE('',(#8538));
#8198=FILL_AREA_STYLE('',(#8539));
#8199=FILL_AREA_STYLE('',(#8540));
#8200=FILL_AREA_STYLE('',(#8541));
#8201=FILL_AREA_STYLE('',(#8542));
#8202=FILL_AREA_STYLE('',(#8543));
#8203=FILL_AREA_STYLE('',(#8544));
#8204=FILL_AREA_STYLE('',(#8545));
#8205=FILL_AREA_STYLE('',(#8546));
#8206=FILL_AREA_STYLE('',(#8547));
#8207=FILL_AREA_STYLE('',(#8548));
#8208=FILL_AREA_STYLE('',(#8549));
#8209=FILL_AREA_STYLE('',(#8550));
#8210=FILL_AREA_STYLE('',(#8551));
#8211=FILL_AREA_STYLE('',(#8552));
#8212=FILL_AREA_STYLE('',(#8553));
#8213=FILL_AREA_STYLE('',(#8554));
#8214=FILL_AREA_STYLE('',(#8555));
#8215=FILL_AREA_STYLE('',(#8556));
#8216=FILL_AREA_STYLE('',(#8557));
#8217=FILL_AREA_STYLE('',(#8558));
#8218=FILL_AREA_STYLE('',(#8559));
#8219=FILL_AREA_STYLE('',(#8560));
#8220=FILL_AREA_STYLE('',(#8561));
#8221=FILL_AREA_STYLE('',(#8562));
#8222=FILL_AREA_STYLE('',(#8563));
#8223=FILL_AREA_STYLE('',(#8564));
#8224=FILL_AREA_STYLE('',(#8565));
#8225=FILL_AREA_STYLE('',(#8566));
#8226=FILL_AREA_STYLE('',(#8567));
#8227=FILL_AREA_STYLE('',(#8568));
#8228=FILL_AREA_STYLE('',(#8569));
#8229=FILL_AREA_STYLE('',(#8570));
#8230=FILL_AREA_STYLE('',(#8571));
#8231=FILL_AREA_STYLE('',(#8572));
#8232=FILL_AREA_STYLE('',(#8573));
#8233=FILL_AREA_STYLE('',(#8574));
#8234=FILL_AREA_STYLE('',(#8575));
#8235=FILL_AREA_STYLE('',(#8576));
#8236=FILL_AREA_STYLE('',(#8577));
#8237=FILL_AREA_STYLE('',(#8578));
#8238=FILL_AREA_STYLE('',(#8579));
#8239=FILL_AREA_STYLE('',(#8580));
#8240=FILL_AREA_STYLE('',(#8581));
#8241=FILL_AREA_STYLE('',(#8582));
#8242=FILL_AREA_STYLE('',(#8583));
#8243=FILL_AREA_STYLE('',(#8584));
#8244=FILL_AREA_STYLE('',(#8585));
#8245=FILL_AREA_STYLE('',(#8586));
#8246=FILL_AREA_STYLE('',(#8587));
#8247=FILL_AREA_STYLE('',(#8588));
#8248=FILL_AREA_STYLE('',(#8589));
#8249=FILL_AREA_STYLE('',(#8590));
#8250=FILL_AREA_STYLE('',(#8591));
#8251=FILL_AREA_STYLE('',(#8592));
#8252=FILL_AREA_STYLE('',(#8593));
#8253=FILL_AREA_STYLE('',(#8594));
#8254=FILL_AREA_STYLE('',(#8595));
#8255=FILL_AREA_STYLE('',(#8596));
#8256=FILL_AREA_STYLE('',(#8597));
#8257=FILL_AREA_STYLE('',(#8598));
#8258=FILL_AREA_STYLE('',(#8599));
#8259=FILL_AREA_STYLE('',(#8600));
#8260=FILL_AREA_STYLE('',(#8601));
#8261=FILL_AREA_STYLE('',(#8602));
#8262=FILL_AREA_STYLE('',(#8603));
#8263=FILL_AREA_STYLE('',(#8604));
#8264=FILL_AREA_STYLE('',(#8605));
#8265=FILL_AREA_STYLE('',(#8606));
#8266=FILL_AREA_STYLE('',(#8607));
#8267=FILL_AREA_STYLE('',(#8608));
#8268=FILL_AREA_STYLE('',(#8609));
#8269=FILL_AREA_STYLE('',(#8610));
#8270=FILL_AREA_STYLE('',(#8611));
#8271=FILL_AREA_STYLE('',(#8612));
#8272=FILL_AREA_STYLE('',(#8613));
#8273=FILL_AREA_STYLE('',(#8614));
#8274=FILL_AREA_STYLE('',(#8615));
#8275=FILL_AREA_STYLE('',(#8616));
#8276=FILL_AREA_STYLE('',(#8617));
#8277=FILL_AREA_STYLE('',(#8618));
#8278=FILL_AREA_STYLE('',(#8619));
#8279=FILL_AREA_STYLE('',(#8620));
#8280=FILL_AREA_STYLE('',(#8621));
#8281=FILL_AREA_STYLE('',(#8622));
#8282=FILL_AREA_STYLE('',(#8623));
#8283=FILL_AREA_STYLE('',(#8624));
#8284=FILL_AREA_STYLE('',(#8625));
#8285=FILL_AREA_STYLE('',(#8626));
#8286=FILL_AREA_STYLE_COLOUR('',#8627);
#8287=FILL_AREA_STYLE_COLOUR('',#8627);
#8288=FILL_AREA_STYLE_COLOUR('',#8627);
#8289=FILL_AREA_STYLE_COLOUR('',#8627);
#8290=FILL_AREA_STYLE_COLOUR('',#8627);
#8291=FILL_AREA_STYLE_COLOUR('',#8627);
#8292=FILL_AREA_STYLE_COLOUR('',#8627);
#8293=FILL_AREA_STYLE_COLOUR('',#8627);
#8294=FILL_AREA_STYLE_COLOUR('',#8627);
#8295=FILL_AREA_STYLE_COLOUR('',#8627);
#8296=FILL_AREA_STYLE_COLOUR('',#8627);
#8297=FILL_AREA_STYLE_COLOUR('',#8627);
#8298=FILL_AREA_STYLE_COLOUR('',#8627);
#8299=FILL_AREA_STYLE_COLOUR('',#8627);
#8300=FILL_AREA_STYLE_COLOUR('',#8627);
#8301=FILL_AREA_STYLE_COLOUR('',#8627);
#8302=FILL_AREA_STYLE_COLOUR('',#8627);
#8303=FILL_AREA_STYLE_COLOUR('',#8627);
#8304=FILL_AREA_STYLE_COLOUR('',#8627);
#8305=FILL_AREA_STYLE_COLOUR('',#8627);
#8306=FILL_AREA_STYLE_COLOUR('',#8627);
#8307=FILL_AREA_STYLE_COLOUR('',#8627);
#8308=FILL_AREA_STYLE_COLOUR('',#8627);
#8309=FILL_AREA_STYLE_COLOUR('',#8627);
#8310=FILL_AREA_STYLE_COLOUR('',#8627);
#8311=FILL_AREA_STYLE_COLOUR('',#8627);
#8312=FILL_AREA_STYLE_COLOUR('',#8627);
#8313=FILL_AREA_STYLE_COLOUR('',#8627);
#8314=FILL_AREA_STYLE_COLOUR('',#8627);
#8315=FILL_AREA_STYLE_COLOUR('',#8627);
#8316=FILL_AREA_STYLE_COLOUR('',#8627);
#8317=FILL_AREA_STYLE_COLOUR('',#8627);
#8318=FILL_AREA_STYLE_COLOUR('',#8627);
#8319=FILL_AREA_STYLE_COLOUR('',#8627);
#8320=FILL_AREA_STYLE_COLOUR('',#8627);
#8321=FILL_AREA_STYLE_COLOUR('',#8627);
#8322=FILL_AREA_STYLE_COLOUR('',#8627);
#8323=FILL_AREA_STYLE_COLOUR('',#8627);
#8324=FILL_AREA_STYLE_COLOUR('',#8627);
#8325=FILL_AREA_STYLE_COLOUR('',#8627);
#8326=FILL_AREA_STYLE_COLOUR('',#8627);
#8327=FILL_AREA_STYLE_COLOUR('',#8627);
#8328=FILL_AREA_STYLE_COLOUR('',#8627);
#8329=FILL_AREA_STYLE_COLOUR('',#8627);
#8330=FILL_AREA_STYLE_COLOUR('',#8627);
#8331=FILL_AREA_STYLE_COLOUR('',#8627);
#8332=FILL_AREA_STYLE_COLOUR('',#8627);
#8333=FILL_AREA_STYLE_COLOUR('',#8627);
#8334=FILL_AREA_STYLE_COLOUR('',#8627);
#8335=FILL_AREA_STYLE_COLOUR('',#8627);
#8336=FILL_AREA_STYLE_COLOUR('',#8627);
#8337=FILL_AREA_STYLE_COLOUR('',#8627);
#8338=FILL_AREA_STYLE_COLOUR('',#8627);
#8339=FILL_AREA_STYLE_COLOUR('',#8627);
#8340=FILL_AREA_STYLE_COLOUR('',#8627);
#8341=FILL_AREA_STYLE_COLOUR('',#8627);
#8342=FILL_AREA_STYLE_COLOUR('',#8627);
#8343=FILL_AREA_STYLE_COLOUR('',#8627);
#8344=FILL_AREA_STYLE_COLOUR('',#8627);
#8345=FILL_AREA_STYLE_COLOUR('',#8627);
#8346=FILL_AREA_STYLE_COLOUR('',#8627);
#8347=FILL_AREA_STYLE_COLOUR('',#8627);
#8348=FILL_AREA_STYLE_COLOUR('',#8627);
#8349=FILL_AREA_STYLE_COLOUR('',#8627);
#8350=FILL_AREA_STYLE_COLOUR('',#8627);
#8351=FILL_AREA_STYLE_COLOUR('',#8627);
#8352=FILL_AREA_STYLE_COLOUR('',#8627);
#8353=FILL_AREA_STYLE_COLOUR('',#8627);
#8354=FILL_AREA_STYLE_COLOUR('',#8627);
#8355=FILL_AREA_STYLE_COLOUR('',#8627);
#8356=FILL_AREA_STYLE_COLOUR('',#8627);
#8357=FILL_AREA_STYLE_COLOUR('',#8627);
#8358=FILL_AREA_STYLE_COLOUR('',#8627);
#8359=FILL_AREA_STYLE_COLOUR('',#8627);
#8360=FILL_AREA_STYLE_COLOUR('',#8627);
#8361=FILL_AREA_STYLE_COLOUR('',#8627);
#8362=FILL_AREA_STYLE_COLOUR('',#8627);
#8363=FILL_AREA_STYLE_COLOUR('',#8627);
#8364=FILL_AREA_STYLE_COLOUR('',#8627);
#8365=FILL_AREA_STYLE_COLOUR('',#8627);
#8366=FILL_AREA_STYLE_COLOUR('',#8627);
#8367=FILL_AREA_STYLE_COLOUR('',#8627);
#8368=FILL_AREA_STYLE_COLOUR('',#8627);
#8369=FILL_AREA_STYLE_COLOUR('',#8627);
#8370=FILL_AREA_STYLE_COLOUR('',#8627);
#8371=FILL_AREA_STYLE_COLOUR('',#8627);
#8372=FILL_AREA_STYLE_COLOUR('',#8627);
#8373=FILL_AREA_STYLE_COLOUR('',#8627);
#8374=FILL_AREA_STYLE_COLOUR('',#8627);
#8375=FILL_AREA_STYLE_COLOUR('',#8627);
#8376=FILL_AREA_STYLE_COLOUR('',#8627);
#8377=FILL_AREA_STYLE_COLOUR('',#8627);
#8378=FILL_AREA_STYLE_COLOUR('',#8627);
#8379=FILL_AREA_STYLE_COLOUR('',#8627);
#8380=FILL_AREA_STYLE_COLOUR('',#8627);
#8381=FILL_AREA_STYLE_COLOUR('',#8627);
#8382=FILL_AREA_STYLE_COLOUR('',#8627);
#8383=FILL_AREA_STYLE_COLOUR('',#8627);
#8384=FILL_AREA_STYLE_COLOUR('',#8627);
#8385=FILL_AREA_STYLE_COLOUR('',#8627);
#8386=FILL_AREA_STYLE_COLOUR('',#8627);
#8387=FILL_AREA_STYLE_COLOUR('',#8627);
#8388=FILL_AREA_STYLE_COLOUR('',#8627);
#8389=FILL_AREA_STYLE_COLOUR('',#8627);
#8390=FILL_AREA_STYLE_COLOUR('',#8627);
#8391=FILL_AREA_STYLE_COLOUR('',#8627);
#8392=FILL_AREA_STYLE_COLOUR('',#8627);
#8393=FILL_AREA_STYLE_COLOUR('',#8627);
#8394=FILL_AREA_STYLE_COLOUR('',#8627);
#8395=FILL_AREA_STYLE_COLOUR('',#8627);
#8396=FILL_AREA_STYLE_COLOUR('',#8627);
#8397=FILL_AREA_STYLE_COLOUR('',#8627);
#8398=FILL_AREA_STYLE_COLOUR('',#8627);
#8399=FILL_AREA_STYLE_COLOUR('',#8627);
#8400=FILL_AREA_STYLE_COLOUR('',#8627);
#8401=FILL_AREA_STYLE_COLOUR('',#8627);
#8402=FILL_AREA_STYLE_COLOUR('',#8627);
#8403=FILL_AREA_STYLE_COLOUR('',#8627);
#8404=FILL_AREA_STYLE_COLOUR('',#8627);
#8405=FILL_AREA_STYLE_COLOUR('',#8627);
#8406=FILL_AREA_STYLE_COLOUR('',#8627);
#8407=FILL_AREA_STYLE_COLOUR('',#8627);
#8408=FILL_AREA_STYLE_COLOUR('',#8627);
#8409=FILL_AREA_STYLE_COLOUR('',#8627);
#8410=FILL_AREA_STYLE_COLOUR('',#8627);
#8411=FILL_AREA_STYLE_COLOUR('',#8627);
#8412=FILL_AREA_STYLE_COLOUR('',#8627);
#8413=FILL_AREA_STYLE_COLOUR('',#8627);
#8414=FILL_AREA_STYLE_COLOUR('',#8627);
#8415=FILL_AREA_STYLE_COLOUR('',#8627);
#8416=FILL_AREA_STYLE_COLOUR('',#8627);
#8417=FILL_AREA_STYLE_COLOUR('',#8627);
#8418=FILL_AREA_STYLE_COLOUR('',#8627);
#8419=FILL_AREA_STYLE_COLOUR('',#8627);
#8420=FILL_AREA_STYLE_COLOUR('',#8627);
#8421=FILL_AREA_STYLE_COLOUR('',#8627);
#8422=FILL_AREA_STYLE_COLOUR('',#8627);
#8423=FILL_AREA_STYLE_COLOUR('',#8627);
#8424=FILL_AREA_STYLE_COLOUR('',#8627);
#8425=FILL_AREA_STYLE_COLOUR('',#8627);
#8426=FILL_AREA_STYLE_COLOUR('',#8627);
#8427=FILL_AREA_STYLE_COLOUR('',#8627);
#8428=FILL_AREA_STYLE_COLOUR('',#8627);
#8429=FILL_AREA_STYLE_COLOUR('',#8627);
#8430=FILL_AREA_STYLE_COLOUR('',#8627);
#8431=FILL_AREA_STYLE_COLOUR('',#8627);
#8432=FILL_AREA_STYLE_COLOUR('',#8627);
#8433=FILL_AREA_STYLE_COLOUR('',#8627);
#8434=FILL_AREA_STYLE_COLOUR('',#8627);
#8435=FILL_AREA_STYLE_COLOUR('',#8627);
#8436=FILL_AREA_STYLE_COLOUR('',#8627);
#8437=FILL_AREA_STYLE_COLOUR('',#8627);
#8438=FILL_AREA_STYLE_COLOUR('',#8627);
#8439=FILL_AREA_STYLE_COLOUR('',#8627);
#8440=FILL_AREA_STYLE_COLOUR('',#8627);
#8441=FILL_AREA_STYLE_COLOUR('',#8627);
#8442=FILL_AREA_STYLE_COLOUR('',#8627);
#8443=FILL_AREA_STYLE_COLOUR('',#8627);
#8444=FILL_AREA_STYLE_COLOUR('',#8627);
#8445=FILL_AREA_STYLE_COLOUR('',#8627);
#8446=FILL_AREA_STYLE_COLOUR('',#8627);
#8447=FILL_AREA_STYLE_COLOUR('',#8627);
#8448=FILL_AREA_STYLE_COLOUR('',#8627);
#8449=FILL_AREA_STYLE_COLOUR('',#8627);
#8450=FILL_AREA_STYLE_COLOUR('',#8627);
#8451=FILL_AREA_STYLE_COLOUR('',#8627);
#8452=FILL_AREA_STYLE_COLOUR('',#8627);
#8453=FILL_AREA_STYLE_COLOUR('',#8627);
#8454=FILL_AREA_STYLE_COLOUR('',#8627);
#8455=FILL_AREA_STYLE_COLOUR('',#8627);
#8456=FILL_AREA_STYLE_COLOUR('',#8627);
#8457=FILL_AREA_STYLE_COLOUR('',#8627);
#8458=FILL_AREA_STYLE_COLOUR('',#8627);
#8459=FILL_AREA_STYLE_COLOUR('',#8627);
#8460=FILL_AREA_STYLE_COLOUR('',#8627);
#8461=FILL_AREA_STYLE_COLOUR('',#8627);
#8462=FILL_AREA_STYLE_COLOUR('',#8627);
#8463=FILL_AREA_STYLE_COLOUR('',#8627);
#8464=FILL_AREA_STYLE_COLOUR('',#8627);
#8465=FILL_AREA_STYLE_COLOUR('',#8627);
#8466=FILL_AREA_STYLE_COLOUR('',#8627);
#8467=FILL_AREA_STYLE_COLOUR('',#8627);
#8468=FILL_AREA_STYLE_COLOUR('',#8627);
#8469=FILL_AREA_STYLE_COLOUR('',#8627);
#8470=FILL_AREA_STYLE_COLOUR('',#8627);
#8471=FILL_AREA_STYLE_COLOUR('',#8627);
#8472=FILL_AREA_STYLE_COLOUR('',#8627);
#8473=FILL_AREA_STYLE_COLOUR('',#8627);
#8474=FILL_AREA_STYLE_COLOUR('',#8627);
#8475=FILL_AREA_STYLE_COLOUR('',#8627);
#8476=FILL_AREA_STYLE_COLOUR('',#8627);
#8477=FILL_AREA_STYLE_COLOUR('',#8627);
#8478=FILL_AREA_STYLE_COLOUR('',#8627);
#8479=FILL_AREA_STYLE_COLOUR('',#8627);
#8480=FILL_AREA_STYLE_COLOUR('',#8627);
#8481=FILL_AREA_STYLE_COLOUR('',#8627);
#8482=FILL_AREA_STYLE_COLOUR('',#8627);
#8483=FILL_AREA_STYLE_COLOUR('',#8628);
#8484=FILL_AREA_STYLE_COLOUR('',#8628);
#8485=FILL_AREA_STYLE_COLOUR('',#8628);
#8486=FILL_AREA_STYLE_COLOUR('',#8628);
#8487=FILL_AREA_STYLE_COLOUR('',#8628);
#8488=FILL_AREA_STYLE_COLOUR('',#8628);
#8489=FILL_AREA_STYLE_COLOUR('',#8628);
#8490=FILL_AREA_STYLE_COLOUR('',#8628);
#8491=FILL_AREA_STYLE_COLOUR('',#8628);
#8492=FILL_AREA_STYLE_COLOUR('',#8628);
#8493=FILL_AREA_STYLE_COLOUR('',#8628);
#8494=FILL_AREA_STYLE_COLOUR('',#8628);
#8495=FILL_AREA_STYLE_COLOUR('',#8628);
#8496=FILL_AREA_STYLE_COLOUR('',#8628);
#8497=FILL_AREA_STYLE_COLOUR('',#8628);
#8498=FILL_AREA_STYLE_COLOUR('',#8628);
#8499=FILL_AREA_STYLE_COLOUR('',#8628);
#8500=FILL_AREA_STYLE_COLOUR('',#8628);
#8501=FILL_AREA_STYLE_COLOUR('',#8628);
#8502=FILL_AREA_STYLE_COLOUR('',#8628);
#8503=FILL_AREA_STYLE_COLOUR('',#8628);
#8504=FILL_AREA_STYLE_COLOUR('',#8628);
#8505=FILL_AREA_STYLE_COLOUR('',#8628);
#8506=FILL_AREA_STYLE_COLOUR('',#8628);
#8507=FILL_AREA_STYLE_COLOUR('',#8628);
#8508=FILL_AREA_STYLE_COLOUR('',#8628);
#8509=FILL_AREA_STYLE_COLOUR('',#8628);
#8510=FILL_AREA_STYLE_COLOUR('',#8628);
#8511=FILL_AREA_STYLE_COLOUR('',#8628);
#8512=FILL_AREA_STYLE_COLOUR('',#8628);
#8513=FILL_AREA_STYLE_COLOUR('',#8628);
#8514=FILL_AREA_STYLE_COLOUR('',#8628);
#8515=FILL_AREA_STYLE_COLOUR('',#8628);
#8516=FILL_AREA_STYLE_COLOUR('',#8628);
#8517=FILL_AREA_STYLE_COLOUR('',#8628);
#8518=FILL_AREA_STYLE_COLOUR('',#8628);
#8519=FILL_AREA_STYLE_COLOUR('',#8628);
#8520=FILL_AREA_STYLE_COLOUR('',#8628);
#8521=FILL_AREA_STYLE_COLOUR('',#8628);
#8522=FILL_AREA_STYLE_COLOUR('',#8628);
#8523=FILL_AREA_STYLE_COLOUR('',#8627);
#8524=FILL_AREA_STYLE_COLOUR('',#8627);
#8525=FILL_AREA_STYLE_COLOUR('',#8627);
#8526=FILL_AREA_STYLE_COLOUR('',#8627);
#8527=FILL_AREA_STYLE_COLOUR('',#8627);
#8528=FILL_AREA_STYLE_COLOUR('',#8627);
#8529=FILL_AREA_STYLE_COLOUR('',#8627);
#8530=FILL_AREA_STYLE_COLOUR('',#8627);
#8531=FILL_AREA_STYLE_COLOUR('',#8627);
#8532=FILL_AREA_STYLE_COLOUR('',#8627);
#8533=FILL_AREA_STYLE_COLOUR('',#8627);
#8534=FILL_AREA_STYLE_COLOUR('',#8627);
#8535=FILL_AREA_STYLE_COLOUR('',#8627);
#8536=FILL_AREA_STYLE_COLOUR('',#8627);
#8537=FILL_AREA_STYLE_COLOUR('',#8627);
#8538=FILL_AREA_STYLE_COLOUR('',#8627);
#8539=FILL_AREA_STYLE_COLOUR('',#8627);
#8540=FILL_AREA_STYLE_COLOUR('',#8627);
#8541=FILL_AREA_STYLE_COLOUR('',#8627);
#8542=FILL_AREA_STYLE_COLOUR('',#8627);
#8543=FILL_AREA_STYLE_COLOUR('',#8627);
#8544=FILL_AREA_STYLE_COLOUR('',#8627);
#8545=FILL_AREA_STYLE_COLOUR('',#8627);
#8546=FILL_AREA_STYLE_COLOUR('',#8627);
#8547=FILL_AREA_STYLE_COLOUR('',#8627);
#8548=FILL_AREA_STYLE_COLOUR('',#8627);
#8549=FILL_AREA_STYLE_COLOUR('',#8627);
#8550=FILL_AREA_STYLE_COLOUR('',#8627);
#8551=FILL_AREA_STYLE_COLOUR('',#8627);
#8552=FILL_AREA_STYLE_COLOUR('',#8627);
#8553=FILL_AREA_STYLE_COLOUR('',#8627);
#8554=FILL_AREA_STYLE_COLOUR('',#8627);
#8555=FILL_AREA_STYLE_COLOUR('',#8627);
#8556=FILL_AREA_STYLE_COLOUR('',#8627);
#8557=FILL_AREA_STYLE_COLOUR('',#8627);
#8558=FILL_AREA_STYLE_COLOUR('',#8627);
#8559=FILL_AREA_STYLE_COLOUR('',#8627);
#8560=FILL_AREA_STYLE_COLOUR('',#8627);
#8561=FILL_AREA_STYLE_COLOUR('',#8627);
#8562=FILL_AREA_STYLE_COLOUR('',#8627);
#8563=FILL_AREA_STYLE_COLOUR('',#8627);
#8564=FILL_AREA_STYLE_COLOUR('',#8627);
#8565=FILL_AREA_STYLE_COLOUR('',#8627);
#8566=FILL_AREA_STYLE_COLOUR('',#8627);
#8567=FILL_AREA_STYLE_COLOUR('',#8627);
#8568=FILL_AREA_STYLE_COLOUR('',#8627);
#8569=FILL_AREA_STYLE_COLOUR('',#8627);
#8570=FILL_AREA_STYLE_COLOUR('',#8627);
#8571=FILL_AREA_STYLE_COLOUR('',#8627);
#8572=FILL_AREA_STYLE_COLOUR('',#8627);
#8573=FILL_AREA_STYLE_COLOUR('',#8627);
#8574=FILL_AREA_STYLE_COLOUR('',#8627);
#8575=FILL_AREA_STYLE_COLOUR('',#8627);
#8576=FILL_AREA_STYLE_COLOUR('',#8627);
#8577=FILL_AREA_STYLE_COLOUR('',#8627);
#8578=FILL_AREA_STYLE_COLOUR('',#8627);
#8579=FILL_AREA_STYLE_COLOUR('',#8627);
#8580=FILL_AREA_STYLE_COLOUR('',#8627);
#8581=FILL_AREA_STYLE_COLOUR('',#8627);
#8582=FILL_AREA_STYLE_COLOUR('',#8627);
#8583=FILL_AREA_STYLE_COLOUR('',#8627);
#8584=FILL_AREA_STYLE_COLOUR('',#8627);
#8585=FILL_AREA_STYLE_COLOUR('',#8627);
#8586=FILL_AREA_STYLE_COLOUR('',#8627);
#8587=FILL_AREA_STYLE_COLOUR('',#8627);
#8588=FILL_AREA_STYLE_COLOUR('',#8627);
#8589=FILL_AREA_STYLE_COLOUR('',#8627);
#8590=FILL_AREA_STYLE_COLOUR('',#8627);
#8591=FILL_AREA_STYLE_COLOUR('',#8627);
#8592=FILL_AREA_STYLE_COLOUR('',#8627);
#8593=FILL_AREA_STYLE_COLOUR('',#8627);
#8594=FILL_AREA_STYLE_COLOUR('',#8627);
#8595=FILL_AREA_STYLE_COLOUR('',#8627);
#8596=FILL_AREA_STYLE_COLOUR('',#8627);
#8597=FILL_AREA_STYLE_COLOUR('',#8627);
#8598=FILL_AREA_STYLE_COLOUR('',#8627);
#8599=FILL_AREA_STYLE_COLOUR('',#8627);
#8600=FILL_AREA_STYLE_COLOUR('',#8627);
#8601=FILL_AREA_STYLE_COLOUR('',#8627);
#8602=FILL_AREA_STYLE_COLOUR('',#8627);
#8603=FILL_AREA_STYLE_COLOUR('',#8627);
#8604=FILL_AREA_STYLE_COLOUR('',#8627);
#8605=FILL_AREA_STYLE_COLOUR('',#8627);
#8606=FILL_AREA_STYLE_COLOUR('',#8627);
#8607=FILL_AREA_STYLE_COLOUR('',#8627);
#8608=FILL_AREA_STYLE_COLOUR('',#8627);
#8609=FILL_AREA_STYLE_COLOUR('',#8627);
#8610=FILL_AREA_STYLE_COLOUR('',#8627);
#8611=FILL_AREA_STYLE_COLOUR('',#8627);
#8612=FILL_AREA_STYLE_COLOUR('',#8627);
#8613=FILL_AREA_STYLE_COLOUR('',#8627);
#8614=FILL_AREA_STYLE_COLOUR('',#8627);
#8615=FILL_AREA_STYLE_COLOUR('',#8627);
#8616=FILL_AREA_STYLE_COLOUR('',#8627);
#8617=FILL_AREA_STYLE_COLOUR('',#8627);
#8618=FILL_AREA_STYLE_COLOUR('',#8627);
#8619=FILL_AREA_STYLE_COLOUR('',#8627);
#8620=FILL_AREA_STYLE_COLOUR('',#8627);
#8621=FILL_AREA_STYLE_COLOUR('',#8627);
#8622=FILL_AREA_STYLE_COLOUR('',#8627);
#8623=FILL_AREA_STYLE_COLOUR('',#8627);
#8624=FILL_AREA_STYLE_COLOUR('',#8627);
#8625=FILL_AREA_STYLE_COLOUR('',#8627);
#8626=FILL_AREA_STYLE_COLOUR('',#8627);
#8627=COLOUR_RGB('',0.889999985694885,0.430000007152557,0.0700000002980232);
#8628=COLOUR_RGB('',0.77999997138977,0.77999997138977,0.77999997138977);
#8629=ADVANCED_FACE('',(#5621),#5978,.T.);
#8630=ADVANCED_FACE('',(#5622),#5979,.T.);
#8631=ADVANCED_FACE('',(#5623),#5980,.T.);
#8632=ADVANCED_FACE('',(#5624),#5981,.T.);
#8633=ADVANCED_FACE('',(#5625),#5982,.T.);
#8634=ADVANCED_FACE('',(#5626),#5983,.T.);
#8635=ADVANCED_FACE('',(#5627),#5984,.T.);
#8636=ADVANCED_FACE('',(#5628),#5985,.T.);
#8637=ADVANCED_FACE('',(#5629,#5630,#5631,#5632,#5633,#5634,#5635,#5636,
#5637),#5986,.F.);
#8638=ADVANCED_FACE('',(#5638),#84,.T.);
#8639=ADVANCED_FACE('',(#5639),#5987,.F.);
#8640=ADVANCED_FACE('',(#5640),#44,.F.);
#8641=ADVANCED_FACE('',(#5641),#85,.F.);
#8642=ADVANCED_FACE('',(#5642),#45,.F.);
#8643=ADVANCED_FACE('',(#5643),#86,.F.);
#8644=ADVANCED_FACE('',(#5644),#46,.F.);
#8645=ADVANCED_FACE('',(#5645),#87,.F.);
#8646=ADVANCED_FACE('',(#5646),#47,.F.);
#8647=ADVANCED_FACE('',(#5647),#88,.F.);
#8648=ADVANCED_FACE('',(#5648),#48,.F.);
#8649=ADVANCED_FACE('',(#5649),#89,.F.);
#8650=ADVANCED_FACE('',(#5650),#49,.F.);
#8651=ADVANCED_FACE('',(#5651),#90,.F.);
#8652=ADVANCED_FACE('',(#5652),#50,.F.);
#8653=ADVANCED_FACE('',(#5653),#91,.F.);
#8654=ADVANCED_FACE('',(#5654),#92,.T.);
#8655=ADVANCED_FACE('',(#5655),#93,.T.);
#8656=ADVANCED_FACE('',(#5656),#94,.T.);
#8657=ADVANCED_FACE('',(#5657),#95,.T.);
#8658=ADVANCED_FACE('',(#5658),#96,.T.);
#8659=ADVANCED_FACE('',(#5659),#97,.T.);
#8660=ADVANCED_FACE('',(#5660),#98,.T.);
#8661=ADVANCED_FACE('',(#5661),#51,.F.);
#8662=ADVANCED_FACE('',(#5662),#99,.F.);
#8663=ADVANCED_FACE('',(#5663),#5988,.T.);
#8664=ADVANCED_FACE('',(#5664),#52,.F.);
#8665=ADVANCED_FACE('',(#5665),#100,.F.);
#8666=ADVANCED_FACE('',(#5666),#5989,.T.);
#8667=ADVANCED_FACE('',(#5667),#53,.F.);
#8668=ADVANCED_FACE('',(#5668),#101,.F.);
#8669=ADVANCED_FACE('',(#5669),#5990,.T.);
#8670=ADVANCED_FACE('',(#5670),#54,.F.);
#8671=ADVANCED_FACE('',(#5671),#102,.F.);
#8672=ADVANCED_FACE('',(#5672),#5991,.T.);
#8673=ADVANCED_FACE('',(#5673),#55,.F.);
#8674=ADVANCED_FACE('',(#5674),#103,.F.);
#8675=ADVANCED_FACE('',(#5675),#5992,.T.);
#8676=ADVANCED_FACE('',(#5676),#56,.F.);
#8677=ADVANCED_FACE('',(#5677),#104,.F.);
#8678=ADVANCED_FACE('',(#5678),#5993,.T.);
#8679=ADVANCED_FACE('',(#5679),#57,.F.);
#8680=ADVANCED_FACE('',(#5680),#105,.F.);
#8681=ADVANCED_FACE('',(#5681),#5994,.T.);
#8682=ADVANCED_FACE('',(#5682),#58,.F.);
#8683=ADVANCED_FACE('',(#5683),#106,.F.);
#8684=ADVANCED_FACE('',(#5684),#107,.T.);
#8685=ADVANCED_FACE('',(#5685),#59,.F.);
#8686=ADVANCED_FACE('',(#5686),#108,.F.);
#8687=ADVANCED_FACE('',(#5687),#5995,.T.);
#8688=ADVANCED_FACE('',(#5688),#5996,.T.);
#8689=ADVANCED_FACE('',(#5689),#5997,.T.);
#8690=ADVANCED_FACE('',(#5690),#5998,.T.);
#8691=ADVANCED_FACE('',(#5691),#5999,.T.);
#8692=ADVANCED_FACE('',(#5692),#6000,.T.);
#8693=ADVANCED_FACE('',(#5693),#6001,.T.);
#8694=ADVANCED_FACE('',(#5694),#6002,.T.);
#8695=ADVANCED_FACE('',(#5695),#6003,.T.);
#8696=ADVANCED_FACE('',(#5696,#5697,#5698,#5699,#5700,#5701,#5702,#5703,
#5704),#6004,.F.);
#8697=ADVANCED_FACE('',(#5705),#6005,.F.);
#8698=ADVANCED_FACE('',(#5706),#109,.F.);
#8699=ADVANCED_FACE('',(#5707),#6006,.F.);
#8700=ADVANCED_FACE('',(#5708),#110,.F.);
#8701=ADVANCED_FACE('',(#5709),#6007,.F.);
#8702=ADVANCED_FACE('',(#5710),#6008,.F.);
#8703=ADVANCED_FACE('',(#5711),#111,.T.);
#8704=ADVANCED_FACE('',(#5712),#112,.T.);
#8705=ADVANCED_FACE('',(#5713),#6009,.F.);
#8706=ADVANCED_FACE('',(#5714),#6010,.F.);
#8707=ADVANCED_FACE('',(#5715),#6011,.F.);
#8708=ADVANCED_FACE('',(#5716),#113,.T.);
#8709=ADVANCED_FACE('',(#5717),#6012,.T.);
#8710=ADVANCED_FACE('',(#5718),#6013,.F.);
#8711=ADVANCED_FACE('',(#5719),#6014,.T.);
#8712=ADVANCED_FACE('',(#5720),#6015,.F.);
#8713=ADVANCED_FACE('',(#5721),#114,.T.);
#8714=ADVANCED_FACE('',(#5722),#6016,.F.);
#8715=ADVANCED_FACE('',(#5723),#6017,.F.);
#8716=ADVANCED_FACE('',(#5724),#115,.T.);
#8717=ADVANCED_FACE('',(#5725),#6018,.T.);
#8718=ADVANCED_FACE('',(#5726),#6019,.F.);
#8719=ADVANCED_FACE('',(#5727),#6020,.F.);
#8720=ADVANCED_FACE('',(#5728),#6021,.F.);
#8721=ADVANCED_FACE('',(#5729),#6022,.T.);
#8722=ADVANCED_FACE('',(#5730),#6023,.F.);
#8723=ADVANCED_FACE('',(#5731),#116,.T.);
#8724=ADVANCED_FACE('',(#5732),#6024,.F.);
#8725=ADVANCED_FACE('',(#5733),#6025,.F.);
#8726=ADVANCED_FACE('',(#5734),#117,.T.);
#8727=ADVANCED_FACE('',(#5735),#6026,.T.);
#8728=ADVANCED_FACE('',(#5736),#6027,.F.);
#8729=ADVANCED_FACE('',(#5737),#6028,.F.);
#8730=ADVANCED_FACE('',(#5738),#6029,.F.);
#8731=ADVANCED_FACE('',(#5739),#6030,.T.);
#8732=ADVANCED_FACE('',(#5740),#6031,.F.);
#8733=ADVANCED_FACE('',(#5741),#118,.T.);
#8734=ADVANCED_FACE('',(#5742),#6032,.F.);
#8735=ADVANCED_FACE('',(#5743),#6033,.F.);
#8736=ADVANCED_FACE('',(#5744),#119,.T.);
#8737=ADVANCED_FACE('',(#5745),#6034,.T.);
#8738=ADVANCED_FACE('',(#5746),#6035,.F.);
#8739=ADVANCED_FACE('',(#5747),#6036,.F.);
#8740=ADVANCED_FACE('',(#5748),#6037,.F.);
#8741=ADVANCED_FACE('',(#5749),#6038,.T.);
#8742=ADVANCED_FACE('',(#5750),#6039,.F.);
#8743=ADVANCED_FACE('',(#5751),#120,.T.);
#8744=ADVANCED_FACE('',(#5752),#6040,.F.);
#8745=ADVANCED_FACE('',(#5753),#6041,.F.);
#8746=ADVANCED_FACE('',(#5754),#121,.T.);
#8747=ADVANCED_FACE('',(#5755),#6042,.T.);
#8748=ADVANCED_FACE('',(#5756),#6043,.F.);
#8749=ADVANCED_FACE('',(#5757),#6044,.F.);
#8750=ADVANCED_FACE('',(#5758),#6045,.F.);
#8751=ADVANCED_FACE('',(#5759),#6046,.T.);
#8752=ADVANCED_FACE('',(#5760),#6047,.F.);
#8753=ADVANCED_FACE('',(#5761),#122,.T.);
#8754=ADVANCED_FACE('',(#5762),#6048,.F.);
#8755=ADVANCED_FACE('',(#5763),#6049,.F.);
#8756=ADVANCED_FACE('',(#5764),#123,.T.);
#8757=ADVANCED_FACE('',(#5765),#6050,.T.);
#8758=ADVANCED_FACE('',(#5766),#6051,.F.);
#8759=ADVANCED_FACE('',(#5767),#6052,.F.);
#8760=ADVANCED_FACE('',(#5768),#6053,.F.);
#8761=ADVANCED_FACE('',(#5769),#6054,.T.);
#8762=ADVANCED_FACE('',(#5770),#6055,.F.);
#8763=ADVANCED_FACE('',(#5771),#124,.T.);
#8764=ADVANCED_FACE('',(#5772),#6056,.F.);
#8765=ADVANCED_FACE('',(#5773),#6057,.F.);
#8766=ADVANCED_FACE('',(#5774),#125,.T.);
#8767=ADVANCED_FACE('',(#5775),#6058,.T.);
#8768=ADVANCED_FACE('',(#5776),#6059,.F.);
#8769=ADVANCED_FACE('',(#5777),#6060,.F.);
#8770=ADVANCED_FACE('',(#5778),#6061,.F.);
#8771=ADVANCED_FACE('',(#5779),#6062,.T.);
#8772=ADVANCED_FACE('',(#5780),#6063,.F.);
#8773=ADVANCED_FACE('',(#5781),#126,.T.);
#8774=ADVANCED_FACE('',(#5782),#6064,.F.);
#8775=ADVANCED_FACE('',(#5783),#6065,.F.);
#8776=ADVANCED_FACE('',(#5784),#127,.T.);
#8777=ADVANCED_FACE('',(#5785),#6066,.T.);
#8778=ADVANCED_FACE('',(#5786),#6067,.F.);
#8779=ADVANCED_FACE('',(#5787),#6068,.F.);
#8780=ADVANCED_FACE('',(#5788),#6069,.F.);
#8781=ADVANCED_FACE('',(#5789),#6070,.T.);
#8782=ADVANCED_FACE('',(#5790),#6071,.F.);
#8783=ADVANCED_FACE('',(#5791),#128,.T.);
#8784=ADVANCED_FACE('',(#5792),#6072,.F.);
#8785=ADVANCED_FACE('',(#5793),#6073,.F.);
#8786=ADVANCED_FACE('',(#5794),#6074,.F.);
#8787=ADVANCED_FACE('',(#5795),#129,.T.);
#8788=ADVANCED_FACE('',(#5796),#6075,.F.);
#8789=ADVANCED_FACE('',(#5797),#6076,.F.);
#8790=ADVANCED_FACE('',(#5798),#6077,.F.);
#8791=ADVANCED_FACE('',(#5799),#6078,.F.);
#8792=ADVANCED_FACE('',(#5800),#130,.T.);
#8793=ADVANCED_FACE('',(#5801),#6079,.T.);
#8794=ADVANCED_FACE('',(#5802),#6080,.T.);
#8795=ADVANCED_FACE('',(#5803),#6081,.T.);
#8796=ADVANCED_FACE('',(#5804),#6082,.T.);
#8797=ADVANCED_FACE('',(#5805),#6083,.T.);
#8798=ADVANCED_FACE('',(#5806),#6084,.T.);
#8799=ADVANCED_FACE('',(#5807),#6085,.T.);
#8800=ADVANCED_FACE('',(#5808),#6086,.T.);
#8801=ADVANCED_FACE('',(#5809),#6087,.T.);
#8802=ADVANCED_FACE('',(#5810),#6088,.T.);
#8803=ADVANCED_FACE('',(#5811),#6089,.T.);
#8804=ADVANCED_FACE('',(#5812),#6090,.T.);
#8805=ADVANCED_FACE('',(#5813),#6091,.T.);
#8806=ADVANCED_FACE('',(#5814),#6092,.T.);
#8807=ADVANCED_FACE('',(#5815),#6093,.T.);
#8808=ADVANCED_FACE('',(#5816),#6094,.T.);
#8809=ADVANCED_FACE('',(#5817),#6095,.T.);
#8810=ADVANCED_FACE('',(#5818),#6096,.T.);
#8811=ADVANCED_FACE('',(#5819),#6097,.T.);
#8812=ADVANCED_FACE('',(#5820),#6098,.T.);
#8813=ADVANCED_FACE('',(#5821),#6099,.T.);
#8814=ADVANCED_FACE('',(#5822),#6100,.T.);
#8815=ADVANCED_FACE('',(#5823),#6101,.T.);
#8816=ADVANCED_FACE('',(#5824),#6102,.T.);
#8817=ADVANCED_FACE('',(#5825),#6103,.T.);
#8818=ADVANCED_FACE('',(#5826),#6104,.T.);
#8819=ADVANCED_FACE('',(#5827),#6105,.T.);
#8820=ADVANCED_FACE('',(#5828),#6106,.T.);
#8821=ADVANCED_FACE('',(#5829),#6107,.T.);
#8822=ADVANCED_FACE('',(#5830),#6108,.T.);
#8823=ADVANCED_FACE('',(#5831),#6109,.T.);
#8824=ADVANCED_FACE('',(#5832),#6110,.T.);
#8825=ADVANCED_FACE('',(#5833),#6111,.T.);
#8826=ADVANCED_FACE('',(#5834),#6112,.F.);
#8827=ADVANCED_FACE('',(#5835),#6113,.F.);
#8828=ADVANCED_FACE('',(#5836),#6114,.T.);
#8829=ADVANCED_FACE('',(#5837),#6115,.F.);
#8830=ADVANCED_FACE('',(#5838),#6116,.F.);
#8831=ADVANCED_FACE('',(#5839),#6117,.F.);
#8832=ADVANCED_FACE('',(#5840),#6118,.F.);
#8833=ADVANCED_FACE('',(#5841),#6119,.T.);
#8834=ADVANCED_FACE('',(#5842),#6120,.F.);
#8835=ADVANCED_FACE('',(#5843),#6121,.F.);
#8836=ADVANCED_FACE('',(#5844),#6122,.F.);
#8837=ADVANCED_FACE('',(#5845),#6123,.F.);
#8838=ADVANCED_FACE('',(#5846),#6124,.T.);
#8839=ADVANCED_FACE('',(#5847),#6125,.F.);
#8840=ADVANCED_FACE('',(#5848),#6126,.F.);
#8841=ADVANCED_FACE('',(#5849),#6127,.F.);
#8842=ADVANCED_FACE('',(#5850),#6128,.F.);
#8843=ADVANCED_FACE('',(#5851),#6129,.T.);
#8844=ADVANCED_FACE('',(#5852),#6130,.F.);
#8845=ADVANCED_FACE('',(#5853),#6131,.F.);
#8846=ADVANCED_FACE('',(#5854),#6132,.F.);
#8847=ADVANCED_FACE('',(#5855),#6133,.F.);
#8848=ADVANCED_FACE('',(#5856),#6134,.T.);
#8849=ADVANCED_FACE('',(#5857),#6135,.F.);
#8850=ADVANCED_FACE('',(#5858),#6136,.F.);
#8851=ADVANCED_FACE('',(#5859),#6137,.F.);
#8852=ADVANCED_FACE('',(#5860),#6138,.F.);
#8853=ADVANCED_FACE('',(#5861),#6139,.T.);
#8854=ADVANCED_FACE('',(#5862),#6140,.F.);
#8855=ADVANCED_FACE('',(#5863),#6141,.F.);
#8856=ADVANCED_FACE('',(#5864),#6142,.F.);
#8857=ADVANCED_FACE('',(#5865),#6143,.F.);
#8858=ADVANCED_FACE('',(#5866),#6144,.T.);
#8859=ADVANCED_FACE('',(#5867),#6145,.F.);
#8860=ADVANCED_FACE('',(#5868),#6146,.F.);
#8861=ADVANCED_FACE('',(#5869),#6147,.F.);
#8862=ADVANCED_FACE('',(#5870),#6148,.F.);
#8863=ADVANCED_FACE('',(#5871),#6149,.T.);
#8864=ADVANCED_FACE('',(#5872),#6150,.F.);
#8865=ADVANCED_FACE('',(#5873),#6151,.F.);
#8866=ADVANCED_FACE('',(#5874),#6152,.T.);
#8867=ADVANCED_FACE('',(#5875),#6153,.T.);
#8868=ADVANCED_FACE('',(#5876),#6154,.F.);
#8869=ADVANCED_FACE('',(#5877),#6155,.T.);
#8870=ADVANCED_FACE('',(#5878),#6156,.T.);
#8871=ADVANCED_FACE('',(#5879),#6157,.T.);
#8872=ADVANCED_FACE('',(#5880),#131,.T.);
#8873=ADVANCED_FACE('',(#5881),#6158,.T.);
#8874=ADVANCED_FACE('',(#5882),#132,.T.);
#8875=ADVANCED_FACE('',(#5883),#6159,.T.);
#8876=ADVANCED_FACE('',(#5884),#6160,.T.);
#8877=ADVANCED_FACE('',(#5885),#6161,.T.);
#8878=ADVANCED_FACE('',(#5886),#6162,.F.);
#8879=ADVANCED_FACE('',(#5887),#6163,.T.);
#8880=ADVANCED_FACE('',(#5888),#6164,.T.);
#8881=ADVANCED_FACE('',(#5889),#6165,.T.);
#8882=ADVANCED_FACE('',(#5890),#133,.T.);
#8883=ADVANCED_FACE('',(#5891),#6166,.T.);
#8884=ADVANCED_FACE('',(#5892),#134,.T.);
#8885=ADVANCED_FACE('',(#5893),#6167,.T.);
#8886=ADVANCED_FACE('',(#5894),#6168,.T.);
#8887=ADVANCED_FACE('',(#5895),#6169,.T.);
#8888=ADVANCED_FACE('',(#5896),#6170,.F.);
#8889=ADVANCED_FACE('',(#5897),#6171,.T.);
#8890=ADVANCED_FACE('',(#5898),#6172,.T.);
#8891=ADVANCED_FACE('',(#5899),#6173,.T.);
#8892=ADVANCED_FACE('',(#5900),#135,.T.);
#8893=ADVANCED_FACE('',(#5901),#6174,.T.);
#8894=ADVANCED_FACE('',(#5902),#136,.T.);
#8895=ADVANCED_FACE('',(#5903),#6175,.T.);
#8896=ADVANCED_FACE('',(#5904),#6176,.T.);
#8897=ADVANCED_FACE('',(#5905),#6177,.T.);
#8898=ADVANCED_FACE('',(#5906),#6178,.F.);
#8899=ADVANCED_FACE('',(#5907),#6179,.T.);
#8900=ADVANCED_FACE('',(#5908),#6180,.T.);
#8901=ADVANCED_FACE('',(#5909),#6181,.T.);
#8902=ADVANCED_FACE('',(#5910),#137,.T.);
#8903=ADVANCED_FACE('',(#5911),#6182,.T.);
#8904=ADVANCED_FACE('',(#5912),#138,.T.);
#8905=ADVANCED_FACE('',(#5913),#6183,.T.);
#8906=ADVANCED_FACE('',(#5914),#6184,.T.);
#8907=ADVANCED_FACE('',(#5915),#6185,.T.);
#8908=ADVANCED_FACE('',(#5916),#6186,.F.);
#8909=ADVANCED_FACE('',(#5917),#6187,.T.);
#8910=ADVANCED_FACE('',(#5918),#6188,.T.);
#8911=ADVANCED_FACE('',(#5919),#6189,.T.);
#8912=ADVANCED_FACE('',(#5920),#139,.T.);
#8913=ADVANCED_FACE('',(#5921),#6190,.T.);
#8914=ADVANCED_FACE('',(#5922),#140,.T.);
#8915=ADVANCED_FACE('',(#5923),#6191,.T.);
#8916=ADVANCED_FACE('',(#5924),#6192,.T.);
#8917=ADVANCED_FACE('',(#5925),#6193,.T.);
#8918=ADVANCED_FACE('',(#5926),#6194,.F.);
#8919=ADVANCED_FACE('',(#5927),#6195,.T.);
#8920=ADVANCED_FACE('',(#5928),#6196,.T.);
#8921=ADVANCED_FACE('',(#5929),#6197,.T.);
#8922=ADVANCED_FACE('',(#5930),#141,.T.);
#8923=ADVANCED_FACE('',(#5931),#6198,.T.);
#8924=ADVANCED_FACE('',(#5932),#142,.T.);
#8925=ADVANCED_FACE('',(#5933),#6199,.T.);
#8926=ADVANCED_FACE('',(#5934),#6200,.T.);
#8927=ADVANCED_FACE('',(#5935),#6201,.T.);
#8928=ADVANCED_FACE('',(#5936),#6202,.F.);
#8929=ADVANCED_FACE('',(#5937),#6203,.T.);
#8930=ADVANCED_FACE('',(#5938),#6204,.T.);
#8931=ADVANCED_FACE('',(#5939),#6205,.T.);
#8932=ADVANCED_FACE('',(#5940),#143,.T.);
#8933=ADVANCED_FACE('',(#5941),#6206,.T.);
#8934=ADVANCED_FACE('',(#5942),#144,.T.);
#8935=ADVANCED_FACE('',(#5943),#6207,.T.);
#8936=ADVANCED_FACE('',(#5944),#6208,.T.);
#8937=ADVANCED_FACE('',(#5945),#6209,.T.);
#8938=ADVANCED_FACE('',(#5946),#6210,.F.);
#8939=ADVANCED_FACE('',(#5947),#6211,.T.);
#8940=ADVANCED_FACE('',(#5948),#6212,.T.);
#8941=ADVANCED_FACE('',(#5949),#6213,.T.);
#8942=ADVANCED_FACE('',(#5950),#145,.T.);
#8943=ADVANCED_FACE('',(#5951),#6214,.T.);
#8944=ADVANCED_FACE('',(#5952),#146,.T.);
#8945=ADVANCED_FACE('',(#5953),#6215,.T.);
#8946=ADVANCED_FACE('',(#5954),#6216,.F.);
#8947=ADVANCED_FACE('',(#5955),#6217,.F.);
#8948=ADVANCED_FACE('',(#5956),#6218,.F.);
#8949=ADVANCED_FACE('',(#5957),#6219,.F.);
#8950=ADVANCED_FACE('',(#5958),#6220,.F.);
#8951=ADVANCED_FACE('',(#5959),#6221,.F.);
#8952=ADVANCED_FACE('',(#5960),#6222,.F.);
#8953=ADVANCED_FACE('',(#5961),#6223,.F.);
#8954=ADVANCED_FACE('',(#5962),#6224,.F.);
#8955=ADVANCED_FACE('',(#5963),#6225,.F.);
#8956=ADVANCED_FACE('',(#5964),#6226,.F.);
#8957=ADVANCED_FACE('',(#5965),#6227,.F.);
#8958=ADVANCED_FACE('',(#5966),#6228,.F.);
#8959=ADVANCED_FACE('',(#5967),#6229,.F.);
#8960=ADVANCED_FACE('',(#5968),#6230,.F.);
#8961=ADVANCED_FACE('',(#5969),#6231,.F.);
#8962=ADVANCED_FACE('',(#5970),#6232,.F.);
#8963=ADVANCED_FACE('',(#5971),#6233,.F.);
#8964=ADVANCED_FACE('',(#5972),#6234,.F.);
#8965=ADVANCED_FACE('',(#5973),#6235,.F.);
#8966=ADVANCED_FACE('',(#5974),#6236,.F.);
#8967=ADVANCED_FACE('',(#5975),#6237,.F.);
#8968=ADVANCED_FACE('',(#5976),#6238,.F.);
#8969=ADVANCED_FACE('',(#5977),#6239,.F.);
#8970=CLOSED_SHELL('',(#8629,#8630,#8631,#8632,#8633,#8634,#8635,#8636,
#8637,#8638,#8639,#8640,#8641,#8642,#8643,#8644,#8645,#8646,#8647,#8648,
#8649,#8650,#8651,#8652,#8653,#8654,#8655,#8656,#8657,#8658,#8659,#8660,
#8661,#8662,#8663,#8664,#8665,#8666,#8667,#8668,#8669,#8670,#8671,#8672,
#8673,#8674,#8675,#8676,#8677,#8678,#8679,#8680,#8681,#8682,#8683,#8684,
#8685,#8686,#8687,#8688,#8689,#8690,#8691,#8692,#8693,#8694,#8695,#8696,
#8697,#8698,#8699,#8700,#8701,#8702,#8703,#8704,#8705,#8706,#8707,#8708,
#8709,#8710,#8711,#8712,#8713,#8714,#8715,#8716,#8717,#8718,#8719,#8720,
#8721,#8722,#8723,#8724,#8725,#8726,#8727,#8728,#8729,#8730,#8731,#8732,
#8733,#8734,#8735,#8736,#8737,#8738,#8739,#8740,#8741,#8742,#8743,#8744,
#8745,#8746,#8747,#8748,#8749,#8750,#8751,#8752,#8753,#8754,#8755,#8756,
#8757,#8758,#8759,#8760,#8761,#8762,#8763,#8764,#8765,#8766,#8767,#8768,
#8769,#8770,#8771,#8772,#8773,#8774,#8775,#8776,#8777,#8778,#8779,#8780,
#8781,#8782,#8783,#8784,#8785,#8786,#8787,#8788,#8789,#8790,#8791,#8792,
#8793,#8794,#8795,#8796,#8797,#8798,#8799,#8800,#8801,#8802,#8803,#8804,
#8805,#8806,#8807,#8808,#8809,#8810,#8811,#8812,#8813,#8814,#8815,#8816,
#8817,#8818,#8819,#8820,#8821,#8822,#8823,#8824,#8825,#8826,#8827,#8828,
#8829,#8830,#8831,#8832,#8833,#8834,#8835,#8836,#8837,#8838,#8839,#8840,
#8841,#8842,#8843,#8844,#8845,#8846,#8847,#8848,#8849,#8850,#8851,#8852,
#8853,#8854,#8855,#8856,#8857,#8858,#8859,#8860,#8861,#8862,#8863,#8864,
#8865,#8866,#8867,#8868,#8869,#8870,#8871,#8872,#8873,#8874,#8875,#8876,
#8877,#8878,#8879,#8880,#8881,#8882,#8883,#8884,#8885,#8886,#8887,#8888,
#8889,#8890,#8891,#8892,#8893,#8894,#8895,#8896,#8897,#8898,#8899,#8900,
#8901,#8902,#8903,#8904,#8905,#8906,#8907,#8908,#8909,#8910,#8911,#8912,
#8913,#8914,#8915,#8916,#8917,#8918,#8919,#8920,#8921,#8922,#8923,#8924,
#8925,#8926,#8927,#8928,#8929,#8930,#8931,#8932,#8933,#8934,#8935,#8936,
#8937,#8938,#8939,#8940,#8941,#8942,#8943,#8944,#8945,#8946,#8947,#8948,
#8949,#8950,#8951,#8952,#8953,#8954,#8955,#8956,#8957,#8958,#8959,#8960,
#8961,#8962,#8963,#8964,#8965,#8966,#8967,#8968,#8969));
#8971=MANIFOLD_SOLID_BREP('250-108/000-012',#8970);
#8972=SHAPE_DEFINITION_REPRESENTATION(#13208,#8973);
#8973=SHAPE_REPRESENTATION('250-108/000-012',(#8974),#13203);
#8974=AXIS2_PLACEMENT_3D('',#11197,#9458,#9459);
#8975=AXIS2_PLACEMENT_3D('',#11198,#9460,#9461);
#8976=AXIS2_PLACEMENT_3D('',#11205,#9465,#9466);
#8977=AXIS2_PLACEMENT_3D('',#11212,#9470,#9471);
#8978=AXIS2_PLACEMENT_3D('',#11219,#9475,#9476);
#8979=AXIS2_PLACEMENT_3D('',#11226,#9480,#9481);
#8980=AXIS2_PLACEMENT_3D('',#11233,#9485,#9486);
#8981=AXIS2_PLACEMENT_3D('',#11240,#9490,#9491);
#8982=AXIS2_PLACEMENT_3D('',#11247,#9495,#9496);
#8983=AXIS2_PLACEMENT_3D('',#11254,#9500,#9501);
#8984=AXIS2_PLACEMENT_3D('',#11290,#9519,#9520);
#8985=AXIS2_PLACEMENT_3D('',#11298,#9524,#9525);
#8986=AXIS2_PLACEMENT_3D('',#11314,#9533,#9534);
#8987=AXIS2_PLACEMENT_3D('',#11322,#9538,#9539);
#8988=AXIS2_PLACEMENT_3D('',#11330,#9543,#9544);
#8989=AXIS2_PLACEMENT_3D('',#11338,#9548,#9549);
#8990=AXIS2_PLACEMENT_3D('',#11346,#9553,#9554);
#8991=AXIS2_PLACEMENT_3D('',#11354,#9558,#9559);
#8992=AXIS2_PLACEMENT_3D('',#11391,#9578,#9579);
#8993=AXIS2_PLACEMENT_3D('',#11392,#9580,#9581);
#8994=AXIS2_PLACEMENT_3D('',#11396,#9583,#9584);
#8995=AXIS2_PLACEMENT_3D('',#11397,#9585,#9586);
#8996=AXIS2_PLACEMENT_3D('',#11405,#9590,#9591);
#8997=AXIS2_PLACEMENT_3D('',#11413,#9595,#9596);
#8998=AXIS2_PLACEMENT_3D('',#11421,#9600,#9601);
#8999=AXIS2_PLACEMENT_3D('',#11429,#9605,#9606);
#9000=AXIS2_PLACEMENT_3D('',#11437,#9610,#9611);
#9001=AXIS2_PLACEMENT_3D('',#11445,#9615,#9616);
#9002=AXIS2_PLACEMENT_3D('',#11461,#9624,#9625);
#9003=AXIS2_PLACEMENT_3D('',#11466,#9628,#9629);
#9004=AXIS2_PLACEMENT_3D('',#11467,#9630,#9631);
#9005=AXIS2_PLACEMENT_3D('',#11470,#9633,#9634);
#9006=AXIS2_PLACEMENT_3D('',#11473,#9636,#9637);
#9007=AXIS2_PLACEMENT_3D('',#11476,#9639,#9640);
#9008=AXIS2_PLACEMENT_3D('',#11479,#9642,#9643);
#9009=AXIS2_PLACEMENT_3D('',#11482,#9645,#9646);
#9010=AXIS2_PLACEMENT_3D('',#11485,#9648,#9649);
#9011=AXIS2_PLACEMENT_3D('',#11488,#9651,#9652);
#9012=AXIS2_PLACEMENT_3D('',#11491,#9654,#9655);
#9013=AXIS2_PLACEMENT_3D('',#11494,#9657,#9658);
#9014=AXIS2_PLACEMENT_3D('',#11497,#9660,#9661);
#9015=AXIS2_PLACEMENT_3D('',#11500,#9663,#9664);
#9016=AXIS2_PLACEMENT_3D('',#11503,#9666,#9667);
#9017=AXIS2_PLACEMENT_3D('',#11506,#9669,#9670);
#9018=AXIS2_PLACEMENT_3D('',#11509,#9672,#9673);
#9019=AXIS2_PLACEMENT_3D('',#11512,#9675,#9676);
#9020=AXIS2_PLACEMENT_3D('',#11515,#9678,#9679);
#9021=AXIS2_PLACEMENT_3D('',#11518,#9681,#9682);
#9022=AXIS2_PLACEMENT_3D('',#11521,#9684,#9685);
#9023=AXIS2_PLACEMENT_3D('',#11524,#9687,#9688);
#9024=AXIS2_PLACEMENT_3D('',#11527,#9690,#9691);
#9025=AXIS2_PLACEMENT_3D('',#11530,#9693,#9694);
#9026=AXIS2_PLACEMENT_3D('',#11533,#9696,#9697);
#9027=AXIS2_PLACEMENT_3D('',#11536,#9699,#9700);
#9028=AXIS2_PLACEMENT_3D('',#11539,#9702,#9703);
#9029=AXIS2_PLACEMENT_3D('',#11542,#9705,#9706);
#9030=AXIS2_PLACEMENT_3D('',#11545,#9708,#9709);
#9031=AXIS2_PLACEMENT_3D('',#11548,#9711,#9712);
#9032=AXIS2_PLACEMENT_3D('',#11551,#9714,#9715);
#9033=AXIS2_PLACEMENT_3D('',#11552,#9716,#9717);
#9034=AXIS2_PLACEMENT_3D('',#11553,#9718,#9719);
#9035=AXIS2_PLACEMENT_3D('',#11554,#9720,#9721);
#9036=AXIS2_PLACEMENT_3D('',#11555,#9722,#9723);
#9037=AXIS2_PLACEMENT_3D('',#11556,#9724,#9725);
#9038=AXIS2_PLACEMENT_3D('',#11557,#9726,#9727);
#9039=AXIS2_PLACEMENT_3D('',#11558,#9728,#9729);
#9040=AXIS2_PLACEMENT_3D('',#11559,#9730,#9731);
#9041=AXIS2_PLACEMENT_3D('',#11560,#9732,#9733);
#9042=AXIS2_PLACEMENT_3D('',#11561,#9734,#9735);
#9043=AXIS2_PLACEMENT_3D('',#11562,#9736,#9737);
#9044=AXIS2_PLACEMENT_3D('',#11563,#9738,#9739);
#9045=AXIS2_PLACEMENT_3D('',#11564,#9740,#9741);
#9046=AXIS2_PLACEMENT_3D('',#11565,#9742,#9743);
#9047=AXIS2_PLACEMENT_3D('',#11566,#9744,#9745);
#9048=AXIS2_PLACEMENT_3D('',#11567,#9746,#9747);
#9049=AXIS2_PLACEMENT_3D('',#11568,#9748,#9749);
#9050=AXIS2_PLACEMENT_3D('',#11569,#9750,#9751);
#9051=AXIS2_PLACEMENT_3D('',#11570,#9752,#9753);
#9052=AXIS2_PLACEMENT_3D('',#11571,#9754,#9755);
#9053=AXIS2_PLACEMENT_3D('',#11572,#9756,#9757);
#9054=AXIS2_PLACEMENT_3D('',#11583,#9758,#9759);
#9055=AXIS2_PLACEMENT_3D('',#11594,#9760,#9761);
#9056=AXIS2_PLACEMENT_3D('',#11597,#9763,#9764);
#9057=AXIS2_PLACEMENT_3D('',#11600,#9766,#9767);
#9058=AXIS2_PLACEMENT_3D('',#11606,#9771,#9772);
#9059=AXIS2_PLACEMENT_3D('',#11617,#9773,#9774);
#9060=AXIS2_PLACEMENT_3D('',#11628,#9775,#9776);
#9061=AXIS2_PLACEMENT_3D('',#11631,#9778,#9779);
#9062=AXIS2_PLACEMENT_3D('',#11634,#9781,#9782);
#9063=AXIS2_PLACEMENT_3D('',#11640,#9786,#9787);
#9064=AXIS2_PLACEMENT_3D('',#11651,#9788,#9789);
#9065=AXIS2_PLACEMENT_3D('',#11662,#9790,#9791);
#9066=AXIS2_PLACEMENT_3D('',#11665,#9793,#9794);
#9067=AXIS2_PLACEMENT_3D('',#11668,#9796,#9797);
#9068=AXIS2_PLACEMENT_3D('',#11674,#9801,#9802);
#9069=AXIS2_PLACEMENT_3D('',#11685,#9803,#9804);
#9070=AXIS2_PLACEMENT_3D('',#11696,#9805,#9806);
#9071=AXIS2_PLACEMENT_3D('',#11699,#9808,#9809);
#9072=AXIS2_PLACEMENT_3D('',#11702,#9811,#9812);
#9073=AXIS2_PLACEMENT_3D('',#11708,#9816,#9817);
#9074=AXIS2_PLACEMENT_3D('',#11719,#9818,#9819);
#9075=AXIS2_PLACEMENT_3D('',#11730,#9820,#9821);
#9076=AXIS2_PLACEMENT_3D('',#11733,#9823,#9824);
#9077=AXIS2_PLACEMENT_3D('',#11736,#9826,#9827);
#9078=AXIS2_PLACEMENT_3D('',#11742,#9831,#9832);
#9079=AXIS2_PLACEMENT_3D('',#11753,#9833,#9834);
#9080=AXIS2_PLACEMENT_3D('',#11764,#9835,#9836);
#9081=AXIS2_PLACEMENT_3D('',#11767,#9838,#9839);
#9082=AXIS2_PLACEMENT_3D('',#11770,#9841,#9842);
#9083=AXIS2_PLACEMENT_3D('',#11776,#9846,#9847);
#9084=AXIS2_PLACEMENT_3D('',#11787,#9848,#9849);
#9085=AXIS2_PLACEMENT_3D('',#11798,#9850,#9851);
#9086=AXIS2_PLACEMENT_3D('',#11801,#9853,#9854);
#9087=AXIS2_PLACEMENT_3D('',#11804,#9856,#9857);
#9088=AXIS2_PLACEMENT_3D('',#11810,#9861,#9862);
#9089=AXIS2_PLACEMENT_3D('',#11813,#9864,#9865);
#9090=AXIS2_PLACEMENT_3D('',#11816,#9867,#9868);
#9091=AXIS2_PLACEMENT_3D('',#11819,#9870,#9871);
#9092=AXIS2_PLACEMENT_3D('',#11822,#9873,#9874);
#9093=AXIS2_PLACEMENT_3D('',#11823,#9875,#9876);
#9094=AXIS2_PLACEMENT_3D('',#11824,#9877,#9878);
#9095=AXIS2_PLACEMENT_3D('',#11825,#9879,#9880);
#9096=AXIS2_PLACEMENT_3D('',#11836,#9881,#9882);
#9097=AXIS2_PLACEMENT_3D('',#11847,#9883,#9884);
#9098=AXIS2_PLACEMENT_3D('',#11850,#9886,#9887);
#9099=AXIS2_PLACEMENT_3D('',#11853,#9889,#9890);
#9100=AXIS2_PLACEMENT_3D('',#11859,#9894,#9895);
#9101=AXIS2_PLACEMENT_3D('',#11862,#9898,#9899);
#9102=AXIS2_PLACEMENT_3D('',#11865,#9902,#9903);
#9103=AXIS2_PLACEMENT_3D('',#11868,#9906,#9907);
#9104=AXIS2_PLACEMENT_3D('',#11871,#9910,#9911);
#9105=AXIS2_PLACEMENT_3D('',#11874,#9914,#9915);
#9106=AXIS2_PLACEMENT_3D('',#11877,#9918,#9919);
#9107=AXIS2_PLACEMENT_3D('',#11880,#9922,#9923);
#9108=AXIS2_PLACEMENT_3D('',#11883,#9926,#9927);
#9109=AXIS2_PLACEMENT_3D('',#12084,#10028,#10029);
#9110=AXIS2_PLACEMENT_3D('',#12093,#10034,#10035);
#9111=AXIS2_PLACEMENT_3D('',#12094,#10036,#10037);
#9112=AXIS2_PLACEMENT_3D('',#12098,#10039,#10040);
#9113=AXIS2_PLACEMENT_3D('',#12099,#10041,#10042);
#9114=AXIS2_PLACEMENT_3D('',#12105,#10046,#10047);
#9115=AXIS2_PLACEMENT_3D('',#12106,#10048,#10049);
#9116=AXIS2_PLACEMENT_3D('',#12110,#10051,#10052);
#9117=AXIS2_PLACEMENT_3D('',#12111,#10053,#10054);
#9118=AXIS2_PLACEMENT_3D('',#12157,#10082,#10083);
#9119=AXIS2_PLACEMENT_3D('',#12206,#10112,#10113);
#9120=AXIS2_PLACEMENT_3D('',#12207,#10114,#10115);
#9121=AXIS2_PLACEMENT_3D('',#12208,#10116,#10117);
#9122=AXIS2_PLACEMENT_3D('',#12209,#10118,#10119);
#9123=AXIS2_PLACEMENT_3D('',#12210,#10120,#10121);
#9124=AXIS2_PLACEMENT_3D('',#12214,#10123,#10124);
#9125=AXIS2_PLACEMENT_3D('',#12215,#10125,#10126);
#9126=AXIS2_PLACEMENT_3D('',#12218,#10129,#10130);
#9127=AXIS2_PLACEMENT_3D('',#12223,#10133,#10134);
#9128=AXIS2_PLACEMENT_3D('',#12224,#10135,#10136);
#9129=AXIS2_PLACEMENT_3D('',#12229,#10139,#10140);
#9130=AXIS2_PLACEMENT_3D('',#12235,#10144,#10145);
#9131=AXIS2_PLACEMENT_3D('',#12236,#10146,#10147);
#9132=AXIS2_PLACEMENT_3D('',#12237,#10148,#10149);
#9133=AXIS2_PLACEMENT_3D('',#12239,#10151,#10152);
#9134=AXIS2_PLACEMENT_3D('',#12240,#10153,#10154);
#9135=AXIS2_PLACEMENT_3D('',#12241,#10155,#10156);
#9136=AXIS2_PLACEMENT_3D('',#12246,#10159,#10160);
#9137=AXIS2_PLACEMENT_3D('',#12248,#10162,#10163);
#9138=AXIS2_PLACEMENT_3D('',#12250,#10165,#10166);
#9139=AXIS2_PLACEMENT_3D('',#12251,#10167,#10168);
#9140=AXIS2_PLACEMENT_3D('',#12260,#10173,#10174);
#9141=AXIS2_PLACEMENT_3D('',#12261,#10175,#10176);
#9142=AXIS2_PLACEMENT_3D('',#12262,#10177,#10178);
#9143=AXIS2_PLACEMENT_3D('',#12263,#10179,#10180);
#9144=AXIS2_PLACEMENT_3D('',#12265,#10182,#10183);
#9145=AXIS2_PLACEMENT_3D('',#12267,#10185,#10186);
#9146=AXIS2_PLACEMENT_3D('',#12268,#10187,#10188);
#9147=AXIS2_PLACEMENT_3D('',#12274,#10192,#10193);
#9148=AXIS2_PLACEMENT_3D('',#12275,#10194,#10195);
#9149=AXIS2_PLACEMENT_3D('',#12278,#10197,#10198);
#9150=AXIS2_PLACEMENT_3D('',#12281,#10200,#10201);
#9151=AXIS2_PLACEMENT_3D('',#12282,#10202,#10203);
#9152=AXIS2_PLACEMENT_3D('',#12284,#10205,#10206);
#9153=AXIS2_PLACEMENT_3D('',#12285,#10207,#10208);
#9154=AXIS2_PLACEMENT_3D('',#12294,#10213,#10214);
#9155=AXIS2_PLACEMENT_3D('',#12295,#10215,#10216);
#9156=AXIS2_PLACEMENT_3D('',#12296,#10217,#10218);
#9157=AXIS2_PLACEMENT_3D('',#12297,#10219,#10220);
#9158=AXIS2_PLACEMENT_3D('',#12299,#10222,#10223);
#9159=AXIS2_PLACEMENT_3D('',#12301,#10225,#10226);
#9160=AXIS2_PLACEMENT_3D('',#12302,#10227,#10228);
#9161=AXIS2_PLACEMENT_3D('',#12308,#10232,#10233);
#9162=AXIS2_PLACEMENT_3D('',#12309,#10234,#10235);
#9163=AXIS2_PLACEMENT_3D('',#12312,#10237,#10238);
#9164=AXIS2_PLACEMENT_3D('',#12315,#10240,#10241);
#9165=AXIS2_PLACEMENT_3D('',#12316,#10242,#10243);
#9166=AXIS2_PLACEMENT_3D('',#12318,#10245,#10246);
#9167=AXIS2_PLACEMENT_3D('',#12319,#10247,#10248);
#9168=AXIS2_PLACEMENT_3D('',#12328,#10253,#10254);
#9169=AXIS2_PLACEMENT_3D('',#12329,#10255,#10256);
#9170=AXIS2_PLACEMENT_3D('',#12330,#10257,#10258);
#9171=AXIS2_PLACEMENT_3D('',#12331,#10259,#10260);
#9172=AXIS2_PLACEMENT_3D('',#12333,#10262,#10263);
#9173=AXIS2_PLACEMENT_3D('',#12335,#10265,#10266);
#9174=AXIS2_PLACEMENT_3D('',#12336,#10267,#10268);
#9175=AXIS2_PLACEMENT_3D('',#12342,#10272,#10273);
#9176=AXIS2_PLACEMENT_3D('',#12343,#10274,#10275);
#9177=AXIS2_PLACEMENT_3D('',#12346,#10277,#10278);
#9178=AXIS2_PLACEMENT_3D('',#12349,#10280,#10281);
#9179=AXIS2_PLACEMENT_3D('',#12350,#10282,#10283);
#9180=AXIS2_PLACEMENT_3D('',#12352,#10285,#10286);
#9181=AXIS2_PLACEMENT_3D('',#12353,#10287,#10288);
#9182=AXIS2_PLACEMENT_3D('',#12362,#10293,#10294);
#9183=AXIS2_PLACEMENT_3D('',#12363,#10295,#10296);
#9184=AXIS2_PLACEMENT_3D('',#12364,#10297,#10298);
#9185=AXIS2_PLACEMENT_3D('',#12365,#10299,#10300);
#9186=AXIS2_PLACEMENT_3D('',#12367,#10302,#10303);
#9187=AXIS2_PLACEMENT_3D('',#12369,#10305,#10306);
#9188=AXIS2_PLACEMENT_3D('',#12370,#10307,#10308);
#9189=AXIS2_PLACEMENT_3D('',#12376,#10312,#10313);
#9190=AXIS2_PLACEMENT_3D('',#12377,#10314,#10315);
#9191=AXIS2_PLACEMENT_3D('',#12380,#10317,#10318);
#9192=AXIS2_PLACEMENT_3D('',#12383,#10320,#10321);
#9193=AXIS2_PLACEMENT_3D('',#12384,#10322,#10323);
#9194=AXIS2_PLACEMENT_3D('',#12386,#10325,#10326);
#9195=AXIS2_PLACEMENT_3D('',#12387,#10327,#10328);
#9196=AXIS2_PLACEMENT_3D('',#12396,#10333,#10334);
#9197=AXIS2_PLACEMENT_3D('',#12397,#10335,#10336);
#9198=AXIS2_PLACEMENT_3D('',#12398,#10337,#10338);
#9199=AXIS2_PLACEMENT_3D('',#12399,#10339,#10340);
#9200=AXIS2_PLACEMENT_3D('',#12401,#10342,#10343);
#9201=AXIS2_PLACEMENT_3D('',#12403,#10345,#10346);
#9202=AXIS2_PLACEMENT_3D('',#12404,#10347,#10348);
#9203=AXIS2_PLACEMENT_3D('',#12410,#10352,#10353);
#9204=AXIS2_PLACEMENT_3D('',#12411,#10354,#10355);
#9205=AXIS2_PLACEMENT_3D('',#12414,#10357,#10358);
#9206=AXIS2_PLACEMENT_3D('',#12417,#10360,#10361);
#9207=AXIS2_PLACEMENT_3D('',#12418,#10362,#10363);
#9208=AXIS2_PLACEMENT_3D('',#12420,#10365,#10366);
#9209=AXIS2_PLACEMENT_3D('',#12421,#10367,#10368);
#9210=AXIS2_PLACEMENT_3D('',#12430,#10373,#10374);
#9211=AXIS2_PLACEMENT_3D('',#12431,#10375,#10376);
#9212=AXIS2_PLACEMENT_3D('',#12432,#10377,#10378);
#9213=AXIS2_PLACEMENT_3D('',#12433,#10379,#10380);
#9214=AXIS2_PLACEMENT_3D('',#12435,#10382,#10383);
#9215=AXIS2_PLACEMENT_3D('',#12437,#10385,#10386);
#9216=AXIS2_PLACEMENT_3D('',#12438,#10387,#10388);
#9217=AXIS2_PLACEMENT_3D('',#12444,#10392,#10393);
#9218=AXIS2_PLACEMENT_3D('',#12445,#10394,#10395);
#9219=AXIS2_PLACEMENT_3D('',#12448,#10397,#10398);
#9220=AXIS2_PLACEMENT_3D('',#12451,#10400,#10401);
#9221=AXIS2_PLACEMENT_3D('',#12452,#10402,#10403);
#9222=AXIS2_PLACEMENT_3D('',#12454,#10405,#10406);
#9223=AXIS2_PLACEMENT_3D('',#12455,#10407,#10408);
#9224=AXIS2_PLACEMENT_3D('',#12464,#10413,#10414);
#9225=AXIS2_PLACEMENT_3D('',#12465,#10415,#10416);
#9226=AXIS2_PLACEMENT_3D('',#12466,#10417,#10418);
#9227=AXIS2_PLACEMENT_3D('',#12467,#10419,#10420);
#9228=AXIS2_PLACEMENT_3D('',#12469,#10422,#10423);
#9229=AXIS2_PLACEMENT_3D('',#12471,#10425,#10426);
#9230=AXIS2_PLACEMENT_3D('',#12472,#10427,#10428);
#9231=AXIS2_PLACEMENT_3D('',#12478,#10432,#10433);
#9232=AXIS2_PLACEMENT_3D('',#12479,#10434,#10435);
#9233=AXIS2_PLACEMENT_3D('',#12482,#10437,#10438);
#9234=AXIS2_PLACEMENT_3D('',#12485,#10440,#10441);
#9235=AXIS2_PLACEMENT_3D('',#12486,#10442,#10443);
#9236=AXIS2_PLACEMENT_3D('',#12488,#10445,#10446);
#9237=AXIS2_PLACEMENT_3D('',#12489,#10447,#10448);
#9238=AXIS2_PLACEMENT_3D('',#12494,#10451,#10452);
#9239=AXIS2_PLACEMENT_3D('',#12495,#10453,#10454);
#9240=AXIS2_PLACEMENT_3D('',#12498,#10456,#10457);
#9241=AXIS2_PLACEMENT_3D('',#12501,#10459,#10460);
#9242=AXIS2_PLACEMENT_3D('',#12504,#10462,#10463);
#9243=AXIS2_PLACEMENT_3D('',#12505,#10464,#10465);
#9244=AXIS2_PLACEMENT_3D('',#12509,#10468,#10469);
#9245=AXIS2_PLACEMENT_3D('',#12511,#10471,#10472);
#9246=AXIS2_PLACEMENT_3D('',#12515,#10475,#10476);
#9247=AXIS2_PLACEMENT_3D('',#12519,#10479,#10480);
#9248=AXIS2_PLACEMENT_3D('',#12520,#10481,#10482);
#9249=AXIS2_PLACEMENT_3D('',#12521,#10483,#10484);
#9250=AXIS2_PLACEMENT_3D('',#12522,#10485,#10486);
#9251=AXIS2_PLACEMENT_3D('',#12524,#10488,#10489);
#9252=AXIS2_PLACEMENT_3D('',#12525,#10490,#10491);
#9253=AXIS2_PLACEMENT_3D('',#12527,#10493,#10494);
#9254=AXIS2_PLACEMENT_3D('',#12528,#10495,#10496);
#9255=AXIS2_PLACEMENT_3D('',#12530,#10498,#10499);
#9256=AXIS2_PLACEMENT_3D('',#12531,#10500,#10501);
#9257=AXIS2_PLACEMENT_3D('',#12533,#10503,#10504);
#9258=AXIS2_PLACEMENT_3D('',#12534,#10505,#10506);
#9259=AXIS2_PLACEMENT_3D('',#12536,#10508,#10509);
#9260=AXIS2_PLACEMENT_3D('',#12537,#10510,#10511);
#9261=AXIS2_PLACEMENT_3D('',#12539,#10513,#10514);
#9262=AXIS2_PLACEMENT_3D('',#12540,#10515,#10516);
#9263=AXIS2_PLACEMENT_3D('',#12542,#10518,#10519);
#9264=AXIS2_PLACEMENT_3D('',#12543,#10520,#10521);
#9265=AXIS2_PLACEMENT_3D('',#12545,#10523,#10524);
#9266=AXIS2_PLACEMENT_3D('',#12546,#10525,#10526);
#9267=AXIS2_PLACEMENT_3D('',#12548,#10528,#10529);
#9268=AXIS2_PLACEMENT_3D('',#12549,#10530,#10531);
#9269=AXIS2_PLACEMENT_3D('',#12551,#10533,#10534);
#9270=AXIS2_PLACEMENT_3D('',#12552,#10535,#10536);
#9271=AXIS2_PLACEMENT_3D('',#12554,#10538,#10539);
#9272=AXIS2_PLACEMENT_3D('',#12555,#10540,#10541);
#9273=AXIS2_PLACEMENT_3D('',#12557,#10543,#10544);
#9274=AXIS2_PLACEMENT_3D('',#12558,#10545,#10546);
#9275=AXIS2_PLACEMENT_3D('',#12560,#10548,#10549);
#9276=AXIS2_PLACEMENT_3D('',#12561,#10550,#10551);
#9277=AXIS2_PLACEMENT_3D('',#12563,#10553,#10554);
#9278=AXIS2_PLACEMENT_3D('',#12564,#10555,#10556);
#9279=AXIS2_PLACEMENT_3D('',#12566,#10558,#10559);
#9280=AXIS2_PLACEMENT_3D('',#12567,#10560,#10561);
#9281=AXIS2_PLACEMENT_3D('',#12569,#10563,#10564);
#9282=AXIS2_PLACEMENT_3D('',#12570,#10565,#10566);
#9283=AXIS2_PLACEMENT_3D('',#12576,#10570,#10571);
#9284=AXIS2_PLACEMENT_3D('',#12582,#10575,#10576);
#9285=AXIS2_PLACEMENT_3D('',#12584,#10578,#10579);
#9286=AXIS2_PLACEMENT_3D('',#12586,#10581,#10582);
#9287=AXIS2_PLACEMENT_3D('',#12587,#10583,#10584);
#9288=AXIS2_PLACEMENT_3D('',#12593,#10588,#10589);
#9289=AXIS2_PLACEMENT_3D('',#12599,#10593,#10594);
#9290=AXIS2_PLACEMENT_3D('',#12601,#10596,#10597);
#9291=AXIS2_PLACEMENT_3D('',#12603,#10599,#10600);
#9292=AXIS2_PLACEMENT_3D('',#12604,#10601,#10602);
#9293=AXIS2_PLACEMENT_3D('',#12610,#10606,#10607);
#9294=AXIS2_PLACEMENT_3D('',#12616,#10611,#10612);
#9295=AXIS2_PLACEMENT_3D('',#12618,#10614,#10615);
#9296=AXIS2_PLACEMENT_3D('',#12620,#10617,#10618);
#9297=AXIS2_PLACEMENT_3D('',#12621,#10619,#10620);
#9298=AXIS2_PLACEMENT_3D('',#12627,#10624,#10625);
#9299=AXIS2_PLACEMENT_3D('',#12633,#10629,#10630);
#9300=AXIS2_PLACEMENT_3D('',#12635,#10632,#10633);
#9301=AXIS2_PLACEMENT_3D('',#12637,#10635,#10636);
#9302=AXIS2_PLACEMENT_3D('',#12638,#10637,#10638);
#9303=AXIS2_PLACEMENT_3D('',#12644,#10642,#10643);
#9304=AXIS2_PLACEMENT_3D('',#12650,#10647,#10648);
#9305=AXIS2_PLACEMENT_3D('',#12652,#10650,#10651);
#9306=AXIS2_PLACEMENT_3D('',#12654,#10653,#10654);
#9307=AXIS2_PLACEMENT_3D('',#12655,#10655,#10656);
#9308=AXIS2_PLACEMENT_3D('',#12661,#10660,#10661);
#9309=AXIS2_PLACEMENT_3D('',#12667,#10665,#10666);
#9310=AXIS2_PLACEMENT_3D('',#12669,#10668,#10669);
#9311=AXIS2_PLACEMENT_3D('',#12671,#10671,#10672);
#9312=AXIS2_PLACEMENT_3D('',#12672,#10673,#10674);
#9313=AXIS2_PLACEMENT_3D('',#12678,#10678,#10679);
#9314=AXIS2_PLACEMENT_3D('',#12684,#10683,#10684);
#9315=AXIS2_PLACEMENT_3D('',#12686,#10686,#10687);
#9316=AXIS2_PLACEMENT_3D('',#12688,#10689,#10690);
#9317=AXIS2_PLACEMENT_3D('',#12689,#10691,#10692);
#9318=AXIS2_PLACEMENT_3D('',#12695,#10696,#10697);
#9319=AXIS2_PLACEMENT_3D('',#12701,#10701,#10702);
#9320=AXIS2_PLACEMENT_3D('',#12703,#10704,#10705);
#9321=AXIS2_PLACEMENT_3D('',#12705,#10707,#10708);
#9322=AXIS2_PLACEMENT_3D('',#12706,#10709,#10710);
#9323=AXIS2_PLACEMENT_3D('',#12712,#10714,#10715);
#9324=AXIS2_PLACEMENT_3D('',#12722,#10721,#10722);
#9325=AXIS2_PLACEMENT_3D('',#12727,#10725,#10726);
#9326=AXIS2_PLACEMENT_3D('',#12730,#10728,#10729);
#9327=AXIS2_PLACEMENT_3D('',#12733,#10731,#10732);
#9328=AXIS2_PLACEMENT_3D('',#12744,#10738,#10739);
#9329=AXIS2_PLACEMENT_3D('',#12747,#10741,#10742);
#9330=AXIS2_PLACEMENT_3D('',#12753,#10746,#10747);
#9331=AXIS2_PLACEMENT_3D('',#12756,#10750,#10751);
#9332=AXIS2_PLACEMENT_3D('',#12758,#10753,#10754);
#9333=AXIS2_PLACEMENT_3D('',#12759,#10755,#10756);
#9334=AXIS2_PLACEMENT_3D('',#12760,#10757,#10758);
#9335=AXIS2_PLACEMENT_3D('',#12761,#10759,#10760);
#9336=AXIS2_PLACEMENT_3D('',#12763,#10762,#10763);
#9337=AXIS2_PLACEMENT_3D('',#12769,#10767,#10768);
#9338=AXIS2_PLACEMENT_3D('',#12779,#10774,#10775);
#9339=AXIS2_PLACEMENT_3D('',#12784,#10778,#10779);
#9340=AXIS2_PLACEMENT_3D('',#12787,#10781,#10782);
#9341=AXIS2_PLACEMENT_3D('',#12790,#10784,#10785);
#9342=AXIS2_PLACEMENT_3D('',#12801,#10791,#10792);
#9343=AXIS2_PLACEMENT_3D('',#12804,#10794,#10795);
#9344=AXIS2_PLACEMENT_3D('',#12810,#10799,#10800);
#9345=AXIS2_PLACEMENT_3D('',#12813,#10803,#10804);
#9346=AXIS2_PLACEMENT_3D('',#12815,#10806,#10807);
#9347=AXIS2_PLACEMENT_3D('',#12816,#10808,#10809);
#9348=AXIS2_PLACEMENT_3D('',#12817,#10810,#10811);
#9349=AXIS2_PLACEMENT_3D('',#12818,#10812,#10813);
#9350=AXIS2_PLACEMENT_3D('',#12820,#10815,#10816);
#9351=AXIS2_PLACEMENT_3D('',#12826,#10820,#10821);
#9352=AXIS2_PLACEMENT_3D('',#12836,#10827,#10828);
#9353=AXIS2_PLACEMENT_3D('',#12841,#10831,#10832);
#9354=AXIS2_PLACEMENT_3D('',#12844,#10834,#10835);
#9355=AXIS2_PLACEMENT_3D('',#12847,#10837,#10838);
#9356=AXIS2_PLACEMENT_3D('',#12858,#10844,#10845);
#9357=AXIS2_PLACEMENT_3D('',#12861,#10847,#10848);
#9358=AXIS2_PLACEMENT_3D('',#12867,#10852,#10853);
#9359=AXIS2_PLACEMENT_3D('',#12870,#10856,#10857);
#9360=AXIS2_PLACEMENT_3D('',#12872,#10859,#10860);
#9361=AXIS2_PLACEMENT_3D('',#12873,#10861,#10862);
#9362=AXIS2_PLACEMENT_3D('',#12874,#10863,#10864);
#9363=AXIS2_PLACEMENT_3D('',#12875,#10865,#10866);
#9364=AXIS2_PLACEMENT_3D('',#12877,#10868,#10869);
#9365=AXIS2_PLACEMENT_3D('',#12883,#10873,#10874);
#9366=AXIS2_PLACEMENT_3D('',#12893,#10880,#10881);
#9367=AXIS2_PLACEMENT_3D('',#12898,#10884,#10885);
#9368=AXIS2_PLACEMENT_3D('',#12901,#10887,#10888);
#9369=AXIS2_PLACEMENT_3D('',#12904,#10890,#10891);
#9370=AXIS2_PLACEMENT_3D('',#12915,#10897,#10898);
#9371=AXIS2_PLACEMENT_3D('',#12918,#10900,#10901);
#9372=AXIS2_PLACEMENT_3D('',#12924,#10905,#10906);
#9373=AXIS2_PLACEMENT_3D('',#12927,#10909,#10910);
#9374=AXIS2_PLACEMENT_3D('',#12929,#10912,#10913);
#9375=AXIS2_PLACEMENT_3D('',#12930,#10914,#10915);
#9376=AXIS2_PLACEMENT_3D('',#12931,#10916,#10917);
#9377=AXIS2_PLACEMENT_3D('',#12932,#10918,#10919);
#9378=AXIS2_PLACEMENT_3D('',#12934,#10921,#10922);
#9379=AXIS2_PLACEMENT_3D('',#12940,#10926,#10927);
#9380=AXIS2_PLACEMENT_3D('',#12950,#10933,#10934);
#9381=AXIS2_PLACEMENT_3D('',#12955,#10937,#10938);
#9382=AXIS2_PLACEMENT_3D('',#12958,#10940,#10941);
#9383=AXIS2_PLACEMENT_3D('',#12961,#10943,#10944);
#9384=AXIS2_PLACEMENT_3D('',#12972,#10950,#10951);
#9385=AXIS2_PLACEMENT_3D('',#12975,#10953,#10954);
#9386=AXIS2_PLACEMENT_3D('',#12981,#10958,#10959);
#9387=AXIS2_PLACEMENT_3D('',#12984,#10962,#10963);
#9388=AXIS2_PLACEMENT_3D('',#12986,#10965,#10966);
#9389=AXIS2_PLACEMENT_3D('',#12987,#10967,#10968);
#9390=AXIS2_PLACEMENT_3D('',#12988,#10969,#10970);
#9391=AXIS2_PLACEMENT_3D('',#12989,#10971,#10972);
#9392=AXIS2_PLACEMENT_3D('',#12991,#10974,#10975);
#9393=AXIS2_PLACEMENT_3D('',#12997,#10979,#10980);
#9394=AXIS2_PLACEMENT_3D('',#13007,#10986,#10987);
#9395=AXIS2_PLACEMENT_3D('',#13012,#10990,#10991);
#9396=AXIS2_PLACEMENT_3D('',#13015,#10993,#10994);
#9397=AXIS2_PLACEMENT_3D('',#13018,#10996,#10997);
#9398=AXIS2_PLACEMENT_3D('',#13029,#11003,#11004);
#9399=AXIS2_PLACEMENT_3D('',#13032,#11006,#11007);
#9400=AXIS2_PLACEMENT_3D('',#13038,#11011,#11012);
#9401=AXIS2_PLACEMENT_3D('',#13041,#11015,#11016);
#9402=AXIS2_PLACEMENT_3D('',#13043,#11018,#11019);
#9403=AXIS2_PLACEMENT_3D('',#13044,#11020,#11021);
#9404=AXIS2_PLACEMENT_3D('',#13045,#11022,#11023);
#9405=AXIS2_PLACEMENT_3D('',#13046,#11024,#11025);
#9406=AXIS2_PLACEMENT_3D('',#13048,#11027,#11028);
#9407=AXIS2_PLACEMENT_3D('',#13054,#11032,#11033);
#9408=AXIS2_PLACEMENT_3D('',#13064,#11039,#11040);
#9409=AXIS2_PLACEMENT_3D('',#13069,#11043,#11044);
#9410=AXIS2_PLACEMENT_3D('',#13072,#11046,#11047);
#9411=AXIS2_PLACEMENT_3D('',#13075,#11049,#11050);
#9412=AXIS2_PLACEMENT_3D('',#13086,#11056,#11057);
#9413=AXIS2_PLACEMENT_3D('',#13089,#11059,#11060);
#9414=AXIS2_PLACEMENT_3D('',#13095,#11064,#11065);
#9415=AXIS2_PLACEMENT_3D('',#13098,#11068,#11069);
#9416=AXIS2_PLACEMENT_3D('',#13100,#11071,#11072);
#9417=AXIS2_PLACEMENT_3D('',#13101,#11073,#11074);
#9418=AXIS2_PLACEMENT_3D('',#13102,#11075,#11076);
#9419=AXIS2_PLACEMENT_3D('',#13103,#11077,#11078);
#9420=AXIS2_PLACEMENT_3D('',#13105,#11080,#11081);
#9421=AXIS2_PLACEMENT_3D('',#13111,#11085,#11086);
#9422=AXIS2_PLACEMENT_3D('',#13121,#11092,#11093);
#9423=AXIS2_PLACEMENT_3D('',#13126,#11096,#11097);
#9424=AXIS2_PLACEMENT_3D('',#13129,#11099,#11100);
#9425=AXIS2_PLACEMENT_3D('',#13132,#11102,#11103);
#9426=AXIS2_PLACEMENT_3D('',#13143,#11109,#11110);
#9427=AXIS2_PLACEMENT_3D('',#13146,#11112,#11113);
#9428=AXIS2_PLACEMENT_3D('',#13152,#11117,#11118);
#9429=AXIS2_PLACEMENT_3D('',#13155,#11121,#11122);
#9430=AXIS2_PLACEMENT_3D('',#13157,#11124,#11125);
#9431=AXIS2_PLACEMENT_3D('',#13158,#11126,#11127);
#9432=AXIS2_PLACEMENT_3D('',#13159,#11128,#11129);
#9433=AXIS2_PLACEMENT_3D('',#13160,#11130,#11131);
#9434=AXIS2_PLACEMENT_3D('',#13162,#11133,#11134);
#9435=AXIS2_PLACEMENT_3D('',#13165,#11137,#11138);
#9436=AXIS2_PLACEMENT_3D('',#13166,#11139,#11140);
#9437=AXIS2_PLACEMENT_3D('',#13167,#11141,#11142);
#9438=AXIS2_PLACEMENT_3D('',#13170,#11145,#11146);
#9439=AXIS2_PLACEMENT_3D('',#13171,#11147,#11148);
#9440=AXIS2_PLACEMENT_3D('',#13172,#11149,#11150);
#9441=AXIS2_PLACEMENT_3D('',#13175,#11153,#11154);
#9442=AXIS2_PLACEMENT_3D('',#13176,#11155,#11156);
#9443=AXIS2_PLACEMENT_3D('',#13177,#11157,#11158);
#9444=AXIS2_PLACEMENT_3D('',#13180,#11161,#11162);
#9445=AXIS2_PLACEMENT_3D('',#13181,#11163,#11164);
#9446=AXIS2_PLACEMENT_3D('',#13182,#11165,#11166);
#9447=AXIS2_PLACEMENT_3D('',#13185,#11169,#11170);
#9448=AXIS2_PLACEMENT_3D('',#13186,#11171,#11172);
#9449=AXIS2_PLACEMENT_3D('',#13187,#11173,#11174);
#9450=AXIS2_PLACEMENT_3D('',#13190,#11177,#11178);
#9451=AXIS2_PLACEMENT_3D('',#13191,#11179,#11180);
#9452=AXIS2_PLACEMENT_3D('',#13192,#11181,#11182);
#9453=AXIS2_PLACEMENT_3D('',#13195,#11185,#11186);
#9454=AXIS2_PLACEMENT_3D('',#13196,#11187,#11188);
#9455=AXIS2_PLACEMENT_3D('',#13197,#11189,#11190);
#9456=AXIS2_PLACEMENT_3D('',#13200,#11193,#11194);
#9457=AXIS2_PLACEMENT_3D('',#13201,#11195,#11196);
#9458=DIRECTION('',(0.,0.,1.));
#9459=DIRECTION('',(1.,0.,0.));
#9460=DIRECTION('',(0.,1.,0.));
#9461=DIRECTION('',(0.,0.,1.));
#9462=DIRECTION('',(-0.707106781186548,0.,-0.707106781186548));
#9463=DIRECTION('',(0.,0.,1.));
#9464=DIRECTION('',(-1.,0.,0.));
#9465=DIRECTION('',(0.,1.,0.));
#9466=DIRECTION('',(0.,0.,1.));
#9467=DIRECTION('',(-0.707106781186548,0.,-0.707106781186548));
#9468=DIRECTION('',(0.,0.,1.));
#9469=DIRECTION('',(-1.,0.,0.));
#9470=DIRECTION('',(0.,1.,0.));
#9471=DIRECTION('',(0.,0.,1.));
#9472=DIRECTION('',(-0.707106781186548,0.,-0.707106781186548));
#9473=DIRECTION('',(0.,0.,1.));
#9474=DIRECTION('',(-1.,0.,0.));
#9475=DIRECTION('',(0.,1.,0.));
#9476=DIRECTION('',(0.,0.,1.));
#9477=DIRECTION('',(-0.707106781186548,0.,-0.707106781186548));
#9478=DIRECTION('',(0.,0.,1.));
#9479=DIRECTION('',(-1.,0.,0.));
#9480=DIRECTION('',(0.,1.,0.));
#9481=DIRECTION('',(0.,0.,1.));
#9482=DIRECTION('',(-0.707106781186548,0.,-0.707106781186548));
#9483=DIRECTION('',(0.,0.,1.));
#9484=DIRECTION('',(-1.,0.,0.));
#9485=DIRECTION('',(0.,1.,0.));
#9486=DIRECTION('',(0.,0.,1.));
#9487=DIRECTION('',(-0.707106781186548,0.,-0.707106781186548));
#9488=DIRECTION('',(0.,0.,1.));
#9489=DIRECTION('',(-1.,0.,0.));
#9490=DIRECTION('',(0.,1.,0.));
#9491=DIRECTION('',(0.,0.,1.));
#9492=DIRECTION('',(-0.707106781186548,0.,-0.707106781186548));
#9493=DIRECTION('',(0.,0.,1.));
#9494=DIRECTION('',(-1.,0.,0.));
#9495=DIRECTION('',(0.,1.,0.));
#9496=DIRECTION('',(0.,0.,1.));
#9497=DIRECTION('',(-0.707106781186548,0.,-0.707106781186548));
#9498=DIRECTION('',(0.,0.,1.));
#9499=DIRECTION('',(-1.,0.,0.));
#9500=DIRECTION('',(0.,-1.,0.));
#9501=DIRECTION('',(0.,0.,-1.));
#9502=DIRECTION('',(-1.,0.,0.));
#9503=DIRECTION('',(0.,0.,1.));
#9504=DIRECTION('',(-1.,0.,0.));
#9505=DIRECTION('',(0.,0.,-1.));
#9506=DIRECTION('',(-1.,0.,0.));
#9507=DIRECTION('',(0.,0.,1.));
#9508=DIRECTION('',(-1.,0.,0.));
#9509=DIRECTION('',(0.,0.,-1.));
#9510=DIRECTION('',(-1.,0.,0.));
#9511=DIRECTION('',(0.,0.,1.));
#9512=DIRECTION('',(-1.,0.,0.));
#9513=DIRECTION('',(0.,0.,-1.));
#9514=DIRECTION('',(-1.,0.,0.));
#9515=DIRECTION('',(0.,0.,1.));
#9516=DIRECTION('',(-1.,0.,0.));
#9517=DIRECTION('',(0.,0.,-1.));
#9518=DIRECTION('',(-1.,0.,0.));
#9519=DIRECTION('',(0.,-1.,0.));
#9520=DIRECTION('',(0.,0.,-1.));
#9521=DIRECTION('',(-1.,0.,0.));
#9522=DIRECTION('',(0.,0.,-1.));
#9523=DIRECTION('',(-1.,0.,0.));
#9524=DIRECTION('',(0.,-1.,0.));
#9525=DIRECTION('',(0.,0.,-1.));
#9526=DIRECTION('',(-1.,0.,0.));
#9527=DIRECTION('',(0.,0.,-1.));
#9528=DIRECTION('',(-1.,0.,0.));
#9529=DIRECTION('',(0.,0.,-1.));
#9530=DIRECTION('',(-1.,0.,0.));
#9531=DIRECTION('',(0.,0.,-1.));
#9532=DIRECTION('',(-1.,0.,0.));
#9533=DIRECTION('',(0.,-1.,0.));
#9534=DIRECTION('',(0.,0.,-1.));
#9535=DIRECTION('',(-1.,0.,0.));
#9536=DIRECTION('',(0.,0.,-1.));
#9537=DIRECTION('',(-1.,0.,0.));
#9538=DIRECTION('',(0.,-1.,0.));
#9539=DIRECTION('',(0.,0.,-1.));
#9540=DIRECTION('',(-1.,0.,0.));
#9541=DIRECTION('',(0.,0.,-1.));
#9542=DIRECTION('',(-1.,0.,0.));
#9543=DIRECTION('',(0.,-1.,0.));
#9544=DIRECTION('',(0.,0.,-1.));
#9545=DIRECTION('',(-1.,0.,0.));
#9546=DIRECTION('',(0.,0.,-1.));
#9547=DIRECTION('',(-1.,0.,0.));
#9548=DIRECTION('',(0.,-1.,0.));
#9549=DIRECTION('',(0.,0.,-1.));
#9550=DIRECTION('',(-1.,0.,0.));
#9551=DIRECTION('',(0.,0.,-1.));
#9552=DIRECTION('',(-1.,0.,0.));
#9553=DIRECTION('',(0.,-1.,0.));
#9554=DIRECTION('',(0.,0.,-1.));
#9555=DIRECTION('',(-1.,0.,0.));
#9556=DIRECTION('',(0.,0.,-1.));
#9557=DIRECTION('',(-1.,0.,0.));
#9558=DIRECTION('',(0.,-1.,0.));
#9559=DIRECTION('',(0.,0.,-1.));
#9560=DIRECTION('',(-1.,0.,0.));
#9561=DIRECTION('',(0.,0.,-1.));
#9562=DIRECTION('',(-1.,0.,0.));
#9563=DIRECTION('',(0.,0.,1.));
#9564=DIRECTION('',(-1.,0.,0.));
#9565=DIRECTION('',(0.,0.,-1.));
#9566=DIRECTION('',(-1.,0.,0.));
#9567=DIRECTION('',(0.,0.,1.));
#9568=DIRECTION('',(-1.,0.,0.));
#9569=DIRECTION('',(0.,0.,-1.));
#9570=DIRECTION('',(-1.,0.,0.));
#9571=DIRECTION('',(0.,0.,1.));
#9572=DIRECTION('',(-1.,0.,0.));
#9573=DIRECTION('',(0.,0.,-1.));
#9574=DIRECTION('',(-1.,0.,0.));
#9575=DIRECTION('',(0.,0.,1.));
#9576=DIRECTION('',(-1.,0.,0.));
#9577=DIRECTION('',(0.,0.,-1.));
#9578=DIRECTION('',(0.,0.,-1.));
#9579=DIRECTION('',(-1.,0.,0.));
#9580=DIRECTION('',(0.,0.447213595499958,0.894427190999916));
#9581=DIRECTION('',(0.,0.894427190999916,-0.447213595499958));
#9582=DIRECTION('',(0.,0.,-1.));
#9583=DIRECTION('',(0.,0.447213595499958,-0.894427190999916));
#9584=DIRECTION('',(0.,-0.894427190999916,-0.447213595499958));
#9585=DIRECTION('',(-0.707106781186548,-0.707106781186547,0.));
#9586=DIRECTION('',(0.707106781186547,-0.707106781186548,0.));
#9587=DIRECTION('',(0.666666666666666,-0.666666666666667,-0.333333333333334));
#9588=DIRECTION('',(0.,0.,-1.));
#9589=DIRECTION('',(-0.666666666666666,0.666666666666667,-0.333333333333334));
#9590=DIRECTION('',(-0.707106781186548,-0.707106781186548,0.));
#9591=DIRECTION('',(0.707106781186548,-0.707106781186548,0.));
#9592=DIRECTION('',(0.666666666666666,-0.666666666666667,-0.333333333333334));
#9593=DIRECTION('',(0.,0.,-1.));
#9594=DIRECTION('',(-0.666666666666666,0.666666666666667,-0.333333333333334));
#9595=DIRECTION('',(-0.707106781186548,-0.707106781186548,0.));
#9596=DIRECTION('',(0.707106781186548,-0.707106781186548,0.));
#9597=DIRECTION('',(0.666666666666666,-0.666666666666667,-0.333333333333334));
#9598=DIRECTION('',(0.,0.,-1.));
#9599=DIRECTION('',(-0.666666666666666,0.666666666666667,-0.333333333333334));
#9600=DIRECTION('',(-0.707106781186548,-0.707106781186548,0.));
#9601=DIRECTION('',(0.707106781186548,-0.707106781186548,0.));
#9602=DIRECTION('',(0.666666666666666,-0.666666666666667,-0.333333333333334));
#9603=DIRECTION('',(0.,0.,-1.));
#9604=DIRECTION('',(-0.666666666666666,0.666666666666667,-0.333333333333334));
#9605=DIRECTION('',(-0.707106781186548,-0.707106781186548,0.));
#9606=DIRECTION('',(0.707106781186548,-0.707106781186548,0.));
#9607=DIRECTION('',(0.666666666666666,-0.666666666666667,-0.333333333333334));
#9608=DIRECTION('',(0.,0.,-1.));
#9609=DIRECTION('',(-0.666666666666666,0.666666666666667,-0.333333333333334));
#9610=DIRECTION('',(-0.707106781186548,-0.707106781186548,0.));
#9611=DIRECTION('',(0.707106781186548,-0.707106781186548,0.));
#9612=DIRECTION('',(0.666666666666666,-0.666666666666667,-0.333333333333334));
#9613=DIRECTION('',(0.,0.,-1.));
#9614=DIRECTION('',(-0.666666666666666,0.666666666666667,-0.333333333333334));
#9615=DIRECTION('',(-0.707106781186548,-0.707106781186548,0.));
#9616=DIRECTION('',(0.707106781186548,-0.707106781186548,0.));
#9617=DIRECTION('',(0.666666666666666,-0.666666666666667,-0.333333333333334));
#9618=DIRECTION('',(0.,0.,-1.));
#9619=DIRECTION('',(-0.707106781186547,0.707106781186548,0.));
#9620=DIRECTION('',(0.,0.,-1.));
#9621=DIRECTION('',(-0.707106781186547,0.707106781186548,0.));
#9622=DIRECTION('',(0.,0.,-1.));
#9623=DIRECTION('',(-0.666666666666666,0.666666666666667,-0.333333333333334));
#9624=DIRECTION('',(-0.707106781186548,-0.707106781186548,0.));
#9625=DIRECTION('',(0.707106781186548,-0.707106781186548,0.));
#9626=DIRECTION('',(0.666666666666666,-0.666666666666667,-0.333333333333334));
#9627=DIRECTION('',(-0.666666666666666,0.666666666666667,-0.333333333333334));
#9628=DIRECTION('',(-0.707106781186548,-0.707106781186548,0.));
#9629=DIRECTION('',(0.707106781186548,-0.707106781186548,0.));
#9630=DIRECTION('',(0.,1.,0.));
#9631=DIRECTION('',(0.,0.,1.));
#9632=DIRECTION('',(0.,-0.894427190999916,-0.447213595499958));
#9633=DIRECTION('',(0.,-1.,0.));
#9634=DIRECTION('',(0.,0.,-1.));
#9635=DIRECTION('',(0.,-0.894427190999916,0.447213595499958));
#9636=DIRECTION('',(0.,-1.,0.));
#9637=DIRECTION('',(0.,0.,-1.));
#9638=DIRECTION('',(0.,-1.,0.));
#9639=DIRECTION('',(0.,-1.,0.));
#9640=DIRECTION('',(0.,0.,-1.));
#9641=DIRECTION('',(0.,-1.,0.));
#9642=DIRECTION('',(0.,1.,0.));
#9643=DIRECTION('',(0.,0.,1.));
#9644=DIRECTION('',(0.,-0.894427190999916,-0.447213595499958));
#9645=DIRECTION('',(0.,-1.,0.));
#9646=DIRECTION('',(0.,0.,-1.));
#9647=DIRECTION('',(0.,-0.894427190999916,0.447213595499958));
#9648=DIRECTION('',(0.,-1.,0.));
#9649=DIRECTION('',(0.,0.,-1.));
#9650=DIRECTION('',(0.,-1.,0.));
#9651=DIRECTION('',(0.,-1.,0.));
#9652=DIRECTION('',(0.,0.,-1.));
#9653=DIRECTION('',(0.,-1.,0.));
#9654=DIRECTION('',(0.,1.,0.));
#9655=DIRECTION('',(0.,0.,1.));
#9656=DIRECTION('',(0.,-0.894427190999916,-0.447213595499958));
#9657=DIRECTION('',(0.,-1.,0.));
#9658=DIRECTION('',(0.,0.,-1.));
#9659=DIRECTION('',(0.,-0.894427190999916,0.447213595499958));
#9660=DIRECTION('',(0.,-1.,0.));
#9661=DIRECTION('',(0.,0.,-1.));
#9662=DIRECTION('',(0.,-1.,0.));
#9663=DIRECTION('',(0.,-1.,0.));
#9664=DIRECTION('',(0.,0.,-1.));
#9665=DIRECTION('',(0.,-1.,0.));
#9666=DIRECTION('',(0.,1.,0.));
#9667=DIRECTION('',(0.,0.,1.));
#9668=DIRECTION('',(0.,-0.894427190999916,-0.447213595499958));
#9669=DIRECTION('',(0.,-1.,0.));
#9670=DIRECTION('',(0.,0.,-1.));
#9671=DIRECTION('',(0.,-0.894427190999916,0.447213595499958));
#9672=DIRECTION('',(0.,-1.,0.));
#9673=DIRECTION('',(0.,0.,-1.));
#9674=DIRECTION('',(0.,-1.,0.));
#9675=DIRECTION('',(0.,-1.,0.));
#9676=DIRECTION('',(0.,0.,-1.));
#9677=DIRECTION('',(0.,-1.,0.));
#9678=DIRECTION('',(0.,1.,0.));
#9679=DIRECTION('',(0.,0.,1.));
#9680=DIRECTION('',(0.,-0.894427190999916,-0.447213595499958));
#9681=DIRECTION('',(0.,-1.,0.));
#9682=DIRECTION('',(0.,0.,-1.));
#9683=DIRECTION('',(0.,-0.894427190999916,0.447213595499958));
#9684=DIRECTION('',(0.,-1.,0.));
#9685=DIRECTION('',(0.,0.,-1.));
#9686=DIRECTION('',(0.,-1.,0.));
#9687=DIRECTION('',(0.,-1.,0.));
#9688=DIRECTION('',(0.,0.,-1.));
#9689=DIRECTION('',(0.,-1.,0.));
#9690=DIRECTION('',(0.,1.,0.));
#9691=DIRECTION('',(0.,0.,1.));
#9692=DIRECTION('',(0.,-0.894427190999916,-0.447213595499958));
#9693=DIRECTION('',(0.,-1.,0.));
#9694=DIRECTION('',(0.,0.,-1.));
#9695=DIRECTION('',(0.,-0.894427190999916,0.447213595499958));
#9696=DIRECTION('',(0.,-1.,0.));
#9697=DIRECTION('',(0.,0.,-1.));
#9698=DIRECTION('',(0.,-1.,0.));
#9699=DIRECTION('',(0.,-1.,0.));
#9700=DIRECTION('',(0.,0.,-1.));
#9701=DIRECTION('',(0.,-1.,0.));
#9702=DIRECTION('',(0.,1.,0.));
#9703=DIRECTION('',(0.,0.,1.));
#9704=DIRECTION('',(0.,-0.894427190999916,-0.447213595499958));
#9705=DIRECTION('',(0.,-1.,0.));
#9706=DIRECTION('',(0.,0.,-1.));
#9707=DIRECTION('',(0.,-0.894427190999916,0.447213595499958));
#9708=DIRECTION('',(0.,-1.,0.));
#9709=DIRECTION('',(0.,0.,-1.));
#9710=DIRECTION('',(0.,-1.,0.));
#9711=DIRECTION('',(0.,-1.,0.));
#9712=DIRECTION('',(0.,0.,-1.));
#9713=DIRECTION('',(0.,-1.,0.));
#9714=DIRECTION('',(0.,0.,-1.));
#9715=DIRECTION('',(-1.,0.,0.));
#9716=DIRECTION('',(0.,0.447213595499958,-0.894427190999916));
#9717=DIRECTION('',(0.,-0.894427190999916,-0.447213595499958));
#9718=DIRECTION('',(0.,0.447213595499958,0.894427190999916));
#9719=DIRECTION('',(0.,0.894427190999916,-0.447213595499958));
#9720=DIRECTION('',(0.,0.,-1.));
#9721=DIRECTION('',(-1.,0.,0.));
#9722=DIRECTION('',(0.,0.447213595499958,-0.894427190999916));
#9723=DIRECTION('',(0.,-0.894427190999916,-0.447213595499958));
#9724=DIRECTION('',(0.,0.447213595499958,0.894427190999916));
#9725=DIRECTION('',(0.,0.894427190999916,-0.447213595499958));
#9726=DIRECTION('',(0.,0.,-1.));
#9727=DIRECTION('',(-1.,0.,0.));
#9728=DIRECTION('',(0.,0.447213595499958,-0.894427190999916));
#9729=DIRECTION('',(0.,-0.894427190999916,-0.447213595499958));
#9730=DIRECTION('',(0.,0.447213595499958,0.894427190999916));
#9731=DIRECTION('',(0.,0.894427190999916,-0.447213595499958));
#9732=DIRECTION('',(0.,0.,-1.));
#9733=DIRECTION('',(-1.,0.,0.));
#9734=DIRECTION('',(0.,0.447213595499958,-0.894427190999916));
#9735=DIRECTION('',(0.,-0.894427190999916,-0.447213595499958));
#9736=DIRECTION('',(0.,0.447213595499958,0.894427190999916));
#9737=DIRECTION('',(0.,0.894427190999916,-0.447213595499958));
#9738=DIRECTION('',(0.,0.,-1.));
#9739=DIRECTION('',(-1.,0.,0.));
#9740=DIRECTION('',(0.,0.447213595499958,-0.894427190999916));
#9741=DIRECTION('',(0.,-0.894427190999916,-0.447213595499958));
#9742=DIRECTION('',(0.,0.447213595499958,0.894427190999916));
#9743=DIRECTION('',(0.,0.894427190999916,-0.447213595499958));
#9744=DIRECTION('',(0.,0.,-1.));
#9745=DIRECTION('',(-1.,0.,0.));
#9746=DIRECTION('',(0.,0.447213595499958,-0.894427190999916));
#9747=DIRECTION('',(0.,-0.894427190999916,-0.447213595499958));
#9748=DIRECTION('',(0.,0.447213595499958,0.894427190999916));
#9749=DIRECTION('',(0.,0.894427190999916,-0.447213595499958));
#9750=DIRECTION('',(0.,0.,-1.));
#9751=DIRECTION('',(-1.,0.,0.));
#9752=DIRECTION('',(0.,0.447213595499958,-0.894427190999916));
#9753=DIRECTION('',(0.,-0.894427190999916,-0.447213595499958));
#9754=DIRECTION('',(0.,0.,1.));
#9755=DIRECTION('',(1.,0.,0.));
#9756=DIRECTION('',(0.707106781186548,0.707106781186548,0.));
#9757=DIRECTION('',(-0.707106781186548,0.707106781186548,0.));
#9758=DIRECTION('',(-0.707106781186548,-0.707106781186548,0.));
#9759=DIRECTION('',(0.707106781186548,-0.707106781186548,0.));
#9760=DIRECTION('',(-0.707106781186548,-0.707106781186548,0.));
#9761=DIRECTION('',(0.707106781186548,-0.707106781186548,0.));
#9762=DIRECTION('',(-0.707106781186548,-0.707106781186548,0.));
#9763=DIRECTION('',(-0.707106781186548,-0.707106781186548,0.));
#9764=DIRECTION('',(0.707106781186548,-0.707106781186548,0.));
#9765=DIRECTION('',(-0.707106781186548,-0.707106781186548,0.));
#9766=DIRECTION('',(0.707106781186548,0.707106781186548,0.));
#9767=DIRECTION('',(-0.707106781186548,0.707106781186548,0.));
#9768=DIRECTION('',(0.,0.,-1.));
#9769=DIRECTION('',(-0.707106781186548,0.707106781186548,0.));
#9770=DIRECTION('',(0.707106781186548,-0.707106781186548,0.));
#9771=DIRECTION('',(0.707106781186548,0.707106781186548,0.));
#9772=DIRECTION('',(-0.707106781186548,0.707106781186548,0.));
#9773=DIRECTION('',(-0.707106781186548,-0.707106781186548,0.));
#9774=DIRECTION('',(0.707106781186548,-0.707106781186548,0.));
#9775=DIRECTION('',(-0.707106781186548,-0.707106781186548,0.));
#9776=DIRECTION('',(0.707106781186548,-0.707106781186548,0.));
#9777=DIRECTION('',(-0.707106781186548,-0.707106781186548,0.));
#9778=DIRECTION('',(-0.707106781186548,-0.707106781186548,0.));
#9779=DIRECTION('',(0.707106781186548,-0.707106781186548,0.));
#9780=DIRECTION('',(-0.707106781186548,-0.707106781186548,0.));
#9781=DIRECTION('',(0.707106781186548,0.707106781186548,0.));
#9782=DIRECTION('',(-0.707106781186548,0.707106781186548,0.));
#9783=DIRECTION('',(0.,0.,-1.));
#9784=DIRECTION('',(-0.707106781186548,0.707106781186548,0.));
#9785=DIRECTION('',(0.707106781186548,-0.707106781186548,0.));
#9786=DIRECTION('',(0.707106781186548,0.707106781186548,0.));
#9787=DIRECTION('',(-0.707106781186548,0.707106781186548,0.));
#9788=DIRECTION('',(-0.707106781186548,-0.707106781186548,0.));
#9789=DIRECTION('',(0.707106781186548,-0.707106781186548,0.));
#9790=DIRECTION('',(-0.707106781186548,-0.707106781186548,0.));
#9791=DIRECTION('',(0.707106781186548,-0.707106781186548,0.));
#9792=DIRECTION('',(-0.707106781186548,-0.707106781186548,0.));
#9793=DIRECTION('',(-0.707106781186548,-0.707106781186548,0.));
#9794=DIRECTION('',(0.707106781186548,-0.707106781186548,0.));
#9795=DIRECTION('',(-0.707106781186548,-0.707106781186548,0.));
#9796=DIRECTION('',(0.707106781186548,0.707106781186548,0.));
#9797=DIRECTION('',(-0.707106781186548,0.707106781186548,0.));
#9798=DIRECTION('',(0.,0.,-1.));
#9799=DIRECTION('',(-0.707106781186548,0.707106781186548,0.));
#9800=DIRECTION('',(0.707106781186548,-0.707106781186548,0.));
#9801=DIRECTION('',(0.707106781186548,0.707106781186548,0.));
#9802=DIRECTION('',(-0.707106781186548,0.707106781186548,0.));
#9803=DIRECTION('',(-0.707106781186548,-0.707106781186548,0.));
#9804=DIRECTION('',(0.707106781186548,-0.707106781186548,0.));
#9805=DIRECTION('',(-0.707106781186548,-0.707106781186548,0.));
#9806=DIRECTION('',(0.707106781186548,-0.707106781186548,0.));
#9807=DIRECTION('',(-0.707106781186548,-0.707106781186548,0.));
#9808=DIRECTION('',(-0.707106781186548,-0.707106781186548,0.));
#9809=DIRECTION('',(0.707106781186548,-0.707106781186548,0.));
#9810=DIRECTION('',(-0.707106781186548,-0.707106781186548,0.));
#9811=DIRECTION('',(0.707106781186548,0.707106781186548,0.));
#9812=DIRECTION('',(-0.707106781186548,0.707106781186548,0.));
#9813=DIRECTION('',(0.,0.,-1.));
#9814=DIRECTION('',(-0.707106781186548,0.707106781186548,0.));
#9815=DIRECTION('',(0.707106781186548,-0.707106781186548,0.));
#9816=DIRECTION('',(0.707106781186548,0.707106781186548,0.));
#9817=DIRECTION('',(-0.707106781186548,0.707106781186548,0.));
#9818=DIRECTION('',(-0.707106781186548,-0.707106781186548,0.));
#9819=DIRECTION('',(0.707106781186548,-0.707106781186548,0.));
#9820=DIRECTION('',(-0.707106781186548,-0.707106781186548,0.));
#9821=DIRECTION('',(0.707106781186548,-0.707106781186548,0.));
#9822=DIRECTION('',(-0.707106781186548,-0.707106781186548,0.));
#9823=DIRECTION('',(-0.707106781186548,-0.707106781186548,0.));
#9824=DIRECTION('',(0.707106781186548,-0.707106781186548,0.));
#9825=DIRECTION('',(-0.707106781186548,-0.707106781186548,0.));
#9826=DIRECTION('',(0.707106781186548,0.707106781186548,0.));
#9827=DIRECTION('',(-0.707106781186548,0.707106781186548,0.));
#9828=DIRECTION('',(0.,0.,-1.));
#9829=DIRECTION('',(-0.707106781186548,0.707106781186548,0.));
#9830=DIRECTION('',(0.707106781186548,-0.707106781186548,0.));
#9831=DIRECTION('',(0.707106781186548,0.707106781186548,0.));
#9832=DIRECTION('',(-0.707106781186548,0.707106781186548,0.));
#9833=DIRECTION('',(-0.707106781186548,-0.707106781186548,0.));
#9834=DIRECTION('',(0.707106781186548,-0.707106781186548,0.));
#9835=DIRECTION('',(-0.707106781186548,-0.707106781186548,0.));
#9836=DIRECTION('',(0.707106781186548,-0.707106781186548,0.));
#9837=DIRECTION('',(-0.707106781186548,-0.707106781186548,0.));
#9838=DIRECTION('',(-0.707106781186548,-0.707106781186548,0.));
#9839=DIRECTION('',(0.707106781186548,-0.707106781186548,0.));
#9840=DIRECTION('',(-0.707106781186548,-0.707106781186548,0.));
#9841=DIRECTION('',(0.707106781186548,0.707106781186548,0.));
#9842=DIRECTION('',(-0.707106781186548,0.707106781186548,0.));
#9843=DIRECTION('',(0.,0.,-1.));
#9844=DIRECTION('',(-0.707106781186548,0.707106781186548,0.));
#9845=DIRECTION('',(0.707106781186548,-0.707106781186548,0.));
#9846=DIRECTION('',(0.707106781186548,0.707106781186548,0.));
#9847=DIRECTION('',(-0.707106781186548,0.707106781186548,0.));
#9848=DIRECTION('',(-0.707106781186548,-0.707106781186548,0.));
#9849=DIRECTION('',(0.707106781186548,-0.707106781186548,0.));
#9850=DIRECTION('',(-0.707106781186548,-0.707106781186548,0.));
#9851=DIRECTION('',(0.707106781186548,-0.707106781186548,0.));
#9852=DIRECTION('',(-0.707106781186548,-0.707106781186548,0.));
#9853=DIRECTION('',(-0.707106781186548,-0.707106781186548,0.));
#9854=DIRECTION('',(0.707106781186548,-0.707106781186548,0.));
#9855=DIRECTION('',(-0.707106781186548,-0.707106781186548,0.));
#9856=DIRECTION('',(0.707106781186548,0.707106781186548,0.));
#9857=DIRECTION('',(-0.707106781186548,0.707106781186548,0.));
#9858=DIRECTION('',(0.,0.,-1.));
#9859=DIRECTION('',(-0.707106781186548,0.707106781186548,0.));
#9860=DIRECTION('',(0.707106781186548,-0.707106781186548,0.));
#9861=DIRECTION('',(0.,1.,0.));
#9862=DIRECTION('',(0.,0.,1.));
#9863=DIRECTION('',(0.,-0.894427190999916,-0.447213595499958));
#9864=DIRECTION('',(0.,-1.,0.));
#9865=DIRECTION('',(0.,0.,-1.));
#9866=DIRECTION('',(0.,-0.894427190999916,0.447213595499958));
#9867=DIRECTION('',(0.,-1.,0.));
#9868=DIRECTION('',(0.,0.,-1.));
#9869=DIRECTION('',(0.,-1.,0.));
#9870=DIRECTION('',(0.,-1.,0.));
#9871=DIRECTION('',(0.,0.,-1.));
#9872=DIRECTION('',(0.,-1.,0.));
#9873=DIRECTION('',(0.,0.,-1.));
#9874=DIRECTION('',(-1.,0.,0.));
#9875=DIRECTION('',(0.,0.447213595499958,0.894427190999916));
#9876=DIRECTION('',(0.,0.894427190999916,-0.447213595499958));
#9877=DIRECTION('',(0.,0.,1.));
#9878=DIRECTION('',(1.,0.,0.));
#9879=DIRECTION('',(0.707106781186548,0.707106781186548,0.));
#9880=DIRECTION('',(-0.707106781186548,0.707106781186548,0.));
#9881=DIRECTION('',(-0.707106781186548,-0.707106781186548,0.));
#9882=DIRECTION('',(0.707106781186548,-0.707106781186548,0.));
#9883=DIRECTION('',(-0.707106781186548,-0.707106781186548,0.));
#9884=DIRECTION('',(0.707106781186548,-0.707106781186548,0.));
#9885=DIRECTION('',(-0.707106781186548,-0.707106781186548,0.));
#9886=DIRECTION('',(-0.707106781186548,-0.707106781186548,0.));
#9887=DIRECTION('',(0.707106781186548,-0.707106781186548,0.));
#9888=DIRECTION('',(-0.707106781186548,-0.707106781186548,0.));
#9889=DIRECTION('',(0.707106781186548,0.707106781186548,0.));
#9890=DIRECTION('',(-0.707106781186548,0.707106781186548,0.));
#9891=DIRECTION('',(0.,0.,-1.));
#9892=DIRECTION('',(-0.707106781186548,0.707106781186548,0.));
#9893=DIRECTION('',(0.707106781186548,-0.707106781186548,0.));
#9894=DIRECTION('',(0.,1.,0.));
#9895=DIRECTION('',(0.,0.,1.));
#9896=DIRECTION('',(-1.,0.,0.));
#9897=DIRECTION('',(-1.,0.,0.));
#9898=DIRECTION('',(0.,1.,0.));
#9899=DIRECTION('',(0.,0.,1.));
#9900=DIRECTION('',(-1.,0.,0.));
#9901=DIRECTION('',(-1.,0.,0.));
#9902=DIRECTION('',(0.,1.,0.));
#9903=DIRECTION('',(0.,0.,1.));
#9904=DIRECTION('',(-1.,0.,0.));
#9905=DIRECTION('',(-1.,0.,0.));
#9906=DIRECTION('',(0.,1.,0.));
#9907=DIRECTION('',(0.,0.,1.));
#9908=DIRECTION('',(-1.,0.,0.));
#9909=DIRECTION('',(-1.,0.,0.));
#9910=DIRECTION('',(0.,1.,0.));
#9911=DIRECTION('',(0.,0.,1.));
#9912=DIRECTION('',(-1.,0.,0.));
#9913=DIRECTION('',(-1.,0.,0.));
#9914=DIRECTION('',(0.,1.,0.));
#9915=DIRECTION('',(0.,0.,1.));
#9916=DIRECTION('',(-1.,0.,0.));
#9917=DIRECTION('',(-1.,0.,0.));
#9918=DIRECTION('',(0.,1.,0.));
#9919=DIRECTION('',(0.,0.,1.));
#9920=DIRECTION('',(-1.,0.,0.));
#9921=DIRECTION('',(-1.,0.,0.));
#9922=DIRECTION('',(0.,1.,0.));
#9923=DIRECTION('',(0.,0.,1.));
#9924=DIRECTION('',(-1.,0.,0.));
#9925=DIRECTION('',(-1.,0.,0.));
#9926=DIRECTION('',(-1.35525271560688E-17,1.,0.));
#9927=DIRECTION('',(-1.,-1.35525271560688E-17,0.));
#9928=DIRECTION('',(-1.,-1.35525271560688E-17,0.));
#9929=DIRECTION('',(0.,0.,-1.));
#9930=DIRECTION('',(1.,1.35525271560688E-17,0.));
#9931=DIRECTION('',(0.,0.,-1.));
#9932=DIRECTION('',(-1.,-1.35525271560688E-17,0.));
#9933=DIRECTION('',(0.,0.,-1.));
#9934=DIRECTION('',(1.,1.35525271560688E-17,0.));
#9935=DIRECTION('',(0.,0.,-1.));
#9936=DIRECTION('',(-1.,-1.35525271560688E-17,0.));
#9937=DIRECTION('',(0.,0.,-1.));
#9938=DIRECTION('',(1.,1.35525271560688E-17,0.));
#9939=DIRECTION('',(0.,0.,-1.));
#9940=DIRECTION('',(-1.,-1.35525271560688E-17,0.));
#9941=DIRECTION('',(0.,0.,-1.));
#9942=DIRECTION('',(1.,1.35525271560688E-17,0.));
#9943=DIRECTION('',(0.,0.,-1.));
#9944=DIRECTION('',(-1.,-1.35525271560688E-17,0.));
#9945=DIRECTION('',(0.,0.,-1.));
#9946=DIRECTION('',(1.,1.35525271560688E-17,0.));
#9947=DIRECTION('',(0.,0.,-1.));
#9948=DIRECTION('',(-1.,-1.35525271560688E-17,0.));
#9949=DIRECTION('',(0.,0.,-1.));
#9950=DIRECTION('',(1.,1.35525271560688E-17,0.));
#9951=DIRECTION('',(0.,0.,-1.));
#9952=DIRECTION('',(-1.,-1.35525271560688E-17,0.));
#9953=DIRECTION('',(0.,0.,-1.));
#9954=DIRECTION('',(1.,1.35525271560688E-17,0.));
#9955=DIRECTION('',(0.,0.,-1.));
#9956=DIRECTION('',(-1.,-1.35525271560688E-17,0.));
#9957=DIRECTION('',(0.,0.,-1.));
#9958=DIRECTION('',(1.,1.35525271560688E-17,0.));
#9959=DIRECTION('',(0.,0.,-1.));
#9960=DIRECTION('',(0.,0.,-1.));
#9961=DIRECTION('',(1.,1.35525271560688E-17,0.));
#9962=DIRECTION('',(0.,0.,1.));
#9963=DIRECTION('',(1.,1.35525271560688E-17,0.));
#9964=DIRECTION('',(0.,0.,-1.));
#9965=DIRECTION('',(1.,1.35525271560688E-17,0.));
#9966=DIRECTION('',(0.,0.,1.));
#9967=DIRECTION('',(1.,1.35525271560688E-17,0.));
#9968=DIRECTION('',(0.,0.,-1.));
#9969=DIRECTION('',(1.,1.35525271560688E-17,0.));
#9970=DIRECTION('',(0.,0.,-1.));
#9971=DIRECTION('',(1.,1.35525271560688E-17,0.));
#9972=DIRECTION('',(0.,0.,-1.));
#9973=DIRECTION('',(1.,1.35525271560688E-17,0.));
#9974=DIRECTION('',(0.,0.,-1.));
#9975=DIRECTION('',(1.,1.35525271560688E-17,0.));
#9976=DIRECTION('',(0.,0.,-1.));
#9977=DIRECTION('',(1.,1.35525271560688E-17,0.));
#9978=DIRECTION('',(0.,0.,-1.));
#9979=DIRECTION('',(1.,1.35525271560688E-17,0.));
#9980=DIRECTION('',(0.,0.,-1.));
#9981=DIRECTION('',(1.,1.35525271560688E-17,0.));
#9982=DIRECTION('',(0.,0.,-1.));
#9983=DIRECTION('',(1.,1.35525271560688E-17,0.));
#9984=DIRECTION('',(0.,0.,-1.));
#9985=DIRECTION('',(1.,1.35525271560688E-17,0.));
#9986=DIRECTION('',(0.,0.,-1.));
#9987=DIRECTION('',(1.,1.35525271560688E-17,0.));
#9988=DIRECTION('',(0.,0.,-1.));
#9989=DIRECTION('',(1.,1.35525271560688E-17,0.));
#9990=DIRECTION('',(0.,0.,-1.));
#9991=DIRECTION('',(1.,1.35525271560688E-17,0.));
#9992=DIRECTION('',(0.,0.,-1.));
#9993=DIRECTION('',(1.,1.35525271560688E-17,0.));
#9994=DIRECTION('',(0.,0.,-1.));
#9995=DIRECTION('',(1.,1.35525271560688E-17,0.));
#9996=DIRECTION('',(0.,0.,-1.));
#9997=DIRECTION('',(1.,1.35525271560688E-17,0.));
#9998=DIRECTION('',(0.,0.,-1.));
#9999=DIRECTION('',(1.,1.35525271560688E-17,0.));
#10000=DIRECTION('',(0.,0.,-1.));
#10001=DIRECTION('',(1.,0.,0.));
#10002=DIRECTION('',(0.,0.,-1.));
#10003=DIRECTION('',(1.,1.35525271560688E-17,0.));
#10004=DIRECTION('',(0.,0.,-1.));
#10005=DIRECTION('',(1.,1.35525271560688E-17,0.));
#10006=DIRECTION('',(0.,0.,1.));
#10007=DIRECTION('',(1.,1.35525271560688E-17,0.));
#10008=DIRECTION('',(0.,0.,-1.));
#10009=DIRECTION('',(1.,1.35525271560688E-17,0.));
#10010=DIRECTION('',(0.,0.,1.));
#10011=DIRECTION('',(1.,1.35525271560688E-17,0.));
#10012=DIRECTION('',(0.,0.,-1.));
#10013=DIRECTION('',(1.,1.35525271560688E-17,0.));
#10014=DIRECTION('',(0.,0.,1.));
#10015=DIRECTION('',(1.,1.35525271560688E-17,0.));
#10016=DIRECTION('',(0.,0.,-1.));
#10017=DIRECTION('',(1.,1.35525271560688E-17,0.));
#10018=DIRECTION('',(0.,0.,1.));
#10019=DIRECTION('',(1.,1.35525271560688E-17,0.));
#10020=DIRECTION('',(0.,0.,-1.));
#10021=DIRECTION('',(1.,1.35525271560688E-17,0.));
#10022=DIRECTION('',(0.,0.,1.));
#10023=DIRECTION('',(1.,1.35525271560688E-17,0.));
#10024=DIRECTION('',(0.,0.,-1.));
#10025=DIRECTION('',(1.,1.35525271560688E-17,0.));
#10026=DIRECTION('',(0.,0.,1.));
#10027=DIRECTION('',(1.,1.35525271560688E-17,0.));
#10028=DIRECTION('',(1.,0.,0.));
#10029=DIRECTION('',(0.,0.,-1.));
#10030=DIRECTION('',(0.,-1.,0.));
#10031=DIRECTION('',(0.,0.,-1.));
#10032=DIRECTION('',(0.,-1.,0.));
#10033=DIRECTION('',(0.,0.,-1.));
#10034=DIRECTION('',(0.,0.,-1.));
#10035=DIRECTION('',(-1.,0.,0.));
#10036=DIRECTION('',(0.,0.,1.));
#10037=DIRECTION('',(1.,0.,0.));
#10038=DIRECTION('',(0.,0.,-1.));
#10039=DIRECTION('',(0.,0.,1.));
#10040=DIRECTION('',(1.,0.,0.));
#10041=DIRECTION('',(1.,0.,0.));
#10042=DIRECTION('',(0.,0.,-1.));
#10043=DIRECTION('',(0.,-1.,0.));
#10044=DIRECTION('',(0.,0.,-1.));
#10045=DIRECTION('',(0.,-1.,0.));
#10046=DIRECTION('',(0.,0.,-1.));
#10047=DIRECTION('',(-1.,0.,0.));
#10048=DIRECTION('',(0.,0.,1.));
#10049=DIRECTION('',(1.,0.,0.));
#10050=DIRECTION('',(0.,0.,-1.));
#10051=DIRECTION('',(0.,0.,1.));
#10052=DIRECTION('',(1.,0.,0.));
#10053=DIRECTION('',(1.,0.,0.));
#10054=DIRECTION('',(0.,0.,-1.));
#10055=DIRECTION('',(0.,-1.,0.));
#10056=DIRECTION('',(0.,0.,-1.));
#10057=DIRECTION('',(0.,-1.,0.));
#10058=DIRECTION('',(0.,-1.,0.));
#10059=DIRECTION('',(0.,0.,-1.));
#10060=DIRECTION('',(0.,-1.,0.));
#10061=DIRECTION('',(0.,-1.,0.));
#10062=DIRECTION('',(0.,0.,-1.));
#10063=DIRECTION('',(0.,-1.,0.));
#10064=DIRECTION('',(0.,-1.,0.));
#10065=DIRECTION('',(0.,0.,-1.));
#10066=DIRECTION('',(0.,-1.,0.));
#10067=DIRECTION('',(0.,-1.,0.));
#10068=DIRECTION('',(0.,0.,-1.));
#10069=DIRECTION('',(0.,-1.,0.));
#10070=DIRECTION('',(0.,-1.,0.));
#10071=DIRECTION('',(0.,0.,-1.));
#10072=DIRECTION('',(0.,-1.,0.));
#10073=DIRECTION('',(0.,-1.,0.));
#10074=DIRECTION('',(0.,0.,-1.));
#10075=DIRECTION('',(0.,-1.,0.));
#10076=DIRECTION('',(0.,-1.,0.));
#10077=DIRECTION('',(0.,0.,-1.));
#10078=DIRECTION('',(0.,-1.,0.));
#10079=DIRECTION('',(0.,-1.,0.));
#10080=DIRECTION('',(0.,0.,-1.));
#10081=DIRECTION('',(0.,-1.,0.));
#10082=DIRECTION('',(-1.,0.,0.));
#10083=DIRECTION('',(0.,0.,1.));
#10084=DIRECTION('',(0.,1.,0.));
#10085=DIRECTION('',(0.,0.,-1.));
#10086=DIRECTION('',(0.,1.,0.));
#10087=DIRECTION('',(0.,1.,0.));
#10088=DIRECTION('',(0.,0.,-1.));
#10089=DIRECTION('',(0.,1.,0.));
#10090=DIRECTION('',(0.,0.,-1.));
#10091=DIRECTION('',(0.,1.,0.));
#10092=DIRECTION('',(0.,0.,-1.));
#10093=DIRECTION('',(0.,1.,0.));
#10094=DIRECTION('',(0.,1.,0.));
#10095=DIRECTION('',(0.,0.,-1.));
#10096=DIRECTION('',(0.,1.,0.));
#10097=DIRECTION('',(0.,1.,0.));
#10098=DIRECTION('',(0.,0.,-1.));
#10099=DIRECTION('',(0.,1.,0.));
#10100=DIRECTION('',(0.,1.,0.));
#10101=DIRECTION('',(0.,0.,-1.));
#10102=DIRECTION('',(0.,1.,0.));
#10103=DIRECTION('',(0.,1.,0.));
#10104=DIRECTION('',(0.,0.,-1.));
#10105=DIRECTION('',(0.,1.,0.));
#10106=DIRECTION('',(0.,1.,0.));
#10107=DIRECTION('',(0.,0.,-1.));
#10108=DIRECTION('',(0.,1.,0.));
#10109=DIRECTION('',(0.,1.,0.));
#10110=DIRECTION('',(0.,0.,-1.));
#10111=DIRECTION('',(0.,1.,0.));
#10112=DIRECTION('',(0.,0.,-1.));
#10113=DIRECTION('',(-1.,0.,0.));
#10114=DIRECTION('',(0.,0.,1.));
#10115=DIRECTION('',(1.,0.,0.));
#10116=DIRECTION('',(0.,0.,1.));
#10117=DIRECTION('',(1.,0.,0.));
#10118=DIRECTION('',(0.,0.,-1.));
#10119=DIRECTION('',(-1.,0.,0.));
#10120=DIRECTION('',(0.,0.,1.));
#10121=DIRECTION('',(1.,0.,0.));
#10122=DIRECTION('',(0.,0.,-1.));
#10123=DIRECTION('',(0.,0.,1.));
#10124=DIRECTION('',(1.,0.,0.));
#10125=DIRECTION('',(0.939692620785908,-0.342020143325669,0.));
#10126=DIRECTION('',(0.342020143325669,0.939692620785908,0.));
#10127=DIRECTION('',(-0.342020143325669,-0.939692620785909,0.));
#10128=DIRECTION('',(-0.342020143325669,-0.939692620785909,0.));
#10129=DIRECTION('',(0.,0.,1.));
#10130=DIRECTION('',(1.,0.,0.));
#10131=DIRECTION('',(3.46944695195361E-15,1.,0.));
#10132=DIRECTION('',(1.,0.,0.));
#10133=DIRECTION('',(0.,0.,1.));
#10134=DIRECTION('',(1.,0.,0.));
#10135=DIRECTION('',(0.,0.,1.));
#10136=DIRECTION('',(1.,0.,0.));
#10137=DIRECTION('',(1.,0.,0.));
#10138=DIRECTION('',(1.73472347597681E-15,-1.,0.));
#10139=DIRECTION('',(0.,1.,0.));
#10140=DIRECTION('',(0.,0.,1.));
#10141=DIRECTION('',(0.,0.,-1.));
#10142=DIRECTION('',(1.,0.,0.));
#10143=DIRECTION('',(0.,0.,-1.));
#10144=DIRECTION('',(0.,0.,-1.));
#10145=DIRECTION('',(-1.,0.,0.));
#10146=DIRECTION('',(0.,0.,1.));
#10147=DIRECTION('',(1.,0.,0.));
#10148=DIRECTION('',(0.,0.,1.));
#10149=DIRECTION('',(1.,0.,0.));
#10150=DIRECTION('',(1.73472347597681E-15,-1.,0.));
#10151=DIRECTION('',(1.,1.73472347597681E-15,0.));
#10152=DIRECTION('',(-1.73472347597681E-15,1.,0.));
#10153=DIRECTION('',(0.,0.,1.));
#10154=DIRECTION('',(1.,0.,0.));
#10155=DIRECTION('',(0.,0.,1.));
#10156=DIRECTION('',(1.,0.,0.));
#10157=DIRECTION('',(1.,0.,0.));
#10158=DIRECTION('',(3.46944695195361E-15,1.,0.));
#10159=DIRECTION('',(-1.,3.46944695195361E-15,0.));
#10160=DIRECTION('',(-3.46944695195361E-15,-1.,0.));
#10161=DIRECTION('',(0.,0.,-1.));
#10162=DIRECTION('',(0.,0.,-1.));
#10163=DIRECTION('',(-1.,0.,0.));
#10164=DIRECTION('',(0.,0.,-1.));
#10165=DIRECTION('',(0.,1.,0.));
#10166=DIRECTION('',(0.,0.,1.));
#10167=DIRECTION('',(0.,1.,0.));
#10168=DIRECTION('',(0.,0.,1.));
#10169=DIRECTION('',(1.,0.,0.));
#10170=DIRECTION('',(0.,0.,-1.));
#10171=DIRECTION('',(1.,0.,0.));
#10172=DIRECTION('',(0.,0.,-1.));
#10173=DIRECTION('',(0.,0.,-1.));
#10174=DIRECTION('',(-1.,0.,0.));
#10175=DIRECTION('',(0.,0.,1.));
#10176=DIRECTION('',(1.,0.,0.));
#10177=DIRECTION('',(0.,0.,1.));
#10178=DIRECTION('',(1.,0.,0.));
#10179=DIRECTION('',(0.,0.,1.));
#10180=DIRECTION('',(1.,0.,0.));
#10181=DIRECTION('',(1.73472347597681E-15,-1.,0.));
#10182=DIRECTION('',(0.,0.,1.));
#10183=DIRECTION('',(1.,0.,0.));
#10184=DIRECTION('',(1.73472347597681E-15,-1.,0.));
#10185=DIRECTION('',(1.,1.73472347597681E-15,0.));
#10186=DIRECTION('',(-1.73472347597681E-15,1.,0.));
#10187=DIRECTION('',(-1.,3.46944695195361E-15,0.));
#10188=DIRECTION('',(-3.46944695195361E-15,-1.,0.));
#10189=DIRECTION('',(3.46944695195361E-15,1.,0.));
#10190=DIRECTION('',(3.46944695195361E-15,1.,0.));
#10191=DIRECTION('',(0.,0.,-1.));
#10192=DIRECTION('',(0.,0.,1.));
#10193=DIRECTION('',(1.,0.,0.));
#10194=DIRECTION('',(0.,0.,1.));
#10195=DIRECTION('',(1.,0.,0.));
#10196=DIRECTION('',(1.,0.,0.));
#10197=DIRECTION('',(0.,0.,1.));
#10198=DIRECTION('',(1.,0.,0.));
#10199=DIRECTION('',(1.,0.,0.));
#10200=DIRECTION('',(0.,0.,1.));
#10201=DIRECTION('',(1.,0.,0.));
#10202=DIRECTION('',(0.,0.,-1.));
#10203=DIRECTION('',(-1.,0.,0.));
#10204=DIRECTION('',(0.,0.,-1.));
#10205=DIRECTION('',(0.,1.,0.));
#10206=DIRECTION('',(0.,0.,1.));
#10207=DIRECTION('',(0.,1.,0.));
#10208=DIRECTION('',(0.,0.,1.));
#10209=DIRECTION('',(1.,0.,0.));
#10210=DIRECTION('',(0.,0.,-1.));
#10211=DIRECTION('',(1.,0.,0.));
#10212=DIRECTION('',(0.,0.,-1.));
#10213=DIRECTION('',(0.,0.,-1.));
#10214=DIRECTION('',(-1.,0.,0.));
#10215=DIRECTION('',(0.,0.,1.));
#10216=DIRECTION('',(1.,0.,0.));
#10217=DIRECTION('',(0.,0.,1.));
#10218=DIRECTION('',(1.,0.,0.));
#10219=DIRECTION('',(0.,0.,1.));
#10220=DIRECTION('',(1.,0.,0.));
#10221=DIRECTION('',(1.73472347597681E-15,-1.,0.));
#10222=DIRECTION('',(0.,0.,1.));
#10223=DIRECTION('',(1.,0.,0.));
#10224=DIRECTION('',(1.73472347597681E-15,-1.,0.));
#10225=DIRECTION('',(1.,1.73472347597681E-15,0.));
#10226=DIRECTION('',(-1.73472347597681E-15,1.,0.));
#10227=DIRECTION('',(-1.,3.46944695195361E-15,0.));
#10228=DIRECTION('',(-3.46944695195361E-15,-1.,0.));
#10229=DIRECTION('',(3.46944695195361E-15,1.,0.));
#10230=DIRECTION('',(3.46944695195361E-15,1.,0.));
#10231=DIRECTION('',(0.,0.,-1.));
#10232=DIRECTION('',(0.,0.,1.));
#10233=DIRECTION('',(1.,0.,0.));
#10234=DIRECTION('',(0.,0.,1.));
#10235=DIRECTION('',(1.,0.,0.));
#10236=DIRECTION('',(1.,0.,0.));
#10237=DIRECTION('',(0.,0.,1.));
#10238=DIRECTION('',(1.,0.,0.));
#10239=DIRECTION('',(1.,0.,0.));
#10240=DIRECTION('',(0.,0.,1.));
#10241=DIRECTION('',(1.,0.,0.));
#10242=DIRECTION('',(0.,0.,-1.));
#10243=DIRECTION('',(-1.,0.,0.));
#10244=DIRECTION('',(0.,0.,-1.));
#10245=DIRECTION('',(0.,1.,0.));
#10246=DIRECTION('',(0.,0.,1.));
#10247=DIRECTION('',(0.,1.,0.));
#10248=DIRECTION('',(0.,0.,1.));
#10249=DIRECTION('',(1.,0.,0.));
#10250=DIRECTION('',(0.,0.,-1.));
#10251=DIRECTION('',(1.,0.,0.));
#10252=DIRECTION('',(0.,0.,-1.));
#10253=DIRECTION('',(0.,0.,-1.));
#10254=DIRECTION('',(-1.,0.,0.));
#10255=DIRECTION('',(0.,0.,1.));
#10256=DIRECTION('',(1.,0.,0.));
#10257=DIRECTION('',(0.,0.,1.));
#10258=DIRECTION('',(1.,0.,0.));
#10259=DIRECTION('',(0.,0.,1.));
#10260=DIRECTION('',(1.,0.,0.));
#10261=DIRECTION('',(1.73472347597681E-15,-1.,0.));
#10262=DIRECTION('',(0.,0.,1.));
#10263=DIRECTION('',(1.,0.,0.));
#10264=DIRECTION('',(1.73472347597681E-15,-1.,0.));
#10265=DIRECTION('',(1.,1.73472347597681E-15,0.));
#10266=DIRECTION('',(-1.73472347597681E-15,1.,0.));
#10267=DIRECTION('',(-1.,3.46944695195361E-15,0.));
#10268=DIRECTION('',(-3.46944695195361E-15,-1.,0.));
#10269=DIRECTION('',(3.46944695195361E-15,1.,0.));
#10270=DIRECTION('',(3.46944695195361E-15,1.,0.));
#10271=DIRECTION('',(0.,0.,-1.));
#10272=DIRECTION('',(0.,0.,1.));
#10273=DIRECTION('',(1.,0.,0.));
#10274=DIRECTION('',(0.,0.,1.));
#10275=DIRECTION('',(1.,0.,0.));
#10276=DIRECTION('',(1.,0.,0.));
#10277=DIRECTION('',(0.,0.,1.));
#10278=DIRECTION('',(1.,0.,0.));
#10279=DIRECTION('',(1.,0.,0.));
#10280=DIRECTION('',(0.,0.,1.));
#10281=DIRECTION('',(1.,0.,0.));
#10282=DIRECTION('',(0.,0.,-1.));
#10283=DIRECTION('',(-1.,0.,0.));
#10284=DIRECTION('',(0.,0.,-1.));
#10285=DIRECTION('',(0.,1.,0.));
#10286=DIRECTION('',(0.,0.,1.));
#10287=DIRECTION('',(0.,1.,0.));
#10288=DIRECTION('',(0.,0.,1.));
#10289=DIRECTION('',(1.,0.,0.));
#10290=DIRECTION('',(0.,0.,-1.));
#10291=DIRECTION('',(1.,0.,0.));
#10292=DIRECTION('',(0.,0.,-1.));
#10293=DIRECTION('',(0.,0.,-1.));
#10294=DIRECTION('',(-1.,0.,0.));
#10295=DIRECTION('',(0.,0.,1.));
#10296=DIRECTION('',(1.,0.,0.));
#10297=DIRECTION('',(0.,0.,1.));
#10298=DIRECTION('',(1.,0.,0.));
#10299=DIRECTION('',(0.,0.,1.));
#10300=DIRECTION('',(1.,0.,0.));
#10301=DIRECTION('',(1.73472347597681E-15,-1.,0.));
#10302=DIRECTION('',(0.,0.,1.));
#10303=DIRECTION('',(1.,0.,0.));
#10304=DIRECTION('',(1.73472347597681E-15,-1.,0.));
#10305=DIRECTION('',(1.,1.73472347597681E-15,0.));
#10306=DIRECTION('',(-1.73472347597681E-15,1.,0.));
#10307=DIRECTION('',(-1.,3.46944695195361E-15,0.));
#10308=DIRECTION('',(-3.46944695195361E-15,-1.,0.));
#10309=DIRECTION('',(3.46944695195361E-15,1.,0.));
#10310=DIRECTION('',(3.46944695195361E-15,1.,0.));
#10311=DIRECTION('',(0.,0.,-1.));
#10312=DIRECTION('',(0.,0.,1.));
#10313=DIRECTION('',(1.,0.,0.));
#10314=DIRECTION('',(0.,0.,1.));
#10315=DIRECTION('',(1.,0.,0.));
#10316=DIRECTION('',(1.,0.,0.));
#10317=DIRECTION('',(0.,0.,1.));
#10318=DIRECTION('',(1.,0.,0.));
#10319=DIRECTION('',(1.,0.,0.));
#10320=DIRECTION('',(0.,0.,1.));
#10321=DIRECTION('',(1.,0.,0.));
#10322=DIRECTION('',(0.,0.,-1.));
#10323=DIRECTION('',(-1.,0.,0.));
#10324=DIRECTION('',(0.,0.,-1.));
#10325=DIRECTION('',(0.,1.,0.));
#10326=DIRECTION('',(0.,0.,1.));
#10327=DIRECTION('',(0.,1.,0.));
#10328=DIRECTION('',(0.,0.,1.));
#10329=DIRECTION('',(1.,0.,0.));
#10330=DIRECTION('',(0.,0.,-1.));
#10331=DIRECTION('',(1.,0.,0.));
#10332=DIRECTION('',(0.,0.,-1.));
#10333=DIRECTION('',(0.,0.,-1.));
#10334=DIRECTION('',(-1.,0.,0.));
#10335=DIRECTION('',(0.,0.,1.));
#10336=DIRECTION('',(1.,0.,0.));
#10337=DIRECTION('',(0.,0.,1.));
#10338=DIRECTION('',(1.,0.,0.));
#10339=DIRECTION('',(0.,0.,1.));
#10340=DIRECTION('',(1.,0.,0.));
#10341=DIRECTION('',(1.73472347597681E-15,-1.,0.));
#10342=DIRECTION('',(0.,0.,1.));
#10343=DIRECTION('',(1.,0.,0.));
#10344=DIRECTION('',(1.73472347597681E-15,-1.,0.));
#10345=DIRECTION('',(1.,1.73472347597681E-15,0.));
#10346=DIRECTION('',(-1.73472347597681E-15,1.,0.));
#10347=DIRECTION('',(-1.,3.46944695195361E-15,0.));
#10348=DIRECTION('',(-3.46944695195361E-15,-1.,0.));
#10349=DIRECTION('',(3.46944695195361E-15,1.,0.));
#10350=DIRECTION('',(3.46944695195361E-15,1.,0.));
#10351=DIRECTION('',(0.,0.,-1.));
#10352=DIRECTION('',(0.,0.,1.));
#10353=DIRECTION('',(1.,0.,0.));
#10354=DIRECTION('',(0.,0.,1.));
#10355=DIRECTION('',(1.,0.,0.));
#10356=DIRECTION('',(1.,0.,0.));
#10357=DIRECTION('',(0.,0.,1.));
#10358=DIRECTION('',(1.,0.,0.));
#10359=DIRECTION('',(1.,0.,0.));
#10360=DIRECTION('',(0.,0.,1.));
#10361=DIRECTION('',(1.,0.,0.));
#10362=DIRECTION('',(0.,0.,-1.));
#10363=DIRECTION('',(-1.,0.,0.));
#10364=DIRECTION('',(0.,0.,-1.));
#10365=DIRECTION('',(0.,1.,0.));
#10366=DIRECTION('',(0.,0.,1.));
#10367=DIRECTION('',(0.,1.,0.));
#10368=DIRECTION('',(0.,0.,1.));
#10369=DIRECTION('',(1.,0.,0.));
#10370=DIRECTION('',(0.,0.,-1.));
#10371=DIRECTION('',(1.,0.,0.));
#10372=DIRECTION('',(0.,0.,-1.));
#10373=DIRECTION('',(0.,0.,-1.));
#10374=DIRECTION('',(-1.,0.,0.));
#10375=DIRECTION('',(0.,0.,1.));
#10376=DIRECTION('',(1.,0.,0.));
#10377=DIRECTION('',(0.,0.,1.));
#10378=DIRECTION('',(1.,0.,0.));
#10379=DIRECTION('',(0.,0.,1.));
#10380=DIRECTION('',(1.,0.,0.));
#10381=DIRECTION('',(1.73472347597681E-15,-1.,0.));
#10382=DIRECTION('',(0.,0.,1.));
#10383=DIRECTION('',(1.,0.,0.));
#10384=DIRECTION('',(1.73472347597681E-15,-1.,0.));
#10385=DIRECTION('',(1.,1.73472347597681E-15,0.));
#10386=DIRECTION('',(-1.73472347597681E-15,1.,0.));
#10387=DIRECTION('',(-1.,3.46944695195361E-15,0.));
#10388=DIRECTION('',(-3.46944695195361E-15,-1.,0.));
#10389=DIRECTION('',(3.46944695195361E-15,1.,0.));
#10390=DIRECTION('',(3.46944695195361E-15,1.,0.));
#10391=DIRECTION('',(0.,0.,-1.));
#10392=DIRECTION('',(0.,0.,1.));
#10393=DIRECTION('',(1.,0.,0.));
#10394=DIRECTION('',(0.,0.,1.));
#10395=DIRECTION('',(1.,0.,0.));
#10396=DIRECTION('',(1.,0.,0.));
#10397=DIRECTION('',(0.,0.,1.));
#10398=DIRECTION('',(1.,0.,0.));
#10399=DIRECTION('',(1.,0.,0.));
#10400=DIRECTION('',(0.,0.,1.));
#10401=DIRECTION('',(1.,0.,0.));
#10402=DIRECTION('',(0.,0.,-1.));
#10403=DIRECTION('',(-1.,0.,0.));
#10404=DIRECTION('',(0.,0.,-1.));
#10405=DIRECTION('',(0.,1.,0.));
#10406=DIRECTION('',(0.,0.,1.));
#10407=DIRECTION('',(0.,1.,0.));
#10408=DIRECTION('',(0.,0.,1.));
#10409=DIRECTION('',(1.,0.,0.));
#10410=DIRECTION('',(0.,0.,-1.));
#10411=DIRECTION('',(1.,0.,0.));
#10412=DIRECTION('',(0.,0.,-1.));
#10413=DIRECTION('',(0.,0.,-1.));
#10414=DIRECTION('',(-1.,0.,0.));
#10415=DIRECTION('',(0.,0.,1.));
#10416=DIRECTION('',(1.,0.,0.));
#10417=DIRECTION('',(0.,0.,1.));
#10418=DIRECTION('',(1.,0.,0.));
#10419=DIRECTION('',(0.,0.,1.));
#10420=DIRECTION('',(1.,0.,0.));
#10421=DIRECTION('',(1.73472347597681E-15,-1.,0.));
#10422=DIRECTION('',(0.,0.,1.));
#10423=DIRECTION('',(1.,0.,0.));
#10424=DIRECTION('',(1.73472347597681E-15,-1.,0.));
#10425=DIRECTION('',(1.,1.73472347597681E-15,0.));
#10426=DIRECTION('',(-1.73472347597681E-15,1.,0.));
#10427=DIRECTION('',(-1.,3.46944695195361E-15,0.));
#10428=DIRECTION('',(-3.46944695195361E-15,-1.,0.));
#10429=DIRECTION('',(3.46944695195361E-15,1.,0.));
#10430=DIRECTION('',(3.46944695195361E-15,1.,0.));
#10431=DIRECTION('',(0.,0.,-1.));
#10432=DIRECTION('',(0.,0.,1.));
#10433=DIRECTION('',(1.,0.,0.));
#10434=DIRECTION('',(0.,0.,1.));
#10435=DIRECTION('',(1.,0.,0.));
#10436=DIRECTION('',(1.,0.,0.));
#10437=DIRECTION('',(0.,0.,1.));
#10438=DIRECTION('',(1.,0.,0.));
#10439=DIRECTION('',(1.,0.,0.));
#10440=DIRECTION('',(0.,0.,1.));
#10441=DIRECTION('',(1.,0.,0.));
#10442=DIRECTION('',(0.,0.,-1.));
#10443=DIRECTION('',(-1.,0.,0.));
#10444=DIRECTION('',(0.,0.,-1.));
#10445=DIRECTION('',(0.,1.,0.));
#10446=DIRECTION('',(0.,0.,1.));
#10447=DIRECTION('',(0.,0.,1.));
#10448=DIRECTION('',(1.,0.,0.));
#10449=DIRECTION('',(5.78241158658936E-15,1.,0.));
#10450=DIRECTION('',(1.,0.,0.));
#10451=DIRECTION('',(0.,0.,1.));
#10452=DIRECTION('',(1.,0.,0.));
#10453=DIRECTION('',(0.,0.,1.));
#10454=DIRECTION('',(1.,0.,0.));
#10455=DIRECTION('',(2.89120579329468E-15,-1.,0.));
#10456=DIRECTION('',(0.,0.,1.));
#10457=DIRECTION('',(1.,0.,0.));
#10458=DIRECTION('',(1.,0.,0.));
#10459=DIRECTION('',(0.,0.,-1.));
#10460=DIRECTION('',(-1.,0.,0.));
#10461=DIRECTION('',(0.,0.,-1.));
#10462=DIRECTION('',(0.,0.,1.));
#10463=DIRECTION('',(1.,0.,0.));
#10464=DIRECTION('',(0.,1.,0.));
#10465=DIRECTION('',(0.,0.,1.));
#10466=DIRECTION('',(0.,0.,-1.));
#10467=DIRECTION('',(1.,0.,0.));
#10468=DIRECTION('',(-1.,5.78241158658936E-15,0.));
#10469=DIRECTION('',(-5.78241158658936E-15,-1.,0.));
#10470=DIRECTION('',(5.78241158658936E-15,1.,0.));
#10471=DIRECTION('',(1.,2.89120579329468E-15,0.));
#10472=DIRECTION('',(-2.89120579329468E-15,1.,0.));
#10473=DIRECTION('',(0.,0.,-1.));
#10474=DIRECTION('',(2.89120579329468E-15,-1.,0.));
#10475=DIRECTION('',(0.,1.,0.));
#10476=DIRECTION('',(0.,0.,1.));
#10477=DIRECTION('',(0.,0.,-1.));
#10478=DIRECTION('',(1.,0.,0.));
#10479=DIRECTION('',(0.,0.,-1.));
#10480=DIRECTION('',(-1.,0.,0.));
#10481=DIRECTION('',(0.,0.,1.));
#10482=DIRECTION('',(1.,0.,0.));
#10483=DIRECTION('',(0.,0.,1.));
#10484=DIRECTION('',(1.,0.,0.));
#10485=DIRECTION('',(0.,0.,1.));
#10486=DIRECTION('',(1.,0.,0.));
#10487=DIRECTION('',(-1.,0.,0.));
#10488=DIRECTION('',(0.,0.447213595499958,0.894427190999916));
#10489=DIRECTION('',(0.,-0.894427190999916,0.447213595499958));
#10490=DIRECTION('',(0.,0.447213595499958,-0.894427190999916));
#10491=DIRECTION('',(0.,0.894427190999916,0.447213595499958));
#10492=DIRECTION('',(-1.,0.,0.));
#10493=DIRECTION('',(0.,0.,-1.));
#10494=DIRECTION('',(-1.,0.,0.));
#10495=DIRECTION('',(0.,0.,1.));
#10496=DIRECTION('',(1.,0.,0.));
#10497=DIRECTION('',(-1.,0.,0.));
#10498=DIRECTION('',(0.,0.447213595499958,0.894427190999916));
#10499=DIRECTION('',(0.,-0.894427190999916,0.447213595499958));
#10500=DIRECTION('',(0.,0.447213595499958,-0.894427190999916));
#10501=DIRECTION('',(0.,0.894427190999916,0.447213595499958));
#10502=DIRECTION('',(-1.,0.,0.));
#10503=DIRECTION('',(0.,0.,-1.));
#10504=DIRECTION('',(-1.,0.,0.));
#10505=DIRECTION('',(0.,0.,1.));
#10506=DIRECTION('',(1.,0.,0.));
#10507=DIRECTION('',(-1.,0.,0.));
#10508=DIRECTION('',(0.,0.447213595499958,0.894427190999916));
#10509=DIRECTION('',(0.,-0.894427190999916,0.447213595499958));
#10510=DIRECTION('',(0.,0.447213595499958,-0.894427190999916));
#10511=DIRECTION('',(0.,0.894427190999916,0.447213595499958));
#10512=DIRECTION('',(-1.,0.,0.));
#10513=DIRECTION('',(0.,0.,-1.));
#10514=DIRECTION('',(-1.,0.,0.));
#10515=DIRECTION('',(0.,0.,1.));
#10516=DIRECTION('',(1.,0.,0.));
#10517=DIRECTION('',(-1.,0.,0.));
#10518=DIRECTION('',(0.,0.447213595499958,0.894427190999916));
#10519=DIRECTION('',(0.,-0.894427190999916,0.447213595499958));
#10520=DIRECTION('',(0.,0.447213595499958,-0.894427190999916));
#10521=DIRECTION('',(0.,0.894427190999916,0.447213595499958));
#10522=DIRECTION('',(-1.,0.,0.));
#10523=DIRECTION('',(0.,0.,-1.));
#10524=DIRECTION('',(-1.,0.,0.));
#10525=DIRECTION('',(0.,0.,1.));
#10526=DIRECTION('',(1.,0.,0.));
#10527=DIRECTION('',(-1.,0.,0.));
#10528=DIRECTION('',(0.,0.447213595499958,0.894427190999916));
#10529=DIRECTION('',(0.,-0.894427190999916,0.447213595499958));
#10530=DIRECTION('',(0.,0.447213595499958,-0.894427190999916));
#10531=DIRECTION('',(0.,0.894427190999916,0.447213595499958));
#10532=DIRECTION('',(-1.,0.,0.));
#10533=DIRECTION('',(0.,0.,-1.));
#10534=DIRECTION('',(-1.,0.,0.));
#10535=DIRECTION('',(0.,0.,1.));
#10536=DIRECTION('',(1.,0.,0.));
#10537=DIRECTION('',(-1.,0.,0.));
#10538=DIRECTION('',(0.,0.447213595499958,0.894427190999916));
#10539=DIRECTION('',(0.,-0.894427190999916,0.447213595499958));
#10540=DIRECTION('',(0.,0.447213595499958,-0.894427190999916));
#10541=DIRECTION('',(0.,0.894427190999916,0.447213595499958));
#10542=DIRECTION('',(-1.,0.,0.));
#10543=DIRECTION('',(0.,0.,-1.));
#10544=DIRECTION('',(-1.,0.,0.));
#10545=DIRECTION('',(0.,0.,1.));
#10546=DIRECTION('',(1.,0.,0.));
#10547=DIRECTION('',(-1.,0.,0.));
#10548=DIRECTION('',(0.,0.447213595499958,0.894427190999916));
#10549=DIRECTION('',(0.,-0.894427190999916,0.447213595499958));
#10550=DIRECTION('',(0.,0.447213595499958,-0.894427190999916));
#10551=DIRECTION('',(0.,0.894427190999916,0.447213595499958));
#10552=DIRECTION('',(-1.,0.,0.));
#10553=DIRECTION('',(0.,0.,-1.));
#10554=DIRECTION('',(-1.,0.,0.));
#10555=DIRECTION('',(0.,0.,1.));
#10556=DIRECTION('',(1.,0.,0.));
#10557=DIRECTION('',(-1.,0.,0.));
#10558=DIRECTION('',(0.,0.447213595499958,0.894427190999916));
#10559=DIRECTION('',(0.,-0.894427190999916,0.447213595499958));
#10560=DIRECTION('',(0.,0.447213595499958,-0.894427190999916));
#10561=DIRECTION('',(0.,0.894427190999916,0.447213595499958));
#10562=DIRECTION('',(-1.,0.,0.));
#10563=DIRECTION('',(0.,0.,-1.));
#10564=DIRECTION('',(-1.,0.,0.));
#10565=DIRECTION('',(0.,0.,-1.));
#10566=DIRECTION('',(-1.,0.,0.));
#10567=DIRECTION('',(0.,-1.,0.));
#10568=DIRECTION('',(0.,-1.,0.));
#10569=DIRECTION('',(-1.,0.,0.));
#10570=DIRECTION('',(0.,0.,1.));
#10571=DIRECTION('',(1.,0.,0.));
#10572=DIRECTION('',(0.,1.,0.));
#10573=DIRECTION('',(0.,1.,0.));
#10574=DIRECTION('',(-1.,0.,0.));
#10575=DIRECTION('',(1.,0.,0.));
#10576=DIRECTION('',(0.,0.,-1.));
#10577=DIRECTION('',(0.,0.,-1.));
#10578=DIRECTION('',(1.,0.,0.));
#10579=DIRECTION('',(0.,0.,-1.));
#10580=DIRECTION('',(0.,0.,-1.));
#10581=DIRECTION('',(0.,1.,0.));
#10582=DIRECTION('',(0.,0.,1.));
#10583=DIRECTION('',(0.,0.,-1.));
#10584=DIRECTION('',(-1.,0.,0.));
#10585=DIRECTION('',(0.,-1.,0.));
#10586=DIRECTION('',(0.,-1.,0.));
#10587=DIRECTION('',(-1.,0.,0.));
#10588=DIRECTION('',(0.,0.,1.));
#10589=DIRECTION('',(1.,0.,0.));
#10590=DIRECTION('',(0.,1.,0.));
#10591=DIRECTION('',(0.,1.,0.));
#10592=DIRECTION('',(-1.,0.,0.));
#10593=DIRECTION('',(1.,0.,0.));
#10594=DIRECTION('',(0.,0.,-1.));
#10595=DIRECTION('',(0.,0.,-1.));
#10596=DIRECTION('',(1.,0.,0.));
#10597=DIRECTION('',(0.,0.,-1.));
#10598=DIRECTION('',(0.,0.,-1.));
#10599=DIRECTION('',(0.,1.,0.));
#10600=DIRECTION('',(0.,0.,1.));
#10601=DIRECTION('',(0.,0.,-1.));
#10602=DIRECTION('',(-1.,0.,0.));
#10603=DIRECTION('',(0.,-1.,0.));
#10604=DIRECTION('',(0.,-1.,0.));
#10605=DIRECTION('',(-1.,0.,0.));
#10606=DIRECTION('',(0.,0.,1.));
#10607=DIRECTION('',(1.,0.,0.));
#10608=DIRECTION('',(0.,1.,0.));
#10609=DIRECTION('',(0.,1.,0.));
#10610=DIRECTION('',(-1.,0.,0.));
#10611=DIRECTION('',(1.,0.,0.));
#10612=DIRECTION('',(0.,0.,-1.));
#10613=DIRECTION('',(0.,0.,-1.));
#10614=DIRECTION('',(1.,0.,0.));
#10615=DIRECTION('',(0.,0.,-1.));
#10616=DIRECTION('',(0.,0.,-1.));
#10617=DIRECTION('',(0.,1.,0.));
#10618=DIRECTION('',(0.,0.,1.));
#10619=DIRECTION('',(0.,0.,-1.));
#10620=DIRECTION('',(-1.,0.,0.));
#10621=DIRECTION('',(0.,-1.,0.));
#10622=DIRECTION('',(0.,-1.,0.));
#10623=DIRECTION('',(-1.,0.,0.));
#10624=DIRECTION('',(0.,0.,1.));
#10625=DIRECTION('',(1.,0.,0.));
#10626=DIRECTION('',(0.,1.,0.));
#10627=DIRECTION('',(0.,1.,0.));
#10628=DIRECTION('',(-1.,0.,0.));
#10629=DIRECTION('',(1.,0.,0.));
#10630=DIRECTION('',(0.,0.,-1.));
#10631=DIRECTION('',(0.,0.,-1.));
#10632=DIRECTION('',(1.,0.,0.));
#10633=DIRECTION('',(0.,0.,-1.));
#10634=DIRECTION('',(0.,0.,-1.));
#10635=DIRECTION('',(0.,1.,0.));
#10636=DIRECTION('',(0.,0.,1.));
#10637=DIRECTION('',(0.,0.,-1.));
#10638=DIRECTION('',(-1.,0.,0.));
#10639=DIRECTION('',(0.,-1.,0.));
#10640=DIRECTION('',(0.,-1.,0.));
#10641=DIRECTION('',(-1.,0.,0.));
#10642=DIRECTION('',(0.,0.,1.));
#10643=DIRECTION('',(1.,0.,0.));
#10644=DIRECTION('',(0.,1.,0.));
#10645=DIRECTION('',(0.,1.,0.));
#10646=DIRECTION('',(-1.,0.,0.));
#10647=DIRECTION('',(1.,0.,0.));
#10648=DIRECTION('',(0.,0.,-1.));
#10649=DIRECTION('',(0.,0.,-1.));
#10650=DIRECTION('',(1.,0.,0.));
#10651=DIRECTION('',(0.,0.,-1.));
#10652=DIRECTION('',(0.,0.,-1.));
#10653=DIRECTION('',(0.,1.,0.));
#10654=DIRECTION('',(0.,0.,1.));
#10655=DIRECTION('',(0.,0.,-1.));
#10656=DIRECTION('',(-1.,0.,0.));
#10657=DIRECTION('',(0.,-1.,0.));
#10658=DIRECTION('',(0.,-1.,0.));
#10659=DIRECTION('',(-1.,0.,0.));
#10660=DIRECTION('',(0.,0.,1.));
#10661=DIRECTION('',(1.,0.,0.));
#10662=DIRECTION('',(0.,1.,0.));
#10663=DIRECTION('',(0.,1.,0.));
#10664=DIRECTION('',(-1.,0.,0.));
#10665=DIRECTION('',(1.,0.,0.));
#10666=DIRECTION('',(0.,0.,-1.));
#10667=DIRECTION('',(0.,0.,-1.));
#10668=DIRECTION('',(1.,0.,0.));
#10669=DIRECTION('',(0.,0.,-1.));
#10670=DIRECTION('',(0.,0.,-1.));
#10671=DIRECTION('',(0.,1.,0.));
#10672=DIRECTION('',(0.,0.,1.));
#10673=DIRECTION('',(0.,0.,-1.));
#10674=DIRECTION('',(-1.,0.,0.));
#10675=DIRECTION('',(0.,-1.,0.));
#10676=DIRECTION('',(0.,-1.,0.));
#10677=DIRECTION('',(-1.,0.,0.));
#10678=DIRECTION('',(0.,0.,1.));
#10679=DIRECTION('',(1.,0.,0.));
#10680=DIRECTION('',(0.,1.,0.));
#10681=DIRECTION('',(0.,1.,0.));
#10682=DIRECTION('',(-1.,0.,0.));
#10683=DIRECTION('',(1.,0.,0.));
#10684=DIRECTION('',(0.,0.,-1.));
#10685=DIRECTION('',(0.,0.,-1.));
#10686=DIRECTION('',(1.,0.,0.));
#10687=DIRECTION('',(0.,0.,-1.));
#10688=DIRECTION('',(0.,0.,-1.));
#10689=DIRECTION('',(0.,1.,0.));
#10690=DIRECTION('',(0.,0.,1.));
#10691=DIRECTION('',(0.,0.,-1.));
#10692=DIRECTION('',(-1.,0.,0.));
#10693=DIRECTION('',(0.,-1.,0.));
#10694=DIRECTION('',(0.,-1.,0.));
#10695=DIRECTION('',(-1.,0.,0.));
#10696=DIRECTION('',(0.,0.,1.));
#10697=DIRECTION('',(1.,0.,0.));
#10698=DIRECTION('',(0.,1.,0.));
#10699=DIRECTION('',(0.,1.,0.));
#10700=DIRECTION('',(-1.,0.,0.));
#10701=DIRECTION('',(1.,0.,0.));
#10702=DIRECTION('',(0.,0.,-1.));
#10703=DIRECTION('',(0.,0.,-1.));
#10704=DIRECTION('',(1.,0.,0.));
#10705=DIRECTION('',(0.,0.,-1.));
#10706=DIRECTION('',(0.,0.,-1.));
#10707=DIRECTION('',(0.,1.,0.));
#10708=DIRECTION('',(0.,0.,1.));
#10709=DIRECTION('',(-1.,0.,0.));
#10710=DIRECTION('',(0.,0.,1.));
#10711=DIRECTION('',(0.,-1.,0.));
#10712=DIRECTION('',(0.,0.,1.));
#10713=DIRECTION('',(0.,-1.,0.));
#10714=DIRECTION('',(1.,0.,0.));
#10715=DIRECTION('',(0.,0.,-1.));
#10716=DIRECTION('',(0.,0.727606875108999,-0.685994340570035));
#10717=DIRECTION('',(0.,0.,-1.));
#10718=DIRECTION('',(0.,1.,0.));
#10719=DIRECTION('',(0.,1.,0.));
#10720=DIRECTION('',(0.,0.,1.));
#10721=DIRECTION('',(0.,0.,1.));
#10722=DIRECTION('',(1.,0.,0.));
#10723=DIRECTION('',(1.,0.,0.));
#10724=DIRECTION('',(0.685994340570035,0.727606875108999,0.));
#10725=DIRECTION('',(0.,0.,1.));
#10726=DIRECTION('',(1.,0.,0.));
#10727=DIRECTION('',(1.,0.,0.));
#10728=DIRECTION('',(0.,0.,1.));
#10729=DIRECTION('',(1.,0.,0.));
#10730=DIRECTION('',(0.,-1.,0.));
#10731=DIRECTION('',(0.,0.,1.));
#10732=DIRECTION('',(1.,0.,0.));
#10733=DIRECTION('',(1.,0.,0.));
#10734=DIRECTION('',(0.685994340570035,-0.727606875108999,0.));
#10735=DIRECTION('',(-1.,0.,0.));
#10736=DIRECTION('',(-0.707106781186547,-0.707106781186547,0.));
#10737=DIRECTION('',(0.,-1.,0.));
#10738=DIRECTION('',(0.,0.,1.));
#10739=DIRECTION('',(1.,0.,0.));
#10740=DIRECTION('',(1.,0.,0.));
#10741=DIRECTION('',(-0.707106781186547,0.707106781186547,0.));
#10742=DIRECTION('',(-0.707106781186548,-0.707106781186548,0.));
#10743=DIRECTION('',(0.416142953312923,0.416142953312923,0.80848629228701));
#10744=DIRECTION('',(0.,0.,1.));
#10745=DIRECTION('',(0.,0.,1.));
#10746=DIRECTION('',(-1.,0.,0.));
#10747=DIRECTION('',(0.,0.,1.));
#10748=DIRECTION('',(0.,0.,1.));
#10749=DIRECTION('',(0.,0.,1.));
#10750=DIRECTION('',(0.,0.,1.));
#10751=DIRECTION('',(1.,0.,0.));
#10752=DIRECTION('',(0.,0.,1.));
#10753=DIRECTION('',(0.,-1.,0.));
#10754=DIRECTION('',(0.,0.,-1.));
#10755=DIRECTION('',(0.,0.,1.));
#10756=DIRECTION('',(1.,0.,0.));
#10757=DIRECTION('',(0.588348405414552,-0.554700196225229,-0.588348405414552));
#10758=DIRECTION('',(0.428086344739045,-0.403603676397787,0.80860754006264));
#10759=DIRECTION('',(0.,1.,0.));
#10760=DIRECTION('',(0.,0.,1.));
#10761=DIRECTION('',(0.707106781186548,0.,0.707106781186548));
#10762=DIRECTION('',(-1.,0.,0.));
#10763=DIRECTION('',(0.,0.,1.));
#10764=DIRECTION('',(0.,-1.,0.));
#10765=DIRECTION('',(0.,0.,1.));
#10766=DIRECTION('',(0.,-1.,0.));
#10767=DIRECTION('',(1.,0.,0.));
#10768=DIRECTION('',(0.,0.,-1.));
#10769=DIRECTION('',(0.,0.727606875108999,-0.685994340570035));
#10770=DIRECTION('',(0.,0.,-1.));
#10771=DIRECTION('',(0.,1.,0.));
#10772=DIRECTION('',(0.,1.,0.));
#10773=DIRECTION('',(0.,0.,1.));
#10774=DIRECTION('',(0.,0.,1.));
#10775=DIRECTION('',(1.,0.,0.));
#10776=DIRECTION('',(1.,0.,0.));
#10777=DIRECTION('',(0.685994340570035,0.727606875108999,0.));
#10778=DIRECTION('',(0.,0.,1.));
#10779=DIRECTION('',(1.,0.,0.));
#10780=DIRECTION('',(1.,0.,0.));
#10781=DIRECTION('',(0.,0.,1.));
#10782=DIRECTION('',(1.,0.,0.));
#10783=DIRECTION('',(0.,-1.,0.));
#10784=DIRECTION('',(0.,0.,1.));
#10785=DIRECTION('',(1.,0.,0.));
#10786=DIRECTION('',(1.,0.,0.));
#10787=DIRECTION('',(0.685994340570035,-0.727606875108999,0.));
#10788=DIRECTION('',(-1.,0.,0.));
#10789=DIRECTION('',(-0.707106781186547,-0.707106781186547,0.));
#10790=DIRECTION('',(0.,-1.,0.));
#10791=DIRECTION('',(0.,0.,1.));
#10792=DIRECTION('',(1.,0.,0.));
#10793=DIRECTION('',(1.,0.,0.));
#10794=DIRECTION('',(-0.707106781186547,0.707106781186547,0.));
#10795=DIRECTION('',(-0.707106781186548,-0.707106781186548,0.));
#10796=DIRECTION('',(0.416142953312923,0.416142953312923,0.80848629228701));
#10797=DIRECTION('',(0.,0.,1.));
#10798=DIRECTION('',(0.,0.,1.));
#10799=DIRECTION('',(-1.,0.,0.));
#10800=DIRECTION('',(0.,0.,1.));
#10801=DIRECTION('',(0.,0.,1.));
#10802=DIRECTION('',(0.,0.,1.));
#10803=DIRECTION('',(0.,0.,1.));
#10804=DIRECTION('',(1.,0.,0.));
#10805=DIRECTION('',(0.,0.,1.));
#10806=DIRECTION('',(0.,-1.,0.));
#10807=DIRECTION('',(0.,0.,-1.));
#10808=DIRECTION('',(0.,0.,1.));
#10809=DIRECTION('',(1.,0.,0.));
#10810=DIRECTION('',(0.588348405414552,-0.554700196225229,-0.588348405414552));
#10811=DIRECTION('',(0.428086344739045,-0.403603676397787,0.80860754006264));
#10812=DIRECTION('',(0.,1.,0.));
#10813=DIRECTION('',(0.,0.,1.));
#10814=DIRECTION('',(0.707106781186548,0.,0.707106781186548));
#10815=DIRECTION('',(-1.,0.,0.));
#10816=DIRECTION('',(0.,0.,1.));
#10817=DIRECTION('',(0.,-1.,0.));
#10818=DIRECTION('',(0.,0.,1.));
#10819=DIRECTION('',(0.,-1.,0.));
#10820=DIRECTION('',(1.,0.,0.));
#10821=DIRECTION('',(0.,0.,-1.));
#10822=DIRECTION('',(0.,0.727606875108999,-0.685994340570035));
#10823=DIRECTION('',(0.,0.,-1.));
#10824=DIRECTION('',(0.,1.,0.));
#10825=DIRECTION('',(0.,1.,0.));
#10826=DIRECTION('',(0.,0.,1.));
#10827=DIRECTION('',(0.,0.,1.));
#10828=DIRECTION('',(1.,0.,0.));
#10829=DIRECTION('',(1.,0.,0.));
#10830=DIRECTION('',(0.685994340570035,0.727606875108999,0.));
#10831=DIRECTION('',(0.,0.,1.));
#10832=DIRECTION('',(1.,0.,0.));
#10833=DIRECTION('',(1.,0.,0.));
#10834=DIRECTION('',(0.,0.,1.));
#10835=DIRECTION('',(1.,0.,0.));
#10836=DIRECTION('',(0.,-1.,0.));
#10837=DIRECTION('',(0.,0.,1.));
#10838=DIRECTION('',(1.,0.,0.));
#10839=DIRECTION('',(1.,0.,0.));
#10840=DIRECTION('',(0.685994340570035,-0.727606875108999,0.));
#10841=DIRECTION('',(-1.,0.,0.));
#10842=DIRECTION('',(-0.707106781186547,-0.707106781186547,0.));
#10843=DIRECTION('',(0.,-1.,0.));
#10844=DIRECTION('',(0.,0.,1.));
#10845=DIRECTION('',(1.,0.,0.));
#10846=DIRECTION('',(1.,0.,0.));
#10847=DIRECTION('',(-0.707106781186547,0.707106781186547,0.));
#10848=DIRECTION('',(-0.707106781186548,-0.707106781186548,0.));
#10849=DIRECTION('',(0.416142953312923,0.416142953312923,0.80848629228701));
#10850=DIRECTION('',(0.,0.,1.));
#10851=DIRECTION('',(0.,0.,1.));
#10852=DIRECTION('',(-1.,0.,0.));
#10853=DIRECTION('',(0.,0.,1.));
#10854=DIRECTION('',(0.,0.,1.));
#10855=DIRECTION('',(0.,0.,1.));
#10856=DIRECTION('',(0.,0.,1.));
#10857=DIRECTION('',(1.,0.,0.));
#10858=DIRECTION('',(0.,0.,1.));
#10859=DIRECTION('',(0.,-1.,0.));
#10860=DIRECTION('',(0.,0.,-1.));
#10861=DIRECTION('',(0.,0.,1.));
#10862=DIRECTION('',(1.,0.,0.));
#10863=DIRECTION('',(0.588348405414552,-0.554700196225229,-0.588348405414552));
#10864=DIRECTION('',(0.428086344739045,-0.403603676397787,0.80860754006264));
#10865=DIRECTION('',(0.,1.,0.));
#10866=DIRECTION('',(0.,0.,1.));
#10867=DIRECTION('',(0.707106781186548,0.,0.707106781186548));
#10868=DIRECTION('',(-1.,0.,0.));
#10869=DIRECTION('',(0.,0.,1.));
#10870=DIRECTION('',(0.,-1.,0.));
#10871=DIRECTION('',(0.,0.,1.));
#10872=DIRECTION('',(0.,-1.,0.));
#10873=DIRECTION('',(1.,0.,0.));
#10874=DIRECTION('',(0.,0.,-1.));
#10875=DIRECTION('',(0.,0.727606875108999,-0.685994340570035));
#10876=DIRECTION('',(0.,0.,-1.));
#10877=DIRECTION('',(0.,1.,0.));
#10878=DIRECTION('',(0.,1.,0.));
#10879=DIRECTION('',(0.,0.,1.));
#10880=DIRECTION('',(0.,0.,1.));
#10881=DIRECTION('',(1.,0.,0.));
#10882=DIRECTION('',(1.,0.,0.));
#10883=DIRECTION('',(0.685994340570035,0.727606875108999,0.));
#10884=DIRECTION('',(0.,0.,1.));
#10885=DIRECTION('',(1.,0.,0.));
#10886=DIRECTION('',(1.,0.,0.));
#10887=DIRECTION('',(0.,0.,1.));
#10888=DIRECTION('',(1.,0.,0.));
#10889=DIRECTION('',(0.,-1.,0.));
#10890=DIRECTION('',(0.,0.,1.));
#10891=DIRECTION('',(1.,0.,0.));
#10892=DIRECTION('',(1.,0.,0.));
#10893=DIRECTION('',(0.685994340570035,-0.727606875108999,0.));
#10894=DIRECTION('',(-1.,0.,0.));
#10895=DIRECTION('',(-0.707106781186547,-0.707106781186547,0.));
#10896=DIRECTION('',(0.,-1.,0.));
#10897=DIRECTION('',(0.,0.,1.));
#10898=DIRECTION('',(1.,0.,0.));
#10899=DIRECTION('',(1.,0.,0.));
#10900=DIRECTION('',(-0.707106781186547,0.707106781186547,0.));
#10901=DIRECTION('',(-0.707106781186548,-0.707106781186548,0.));
#10902=DIRECTION('',(0.416142953312923,0.416142953312923,0.80848629228701));
#10903=DIRECTION('',(0.,0.,1.));
#10904=DIRECTION('',(0.,0.,1.));
#10905=DIRECTION('',(-1.,0.,0.));
#10906=DIRECTION('',(0.,0.,1.));
#10907=DIRECTION('',(0.,0.,1.));
#10908=DIRECTION('',(0.,0.,1.));
#10909=DIRECTION('',(0.,0.,1.));
#10910=DIRECTION('',(1.,0.,0.));
#10911=DIRECTION('',(0.,0.,1.));
#10912=DIRECTION('',(0.,-1.,0.));
#10913=DIRECTION('',(0.,0.,-1.));
#10914=DIRECTION('',(0.,0.,1.));
#10915=DIRECTION('',(1.,0.,0.));
#10916=DIRECTION('',(0.588348405414552,-0.554700196225229,-0.588348405414552));
#10917=DIRECTION('',(0.428086344739045,-0.403603676397787,0.80860754006264));
#10918=DIRECTION('',(0.,1.,0.));
#10919=DIRECTION('',(0.,0.,1.));
#10920=DIRECTION('',(0.707106781186548,0.,0.707106781186548));
#10921=DIRECTION('',(-1.,0.,0.));
#10922=DIRECTION('',(0.,0.,1.));
#10923=DIRECTION('',(0.,-1.,0.));
#10924=DIRECTION('',(0.,0.,1.));
#10925=DIRECTION('',(0.,-1.,0.));
#10926=DIRECTION('',(1.,0.,0.));
#10927=DIRECTION('',(0.,0.,-1.));
#10928=DIRECTION('',(0.,0.727606875108999,-0.685994340570035));
#10929=DIRECTION('',(0.,0.,-1.));
#10930=DIRECTION('',(0.,1.,0.));
#10931=DIRECTION('',(0.,1.,0.));
#10932=DIRECTION('',(0.,0.,1.));
#10933=DIRECTION('',(0.,0.,1.));
#10934=DIRECTION('',(1.,0.,0.));
#10935=DIRECTION('',(1.,0.,0.));
#10936=DIRECTION('',(0.685994340570035,0.727606875108999,0.));
#10937=DIRECTION('',(0.,0.,1.));
#10938=DIRECTION('',(1.,0.,0.));
#10939=DIRECTION('',(1.,0.,0.));
#10940=DIRECTION('',(0.,0.,1.));
#10941=DIRECTION('',(1.,0.,0.));
#10942=DIRECTION('',(0.,-1.,0.));
#10943=DIRECTION('',(0.,0.,1.));
#10944=DIRECTION('',(1.,0.,0.));
#10945=DIRECTION('',(1.,0.,0.));
#10946=DIRECTION('',(0.685994340570035,-0.727606875108999,0.));
#10947=DIRECTION('',(-1.,0.,0.));
#10948=DIRECTION('',(-0.707106781186547,-0.707106781186547,0.));
#10949=DIRECTION('',(0.,-1.,0.));
#10950=DIRECTION('',(0.,0.,1.));
#10951=DIRECTION('',(1.,0.,0.));
#10952=DIRECTION('',(1.,0.,0.));
#10953=DIRECTION('',(-0.707106781186547,0.707106781186547,0.));
#10954=DIRECTION('',(-0.707106781186548,-0.707106781186548,0.));
#10955=DIRECTION('',(0.416142953312923,0.416142953312923,0.80848629228701));
#10956=DIRECTION('',(0.,0.,1.));
#10957=DIRECTION('',(0.,0.,1.));
#10958=DIRECTION('',(-1.,0.,0.));
#10959=DIRECTION('',(0.,0.,1.));
#10960=DIRECTION('',(0.,0.,1.));
#10961=DIRECTION('',(0.,0.,1.));
#10962=DIRECTION('',(0.,0.,1.));
#10963=DIRECTION('',(1.,0.,0.));
#10964=DIRECTION('',(0.,0.,1.));
#10965=DIRECTION('',(0.,-1.,0.));
#10966=DIRECTION('',(0.,0.,-1.));
#10967=DIRECTION('',(0.,0.,1.));
#10968=DIRECTION('',(1.,0.,0.));
#10969=DIRECTION('',(0.588348405414552,-0.554700196225229,-0.588348405414552));
#10970=DIRECTION('',(0.428086344739045,-0.403603676397787,0.80860754006264));
#10971=DIRECTION('',(0.,1.,0.));
#10972=DIRECTION('',(0.,0.,1.));
#10973=DIRECTION('',(0.707106781186548,0.,0.707106781186548));
#10974=DIRECTION('',(-1.,0.,0.));
#10975=DIRECTION('',(0.,0.,1.));
#10976=DIRECTION('',(0.,-1.,0.));
#10977=DIRECTION('',(0.,0.,1.));
#10978=DIRECTION('',(0.,-1.,0.));
#10979=DIRECTION('',(1.,0.,0.));
#10980=DIRECTION('',(0.,0.,-1.));
#10981=DIRECTION('',(0.,0.727606875108999,-0.685994340570035));
#10982=DIRECTION('',(0.,0.,-1.));
#10983=DIRECTION('',(0.,1.,0.));
#10984=DIRECTION('',(0.,1.,0.));
#10985=DIRECTION('',(0.,0.,1.));
#10986=DIRECTION('',(0.,0.,1.));
#10987=DIRECTION('',(1.,0.,0.));
#10988=DIRECTION('',(1.,0.,0.));
#10989=DIRECTION('',(0.685994340570035,0.727606875108999,0.));
#10990=DIRECTION('',(0.,0.,1.));
#10991=DIRECTION('',(1.,0.,0.));
#10992=DIRECTION('',(1.,0.,0.));
#10993=DIRECTION('',(0.,0.,1.));
#10994=DIRECTION('',(1.,0.,0.));
#10995=DIRECTION('',(0.,-1.,0.));
#10996=DIRECTION('',(0.,0.,1.));
#10997=DIRECTION('',(1.,0.,0.));
#10998=DIRECTION('',(1.,0.,0.));
#10999=DIRECTION('',(0.685994340570035,-0.727606875108999,0.));
#11000=DIRECTION('',(-1.,0.,0.));
#11001=DIRECTION('',(-0.707106781186547,-0.707106781186547,0.));
#11002=DIRECTION('',(0.,-1.,0.));
#11003=DIRECTION('',(0.,0.,1.));
#11004=DIRECTION('',(1.,0.,0.));
#11005=DIRECTION('',(1.,0.,0.));
#11006=DIRECTION('',(-0.707106781186547,0.707106781186547,0.));
#11007=DIRECTION('',(-0.707106781186548,-0.707106781186548,0.));
#11008=DIRECTION('',(0.416142953312923,0.416142953312923,0.80848629228701));
#11009=DIRECTION('',(0.,0.,1.));
#11010=DIRECTION('',(0.,0.,1.));
#11011=DIRECTION('',(-1.,0.,0.));
#11012=DIRECTION('',(0.,0.,1.));
#11013=DIRECTION('',(0.,0.,1.));
#11014=DIRECTION('',(0.,0.,1.));
#11015=DIRECTION('',(0.,0.,1.));
#11016=DIRECTION('',(1.,0.,0.));
#11017=DIRECTION('',(0.,0.,1.));
#11018=DIRECTION('',(0.,-1.,0.));
#11019=DIRECTION('',(0.,0.,-1.));
#11020=DIRECTION('',(0.,0.,1.));
#11021=DIRECTION('',(1.,0.,0.));
#11022=DIRECTION('',(0.588348405414552,-0.554700196225229,-0.588348405414552));
#11023=DIRECTION('',(0.428086344739045,-0.403603676397787,0.80860754006264));
#11024=DIRECTION('',(0.,1.,0.));
#11025=DIRECTION('',(0.,0.,1.));
#11026=DIRECTION('',(0.707106781186548,0.,0.707106781186548));
#11027=DIRECTION('',(-1.,0.,0.));
#11028=DIRECTION('',(0.,0.,1.));
#11029=DIRECTION('',(0.,-1.,0.));
#11030=DIRECTION('',(0.,0.,1.));
#11031=DIRECTION('',(0.,-1.,0.));
#11032=DIRECTION('',(1.,0.,0.));
#11033=DIRECTION('',(0.,0.,-1.));
#11034=DIRECTION('',(0.,0.727606875108999,-0.685994340570035));
#11035=DIRECTION('',(0.,0.,-1.));
#11036=DIRECTION('',(0.,1.,0.));
#11037=DIRECTION('',(0.,1.,0.));
#11038=DIRECTION('',(0.,0.,1.));
#11039=DIRECTION('',(0.,0.,1.));
#11040=DIRECTION('',(1.,0.,0.));
#11041=DIRECTION('',(1.,0.,0.));
#11042=DIRECTION('',(0.685994340570035,0.727606875108999,0.));
#11043=DIRECTION('',(0.,0.,1.));
#11044=DIRECTION('',(1.,0.,0.));
#11045=DIRECTION('',(1.,0.,0.));
#11046=DIRECTION('',(0.,0.,1.));
#11047=DIRECTION('',(1.,0.,0.));
#11048=DIRECTION('',(0.,-1.,0.));
#11049=DIRECTION('',(0.,0.,1.));
#11050=DIRECTION('',(1.,0.,0.));
#11051=DIRECTION('',(1.,0.,0.));
#11052=DIRECTION('',(0.685994340570035,-0.727606875108999,0.));
#11053=DIRECTION('',(-1.,0.,0.));
#11054=DIRECTION('',(-0.707106781186547,-0.707106781186547,0.));
#11055=DIRECTION('',(0.,-1.,0.));
#11056=DIRECTION('',(0.,0.,1.));
#11057=DIRECTION('',(1.,0.,0.));
#11058=DIRECTION('',(1.,0.,0.));
#11059=DIRECTION('',(-0.707106781186547,0.707106781186547,0.));
#11060=DIRECTION('',(-0.707106781186548,-0.707106781186548,0.));
#11061=DIRECTION('',(0.416142953312923,0.416142953312923,0.80848629228701));
#11062=DIRECTION('',(0.,0.,1.));
#11063=DIRECTION('',(0.,0.,1.));
#11064=DIRECTION('',(-1.,0.,0.));
#11065=DIRECTION('',(0.,0.,1.));
#11066=DIRECTION('',(0.,0.,1.));
#11067=DIRECTION('',(0.,0.,1.));
#11068=DIRECTION('',(0.,0.,1.));
#11069=DIRECTION('',(1.,0.,0.));
#11070=DIRECTION('',(0.,0.,1.));
#11071=DIRECTION('',(0.,-1.,0.));
#11072=DIRECTION('',(0.,0.,-1.));
#11073=DIRECTION('',(0.,0.,1.));
#11074=DIRECTION('',(1.,0.,0.));
#11075=DIRECTION('',(0.588348405414552,-0.554700196225229,-0.588348405414552));
#11076=DIRECTION('',(0.428086344739045,-0.403603676397787,0.80860754006264));
#11077=DIRECTION('',(0.,1.,0.));
#11078=DIRECTION('',(0.,0.,1.));
#11079=DIRECTION('',(0.707106781186548,0.,0.707106781186548));
#11080=DIRECTION('',(-1.,0.,0.));
#11081=DIRECTION('',(0.,0.,1.));
#11082=DIRECTION('',(0.,-1.,0.));
#11083=DIRECTION('',(0.,0.,1.));
#11084=DIRECTION('',(0.,-1.,0.));
#11085=DIRECTION('',(1.,0.,0.));
#11086=DIRECTION('',(0.,0.,-1.));
#11087=DIRECTION('',(0.,0.727606875108999,-0.685994340570035));
#11088=DIRECTION('',(0.,0.,-1.));
#11089=DIRECTION('',(0.,1.,0.));
#11090=DIRECTION('',(0.,1.,0.));
#11091=DIRECTION('',(0.,0.,1.));
#11092=DIRECTION('',(0.,0.,1.));
#11093=DIRECTION('',(1.,0.,0.));
#11094=DIRECTION('',(1.,0.,0.));
#11095=DIRECTION('',(0.685994340570035,0.727606875108999,0.));
#11096=DIRECTION('',(0.,0.,1.));
#11097=DIRECTION('',(1.,0.,0.));
#11098=DIRECTION('',(1.,0.,0.));
#11099=DIRECTION('',(0.,0.,1.));
#11100=DIRECTION('',(1.,0.,0.));
#11101=DIRECTION('',(0.,-1.,0.));
#11102=DIRECTION('',(0.,0.,1.));
#11103=DIRECTION('',(1.,0.,0.));
#11104=DIRECTION('',(1.,0.,0.));
#11105=DIRECTION('',(0.685994340570035,-0.727606875108999,0.));
#11106=DIRECTION('',(-1.,0.,0.));
#11107=DIRECTION('',(-0.707106781186547,-0.707106781186547,0.));
#11108=DIRECTION('',(0.,-1.,0.));
#11109=DIRECTION('',(0.,0.,1.));
#11110=DIRECTION('',(1.,0.,0.));
#11111=DIRECTION('',(1.,0.,0.));
#11112=DIRECTION('',(-0.707106781186547,0.707106781186547,0.));
#11113=DIRECTION('',(-0.707106781186548,-0.707106781186548,0.));
#11114=DIRECTION('',(0.416142953312923,0.416142953312923,0.80848629228701));
#11115=DIRECTION('',(0.,0.,1.));
#11116=DIRECTION('',(0.,0.,1.));
#11117=DIRECTION('',(-1.,0.,0.));
#11118=DIRECTION('',(0.,0.,1.));
#11119=DIRECTION('',(0.,0.,1.));
#11120=DIRECTION('',(0.,0.,1.));
#11121=DIRECTION('',(0.,0.,1.));
#11122=DIRECTION('',(1.,0.,0.));
#11123=DIRECTION('',(0.,0.,1.));
#11124=DIRECTION('',(0.,-1.,0.));
#11125=DIRECTION('',(0.,0.,-1.));
#11126=DIRECTION('',(0.,0.,1.));
#11127=DIRECTION('',(1.,0.,0.));
#11128=DIRECTION('',(0.588348405414552,-0.554700196225229,-0.588348405414552));
#11129=DIRECTION('',(0.428086344739045,-0.403603676397787,0.80860754006264));
#11130=DIRECTION('',(0.,1.,0.));
#11131=DIRECTION('',(0.,0.,1.));
#11132=DIRECTION('',(0.707106781186548,0.,0.707106781186548));
#11133=DIRECTION('',(0.,-1.,0.));
#11134=DIRECTION('',(0.,0.,-1.));
#11135=DIRECTION('',(-0.707106781186547,0.,-0.707106781186547));
#11136=DIRECTION('',(-0.707106781186547,0.,-0.707106781186547));
#11137=DIRECTION('',(0.588348405414552,-0.554700196225229,-0.588348405414552));
#11138=DIRECTION('',(-0.707106781186548,0.,-0.707106781186548));
#11139=DIRECTION('',(-0.588348405414552,-0.554700196225229,0.588348405414552));
#11140=DIRECTION('',(0.707106781186548,0.,0.707106781186548));
#11141=DIRECTION('',(0.,-1.,0.));
#11142=DIRECTION('',(0.,0.,-1.));
#11143=DIRECTION('',(-0.707106781186547,0.,-0.707106781186547));
#11144=DIRECTION('',(-0.707106781186547,0.,-0.707106781186547));
#11145=DIRECTION('',(0.588348405414552,-0.554700196225229,-0.588348405414552));
#11146=DIRECTION('',(-0.707106781186548,0.,-0.707106781186548));
#11147=DIRECTION('',(-0.588348405414552,-0.554700196225229,0.588348405414552));
#11148=DIRECTION('',(0.707106781186548,0.,0.707106781186548));
#11149=DIRECTION('',(0.,-1.,0.));
#11150=DIRECTION('',(0.,0.,-1.));
#11151=DIRECTION('',(-0.707106781186547,0.,-0.707106781186547));
#11152=DIRECTION('',(-0.707106781186547,0.,-0.707106781186547));
#11153=DIRECTION('',(0.588348405414552,-0.554700196225229,-0.588348405414552));
#11154=DIRECTION('',(-0.707106781186548,0.,-0.707106781186548));
#11155=DIRECTION('',(-0.588348405414552,-0.554700196225229,0.588348405414552));
#11156=DIRECTION('',(0.707106781186548,0.,0.707106781186548));
#11157=DIRECTION('',(0.,-1.,0.));
#11158=DIRECTION('',(0.,0.,-1.));
#11159=DIRECTION('',(-0.707106781186547,0.,-0.707106781186547));
#11160=DIRECTION('',(-0.707106781186547,0.,-0.707106781186547));
#11161=DIRECTION('',(0.588348405414552,-0.554700196225229,-0.588348405414552));
#11162=DIRECTION('',(-0.707106781186548,0.,-0.707106781186548));
#11163=DIRECTION('',(-0.588348405414552,-0.554700196225229,0.588348405414552));
#11164=DIRECTION('',(0.707106781186548,0.,0.707106781186548));
#11165=DIRECTION('',(0.,-1.,0.));
#11166=DIRECTION('',(0.,0.,-1.));
#11167=DIRECTION('',(-0.707106781186547,0.,-0.707106781186547));
#11168=DIRECTION('',(-0.707106781186547,0.,-0.707106781186547));
#11169=DIRECTION('',(0.588348405414552,-0.554700196225229,-0.588348405414552));
#11170=DIRECTION('',(-0.707106781186548,0.,-0.707106781186548));
#11171=DIRECTION('',(-0.588348405414552,-0.554700196225229,0.588348405414552));
#11172=DIRECTION('',(0.707106781186548,0.,0.707106781186548));
#11173=DIRECTION('',(0.,-1.,0.));
#11174=DIRECTION('',(0.,0.,-1.));
#11175=DIRECTION('',(-0.707106781186547,0.,-0.707106781186547));
#11176=DIRECTION('',(-0.707106781186547,0.,-0.707106781186547));
#11177=DIRECTION('',(0.588348405414552,-0.554700196225229,-0.588348405414552));
#11178=DIRECTION('',(-0.707106781186548,0.,-0.707106781186548));
#11179=DIRECTION('',(-0.588348405414552,-0.554700196225229,0.588348405414552));
#11180=DIRECTION('',(0.707106781186548,0.,0.707106781186548));
#11181=DIRECTION('',(0.,-1.,0.));
#11182=DIRECTION('',(0.,0.,-1.));
#11183=DIRECTION('',(-0.707106781186547,0.,-0.707106781186547));
#11184=DIRECTION('',(-0.707106781186547,0.,-0.707106781186547));
#11185=DIRECTION('',(0.588348405414552,-0.554700196225229,-0.588348405414552));
#11186=DIRECTION('',(-0.707106781186548,0.,-0.707106781186548));
#11187=DIRECTION('',(-0.588348405414552,-0.554700196225229,0.588348405414552));
#11188=DIRECTION('',(0.707106781186548,0.,0.707106781186548));
#11189=DIRECTION('',(0.,-1.,0.));
#11190=DIRECTION('',(0.,0.,-1.));
#11191=DIRECTION('',(-0.707106781186547,0.,-0.707106781186547));
#11192=DIRECTION('',(-0.707106781186547,0.,-0.707106781186547));
#11193=DIRECTION('',(0.588348405414552,-0.554700196225229,-0.588348405414552));
#11194=DIRECTION('',(-0.707106781186548,0.,-0.707106781186548));
#11195=DIRECTION('',(-0.588348405414552,-0.554700196225229,0.588348405414552));
#11196=DIRECTION('',(0.707106781186548,0.,0.707106781186548));
#11197=CARTESIAN_POINT('',(0.,0.,0.));
#11198=CARTESIAN_POINT('',(-2.9,13.1,25.3));
#11199=CARTESIAN_POINT('',(-3.74644660940673,13.1,26.1464466094067));
#11200=CARTESIAN_POINT('',(-2.9,13.1,26.9928932188135));
#11201=CARTESIAN_POINT('',(-4.59289321881345,13.1,25.3));
#11202=CARTESIAN_POINT('',(-2.9,13.1,25.3));
#11203=CARTESIAN_POINT('',(-2.9,13.1,25.3));
#11204=CARTESIAN_POINT('',(-2.9,13.1,25.3));
#11205=CARTESIAN_POINT('',(-2.9,13.1,21.8));
#11206=CARTESIAN_POINT('',(-3.74644660940673,13.1,22.6464466094067));
#11207=CARTESIAN_POINT('',(-2.9,13.1,23.4928932188135));
#11208=CARTESIAN_POINT('',(-4.59289321881345,13.1,21.8));
#11209=CARTESIAN_POINT('',(-2.9,13.1,21.8));
#11210=CARTESIAN_POINT('',(-2.9,13.1,21.8));
#11211=CARTESIAN_POINT('',(-2.9,13.1,21.8));
#11212=CARTESIAN_POINT('',(-2.9,13.1,18.3));
#11213=CARTESIAN_POINT('',(-3.74644660940673,13.1,19.1464466094067));
#11214=CARTESIAN_POINT('',(-2.9,13.1,19.9928932188135));
#11215=CARTESIAN_POINT('',(-4.59289321881345,13.1,18.3));
#11216=CARTESIAN_POINT('',(-2.9,13.1,18.3));
#11217=CARTESIAN_POINT('',(-2.9,13.1,18.3));
#11218=CARTESIAN_POINT('',(-2.9,13.1,18.3));
#11219=CARTESIAN_POINT('',(-2.9,13.1,14.8));
#11220=CARTESIAN_POINT('',(-3.74644660940672,13.1,15.6464466094067));
#11221=CARTESIAN_POINT('',(-2.9,13.1,16.4928932188135));
#11222=CARTESIAN_POINT('',(-4.59289321881345,13.1,14.8));
#11223=CARTESIAN_POINT('',(-2.9,13.1,14.8));
#11224=CARTESIAN_POINT('',(-2.9,13.1,14.8));
#11225=CARTESIAN_POINT('',(-2.9,13.1,14.8));
#11226=CARTESIAN_POINT('',(-2.9,13.1,11.3));
#11227=CARTESIAN_POINT('',(-3.74644660940673,13.1,12.1464466094067));
#11228=CARTESIAN_POINT('',(-2.9,13.1,12.9928932188135));
#11229=CARTESIAN_POINT('',(-4.59289321881345,13.1,11.3));
#11230=CARTESIAN_POINT('',(-2.9,13.1,11.3));
#11231=CARTESIAN_POINT('',(-2.9,13.1,11.3));
#11232=CARTESIAN_POINT('',(-2.9,13.1,11.3));
#11233=CARTESIAN_POINT('',(-2.9,13.1,7.8));
#11234=CARTESIAN_POINT('',(-3.74644660940673,13.1,8.64644660940673));
#11235=CARTESIAN_POINT('',(-2.9,13.1,9.49289321881345));
#11236=CARTESIAN_POINT('',(-4.59289321881345,13.1,7.8));
#11237=CARTESIAN_POINT('',(-2.9,13.1,7.8));
#11238=CARTESIAN_POINT('',(-2.9,13.1,7.8));
#11239=CARTESIAN_POINT('',(-2.9,13.1,7.8));
#11240=CARTESIAN_POINT('',(-2.9,13.1,4.3));
#11241=CARTESIAN_POINT('',(-3.74644660940673,13.1,5.14644660940673));
#11242=CARTESIAN_POINT('',(-2.9,13.1,5.99289321881345));
#11243=CARTESIAN_POINT('',(-4.59289321881345,13.1,4.3));
#11244=CARTESIAN_POINT('',(-2.9,13.1,4.3));
#11245=CARTESIAN_POINT('',(-2.9,13.1,4.3));
#11246=CARTESIAN_POINT('',(-2.9,13.1,4.3));
#11247=CARTESIAN_POINT('',(-2.9,13.1,0.8));
#11248=CARTESIAN_POINT('',(-3.74644660940673,13.1,1.64644660940673));
#11249=CARTESIAN_POINT('',(-2.9,13.1,2.49289321881345));
#11250=CARTESIAN_POINT('',(-4.59289321881345,13.1,0.800000000000001));
#11251=CARTESIAN_POINT('',(-2.9,13.1,0.8));
#11252=CARTESIAN_POINT('',(-2.9,13.1,0.8));
#11253=CARTESIAN_POINT('',(-2.9,13.1,0.8));
#11254=CARTESIAN_POINT('',(-0.207106781186544,11.5,28.));
#11255=CARTESIAN_POINT('',(-0.207106781186544,11.5,7.8));
#11256=CARTESIAN_POINT('',(-2.5,11.5,7.8));
#11257=CARTESIAN_POINT('',(-4.8,11.5,7.8));
#11258=CARTESIAN_POINT('',(-2.5,11.5,28.));
#11259=CARTESIAN_POINT('',(-2.5,11.5,10.5));
#11260=CARTESIAN_POINT('',(-0.207106781186544,11.5,10.5));
#11261=CARTESIAN_POINT('',(-4.8,11.5,10.5));
#11262=CARTESIAN_POINT('',(-4.8,11.5,28.));
#11263=CARTESIAN_POINT('',(-0.207106781186544,11.5,14.8));
#11264=CARTESIAN_POINT('',(-2.5,11.5,14.8));
#11265=CARTESIAN_POINT('',(-4.8,11.5,14.8));
#11266=CARTESIAN_POINT('',(-2.5,11.5,28.));
#11267=CARTESIAN_POINT('',(-2.5,11.5,17.5));
#11268=CARTESIAN_POINT('',(-0.207106781186544,11.5,17.5));
#11269=CARTESIAN_POINT('',(-4.8,11.5,17.5));
#11270=CARTESIAN_POINT('',(-4.8,11.5,28.));
#11271=CARTESIAN_POINT('',(-0.207106781186544,11.5,21.8));
#11272=CARTESIAN_POINT('',(-2.5,11.5,21.8));
#11273=CARTESIAN_POINT('',(-4.8,11.5,21.8));
#11274=CARTESIAN_POINT('',(-2.5,11.5,28.));
#11275=CARTESIAN_POINT('',(-2.5,11.5,24.5));
#11276=CARTESIAN_POINT('',(-0.207106781186544,11.5,24.5));
#11277=CARTESIAN_POINT('',(-4.8,11.5,24.5));
#11278=CARTESIAN_POINT('',(-4.8,11.5,28.));
#11279=CARTESIAN_POINT('',(-0.207106781186544,11.5,0.799999999999999));
#11280=CARTESIAN_POINT('',(-2.5,11.5,0.8));
#11281=CARTESIAN_POINT('',(-4.8,11.5,0.8));
#11282=CARTESIAN_POINT('',(-2.5,11.5,28.));
#11283=CARTESIAN_POINT('',(-2.5,11.5,3.5));
#11284=CARTESIAN_POINT('',(-0.207106781186544,11.5,3.5));
#11285=CARTESIAN_POINT('',(-4.8,11.5,3.5));
#11286=CARTESIAN_POINT('',(-4.8,11.5,28.));
#11287=CARTESIAN_POINT('',(0.95,11.5,6.4));
#11288=CARTESIAN_POINT('',(-0.207106781186547,11.5,6.4));
#11289=CARTESIAN_POINT('',(-0.55,11.5,6.4));
#11290=CARTESIAN_POINT('',(-0.55,11.5,5.25));
#11291=CARTESIAN_POINT('',(-0.55,11.5,4.1));
#11292=CARTESIAN_POINT('',(0.95,11.5,4.1));
#11293=CARTESIAN_POINT('',(-0.207106781186544,11.5,4.1));
#11294=CARTESIAN_POINT('',(-0.207106781186544,11.5,28.));
#11295=CARTESIAN_POINT('',(-0.207106781186544,11.5,2.9));
#11296=CARTESIAN_POINT('',(0.95,11.5,2.9));
#11297=CARTESIAN_POINT('',(-0.55,11.5,2.9));
#11298=CARTESIAN_POINT('',(-0.55,11.5,1.75));
#11299=CARTESIAN_POINT('',(-0.55,11.5,0.6));
#11300=CARTESIAN_POINT('',(0.95,11.5,0.6));
#11301=CARTESIAN_POINT('',(-0.207106781186544,11.5,0.6));
#11302=CARTESIAN_POINT('',(-0.207106781186544,11.5,28.));
#11303=CARTESIAN_POINT('',(-0.207106781186544,11.5,0.));
#11304=CARTESIAN_POINT('',(-0.207106781186544,11.5,0.));
#11305=CARTESIAN_POINT('',(-6.11276469208288,11.5,0.));
#11306=CARTESIAN_POINT('',(-6.11276469208288,11.5,28.));
#11307=CARTESIAN_POINT('',(-6.11276469208288,11.5,29.5));
#11308=CARTESIAN_POINT('',(-0.207106781186544,11.5,29.5));
#11309=CARTESIAN_POINT('',(-0.207106781186544,11.5,29.5));
#11310=CARTESIAN_POINT('',(-0.207106781186544,11.5,28.));
#11311=CARTESIAN_POINT('',(-0.207106781186547,11.5,27.4));
#11312=CARTESIAN_POINT('',(0.95,11.5,27.4));
#11313=CARTESIAN_POINT('',(-0.55,11.5,27.4));
#11314=CARTESIAN_POINT('',(-0.55,11.5,26.25));
#11315=CARTESIAN_POINT('',(-0.55,11.5,25.1));
#11316=CARTESIAN_POINT('',(0.95,11.5,25.1));
#11317=CARTESIAN_POINT('',(-0.207106781186547,11.5,25.1));
#11318=CARTESIAN_POINT('',(-0.207106781186544,11.5,28.));
#11319=CARTESIAN_POINT('',(-0.207106781186547,11.5,23.9));
#11320=CARTESIAN_POINT('',(0.95,11.5,23.9));
#11321=CARTESIAN_POINT('',(-0.55,11.5,23.9));
#11322=CARTESIAN_POINT('',(-0.55,11.5,22.75));
#11323=CARTESIAN_POINT('',(-0.55,11.5,21.6));
#11324=CARTESIAN_POINT('',(0.95,11.5,21.6));
#11325=CARTESIAN_POINT('',(-0.207106781186547,11.5,21.6));
#11326=CARTESIAN_POINT('',(-0.207106781186544,11.5,28.));
#11327=CARTESIAN_POINT('',(-0.207106781186547,11.5,20.4));
#11328=CARTESIAN_POINT('',(0.95,11.5,20.4));
#11329=CARTESIAN_POINT('',(-0.55,11.5,20.4));
#11330=CARTESIAN_POINT('',(-0.55,11.5,19.25));
#11331=CARTESIAN_POINT('',(-0.55,11.5,18.1));
#11332=CARTESIAN_POINT('',(0.95,11.5,18.1));
#11333=CARTESIAN_POINT('',(-0.207106781186547,11.5,18.1));
#11334=CARTESIAN_POINT('',(-0.207106781186544,11.5,28.));
#11335=CARTESIAN_POINT('',(-0.207106781186547,11.5,16.9));
#11336=CARTESIAN_POINT('',(0.95,11.5,16.9));
#11337=CARTESIAN_POINT('',(-0.55,11.5,16.9));
#11338=CARTESIAN_POINT('',(-0.55,11.5,15.75));
#11339=CARTESIAN_POINT('',(-0.55,11.5,14.6));
#11340=CARTESIAN_POINT('',(0.95,11.5,14.6));
#11341=CARTESIAN_POINT('',(-0.207106781186547,11.5,14.6));
#11342=CARTESIAN_POINT('',(-0.207106781186544,11.5,28.));
#11343=CARTESIAN_POINT('',(-0.207106781186547,11.5,13.4));
#11344=CARTESIAN_POINT('',(0.95,11.5,13.4));
#11345=CARTESIAN_POINT('',(-0.55,11.5,13.4));
#11346=CARTESIAN_POINT('',(-0.55,11.5,12.25));
#11347=CARTESIAN_POINT('',(-0.55,11.5,11.1));
#11348=CARTESIAN_POINT('',(0.95,11.5,11.1));
#11349=CARTESIAN_POINT('',(-0.207106781186547,11.5,11.1));
#11350=CARTESIAN_POINT('',(-0.207106781186544,11.5,28.));
#11351=CARTESIAN_POINT('',(-0.207106781186547,11.5,9.9));
#11352=CARTESIAN_POINT('',(0.95,11.5,9.9));
#11353=CARTESIAN_POINT('',(-0.55,11.5,9.9));
#11354=CARTESIAN_POINT('',(-0.55,11.5,8.75));
#11355=CARTESIAN_POINT('',(-0.55,11.5,7.6));
#11356=CARTESIAN_POINT('',(0.95,11.5,7.6));
#11357=CARTESIAN_POINT('',(-0.207106781186547,11.5,7.6));
#11358=CARTESIAN_POINT('',(-0.207106781186544,11.5,28.));
#11359=CARTESIAN_POINT('',(-0.207106781186544,11.5,25.3));
#11360=CARTESIAN_POINT('',(-2.5,11.5,25.3));
#11361=CARTESIAN_POINT('',(-4.8,11.5,25.3));
#11362=CARTESIAN_POINT('',(-2.5,11.5,28.));
#11363=CARTESIAN_POINT('',(-2.5,11.5,28.));
#11364=CARTESIAN_POINT('',(-0.207106781186544,11.5,28.));
#11365=CARTESIAN_POINT('',(-4.8,11.5,28.));
#11366=CARTESIAN_POINT('',(-4.8,11.5,28.));
#11367=CARTESIAN_POINT('',(-0.207106781186544,11.5,18.3));
#11368=CARTESIAN_POINT('',(-2.5,11.5,18.3));
#11369=CARTESIAN_POINT('',(-4.8,11.5,18.3));
#11370=CARTESIAN_POINT('',(-2.5,11.5,28.));
#11371=CARTESIAN_POINT('',(-2.5,11.5,21.));
#11372=CARTESIAN_POINT('',(-0.207106781186544,11.5,21.));
#11373=CARTESIAN_POINT('',(-4.8,11.5,21.));
#11374=CARTESIAN_POINT('',(-4.8,11.5,28.));
#11375=CARTESIAN_POINT('',(-0.207106781186544,11.5,11.3));
#11376=CARTESIAN_POINT('',(-2.5,11.5,11.3));
#11377=CARTESIAN_POINT('',(-4.8,11.5,11.3));
#11378=CARTESIAN_POINT('',(-2.5,11.5,28.));
#11379=CARTESIAN_POINT('',(-2.5,11.5,14.));
#11380=CARTESIAN_POINT('',(-0.207106781186544,11.5,14.));
#11381=CARTESIAN_POINT('',(-4.8,11.5,14.));
#11382=CARTESIAN_POINT('',(-4.8,11.5,28.));
#11383=CARTESIAN_POINT('',(-0.207106781186544,11.5,4.3));
#11384=CARTESIAN_POINT('',(-2.5,11.5,4.3));
#11385=CARTESIAN_POINT('',(-4.8,11.5,4.3));
#11386=CARTESIAN_POINT('',(-2.5,11.5,28.));
#11387=CARTESIAN_POINT('',(-2.5,11.5,7.));
#11388=CARTESIAN_POINT('',(-0.207106781186544,11.5,7.));
#11389=CARTESIAN_POINT('',(-4.8,11.5,7.));
#11390=CARTESIAN_POINT('',(-4.8,11.5,28.));
#11391=CARTESIAN_POINT('',(-0.207106781186547,11.,28.));
#11392=CARTESIAN_POINT('',(-0.207106781186547,11.,4.35));
#11393=CARTESIAN_POINT('',(0.14644660940673,11.3535533905933,4.17322330470336));
#11394=CARTESIAN_POINT('',(0.14644660940673,11.3535533905933,28.));
#11395=CARTESIAN_POINT('',(0.146446609406731,11.3535533905933,2.82677669529664));
#11396=CARTESIAN_POINT('',(-0.207106781186547,11.,2.65));
#11397=CARTESIAN_POINT('',(4.55355339059327,6.94644660940673,28.));
#11398=CARTESIAN_POINT('',(-0.752396986139317,12.2523969861393,6.77619849306966));
#11399=CARTESIAN_POINT('',(0.146446609406731,11.3535533905933,6.32677669529663));
#11400=CARTESIAN_POINT('',(0.483794065852769,11.0162059341472,6.15810296707362));
#11401=CARTESIAN_POINT('',(0.14644660940673,11.3535533905933,28.));
#11402=CARTESIAN_POINT('',(0.14644660940673,11.3535533905933,7.67322330470336));
#11403=CARTESIAN_POINT('',(8.58093634719402,2.91906365280597,11.890468173597));
#11404=CARTESIAN_POINT('',(0.483794065852769,11.0162059341472,7.84189703292639));
#11405=CARTESIAN_POINT('',(1.5,10.,8.75));
#11406=CARTESIAN_POINT('',(0.483794065852769,11.0162059341472,9.65810296707362));
#11407=CARTESIAN_POINT('',(0.0253807916384607,11.4746192083615,9.88730960418076));
#11408=CARTESIAN_POINT('',(0.14644660940673,11.3535533905933,9.82677669529663));
#11409=CARTESIAN_POINT('',(0.14644660940673,11.3535533905933,28.));
#11410=CARTESIAN_POINT('',(0.146446609406731,11.3535533905933,11.1732233047034));
#11411=CARTESIAN_POINT('',(7.80315856941625,3.69684143058375,15.0015792847081));
#11412=CARTESIAN_POINT('',(0.483794065852769,11.0162059341472,11.3418970329264));
#11413=CARTESIAN_POINT('',(1.5,10.,12.25));
#11414=CARTESIAN_POINT('',(0.483794065852769,11.0162059341472,13.1581029670736));
#11415=CARTESIAN_POINT('',(0.803158569416241,10.6968414305838,12.9984207152919));
#11416=CARTESIAN_POINT('',(0.14644660940673,11.3535533905933,13.3267766952966));
#11417=CARTESIAN_POINT('',(0.14644660940673,11.3535533905933,28.));
#11418=CARTESIAN_POINT('',(0.146446609406731,11.3535533905933,14.6732233047034));
#11419=CARTESIAN_POINT('',(7.02538079163847,4.47461920836153,18.1126903958192));
#11420=CARTESIAN_POINT('',(0.483794065852769,11.0162059341472,14.8418970329264));
#11421=CARTESIAN_POINT('',(1.5,10.,15.75));
#11422=CARTESIAN_POINT('',(0.483794065852769,11.0162059341472,16.6581029670736));
#11423=CARTESIAN_POINT('',(1.58093634719402,9.91906365280598,16.109531826403));
#11424=CARTESIAN_POINT('',(0.14644660940673,11.3535533905933,16.8267766952966));
#11425=CARTESIAN_POINT('',(0.14644660940673,11.3535533905933,28.));
#11426=CARTESIAN_POINT('',(0.14644660940673,11.3535533905933,18.1732233047034));
#11427=CARTESIAN_POINT('',(6.24760301386069,5.25239698613931,21.2238015069304));
#11428=CARTESIAN_POINT('',(0.483794065852769,11.0162059341472,18.3418970329264));
#11429=CARTESIAN_POINT('',(1.5,10.,19.25));
#11430=CARTESIAN_POINT('',(0.48379406585277,11.0162059341472,20.1581029670736));
#11431=CARTESIAN_POINT('',(2.3587141249718,9.1412858750282,19.2206429375141));
#11432=CARTESIAN_POINT('',(0.146446609406731,11.3535533905933,20.3267766952966));
#11433=CARTESIAN_POINT('',(0.14644660940673,11.3535533905933,28.));
#11434=CARTESIAN_POINT('',(0.14644660940673,11.3535533905933,21.6732233047034));
#11435=CARTESIAN_POINT('',(5.46982523608291,6.03017476391709,24.3349126180415));
#11436=CARTESIAN_POINT('',(0.483794065852769,11.0162059341472,21.8418970329264));
#11437=CARTESIAN_POINT('',(1.5,10.,22.75));
#11438=CARTESIAN_POINT('',(0.48379406585277,11.0162059341472,23.6581029670736));
#11439=CARTESIAN_POINT('',(3.13649190274958,8.36350809725043,22.3317540486252));
#11440=CARTESIAN_POINT('',(0.14644660940673,11.3535533905933,23.8267766952966));
#11441=CARTESIAN_POINT('',(0.14644660940673,11.3535533905933,28.));
#11442=CARTESIAN_POINT('',(0.146446609406731,11.3535533905933,25.1732233047034));
#11443=CARTESIAN_POINT('',(4.69204745830513,6.80795254169487,27.4460237291526));
#11444=CARTESIAN_POINT('',(0.483794065852769,11.0162059341472,25.3418970329264));
#11445=CARTESIAN_POINT('',(1.5,10.,26.25));
#11446=CARTESIAN_POINT('',(0.48379406585277,11.0162059341472,27.1581029670736));
#11447=CARTESIAN_POINT('',(3.91426968052735,7.58573031947265,25.4428651597363));
#11448=CARTESIAN_POINT('',(0.14644660940673,11.3535533905933,27.3267766952966));
#11449=CARTESIAN_POINT('',(0.14644660940673,11.3535533905933,28.));
#11450=CARTESIAN_POINT('',(0.14644660940673,11.3535533905933,29.5));
#11451=CARTESIAN_POINT('',(4.55355339059327,6.94644660940673,29.5));
#11452=CARTESIAN_POINT('',(4.55355339059327,6.94644660940673,29.5));
#11453=CARTESIAN_POINT('',(4.55355339059327,6.94644660940673,28.));
#11454=CARTESIAN_POINT('',(4.55355339059327,6.94644660940673,0.));
#11455=CARTESIAN_POINT('',(4.55355339059327,6.94644660940673,0.));
#11456=CARTESIAN_POINT('',(0.14644660940673,11.3535533905933,0.));
#11457=CARTESIAN_POINT('',(0.14644660940673,11.3535533905933,28.));
#11458=CARTESIAN_POINT('',(0.14644660940673,11.3535533905933,0.673223304703364));
#11459=CARTESIAN_POINT('',(10.1364919027496,1.36350809725041,5.6682459513748));
#11460=CARTESIAN_POINT('',(0.483794065852769,11.0162059341472,0.841897032926385));
#11461=CARTESIAN_POINT('',(1.5,10.,1.75));
#11462=CARTESIAN_POINT('',(0.483794065852769,11.0162059341472,2.65810296707361));
#11463=CARTESIAN_POINT('',(-1.5301747639171,13.0301747639171,3.66508738195855));
#11464=CARTESIAN_POINT('',(9.3587141249718,2.14128587502819,8.77935706248591));
#11465=CARTESIAN_POINT('',(0.483794065852769,11.0162059341472,4.34189703292638));
#11466=CARTESIAN_POINT('',(1.5,10.,5.25));
#11467=CARTESIAN_POINT('',(-0.55,11.5,26.25));
#11468=CARTESIAN_POINT('',(-0.55,11.5,27.4));
#11469=CARTESIAN_POINT('',(-0.55,10.8,27.05));
#11470=CARTESIAN_POINT('',(-0.55,10.8,26.25));
#11471=CARTESIAN_POINT('',(-0.55,10.8,25.45));
#11472=CARTESIAN_POINT('',(-0.55,11.5,25.1));
#11473=CARTESIAN_POINT('',(-0.55,9.8,26.25));
#11474=CARTESIAN_POINT('',(-0.55,10.8,27.05));
#11475=CARTESIAN_POINT('',(-0.55,9.8,27.05));
#11476=CARTESIAN_POINT('',(-0.55,9.8,26.25));
#11477=CARTESIAN_POINT('',(-0.55,9.8,25.45));
#11478=CARTESIAN_POINT('',(-0.55,10.8,25.45));
#11479=CARTESIAN_POINT('',(-0.55,11.5,22.75));
#11480=CARTESIAN_POINT('',(-0.55,11.5,23.9));
#11481=CARTESIAN_POINT('',(-0.55,10.8,23.55));
#11482=CARTESIAN_POINT('',(-0.55,10.8,22.75));
#11483=CARTESIAN_POINT('',(-0.55,10.8,21.95));
#11484=CARTESIAN_POINT('',(-0.55,11.5,21.6));
#11485=CARTESIAN_POINT('',(-0.55,9.8,22.75));
#11486=CARTESIAN_POINT('',(-0.55,10.8,23.55));
#11487=CARTESIAN_POINT('',(-0.55,9.8,23.55));
#11488=CARTESIAN_POINT('',(-0.55,9.8,22.75));
#11489=CARTESIAN_POINT('',(-0.55,9.8,21.95));
#11490=CARTESIAN_POINT('',(-0.55,10.8,21.95));
#11491=CARTESIAN_POINT('',(-0.55,11.5,19.25));
#11492=CARTESIAN_POINT('',(-0.55,11.5,20.4));
#11493=CARTESIAN_POINT('',(-0.55,10.8,20.05));
#11494=CARTESIAN_POINT('',(-0.55,10.8,19.25));
#11495=CARTESIAN_POINT('',(-0.55,10.8,18.45));
#11496=CARTESIAN_POINT('',(-0.55,11.5,18.1));
#11497=CARTESIAN_POINT('',(-0.55,9.8,19.25));
#11498=CARTESIAN_POINT('',(-0.55,10.8,20.05));
#11499=CARTESIAN_POINT('',(-0.55,9.8,20.05));
#11500=CARTESIAN_POINT('',(-0.55,9.8,19.25));
#11501=CARTESIAN_POINT('',(-0.55,9.8,18.45));
#11502=CARTESIAN_POINT('',(-0.55,10.8,18.45));
#11503=CARTESIAN_POINT('',(-0.55,11.5,15.75));
#11504=CARTESIAN_POINT('',(-0.55,11.5,16.9));
#11505=CARTESIAN_POINT('',(-0.55,10.8,16.55));
#11506=CARTESIAN_POINT('',(-0.55,10.8,15.75));
#11507=CARTESIAN_POINT('',(-0.55,10.8,14.95));
#11508=CARTESIAN_POINT('',(-0.55,11.5,14.6));
#11509=CARTESIAN_POINT('',(-0.55,9.8,15.75));
#11510=CARTESIAN_POINT('',(-0.55,10.8,16.55));
#11511=CARTESIAN_POINT('',(-0.55,9.8,16.55));
#11512=CARTESIAN_POINT('',(-0.55,9.8,15.75));
#11513=CARTESIAN_POINT('',(-0.55,9.8,14.95));
#11514=CARTESIAN_POINT('',(-0.55,10.8,14.95));
#11515=CARTESIAN_POINT('',(-0.55,11.5,12.25));
#11516=CARTESIAN_POINT('',(-0.55,11.5,13.4));
#11517=CARTESIAN_POINT('',(-0.55,10.8,13.05));
#11518=CARTESIAN_POINT('',(-0.55,10.8,12.25));
#11519=CARTESIAN_POINT('',(-0.55,10.8,11.45));
#11520=CARTESIAN_POINT('',(-0.55,11.5,11.1));
#11521=CARTESIAN_POINT('',(-0.55,9.8,12.25));
#11522=CARTESIAN_POINT('',(-0.55,10.8,13.05));
#11523=CARTESIAN_POINT('',(-0.55,9.8,13.05));
#11524=CARTESIAN_POINT('',(-0.55,9.8,12.25));
#11525=CARTESIAN_POINT('',(-0.55,9.8,11.45));
#11526=CARTESIAN_POINT('',(-0.55,10.8,11.45));
#11527=CARTESIAN_POINT('',(-0.55,11.5,8.75));
#11528=CARTESIAN_POINT('',(-0.55,11.5,9.9));
#11529=CARTESIAN_POINT('',(-0.55,10.8,9.55));
#11530=CARTESIAN_POINT('',(-0.55,10.8,8.75));
#11531=CARTESIAN_POINT('',(-0.55,10.8,7.95));
#11532=CARTESIAN_POINT('',(-0.55,11.5,7.6));
#11533=CARTESIAN_POINT('',(-0.55,9.8,8.75));
#11534=CARTESIAN_POINT('',(-0.55,10.8,9.55));
#11535=CARTESIAN_POINT('',(-0.55,9.8,9.55));
#11536=CARTESIAN_POINT('',(-0.55,9.8,8.75));
#11537=CARTESIAN_POINT('',(-0.55,9.8,7.95));
#11538=CARTESIAN_POINT('',(-0.55,10.8,7.95));
#11539=CARTESIAN_POINT('',(-0.55,11.5,5.25));
#11540=CARTESIAN_POINT('',(-0.55,11.5,6.4));
#11541=CARTESIAN_POINT('',(-0.55,10.8,6.05));
#11542=CARTESIAN_POINT('',(-0.55,10.8,5.25));
#11543=CARTESIAN_POINT('',(-0.55,10.8,4.45));
#11544=CARTESIAN_POINT('',(-0.55,11.5,4.1));
#11545=CARTESIAN_POINT('',(-0.55,9.8,5.25));
#11546=CARTESIAN_POINT('',(-0.55,10.8,6.05));
#11547=CARTESIAN_POINT('',(-0.55,9.8,6.05));
#11548=CARTESIAN_POINT('',(-0.55,9.8,5.25));
#11549=CARTESIAN_POINT('',(-0.55,9.8,4.45));
#11550=CARTESIAN_POINT('',(-0.55,10.8,4.45));
#11551=CARTESIAN_POINT('',(-0.207106781186547,11.,28.));
#11552=CARTESIAN_POINT('',(-0.207106781186547,11.,6.15));
#11553=CARTESIAN_POINT('',(-0.207106781186547,11.,7.85));
#11554=CARTESIAN_POINT('',(-0.207106781186547,11.,28.));
#11555=CARTESIAN_POINT('',(-0.207106781186547,11.,9.65));
#11556=CARTESIAN_POINT('',(-0.207106781186547,11.,11.35));
#11557=CARTESIAN_POINT('',(-0.207106781186547,11.,28.));
#11558=CARTESIAN_POINT('',(-0.207106781186547,11.,13.15));
#11559=CARTESIAN_POINT('',(-0.207106781186547,11.,14.85));
#11560=CARTESIAN_POINT('',(-0.207106781186547,11.,28.));
#11561=CARTESIAN_POINT('',(-0.207106781186547,11.,16.65));
#11562=CARTESIAN_POINT('',(-0.207106781186547,11.,18.35));
#11563=CARTESIAN_POINT('',(-0.207106781186547,11.,28.));
#11564=CARTESIAN_POINT('',(-0.207106781186547,11.,20.15));
#11565=CARTESIAN_POINT('',(-0.207106781186547,11.,21.85));
#11566=CARTESIAN_POINT('',(-0.207106781186547,11.,28.));
#11567=CARTESIAN_POINT('',(-0.207106781186547,11.,23.65));
#11568=CARTESIAN_POINT('',(-0.207106781186547,11.,25.35));
#11569=CARTESIAN_POINT('',(-0.207106781186547,11.,28.));
#11570=CARTESIAN_POINT('',(-0.207106781186547,11.,27.15));
#11571=CARTESIAN_POINT('',(-0.207106781186547,11.,29.5));
#11572=CARTESIAN_POINT('',(1.5,10.,5.25));
#11573=CARTESIAN_POINT('',(0.48379406585277,11.0162059341472,4.34189703292638));
#11574=CARTESIAN_POINT('',(0.436284391639867,10.9443219333537,4.37783903332314));
#11575=CARTESIAN_POINT('',(0.389107015335223,10.8722628195204,4.4138685902398));
#11576=CARTESIAN_POINT('',(0.342316194902173,10.8,4.45));
#11577=CARTESIAN_POINT('',(0.342316194902173,10.8,4.45));
#11578=CARTESIAN_POINT('',(0.342316194902172,10.8,4.45));
#11579=CARTESIAN_POINT('',(0.310919349264157,10.7146815103461,4.45));
#11580=CARTESIAN_POINT('',(0.279858458889512,10.6292472823267,4.45));
#11581=CARTESIAN_POINT('',(0.249228687160409,10.543664531653,4.45));
#11582=CARTESIAN_POINT('',(0.249228687160409,10.543664531653,4.45));
#11583=CARTESIAN_POINT('',(1.14644660940673,9.64644660940673,5.25));
#11584=CARTESIAN_POINT('',(0.249228687160409,10.543664531653,6.05));
#11585=CARTESIAN_POINT('',(0.249228687160409,10.543664531653,6.05));
#11586=CARTESIAN_POINT('',(0.279859244700062,10.6292494779626,6.05));
#11587=CARTESIAN_POINT('',(0.310920090743568,10.7146835252588,6.05));
#11588=CARTESIAN_POINT('',(0.342316194902173,10.8,6.05));
#11589=CARTESIAN_POINT('',(0.342316194902172,10.8,6.05));
#11590=CARTESIAN_POINT('',(0.342316194902172,10.8,6.05));
#11591=CARTESIAN_POINT('',(0.389107015335222,10.8722628195204,6.0861314097602));
#11592=CARTESIAN_POINT('',(0.436284391639867,10.9443219333537,6.12216096667686));
#11593=CARTESIAN_POINT('',(0.483794065852769,11.0162059341472,6.15810296707362));
#11594=CARTESIAN_POINT('',(0.43933982822018,8.93933982822018,5.25));
#11595=CARTESIAN_POINT('',(-0.457878094026137,9.8365577504665,4.45));
#11596=CARTESIAN_POINT('',(-0.457878094026138,9.8365577504665,4.45));
#11597=CARTESIAN_POINT('',(0.43933982822018,8.93933982822018,5.25));
#11598=CARTESIAN_POINT('',(-0.457878094026138,9.8365577504665,6.05));
#11599=CARTESIAN_POINT('',(-0.457878094026138,9.8365577504665,6.05));
#11600=CARTESIAN_POINT('',(1.5,7.87867965644036,5.25));
#11601=CARTESIAN_POINT('',(-0.421320343559642,9.8,4.45));
#11602=CARTESIAN_POINT('',(-0.421320343559642,9.8,6.05));
#11603=CARTESIAN_POINT('',(-0.421320343559643,9.8,4.45));
#11604=CARTESIAN_POINT('',(1.5,7.87867965644036,6.05));
#11605=CARTESIAN_POINT('',(1.5,7.87867965644036,4.45));
#11606=CARTESIAN_POINT('',(1.5,10.,8.75));
#11607=CARTESIAN_POINT('',(0.48379406585277,11.0162059341472,7.84189703292638));
#11608=CARTESIAN_POINT('',(0.436284391639867,10.9443219333537,7.87783903332314));
#11609=CARTESIAN_POINT('',(0.389107015335222,10.8722628195204,7.9138685902398));
#11610=CARTESIAN_POINT('',(0.342316194902173,10.8,7.95));
#11611=CARTESIAN_POINT('',(0.342316194902173,10.8,7.95));
#11612=CARTESIAN_POINT('',(0.342316194902172,10.8,7.95));
#11613=CARTESIAN_POINT('',(0.310919349264157,10.7146815103461,7.95));
#11614=CARTESIAN_POINT('',(0.279858458889512,10.6292472823267,7.95));
#11615=CARTESIAN_POINT('',(0.249228687160409,10.543664531653,7.95));
#11616=CARTESIAN_POINT('',(0.249228687160409,10.543664531653,7.95));
#11617=CARTESIAN_POINT('',(1.14644660940673,9.64644660940673,8.75));
#11618=CARTESIAN_POINT('',(0.249228687160408,10.543664531653,9.55));
#11619=CARTESIAN_POINT('',(0.249228687160408,10.543664531653,9.55));
#11620=CARTESIAN_POINT('',(0.279859244700061,10.6292494779626,9.55));
#11621=CARTESIAN_POINT('',(0.310920090743567,10.7146835252588,9.55));
#11622=CARTESIAN_POINT('',(0.342316194902172,10.8,9.55));
#11623=CARTESIAN_POINT('',(0.342316194902172,10.8,9.55));
#11624=CARTESIAN_POINT('',(0.342316194902172,10.8,9.55));
#11625=CARTESIAN_POINT('',(0.389107015335222,10.8722628195204,9.58613140976021));
#11626=CARTESIAN_POINT('',(0.436284391639867,10.9443219333537,9.62216096667686));
#11627=CARTESIAN_POINT('',(0.48379406585277,11.0162059341472,9.65810296707362));
#11628=CARTESIAN_POINT('',(0.43933982822018,8.93933982822018,8.75));
#11629=CARTESIAN_POINT('',(-0.457878094026137,9.8365577504665,7.95));
#11630=CARTESIAN_POINT('',(-0.457878094026138,9.8365577504665,7.95));
#11631=CARTESIAN_POINT('',(0.43933982822018,8.93933982822018,8.75));
#11632=CARTESIAN_POINT('',(-0.457878094026138,9.8365577504665,9.55));
#11633=CARTESIAN_POINT('',(-0.457878094026138,9.8365577504665,9.55));
#11634=CARTESIAN_POINT('',(1.5,7.87867965644036,8.75));
#11635=CARTESIAN_POINT('',(-0.421320343559642,9.8,7.95));
#11636=CARTESIAN_POINT('',(-0.421320343559642,9.8,9.55));
#11637=CARTESIAN_POINT('',(-0.421320343559643,9.8,7.95));
#11638=CARTESIAN_POINT('',(1.5,7.87867965644036,9.55));
#11639=CARTESIAN_POINT('',(1.5,7.87867965644036,7.95));
#11640=CARTESIAN_POINT('',(1.5,10.,12.25));
#11641=CARTESIAN_POINT('',(0.48379406585277,11.0162059341472,11.3418970329264));
#11642=CARTESIAN_POINT('',(0.436284391639867,10.9443219333537,11.3778390333231));
#11643=CARTESIAN_POINT('',(0.389107015335222,10.8722628195204,11.4138685902398));
#11644=CARTESIAN_POINT('',(0.342316194902173,10.8,11.45));
#11645=CARTESIAN_POINT('',(0.342316194902173,10.8,11.45));
#11646=CARTESIAN_POINT('',(0.342316194902172,10.8,11.45));
#11647=CARTESIAN_POINT('',(0.310919349264157,10.7146815103461,11.45));
#11648=CARTESIAN_POINT('',(0.279858458889512,10.6292472823267,11.45));
#11649=CARTESIAN_POINT('',(0.249228687160409,10.543664531653,11.45));
#11650=CARTESIAN_POINT('',(0.249228687160409,10.543664531653,11.45));
#11651=CARTESIAN_POINT('',(1.14644660940673,9.64644660940673,12.25));
#11652=CARTESIAN_POINT('',(0.249228687160409,10.543664531653,13.05));
#11653=CARTESIAN_POINT('',(0.24922868716041,10.543664531653,13.05));
#11654=CARTESIAN_POINT('',(0.279859244700062,10.6292494779626,13.05));
#11655=CARTESIAN_POINT('',(0.310920090743569,10.7146835252588,13.05));
#11656=CARTESIAN_POINT('',(0.342316194902173,10.8,13.05));
#11657=CARTESIAN_POINT('',(0.342316194902173,10.8,13.05));
#11658=CARTESIAN_POINT('',(0.342316194902172,10.8,13.05));
#11659=CARTESIAN_POINT('',(0.389107015335222,10.8722628195204,13.0861314097602));
#11660=CARTESIAN_POINT('',(0.436284391639866,10.9443219333537,13.1221609666769));
#11661=CARTESIAN_POINT('',(0.483794065852769,11.0162059341472,13.1581029670736));
#11662=CARTESIAN_POINT('',(0.43933982822018,8.93933982822018,12.25));
#11663=CARTESIAN_POINT('',(-0.457878094026137,9.8365577504665,11.45));
#11664=CARTESIAN_POINT('',(-0.457878094026138,9.8365577504665,11.45));
#11665=CARTESIAN_POINT('',(0.43933982822018,8.93933982822018,12.25));
#11666=CARTESIAN_POINT('',(-0.457878094026138,9.8365577504665,13.05));
#11667=CARTESIAN_POINT('',(-0.457878094026137,9.8365577504665,13.05));
#11668=CARTESIAN_POINT('',(1.5,7.87867965644036,12.25));
#11669=CARTESIAN_POINT('',(-0.421320343559642,9.8,11.45));
#11670=CARTESIAN_POINT('',(-0.421320343559642,9.8,13.05));
#11671=CARTESIAN_POINT('',(-0.421320343559643,9.8,11.45));
#11672=CARTESIAN_POINT('',(1.5,7.87867965644036,13.05));
#11673=CARTESIAN_POINT('',(1.5,7.87867965644036,11.45));
#11674=CARTESIAN_POINT('',(1.5,10.,15.75));
#11675=CARTESIAN_POINT('',(0.48379406585277,11.0162059341472,14.8418970329264));
#11676=CARTESIAN_POINT('',(0.436284391639867,10.9443219333537,14.8778390333231));
#11677=CARTESIAN_POINT('',(0.389107015335222,10.8722628195204,14.9138685902398));
#11678=CARTESIAN_POINT('',(0.342316194902173,10.8,14.95));
#11679=CARTESIAN_POINT('',(0.342316194902173,10.8,14.95));
#11680=CARTESIAN_POINT('',(0.342316194902172,10.8,14.95));
#11681=CARTESIAN_POINT('',(0.310919349264157,10.7146815103461,14.95));
#11682=CARTESIAN_POINT('',(0.279858458889512,10.6292472823267,14.95));
#11683=CARTESIAN_POINT('',(0.249228687160409,10.543664531653,14.95));
#11684=CARTESIAN_POINT('',(0.249228687160409,10.543664531653,14.95));
#11685=CARTESIAN_POINT('',(1.14644660940673,9.64644660940673,15.75));
#11686=CARTESIAN_POINT('',(0.249228687160408,10.543664531653,16.55));
#11687=CARTESIAN_POINT('',(0.249228687160408,10.543664531653,16.55));
#11688=CARTESIAN_POINT('',(0.279859244700061,10.6292494779626,16.55));
#11689=CARTESIAN_POINT('',(0.310920090743567,10.7146835252588,16.55));
#11690=CARTESIAN_POINT('',(0.342316194902172,10.8,16.55));
#11691=CARTESIAN_POINT('',(0.342316194902172,10.8,16.55));
#11692=CARTESIAN_POINT('',(0.342316194902172,10.8,16.55));
#11693=CARTESIAN_POINT('',(0.389107015335222,10.8722628195204,16.5861314097602));
#11694=CARTESIAN_POINT('',(0.436284391639866,10.9443219333537,16.6221609666769));
#11695=CARTESIAN_POINT('',(0.483794065852769,11.0162059341472,16.6581029670736));
#11696=CARTESIAN_POINT('',(0.43933982822018,8.93933982822018,15.75));
#11697=CARTESIAN_POINT('',(-0.457878094026137,9.8365577504665,14.95));
#11698=CARTESIAN_POINT('',(-0.457878094026138,9.8365577504665,14.95));
#11699=CARTESIAN_POINT('',(0.43933982822018,8.93933982822018,15.75));
#11700=CARTESIAN_POINT('',(-0.457878094026138,9.8365577504665,16.55));
#11701=CARTESIAN_POINT('',(-0.457878094026138,9.8365577504665,16.55));
#11702=CARTESIAN_POINT('',(1.5,7.87867965644036,15.75));
#11703=CARTESIAN_POINT('',(-0.421320343559642,9.8,14.95));
#11704=CARTESIAN_POINT('',(-0.421320343559642,9.8,16.55));
#11705=CARTESIAN_POINT('',(-0.421320343559643,9.8,14.95));
#11706=CARTESIAN_POINT('',(1.5,7.87867965644036,16.55));
#11707=CARTESIAN_POINT('',(1.5,7.87867965644036,14.95));
#11708=CARTESIAN_POINT('',(1.5,10.,19.25));
#11709=CARTESIAN_POINT('',(0.483794065852769,11.0162059341472,18.3418970329264));
#11710=CARTESIAN_POINT('',(0.436284391639866,10.9443219333537,18.3778390333231));
#11711=CARTESIAN_POINT('',(0.389107015335222,10.8722628195204,18.4138685902398));
#11712=CARTESIAN_POINT('',(0.342316194902171,10.8,18.45));
#11713=CARTESIAN_POINT('',(0.342316194902172,10.8,18.45));
#11714=CARTESIAN_POINT('',(0.342316194902172,10.8,18.45));
#11715=CARTESIAN_POINT('',(0.310919349264156,10.7146815103461,18.45));
#11716=CARTESIAN_POINT('',(0.279858458889511,10.6292472823267,18.45));
#11717=CARTESIAN_POINT('',(0.249228687160408,10.543664531653,18.45));
#11718=CARTESIAN_POINT('',(0.249228687160408,10.543664531653,18.45));
#11719=CARTESIAN_POINT('',(1.14644660940673,9.64644660940673,19.25));
#11720=CARTESIAN_POINT('',(0.24922868716041,10.543664531653,20.05));
#11721=CARTESIAN_POINT('',(0.24922868716041,10.543664531653,20.05));
#11722=CARTESIAN_POINT('',(0.279859244700063,10.6292494779626,20.05));
#11723=CARTESIAN_POINT('',(0.310920090743568,10.7146835252588,20.05));
#11724=CARTESIAN_POINT('',(0.342316194902173,10.8,20.05));
#11725=CARTESIAN_POINT('',(0.342316194902174,10.8,20.05));
#11726=CARTESIAN_POINT('',(0.342316194902174,10.8,20.05));
#11727=CARTESIAN_POINT('',(0.389107015335223,10.8722628195204,20.0861314097602));
#11728=CARTESIAN_POINT('',(0.436284391639867,10.9443219333537,20.1221609666769));
#11729=CARTESIAN_POINT('',(0.48379406585277,11.0162059341472,20.1581029670736));
#11730=CARTESIAN_POINT('',(0.43933982822018,8.93933982822018,19.25));
#11731=CARTESIAN_POINT('',(-0.457878094026138,9.8365577504665,18.45));
#11732=CARTESIAN_POINT('',(-0.457878094026138,9.8365577504665,18.45));
#11733=CARTESIAN_POINT('',(0.43933982822018,8.93933982822018,19.25));
#11734=CARTESIAN_POINT('',(-0.457878094026137,9.8365577504665,20.05));
#11735=CARTESIAN_POINT('',(-0.457878094026137,9.8365577504665,20.05));
#11736=CARTESIAN_POINT('',(1.5,7.87867965644036,19.25));
#11737=CARTESIAN_POINT('',(-0.421320343559642,9.8,18.45));
#11738=CARTESIAN_POINT('',(-0.421320343559642,9.8,20.05));
#11739=CARTESIAN_POINT('',(-0.421320343559643,9.8,18.45));
#11740=CARTESIAN_POINT('',(1.5,7.87867965644036,20.05));
#11741=CARTESIAN_POINT('',(1.5,7.87867965644036,18.45));
#11742=CARTESIAN_POINT('',(1.5,10.,22.75));
#11743=CARTESIAN_POINT('',(0.483794065852769,11.0162059341472,21.8418970329264));
#11744=CARTESIAN_POINT('',(0.436284391639866,10.9443219333537,21.8778390333231));
#11745=CARTESIAN_POINT('',(0.389107015335222,10.8722628195204,21.9138685902398));
#11746=CARTESIAN_POINT('',(0.342316194902171,10.8,21.95));
#11747=CARTESIAN_POINT('',(0.342316194902172,10.8,21.95));
#11748=CARTESIAN_POINT('',(0.342316194902172,10.8,21.95));
#11749=CARTESIAN_POINT('',(0.310919349264156,10.7146815103461,21.95));
#11750=CARTESIAN_POINT('',(0.279858458889511,10.6292472823267,21.95));
#11751=CARTESIAN_POINT('',(0.249228687160408,10.543664531653,21.95));
#11752=CARTESIAN_POINT('',(0.249228687160408,10.543664531653,21.95));
#11753=CARTESIAN_POINT('',(1.14644660940673,9.64644660940673,22.75));
#11754=CARTESIAN_POINT('',(0.24922868716041,10.543664531653,23.55));
#11755=CARTESIAN_POINT('',(0.24922868716041,10.543664531653,23.55));
#11756=CARTESIAN_POINT('',(0.279859244700063,10.6292494779626,23.55));
#11757=CARTESIAN_POINT('',(0.310920090743568,10.7146835252588,23.55));
#11758=CARTESIAN_POINT('',(0.342316194902173,10.8,23.55));
#11759=CARTESIAN_POINT('',(0.342316194902174,10.8,23.55));
#11760=CARTESIAN_POINT('',(0.342316194902174,10.8,23.55));
#11761=CARTESIAN_POINT('',(0.389107015335224,10.8722628195204,23.5861314097602));
#11762=CARTESIAN_POINT('',(0.436284391639867,10.9443219333537,23.6221609666769));
#11763=CARTESIAN_POINT('',(0.48379406585277,11.0162059341472,23.6581029670736));
#11764=CARTESIAN_POINT('',(0.43933982822018,8.93933982822018,22.75));
#11765=CARTESIAN_POINT('',(-0.457878094026138,9.8365577504665,21.95));
#11766=CARTESIAN_POINT('',(-0.457878094026138,9.8365577504665,21.95));
#11767=CARTESIAN_POINT('',(0.43933982822018,8.93933982822018,22.75));
#11768=CARTESIAN_POINT('',(-0.457878094026137,9.8365577504665,23.55));
#11769=CARTESIAN_POINT('',(-0.457878094026137,9.8365577504665,23.55));
#11770=CARTESIAN_POINT('',(1.5,7.87867965644036,22.75));
#11771=CARTESIAN_POINT('',(-0.421320343559642,9.8,21.95));
#11772=CARTESIAN_POINT('',(-0.421320343559642,9.8,23.55));
#11773=CARTESIAN_POINT('',(-0.421320343559643,9.8,21.95));
#11774=CARTESIAN_POINT('',(1.5,7.87867965644036,23.55));
#11775=CARTESIAN_POINT('',(1.5,7.87867965644036,21.95));
#11776=CARTESIAN_POINT('',(1.5,10.,26.25));
#11777=CARTESIAN_POINT('',(0.483794065852769,11.0162059341472,25.3418970329264));
#11778=CARTESIAN_POINT('',(0.436284391639866,10.9443219333537,25.3778390333231));
#11779=CARTESIAN_POINT('',(0.389107015335222,10.8722628195204,25.4138685902398));
#11780=CARTESIAN_POINT('',(0.342316194902171,10.8,25.45));
#11781=CARTESIAN_POINT('',(0.342316194902172,10.8,25.45));
#11782=CARTESIAN_POINT('',(0.342316194902172,10.8,25.45));
#11783=CARTESIAN_POINT('',(0.310919349264156,10.7146815103461,25.45));
#11784=CARTESIAN_POINT('',(0.279858458889511,10.6292472823267,25.45));
#11785=CARTESIAN_POINT('',(0.249228687160408,10.543664531653,25.45));
#11786=CARTESIAN_POINT('',(0.249228687160408,10.543664531653,25.45));
#11787=CARTESIAN_POINT('',(1.14644660940673,9.64644660940673,26.25));
#11788=CARTESIAN_POINT('',(0.24922868716041,10.543664531653,27.05));
#11789=CARTESIAN_POINT('',(0.24922868716041,10.543664531653,27.05));
#11790=CARTESIAN_POINT('',(0.279859244700063,10.6292494779626,27.05));
#11791=CARTESIAN_POINT('',(0.310920090743568,10.7146835252588,27.05));
#11792=CARTESIAN_POINT('',(0.342316194902173,10.8,27.05));
#11793=CARTESIAN_POINT('',(0.342316194902174,10.8,27.05));
#11794=CARTESIAN_POINT('',(0.342316194902174,10.8,27.05));
#11795=CARTESIAN_POINT('',(0.389107015335223,10.8722628195204,27.0861314097602));
#11796=CARTESIAN_POINT('',(0.436284391639867,10.9443219333537,27.1221609666769));
#11797=CARTESIAN_POINT('',(0.48379406585277,11.0162059341472,27.1581029670736));
#11798=CARTESIAN_POINT('',(0.43933982822018,8.93933982822018,26.25));
#11799=CARTESIAN_POINT('',(-0.457878094026138,9.8365577504665,25.45));
#11800=CARTESIAN_POINT('',(-0.457878094026138,9.8365577504665,25.45));
#11801=CARTESIAN_POINT('',(0.43933982822018,8.93933982822018,26.25));
#11802=CARTESIAN_POINT('',(-0.457878094026137,9.8365577504665,27.05));
#11803=CARTESIAN_POINT('',(-0.457878094026137,9.8365577504665,27.05));
#11804=CARTESIAN_POINT('',(1.5,7.87867965644036,26.25));
#11805=CARTESIAN_POINT('',(-0.421320343559642,9.8,25.45));
#11806=CARTESIAN_POINT('',(-0.421320343559642,9.8,27.05));
#11807=CARTESIAN_POINT('',(-0.421320343559643,9.8,25.45));
#11808=CARTESIAN_POINT('',(1.5,7.87867965644036,27.05));
#11809=CARTESIAN_POINT('',(1.5,7.87867965644036,25.45));
#11810=CARTESIAN_POINT('',(-0.55,11.5,1.75));
#11811=CARTESIAN_POINT('',(-0.55,11.5,2.9));
#11812=CARTESIAN_POINT('',(-0.55,10.8,2.55));
#11813=CARTESIAN_POINT('',(-0.55,10.8,1.75));
#11814=CARTESIAN_POINT('',(-0.55,10.8,0.95));
#11815=CARTESIAN_POINT('',(-0.55,11.5,0.6));
#11816=CARTESIAN_POINT('',(-0.55,9.8,1.75));
#11817=CARTESIAN_POINT('',(-0.55,10.8,2.55));
#11818=CARTESIAN_POINT('',(-0.55,9.8,2.55));
#11819=CARTESIAN_POINT('',(-0.55,9.8,1.75));
#11820=CARTESIAN_POINT('',(-0.55,9.8,0.95));
#11821=CARTESIAN_POINT('',(-0.55,10.8,0.95));
#11822=CARTESIAN_POINT('',(-0.207106781186547,11.,28.));
#11823=CARTESIAN_POINT('',(-0.207106781186547,11.,0.85));
#11824=CARTESIAN_POINT('',(-0.207106781186547,11.,0.));
#11825=CARTESIAN_POINT('',(1.5,10.,1.75));
#11826=CARTESIAN_POINT('',(0.483794065852769,11.0162059341472,0.841897032926385));
#11827=CARTESIAN_POINT('',(0.436284391639867,10.9443219333537,0.877839033323142));
#11828=CARTESIAN_POINT('',(0.389107015335222,10.8722628195204,0.913868590239796));
#11829=CARTESIAN_POINT('',(0.342316194902172,10.8,0.95));
#11830=CARTESIAN_POINT('',(0.342316194902173,10.8,0.95));
#11831=CARTESIAN_POINT('',(0.342316194902172,10.8,0.95));
#11832=CARTESIAN_POINT('',(0.310919349264156,10.7146815103461,0.95));
#11833=CARTESIAN_POINT('',(0.279858458889512,10.6292472823267,0.95));
#11834=CARTESIAN_POINT('',(0.249228687160409,10.543664531653,0.95));
#11835=CARTESIAN_POINT('',(0.249228687160409,10.543664531653,0.95));
#11836=CARTESIAN_POINT('',(1.14644660940673,9.64644660940673,1.75));
#11837=CARTESIAN_POINT('',(0.249228687160409,10.543664531653,2.55));
#11838=CARTESIAN_POINT('',(0.249228687160409,10.543664531653,2.55));
#11839=CARTESIAN_POINT('',(0.279859244700062,10.6292494779626,2.55));
#11840=CARTESIAN_POINT('',(0.310920090743568,10.7146835252588,2.55));
#11841=CARTESIAN_POINT('',(0.342316194902172,10.8,2.55));
#11842=CARTESIAN_POINT('',(0.342316194902173,10.8,2.55));
#11843=CARTESIAN_POINT('',(0.342316194902172,10.8,2.55));
#11844=CARTESIAN_POINT('',(0.389107015335222,10.8722628195204,2.5861314097602));
#11845=CARTESIAN_POINT('',(0.436284391639866,10.9443219333537,2.62216096667686));
#11846=CARTESIAN_POINT('',(0.483794065852769,11.0162059341472,2.65810296707361));
#11847=CARTESIAN_POINT('',(0.43933982822018,8.93933982822018,1.75));
#11848=CARTESIAN_POINT('',(-0.457878094026137,9.8365577504665,0.95));
#11849=CARTESIAN_POINT('',(-0.457878094026138,9.8365577504665,0.95));
#11850=CARTESIAN_POINT('',(0.43933982822018,8.93933982822018,1.75));
#11851=CARTESIAN_POINT('',(-0.457878094026138,9.8365577504665,2.55));
#11852=CARTESIAN_POINT('',(-0.457878094026138,9.8365577504665,2.55));
#11853=CARTESIAN_POINT('',(1.5,7.87867965644036,1.75));
#11854=CARTESIAN_POINT('',(-0.421320343559642,9.8,0.95));
#11855=CARTESIAN_POINT('',(-0.421320343559642,9.8,2.55));
#11856=CARTESIAN_POINT('',(-0.421320343559643,9.8,0.95));
#11857=CARTESIAN_POINT('',(1.5,7.87867965644036,2.55));
#11858=CARTESIAN_POINT('',(1.5,7.87867965644036,0.95));
#11859=CARTESIAN_POINT('',(-0.55,9.8,25.45));
#11860=CARTESIAN_POINT('',(0.95,9.8,27.05));
#11861=CARTESIAN_POINT('',(0.95,9.8,25.45));
#11862=CARTESIAN_POINT('',(-0.55,9.8,21.95));
#11863=CARTESIAN_POINT('',(0.95,9.8,23.55));
#11864=CARTESIAN_POINT('',(0.95,9.8,21.95));
#11865=CARTESIAN_POINT('',(-0.55,9.8,18.45));
#11866=CARTESIAN_POINT('',(0.95,9.8,20.05));
#11867=CARTESIAN_POINT('',(0.95,9.8,18.45));
#11868=CARTESIAN_POINT('',(-0.55,9.8,14.95));
#11869=CARTESIAN_POINT('',(0.95,9.8,16.55));
#11870=CARTESIAN_POINT('',(0.95,9.8,14.95));
#11871=CARTESIAN_POINT('',(-0.55,9.8,11.45));
#11872=CARTESIAN_POINT('',(0.95,9.8,13.05));
#11873=CARTESIAN_POINT('',(0.95,9.8,11.45));
#11874=CARTESIAN_POINT('',(-0.55,9.8,7.95));
#11875=CARTESIAN_POINT('',(0.95,9.8,9.55));
#11876=CARTESIAN_POINT('',(0.95,9.8,7.95));
#11877=CARTESIAN_POINT('',(-0.55,9.8,4.45));
#11878=CARTESIAN_POINT('',(0.95,9.8,6.05));
#11879=CARTESIAN_POINT('',(0.95,9.8,4.45));
#11880=CARTESIAN_POINT('',(-0.55,9.8,0.95));
#11881=CARTESIAN_POINT('',(0.95,9.8,2.55));
#11882=CARTESIAN_POINT('',(0.95,9.8,0.95));
#11883=CARTESIAN_POINT('',(-7.3,0.3,28.));
#11884=CARTESIAN_POINT('',(-7.3,0.3,5.625));
#11885=CARTESIAN_POINT('',(0.200000000000001,0.3,5.625));
#11886=CARTESIAN_POINT('',(-0.2,0.3,5.625));
#11887=CARTESIAN_POINT('',(0.2,0.3,28.));
#11888=CARTESIAN_POINT('',(0.200000000000001,0.3,4.875));
#11889=CARTESIAN_POINT('',(-7.3,0.3,4.875));
#11890=CARTESIAN_POINT('',(-0.2,0.3,4.875));
#11891=CARTESIAN_POINT('',(-0.2,0.3,28.));
#11892=CARTESIAN_POINT('',(-7.3,0.3,9.125));
#11893=CARTESIAN_POINT('',(0.200000000000001,0.3,9.125));
#11894=CARTESIAN_POINT('',(-0.2,0.3,9.125));
#11895=CARTESIAN_POINT('',(0.2,0.3,28.));
#11896=CARTESIAN_POINT('',(0.200000000000001,0.3,8.375));
#11897=CARTESIAN_POINT('',(-7.3,0.3,8.375));
#11898=CARTESIAN_POINT('',(-0.2,0.3,8.375));
#11899=CARTESIAN_POINT('',(-0.2,0.3,28.));
#11900=CARTESIAN_POINT('',(-7.3,0.3,12.625));
#11901=CARTESIAN_POINT('',(0.200000000000001,0.3,12.625));
#11902=CARTESIAN_POINT('',(-0.2,0.3,12.625));
#11903=CARTESIAN_POINT('',(0.2,0.3,28.));
#11904=CARTESIAN_POINT('',(0.200000000000001,0.3,11.875));
#11905=CARTESIAN_POINT('',(-7.3,0.3,11.875));
#11906=CARTESIAN_POINT('',(-0.2,0.3,11.875));
#11907=CARTESIAN_POINT('',(-0.2,0.3,28.));
#11908=CARTESIAN_POINT('',(-7.3,0.3,16.125));
#11909=CARTESIAN_POINT('',(0.200000000000001,0.3,16.125));
#11910=CARTESIAN_POINT('',(-0.2,0.3,16.125));
#11911=CARTESIAN_POINT('',(0.2,0.3,28.));
#11912=CARTESIAN_POINT('',(0.200000000000001,0.3,15.375));
#11913=CARTESIAN_POINT('',(-7.3,0.3,15.375));
#11914=CARTESIAN_POINT('',(-0.2,0.3,15.375));
#11915=CARTESIAN_POINT('',(-0.2,0.3,28.));
#11916=CARTESIAN_POINT('',(-7.3,0.3,19.625));
#11917=CARTESIAN_POINT('',(0.200000000000001,0.3,19.625));
#11918=CARTESIAN_POINT('',(-0.2,0.3,19.625));
#11919=CARTESIAN_POINT('',(0.2,0.3,28.));
#11920=CARTESIAN_POINT('',(0.200000000000001,0.3,18.875));
#11921=CARTESIAN_POINT('',(-7.3,0.3,18.875));
#11922=CARTESIAN_POINT('',(-0.2,0.3,18.875));
#11923=CARTESIAN_POINT('',(-0.2,0.3,28.));
#11924=CARTESIAN_POINT('',(-7.3,0.3,23.125));
#11925=CARTESIAN_POINT('',(0.200000000000001,0.3,23.125));
#11926=CARTESIAN_POINT('',(-0.2,0.3,23.125));
#11927=CARTESIAN_POINT('',(0.2,0.3,28.));
#11928=CARTESIAN_POINT('',(0.200000000000001,0.3,22.375));
#11929=CARTESIAN_POINT('',(-7.3,0.3,22.375));
#11930=CARTESIAN_POINT('',(-0.2,0.3,22.375));
#11931=CARTESIAN_POINT('',(-0.2,0.3,28.));
#11932=CARTESIAN_POINT('',(-7.3,0.3,26.625));
#11933=CARTESIAN_POINT('',(0.200000000000001,0.3,26.625));
#11934=CARTESIAN_POINT('',(-0.2,0.3,26.625));
#11935=CARTESIAN_POINT('',(0.2,0.3,28.));
#11936=CARTESIAN_POINT('',(0.200000000000001,0.3,25.875));
#11937=CARTESIAN_POINT('',(-7.3,0.3,25.875));
#11938=CARTESIAN_POINT('',(-0.2,0.3,25.875));
#11939=CARTESIAN_POINT('',(-0.2,0.3,28.));
#11940=CARTESIAN_POINT('',(-7.3,0.3,2.125));
#11941=CARTESIAN_POINT('',(0.200000000000001,0.3,2.125));
#11942=CARTESIAN_POINT('',(-0.2,0.3,2.125));
#11943=CARTESIAN_POINT('',(0.2,0.3,28.));
#11944=CARTESIAN_POINT('',(0.200000000000001,0.3,1.375));
#11945=CARTESIAN_POINT('',(-7.3,0.3,1.375));
#11946=CARTESIAN_POINT('',(-0.2,0.3,1.375));
#11947=CARTESIAN_POINT('',(-0.2,0.3,28.));
#11948=CARTESIAN_POINT('',(-7.3,0.3,28.));
#11949=CARTESIAN_POINT('',(-7.3,0.3,7.));
#11950=CARTESIAN_POINT('',(-7.3,0.3,6.));
#11951=CARTESIAN_POINT('',(-7.3,0.3,6.));
#11952=CARTESIAN_POINT('',(-6.5,0.3,6.));
#11953=CARTESIAN_POINT('',(-6.5,0.3,28.));
#11954=CARTESIAN_POINT('',(-6.5,0.3,3.5));
#11955=CARTESIAN_POINT('',(-7.3,0.3,3.5));
#11956=CARTESIAN_POINT('',(-7.3,0.3,3.5));
#11957=CARTESIAN_POINT('',(-7.3,0.3,28.));
#11958=CARTESIAN_POINT('',(-7.3,0.3,2.5));
#11959=CARTESIAN_POINT('',(-7.3,0.3,2.5));
#11960=CARTESIAN_POINT('',(-6.5,0.3,2.5));
#11961=CARTESIAN_POINT('',(-6.5,0.3,28.));
#11962=CARTESIAN_POINT('',(-6.5,0.3,0.));
#11963=CARTESIAN_POINT('',(-7.3,0.3,0.));
#11964=CARTESIAN_POINT('',(3.9,0.3,0.));
#11965=CARTESIAN_POINT('',(3.9,0.3,28.));
#11966=CARTESIAN_POINT('',(3.9,0.3,2.5));
#11967=CARTESIAN_POINT('',(-7.3,0.3,2.5));
#11968=CARTESIAN_POINT('',(4.7,0.3,2.5));
#11969=CARTESIAN_POINT('',(4.7,0.3,28.));
#11970=CARTESIAN_POINT('',(4.7,0.3,3.5));
#11971=CARTESIAN_POINT('',(-7.3,0.3,3.5));
#11972=CARTESIAN_POINT('',(3.9,0.3,3.5));
#11973=CARTESIAN_POINT('',(3.9,0.3,28.));
#11974=CARTESIAN_POINT('',(3.9,0.3,6.));
#11975=CARTESIAN_POINT('',(-7.3,0.3,6.));
#11976=CARTESIAN_POINT('',(4.7,0.3,6.));
#11977=CARTESIAN_POINT('',(4.7,0.3,28.));
#11978=CARTESIAN_POINT('',(4.7,0.3,7.));
#11979=CARTESIAN_POINT('',(-7.3,0.3,7.));
#11980=CARTESIAN_POINT('',(3.9,0.3,7.));
#11981=CARTESIAN_POINT('',(3.9,0.3,28.));
#11982=CARTESIAN_POINT('',(3.9,0.3,9.5));
#11983=CARTESIAN_POINT('',(-7.3,0.3,9.5));
#11984=CARTESIAN_POINT('',(4.7,0.3,9.5));
#11985=CARTESIAN_POINT('',(4.7,0.3,28.));
#11986=CARTESIAN_POINT('',(4.7,0.3,10.5));
#11987=CARTESIAN_POINT('',(-7.3,0.3,10.5));
#11988=CARTESIAN_POINT('',(3.9,0.3,10.5));
#11989=CARTESIAN_POINT('',(3.9,0.3,28.));
#11990=CARTESIAN_POINT('',(3.9,0.3,13.));
#11991=CARTESIAN_POINT('',(-7.3,0.3,13.));
#11992=CARTESIAN_POINT('',(4.7,0.3,13.));
#11993=CARTESIAN_POINT('',(4.7,0.3,28.));
#11994=CARTESIAN_POINT('',(4.7,0.3,14.));
#11995=CARTESIAN_POINT('',(-7.3,0.3,14.));
#11996=CARTESIAN_POINT('',(3.9,0.3,14.));
#11997=CARTESIAN_POINT('',(3.9,0.3,28.));
#11998=CARTESIAN_POINT('',(3.9,0.3,16.5));
#11999=CARTESIAN_POINT('',(-7.3,0.3,16.5));
#12000=CARTESIAN_POINT('',(4.7,0.3,16.5));
#12001=CARTESIAN_POINT('',(4.7,0.3,28.));
#12002=CARTESIAN_POINT('',(4.7,0.3,17.5));
#12003=CARTESIAN_POINT('',(-7.3,0.3,17.5));
#12004=CARTESIAN_POINT('',(3.9,0.3,17.5));
#12005=CARTESIAN_POINT('',(3.9,0.3,28.));
#12006=CARTESIAN_POINT('',(3.9,0.3,20.));
#12007=CARTESIAN_POINT('',(-7.3,0.3,20.));
#12008=CARTESIAN_POINT('',(4.7,0.3,20.));
#12009=CARTESIAN_POINT('',(4.7,0.3,28.));
#12010=CARTESIAN_POINT('',(4.7,0.3,21.));
#12011=CARTESIAN_POINT('',(-7.3,0.3,21.));
#12012=CARTESIAN_POINT('',(3.9,0.3,21.));
#12013=CARTESIAN_POINT('',(3.9,0.3,28.));
#12014=CARTESIAN_POINT('',(3.9,0.3,23.5));
#12015=CARTESIAN_POINT('',(-7.3,0.3,23.5));
#12016=CARTESIAN_POINT('',(4.7,0.3,23.5));
#12017=CARTESIAN_POINT('',(4.7,0.3,28.));
#12018=CARTESIAN_POINT('',(4.7,0.3,24.5));
#12019=CARTESIAN_POINT('',(-7.3,0.3,24.5));
#12020=CARTESIAN_POINT('',(3.9,0.3,24.5));
#12021=CARTESIAN_POINT('',(3.9,0.3,28.));
#12022=CARTESIAN_POINT('',(3.9,0.3,27.));
#12023=CARTESIAN_POINT('',(-7.3,0.3,27.));
#12024=CARTESIAN_POINT('',(4.7,0.3,27.));
#12025=CARTESIAN_POINT('',(4.7,0.3,28.));
#12026=CARTESIAN_POINT('',(4.7,0.3,28.));
#12027=CARTESIAN_POINT('',(-7.3,0.3,28.));
#12028=CARTESIAN_POINT('',(3.9,0.3,28.));
#12029=CARTESIAN_POINT('',(3.9,0.3,29.5));
#12030=CARTESIAN_POINT('',(3.9,0.3,29.5));
#12031=CARTESIAN_POINT('',(-6.5,0.3,29.5));
#12032=CARTESIAN_POINT('',(-6.5,0.3,29.5));
#12033=CARTESIAN_POINT('',(-6.5,0.3,29.5));
#12034=CARTESIAN_POINT('',(-6.5,0.3,28.));
#12035=CARTESIAN_POINT('',(-7.3,0.3,28.));
#12036=CARTESIAN_POINT('',(-7.3,0.3,28.));
#12037=CARTESIAN_POINT('',(-7.3,0.3,28.));
#12038=CARTESIAN_POINT('',(-7.3,0.3,27.));
#12039=CARTESIAN_POINT('',(-7.3,0.3,27.));
#12040=CARTESIAN_POINT('',(-6.5,0.3,27.));
#12041=CARTESIAN_POINT('',(-6.5,0.3,28.));
#12042=CARTESIAN_POINT('',(-6.5,0.3,24.5));
#12043=CARTESIAN_POINT('',(-7.3,0.3,24.5));
#12044=CARTESIAN_POINT('',(-7.3,0.3,24.5));
#12045=CARTESIAN_POINT('',(-7.3,0.3,28.));
#12046=CARTESIAN_POINT('',(-7.3,0.3,23.5));
#12047=CARTESIAN_POINT('',(-7.3,0.3,23.5));
#12048=CARTESIAN_POINT('',(-6.5,0.3,23.5));
#12049=CARTESIAN_POINT('',(-6.5,0.3,28.));
#12050=CARTESIAN_POINT('',(-6.5,0.3,21.));
#12051=CARTESIAN_POINT('',(-7.3,0.3,21.));
#12052=CARTESIAN_POINT('',(-7.3,0.3,21.));
#12053=CARTESIAN_POINT('',(-7.3,0.3,28.));
#12054=CARTESIAN_POINT('',(-7.3,0.3,20.));
#12055=CARTESIAN_POINT('',(-7.3,0.3,20.));
#12056=CARTESIAN_POINT('',(-6.5,0.3,20.));
#12057=CARTESIAN_POINT('',(-6.5,0.3,28.));
#12058=CARTESIAN_POINT('',(-6.5,0.3,17.5));
#12059=CARTESIAN_POINT('',(-7.3,0.3,17.5));
#12060=CARTESIAN_POINT('',(-7.3,0.3,17.5));
#12061=CARTESIAN_POINT('',(-7.3,0.3,28.));
#12062=CARTESIAN_POINT('',(-7.3,0.3,16.5));
#12063=CARTESIAN_POINT('',(-7.3,0.3,16.5));
#12064=CARTESIAN_POINT('',(-6.5,0.3,16.5));
#12065=CARTESIAN_POINT('',(-6.5,0.3,28.));
#12066=CARTESIAN_POINT('',(-6.5,0.3,14.));
#12067=CARTESIAN_POINT('',(-7.3,0.3,14.));
#12068=CARTESIAN_POINT('',(-7.3,0.3,14.));
#12069=CARTESIAN_POINT('',(-7.3,0.3,28.));
#12070=CARTESIAN_POINT('',(-7.3,0.3,13.));
#12071=CARTESIAN_POINT('',(-7.3,0.3,13.));
#12072=CARTESIAN_POINT('',(-6.5,0.3,13.));
#12073=CARTESIAN_POINT('',(-6.5,0.3,28.));
#12074=CARTESIAN_POINT('',(-6.5,0.3,10.5));
#12075=CARTESIAN_POINT('',(-7.3,0.3,10.5));
#12076=CARTESIAN_POINT('',(-7.3,0.3,10.5));
#12077=CARTESIAN_POINT('',(-7.3,0.3,28.));
#12078=CARTESIAN_POINT('',(-7.3,0.3,9.5));
#12079=CARTESIAN_POINT('',(-7.3,0.3,9.5));
#12080=CARTESIAN_POINT('',(-6.5,0.3,9.5));
#12081=CARTESIAN_POINT('',(-6.5,0.3,28.));
#12082=CARTESIAN_POINT('',(-6.5,0.3,7.));
#12083=CARTESIAN_POINT('',(-7.3,0.3,7.));
#12084=CARTESIAN_POINT('',(-7.3,9.2,28.));
#12085=CARTESIAN_POINT('',(-7.3,9.2,0.));
#12086=CARTESIAN_POINT('',(-7.3,9.2,0.));
#12087=CARTESIAN_POINT('',(-7.3,5.7,0.));
#12088=CARTESIAN_POINT('',(-7.3,5.7,28.));
#12089=CARTESIAN_POINT('',(-7.3,5.7,29.5));
#12090=CARTESIAN_POINT('',(-7.3,9.2,29.5));
#12091=CARTESIAN_POINT('',(-7.3,9.2,29.5));
#12092=CARTESIAN_POINT('',(-7.3,9.2,28.));
#12093=CARTESIAN_POINT('',(-7.3,5.55,28.));
#12094=CARTESIAN_POINT('',(-7.3,5.55,0.));
#12095=CARTESIAN_POINT('',(-7.15,5.55,0.));
#12096=CARTESIAN_POINT('',(-7.15,5.55,28.));
#12097=CARTESIAN_POINT('',(-7.15,5.55,29.5));
#12098=CARTESIAN_POINT('',(-7.3,5.55,29.5));
#12099=CARTESIAN_POINT('',(-7.15,5.55,28.));
#12100=CARTESIAN_POINT('',(-7.15,5.55,0.));
#12101=CARTESIAN_POINT('',(-7.15,4.25,0.));
#12102=CARTESIAN_POINT('',(-7.15,4.25,28.));
#12103=CARTESIAN_POINT('',(-7.15,4.25,29.5));
#12104=CARTESIAN_POINT('',(-7.15,5.55,29.5));
#12105=CARTESIAN_POINT('',(-7.3,4.25,28.));
#12106=CARTESIAN_POINT('',(-7.3,4.25,0.));
#12107=CARTESIAN_POINT('',(-7.3,4.1,0.));
#12108=CARTESIAN_POINT('',(-7.3,4.1,28.));
#12109=CARTESIAN_POINT('',(-7.3,4.1,29.5));
#12110=CARTESIAN_POINT('',(-7.3,4.25,29.5));
#12111=CARTESIAN_POINT('',(-7.3,4.1,28.));
#12112=CARTESIAN_POINT('',(-7.3,1.,3.5));
#12113=CARTESIAN_POINT('',(-7.3,0.2,3.5));
#12114=CARTESIAN_POINT('',(-7.3,0.2,6.));
#12115=CARTESIAN_POINT('',(-7.3,0.2,6.));
#12116=CARTESIAN_POINT('',(-7.3,1.,6.));
#12117=CARTESIAN_POINT('',(-7.3,1.,7.));
#12118=CARTESIAN_POINT('',(-7.3,0.2,7.));
#12119=CARTESIAN_POINT('',(-7.3,0.2,9.5));
#12120=CARTESIAN_POINT('',(-7.3,0.2,9.5));
#12121=CARTESIAN_POINT('',(-7.3,1.,9.5));
#12122=CARTESIAN_POINT('',(-7.3,1.,10.5));
#12123=CARTESIAN_POINT('',(-7.3,0.2,10.5));
#12124=CARTESIAN_POINT('',(-7.3,0.2,13.));
#12125=CARTESIAN_POINT('',(-7.3,0.2,13.));
#12126=CARTESIAN_POINT('',(-7.3,1.,13.));
#12127=CARTESIAN_POINT('',(-7.3,1.,14.));
#12128=CARTESIAN_POINT('',(-7.3,0.2,14.));
#12129=CARTESIAN_POINT('',(-7.3,0.2,16.5));
#12130=CARTESIAN_POINT('',(-7.3,0.2,16.5));
#12131=CARTESIAN_POINT('',(-7.3,1.,16.5));
#12132=CARTESIAN_POINT('',(-7.3,1.,17.5));
#12133=CARTESIAN_POINT('',(-7.3,0.2,17.5));
#12134=CARTESIAN_POINT('',(-7.3,0.2,20.));
#12135=CARTESIAN_POINT('',(-7.3,0.2,20.));
#12136=CARTESIAN_POINT('',(-7.3,1.,20.));
#12137=CARTESIAN_POINT('',(-7.3,1.,21.));
#12138=CARTESIAN_POINT('',(-7.3,0.2,21.));
#12139=CARTESIAN_POINT('',(-7.3,0.2,23.5));
#12140=CARTESIAN_POINT('',(-7.3,0.2,23.5));
#12141=CARTESIAN_POINT('',(-7.3,1.,23.5));
#12142=CARTESIAN_POINT('',(-7.3,1.,24.5));
#12143=CARTESIAN_POINT('',(-7.3,0.2,24.5));
#12144=CARTESIAN_POINT('',(-7.3,0.2,27.));
#12145=CARTESIAN_POINT('',(-7.3,0.2,27.));
#12146=CARTESIAN_POINT('',(-7.3,1.,27.));
#12147=CARTESIAN_POINT('',(-7.3,4.1,28.));
#12148=CARTESIAN_POINT('',(-7.3,0.2,28.));
#12149=CARTESIAN_POINT('',(-7.3,0.2,29.5));
#12150=CARTESIAN_POINT('',(-7.3,0.2,29.5));
#12151=CARTESIAN_POINT('',(-7.3,4.1,29.5));
#12152=CARTESIAN_POINT('',(-7.3,4.1,0.));
#12153=CARTESIAN_POINT('',(-7.3,0.2,0.));
#12154=CARTESIAN_POINT('',(-7.3,0.2,2.5));
#12155=CARTESIAN_POINT('',(-7.3,0.2,2.5));
#12156=CARTESIAN_POINT('',(-7.3,1.,2.5));
#12157=CARTESIAN_POINT('',(4.7,0.3,28.));
#12158=CARTESIAN_POINT('',(4.7,0.2,6.));
#12159=CARTESIAN_POINT('',(4.7,0.2,6.));
#12160=CARTESIAN_POINT('',(4.7,0.2,6.));
#12161=CARTESIAN_POINT('',(4.7,0.2,3.5));
#12162=CARTESIAN_POINT('',(4.7,0.2,3.5));
#12163=CARTESIAN_POINT('',(4.7,0.2,2.5));
#12164=CARTESIAN_POINT('',(4.7,0.2,2.5));
#12165=CARTESIAN_POINT('',(4.7,0.2,2.5));
#12166=CARTESIAN_POINT('',(4.7,0.2,0.));
#12167=CARTESIAN_POINT('',(4.7,0.3,0.));
#12168=CARTESIAN_POINT('',(4.7,6.59289321881345,0.));
#12169=CARTESIAN_POINT('',(4.7,6.59289321881345,28.));
#12170=CARTESIAN_POINT('',(4.7,6.59289321881345,29.5));
#12171=CARTESIAN_POINT('',(4.7,0.2,29.5));
#12172=CARTESIAN_POINT('',(4.7,0.2,29.5));
#12173=CARTESIAN_POINT('',(4.7,0.2,29.5));
#12174=CARTESIAN_POINT('',(4.7,0.2,28.));
#12175=CARTESIAN_POINT('',(4.7,0.2,28.));
#12176=CARTESIAN_POINT('',(4.7,0.2,27.));
#12177=CARTESIAN_POINT('',(4.7,0.2,27.));
#12178=CARTESIAN_POINT('',(4.7,0.2,27.));
#12179=CARTESIAN_POINT('',(4.7,0.2,24.5));
#12180=CARTESIAN_POINT('',(4.7,0.2,24.5));
#12181=CARTESIAN_POINT('',(4.7,0.2,23.5));
#12182=CARTESIAN_POINT('',(4.7,0.2,23.5));
#12183=CARTESIAN_POINT('',(4.7,0.2,23.5));
#12184=CARTESIAN_POINT('',(4.7,0.2,21.));
#12185=CARTESIAN_POINT('',(4.7,0.2,21.));
#12186=CARTESIAN_POINT('',(4.7,0.2,20.));
#12187=CARTESIAN_POINT('',(4.7,0.2,20.));
#12188=CARTESIAN_POINT('',(4.7,0.2,20.));
#12189=CARTESIAN_POINT('',(4.7,0.2,17.5));
#12190=CARTESIAN_POINT('',(4.7,0.2,17.5));
#12191=CARTESIAN_POINT('',(4.7,0.2,16.5));
#12192=CARTESIAN_POINT('',(4.7,0.2,16.5));
#12193=CARTESIAN_POINT('',(4.7,0.2,16.5));
#12194=CARTESIAN_POINT('',(4.7,0.2,14.));
#12195=CARTESIAN_POINT('',(4.7,0.2,14.));
#12196=CARTESIAN_POINT('',(4.7,0.2,13.));
#12197=CARTESIAN_POINT('',(4.7,0.2,13.));
#12198=CARTESIAN_POINT('',(4.7,0.2,13.));
#12199=CARTESIAN_POINT('',(4.7,0.2,10.5));
#12200=CARTESIAN_POINT('',(4.7,0.2,10.5));
#12201=CARTESIAN_POINT('',(4.7,0.2,9.5));
#12202=CARTESIAN_POINT('',(4.7,0.2,9.5));
#12203=CARTESIAN_POINT('',(4.7,0.2,9.5));
#12204=CARTESIAN_POINT('',(4.7,0.2,7.));
#12205=CARTESIAN_POINT('',(4.7,0.2,7.));
#12206=CARTESIAN_POINT('',(4.20000000000002,6.59289321881346,28.));
#12207=CARTESIAN_POINT('',(4.20000000000002,6.59289321881346,0.));
#12208=CARTESIAN_POINT('',(4.2,6.59289321881345,29.5));
#12209=CARTESIAN_POINT('',(-6.11276469208288,11.,28.));
#12210=CARTESIAN_POINT('',(-6.11276469208288,11.,0.));
#12211=CARTESIAN_POINT('',(-6.58261100247583,11.1710100716628,0.));
#12212=CARTESIAN_POINT('',(-6.58261100247583,11.1710100716628,28.));
#12213=CARTESIAN_POINT('',(-6.58261100247583,11.1710100716628,29.5));
#12214=CARTESIAN_POINT('',(-6.11276469208288,11.,29.5));
#12215=CARTESIAN_POINT('',(-6.58261100247583,11.1710100716628,28.));
#12216=CARTESIAN_POINT('',(-6.58261100247583,11.1710100716628,0.));
#12217=CARTESIAN_POINT('',(-6.58261100247583,11.1710100716628,29.5));
#12218=CARTESIAN_POINT('',(-7.3,5.55,0.));
#12219=CARTESIAN_POINT('',(-6.5,0.,0.));
#12220=CARTESIAN_POINT('',(-6.5,0.,0.));
#12221=CARTESIAN_POINT('',(-7.1,0.,0.));
#12222=CARTESIAN_POINT('',(-7.1,1.62630325872826E-16,0.));
#12223=CARTESIAN_POINT('',(-7.1,0.2,0.));
#12224=CARTESIAN_POINT('',(4.5,0.2,0.));
#12225=CARTESIAN_POINT('',(4.5,0.,0.));
#12226=CARTESIAN_POINT('',(3.9,0.,0.));
#12227=CARTESIAN_POINT('',(3.9,0.,0.));
#12228=CARTESIAN_POINT('',(3.9,0.5,0.));
#12229=CARTESIAN_POINT('',(3.9,0.,2.5));
#12230=CARTESIAN_POINT('',(4.5,0.,2.5));
#12231=CARTESIAN_POINT('',(4.5,0.,2.5));
#12232=CARTESIAN_POINT('',(3.9,0.,2.5));
#12233=CARTESIAN_POINT('',(3.9,0.,2.5));
#12234=CARTESIAN_POINT('',(3.9,0.,2.5));
#12235=CARTESIAN_POINT('',(4.5,0.2,2.5));
#12236=CARTESIAN_POINT('',(4.5,0.2,2.5));
#12237=CARTESIAN_POINT('',(-7.1,0.2,2.5));
#12238=CARTESIAN_POINT('',(3.9,0.5,2.5));
#12239=CARTESIAN_POINT('',(3.9,0.5,2.5));
#12240=CARTESIAN_POINT('',(-7.1,0.2,2.5));
#12241=CARTESIAN_POINT('',(-7.1,0.2,2.5));
#12242=CARTESIAN_POINT('',(-7.1,1.62630325872826E-16,2.5));
#12243=CARTESIAN_POINT('',(-7.1,0.,2.5));
#12244=CARTESIAN_POINT('',(-6.5,0.,2.5));
#12245=CARTESIAN_POINT('',(-6.5,0.,2.5));
#12246=CARTESIAN_POINT('',(-6.5,0.,2.5));
#12247=CARTESIAN_POINT('',(-6.5,0.,2.5));
#12248=CARTESIAN_POINT('',(-7.1,0.2,2.5));
#12249=CARTESIAN_POINT('',(-7.1,1.62630325872826E-16,2.5));
#12250=CARTESIAN_POINT('',(-7.1,0.,2.5));
#12251=CARTESIAN_POINT('',(3.9,0.,27.));
#12252=CARTESIAN_POINT('',(3.9,0.,24.5));
#12253=CARTESIAN_POINT('',(3.9,0.,24.5));
#12254=CARTESIAN_POINT('',(4.5,0.,24.5));
#12255=CARTESIAN_POINT('',(4.5,0.,27.));
#12256=CARTESIAN_POINT('',(4.5,0.,27.));
#12257=CARTESIAN_POINT('',(3.9,0.,27.));
#12258=CARTESIAN_POINT('',(3.9,0.,27.));
#12259=CARTESIAN_POINT('',(3.9,0.,27.));
#12260=CARTESIAN_POINT('',(4.5,0.2,27.));
#12261=CARTESIAN_POINT('',(4.5,0.2,24.5));
#12262=CARTESIAN_POINT('',(4.5,0.2,27.));
#12263=CARTESIAN_POINT('',(-7.1,0.2,27.));
#12264=CARTESIAN_POINT('',(3.9,0.5,27.));
#12265=CARTESIAN_POINT('',(-7.1,0.2,24.5));
#12266=CARTESIAN_POINT('',(3.9,0.5,24.5));
#12267=CARTESIAN_POINT('',(3.9,0.5,27.));
#12268=CARTESIAN_POINT('',(-6.5,0.,27.));
#12269=CARTESIAN_POINT('',(-6.5,0.,24.5));
#12270=CARTESIAN_POINT('',(-6.5,0.,24.5));
#12271=CARTESIAN_POINT('',(-6.5,0.,27.));
#12272=CARTESIAN_POINT('',(-6.5,0.,27.));
#12273=CARTESIAN_POINT('',(-6.5,0.,27.));
#12274=CARTESIAN_POINT('',(-7.1,0.2,27.));
#12275=CARTESIAN_POINT('',(-7.1,0.2,27.));
#12276=CARTESIAN_POINT('',(-7.1,1.62630325872826E-16,27.));
#12277=CARTESIAN_POINT('',(-7.1,0.,27.));
#12278=CARTESIAN_POINT('',(-7.1,0.2,24.5));
#12279=CARTESIAN_POINT('',(-7.1,0.,24.5));
#12280=CARTESIAN_POINT('',(-7.1,1.62630325872826E-16,24.5));
#12281=CARTESIAN_POINT('',(-7.1,0.2,24.5));
#12282=CARTESIAN_POINT('',(-7.1,0.2,27.));
#12283=CARTESIAN_POINT('',(-7.1,1.62630325872826E-16,27.));
#12284=CARTESIAN_POINT('',(-7.1,0.,27.));
#12285=CARTESIAN_POINT('',(3.9,0.,23.5));
#12286=CARTESIAN_POINT('',(3.9,0.,21.));
#12287=CARTESIAN_POINT('',(3.9,0.,21.));
#12288=CARTESIAN_POINT('',(4.5,0.,21.));
#12289=CARTESIAN_POINT('',(4.5,0.,23.5));
#12290=CARTESIAN_POINT('',(4.5,0.,23.5));
#12291=CARTESIAN_POINT('',(3.9,0.,23.5));
#12292=CARTESIAN_POINT('',(3.9,0.,23.5));
#12293=CARTESIAN_POINT('',(3.9,0.,23.5));
#12294=CARTESIAN_POINT('',(4.5,0.2,23.5));
#12295=CARTESIAN_POINT('',(4.5,0.2,21.));
#12296=CARTESIAN_POINT('',(4.5,0.2,23.5));
#12297=CARTESIAN_POINT('',(-7.1,0.2,23.5));
#12298=CARTESIAN_POINT('',(3.9,0.5,23.5));
#12299=CARTESIAN_POINT('',(-7.1,0.2,21.));
#12300=CARTESIAN_POINT('',(3.9,0.5,21.));
#12301=CARTESIAN_POINT('',(3.9,0.5,23.5));
#12302=CARTESIAN_POINT('',(-6.5,0.,23.5));
#12303=CARTESIAN_POINT('',(-6.5,0.,21.));
#12304=CARTESIAN_POINT('',(-6.5,0.,21.));
#12305=CARTESIAN_POINT('',(-6.5,0.,23.5));
#12306=CARTESIAN_POINT('',(-6.5,0.,23.5));
#12307=CARTESIAN_POINT('',(-6.5,0.,23.5));
#12308=CARTESIAN_POINT('',(-7.1,0.2,23.5));
#12309=CARTESIAN_POINT('',(-7.1,0.2,23.5));
#12310=CARTESIAN_POINT('',(-7.1,1.62630325872826E-16,23.5));
#12311=CARTESIAN_POINT('',(-7.1,0.,23.5));
#12312=CARTESIAN_POINT('',(-7.1,0.2,21.));
#12313=CARTESIAN_POINT('',(-7.1,0.,21.));
#12314=CARTESIAN_POINT('',(-7.1,1.62630325872826E-16,21.));
#12315=CARTESIAN_POINT('',(-7.1,0.2,21.));
#12316=CARTESIAN_POINT('',(-7.1,0.2,23.5));
#12317=CARTESIAN_POINT('',(-7.1,1.62630325872826E-16,23.5));
#12318=CARTESIAN_POINT('',(-7.1,0.,23.5));
#12319=CARTESIAN_POINT('',(3.9,0.,20.));
#12320=CARTESIAN_POINT('',(3.9,0.,17.5));
#12321=CARTESIAN_POINT('',(3.9,0.,17.5));
#12322=CARTESIAN_POINT('',(4.5,0.,17.5));
#12323=CARTESIAN_POINT('',(4.5,0.,20.));
#12324=CARTESIAN_POINT('',(4.5,0.,20.));
#12325=CARTESIAN_POINT('',(3.9,0.,20.));
#12326=CARTESIAN_POINT('',(3.9,0.,20.));
#12327=CARTESIAN_POINT('',(3.9,0.,20.));
#12328=CARTESIAN_POINT('',(4.5,0.2,20.));
#12329=CARTESIAN_POINT('',(4.5,0.2,17.5));
#12330=CARTESIAN_POINT('',(4.5,0.2,20.));
#12331=CARTESIAN_POINT('',(-7.1,0.2,20.));
#12332=CARTESIAN_POINT('',(3.9,0.5,20.));
#12333=CARTESIAN_POINT('',(-7.1,0.2,17.5));
#12334=CARTESIAN_POINT('',(3.9,0.5,17.5));
#12335=CARTESIAN_POINT('',(3.9,0.5,20.));
#12336=CARTESIAN_POINT('',(-6.5,0.,20.));
#12337=CARTESIAN_POINT('',(-6.5,0.,17.5));
#12338=CARTESIAN_POINT('',(-6.5,0.,17.5));
#12339=CARTESIAN_POINT('',(-6.5,0.,20.));
#12340=CARTESIAN_POINT('',(-6.5,0.,20.));
#12341=CARTESIAN_POINT('',(-6.5,0.,20.));
#12342=CARTESIAN_POINT('',(-7.1,0.2,20.));
#12343=CARTESIAN_POINT('',(-7.1,0.2,20.));
#12344=CARTESIAN_POINT('',(-7.1,1.62630325872826E-16,20.));
#12345=CARTESIAN_POINT('',(-7.1,0.,20.));
#12346=CARTESIAN_POINT('',(-7.1,0.2,17.5));
#12347=CARTESIAN_POINT('',(-7.1,0.,17.5));
#12348=CARTESIAN_POINT('',(-7.1,1.62630325872826E-16,17.5));
#12349=CARTESIAN_POINT('',(-7.1,0.2,17.5));
#12350=CARTESIAN_POINT('',(-7.1,0.2,20.));
#12351=CARTESIAN_POINT('',(-7.1,1.62630325872826E-16,20.));
#12352=CARTESIAN_POINT('',(-7.1,0.,20.));
#12353=CARTESIAN_POINT('',(3.9,0.,16.5));
#12354=CARTESIAN_POINT('',(3.9,0.,14.));
#12355=CARTESIAN_POINT('',(3.9,0.,14.));
#12356=CARTESIAN_POINT('',(4.5,0.,14.));
#12357=CARTESIAN_POINT('',(4.5,0.,16.5));
#12358=CARTESIAN_POINT('',(4.5,0.,16.5));
#12359=CARTESIAN_POINT('',(3.9,0.,16.5));
#12360=CARTESIAN_POINT('',(3.9,0.,16.5));
#12361=CARTESIAN_POINT('',(3.9,0.,16.5));
#12362=CARTESIAN_POINT('',(4.5,0.2,16.5));
#12363=CARTESIAN_POINT('',(4.5,0.2,14.));
#12364=CARTESIAN_POINT('',(4.5,0.2,16.5));
#12365=CARTESIAN_POINT('',(-7.1,0.2,16.5));
#12366=CARTESIAN_POINT('',(3.9,0.5,16.5));
#12367=CARTESIAN_POINT('',(-7.1,0.2,14.));
#12368=CARTESIAN_POINT('',(3.9,0.5,14.));
#12369=CARTESIAN_POINT('',(3.9,0.5,16.5));
#12370=CARTESIAN_POINT('',(-6.5,0.,16.5));
#12371=CARTESIAN_POINT('',(-6.5,0.,14.));
#12372=CARTESIAN_POINT('',(-6.5,0.,14.));
#12373=CARTESIAN_POINT('',(-6.5,0.,16.5));
#12374=CARTESIAN_POINT('',(-6.5,0.,16.5));
#12375=CARTESIAN_POINT('',(-6.5,0.,16.5));
#12376=CARTESIAN_POINT('',(-7.1,0.2,16.5));
#12377=CARTESIAN_POINT('',(-7.1,0.2,16.5));
#12378=CARTESIAN_POINT('',(-7.1,1.62630325872826E-16,16.5));
#12379=CARTESIAN_POINT('',(-7.1,0.,16.5));
#12380=CARTESIAN_POINT('',(-7.1,0.2,14.));
#12381=CARTESIAN_POINT('',(-7.1,0.,14.));
#12382=CARTESIAN_POINT('',(-7.1,1.62630325872826E-16,14.));
#12383=CARTESIAN_POINT('',(-7.1,0.2,14.));
#12384=CARTESIAN_POINT('',(-7.1,0.2,16.5));
#12385=CARTESIAN_POINT('',(-7.1,1.62630325872826E-16,16.5));
#12386=CARTESIAN_POINT('',(-7.1,0.,16.5));
#12387=CARTESIAN_POINT('',(3.9,0.,13.));
#12388=CARTESIAN_POINT('',(3.9,0.,10.5));
#12389=CARTESIAN_POINT('',(3.9,0.,10.5));
#12390=CARTESIAN_POINT('',(4.5,0.,10.5));
#12391=CARTESIAN_POINT('',(4.5,0.,13.));
#12392=CARTESIAN_POINT('',(4.5,0.,13.));
#12393=CARTESIAN_POINT('',(3.9,0.,13.));
#12394=CARTESIAN_POINT('',(3.9,0.,13.));
#12395=CARTESIAN_POINT('',(3.9,0.,13.));
#12396=CARTESIAN_POINT('',(4.5,0.2,13.));
#12397=CARTESIAN_POINT('',(4.5,0.2,10.5));
#12398=CARTESIAN_POINT('',(4.5,0.2,13.));
#12399=CARTESIAN_POINT('',(-7.1,0.2,13.));
#12400=CARTESIAN_POINT('',(3.9,0.5,13.));
#12401=CARTESIAN_POINT('',(-7.1,0.2,10.5));
#12402=CARTESIAN_POINT('',(3.9,0.5,10.5));
#12403=CARTESIAN_POINT('',(3.9,0.5,13.));
#12404=CARTESIAN_POINT('',(-6.5,0.,13.));
#12405=CARTESIAN_POINT('',(-6.5,0.,10.5));
#12406=CARTESIAN_POINT('',(-6.5,0.,10.5));
#12407=CARTESIAN_POINT('',(-6.5,0.,13.));
#12408=CARTESIAN_POINT('',(-6.5,0.,13.));
#12409=CARTESIAN_POINT('',(-6.5,0.,13.));
#12410=CARTESIAN_POINT('',(-7.1,0.2,13.));
#12411=CARTESIAN_POINT('',(-7.1,0.2,13.));
#12412=CARTESIAN_POINT('',(-7.1,1.62630325872826E-16,13.));
#12413=CARTESIAN_POINT('',(-7.1,0.,13.));
#12414=CARTESIAN_POINT('',(-7.1,0.2,10.5));
#12415=CARTESIAN_POINT('',(-7.1,0.,10.5));
#12416=CARTESIAN_POINT('',(-7.1,1.62630325872826E-16,10.5));
#12417=CARTESIAN_POINT('',(-7.1,0.2,10.5));
#12418=CARTESIAN_POINT('',(-7.1,0.2,13.));
#12419=CARTESIAN_POINT('',(-7.1,1.62630325872826E-16,13.));
#12420=CARTESIAN_POINT('',(-7.1,0.,13.));
#12421=CARTESIAN_POINT('',(3.9,0.,9.5));
#12422=CARTESIAN_POINT('',(3.9,0.,7.));
#12423=CARTESIAN_POINT('',(3.9,0.,7.));
#12424=CARTESIAN_POINT('',(4.5,0.,7.));
#12425=CARTESIAN_POINT('',(4.5,0.,9.5));
#12426=CARTESIAN_POINT('',(4.5,0.,9.5));
#12427=CARTESIAN_POINT('',(3.9,0.,9.5));
#12428=CARTESIAN_POINT('',(3.9,0.,9.5));
#12429=CARTESIAN_POINT('',(3.9,0.,9.5));
#12430=CARTESIAN_POINT('',(4.5,0.2,9.5));
#12431=CARTESIAN_POINT('',(4.5,0.2,7.));
#12432=CARTESIAN_POINT('',(4.5,0.2,9.5));
#12433=CARTESIAN_POINT('',(-7.1,0.2,9.5));
#12434=CARTESIAN_POINT('',(3.9,0.5,9.5));
#12435=CARTESIAN_POINT('',(-7.1,0.2,7.));
#12436=CARTESIAN_POINT('',(3.9,0.5,7.));
#12437=CARTESIAN_POINT('',(3.9,0.5,9.5));
#12438=CARTESIAN_POINT('',(-6.5,0.,9.5));
#12439=CARTESIAN_POINT('',(-6.5,0.,7.));
#12440=CARTESIAN_POINT('',(-6.5,0.,7.));
#12441=CARTESIAN_POINT('',(-6.5,0.,9.5));
#12442=CARTESIAN_POINT('',(-6.5,0.,9.5));
#12443=CARTESIAN_POINT('',(-6.5,0.,9.5));
#12444=CARTESIAN_POINT('',(-7.1,0.2,9.5));
#12445=CARTESIAN_POINT('',(-7.1,0.2,9.5));
#12446=CARTESIAN_POINT('',(-7.1,1.62630325872826E-16,9.5));
#12447=CARTESIAN_POINT('',(-7.1,0.,9.5));
#12448=CARTESIAN_POINT('',(-7.1,0.2,7.));
#12449=CARTESIAN_POINT('',(-7.1,0.,7.));
#12450=CARTESIAN_POINT('',(-7.1,1.62630325872826E-16,7.));
#12451=CARTESIAN_POINT('',(-7.1,0.2,7.));
#12452=CARTESIAN_POINT('',(-7.1,0.2,9.5));
#12453=CARTESIAN_POINT('',(-7.1,1.62630325872826E-16,9.5));
#12454=CARTESIAN_POINT('',(-7.1,0.,9.5));
#12455=CARTESIAN_POINT('',(3.9,0.,6.));
#12456=CARTESIAN_POINT('',(3.9,0.,3.5));
#12457=CARTESIAN_POINT('',(3.9,0.,3.5));
#12458=CARTESIAN_POINT('',(4.5,0.,3.5));
#12459=CARTESIAN_POINT('',(4.5,0.,6.));
#12460=CARTESIAN_POINT('',(4.5,0.,6.));
#12461=CARTESIAN_POINT('',(3.9,0.,6.));
#12462=CARTESIAN_POINT('',(3.9,0.,6.));
#12463=CARTESIAN_POINT('',(3.9,0.,6.));
#12464=CARTESIAN_POINT('',(4.5,0.2,6.));
#12465=CARTESIAN_POINT('',(4.5,0.2,3.5));
#12466=CARTESIAN_POINT('',(4.5,0.2,6.));
#12467=CARTESIAN_POINT('',(-7.1,0.2,6.));
#12468=CARTESIAN_POINT('',(3.9,0.5,6.));
#12469=CARTESIAN_POINT('',(-7.1,0.2,3.5));
#12470=CARTESIAN_POINT('',(3.9,0.5,3.5));
#12471=CARTESIAN_POINT('',(3.9,0.5,6.));
#12472=CARTESIAN_POINT('',(-6.5,0.,6.));
#12473=CARTESIAN_POINT('',(-6.5,0.,3.5));
#12474=CARTESIAN_POINT('',(-6.5,0.,3.5));
#12475=CARTESIAN_POINT('',(-6.5,0.,6.));
#12476=CARTESIAN_POINT('',(-6.5,0.,6.));
#12477=CARTESIAN_POINT('',(-6.5,0.,6.));
#12478=CARTESIAN_POINT('',(-7.1,0.2,6.));
#12479=CARTESIAN_POINT('',(-7.1,0.2,6.));
#12480=CARTESIAN_POINT('',(-7.1,1.62630325872826E-16,6.));
#12481=CARTESIAN_POINT('',(-7.1,0.,6.));
#12482=CARTESIAN_POINT('',(-7.1,0.2,3.5));
#12483=CARTESIAN_POINT('',(-7.1,0.,3.5));
#12484=CARTESIAN_POINT('',(-7.1,1.62630325872826E-16,3.5));
#12485=CARTESIAN_POINT('',(-7.1,0.2,3.5));
#12486=CARTESIAN_POINT('',(-7.1,0.2,6.));
#12487=CARTESIAN_POINT('',(-7.1,1.62630325872826E-16,6.));
#12488=CARTESIAN_POINT('',(-7.1,0.,6.));
#12489=CARTESIAN_POINT('',(-7.3,5.55,28.));
#12490=CARTESIAN_POINT('',(-6.5,0.,28.));
#12491=CARTESIAN_POINT('',(-6.5,0.,28.));
#12492=CARTESIAN_POINT('',(-7.1,0.,28.));
#12493=CARTESIAN_POINT('',(-7.1,-3.79470760369927E-16,28.));
#12494=CARTESIAN_POINT('',(-7.1,0.200000000000001,28.));
#12495=CARTESIAN_POINT('',(-7.3,5.55,28.));
#12496=CARTESIAN_POINT('',(3.9,0.3,28.));
#12497=CARTESIAN_POINT('',(3.9,0.,28.));
#12498=CARTESIAN_POINT('',(4.5,0.2,28.));
#12499=CARTESIAN_POINT('',(4.5,0.,28.));
#12500=CARTESIAN_POINT('',(3.9,0.,28.));
#12501=CARTESIAN_POINT('',(-7.1,0.200000000000001,29.5));
#12502=CARTESIAN_POINT('',(-7.1,-3.79470760369927E-16,29.5));
#12503=CARTESIAN_POINT('',(-7.1,-3.79470760369927E-16,29.5));
#12504=CARTESIAN_POINT('',(-7.1,0.200000000000001,29.5));
#12505=CARTESIAN_POINT('',(-7.1,0.,29.5));
#12506=CARTESIAN_POINT('',(-6.5,0.,29.5));
#12507=CARTESIAN_POINT('',(-6.5,0.,29.5));
#12508=CARTESIAN_POINT('',(-7.1,0.,29.5));
#12509=CARTESIAN_POINT('',(-6.5,0.,29.5));
#12510=CARTESIAN_POINT('',(-6.5,0.,29.5));
#12511=CARTESIAN_POINT('',(3.9,0.3,29.5));
#12512=CARTESIAN_POINT('',(3.9,0.,29.5));
#12513=CARTESIAN_POINT('',(3.9,0.,29.5));
#12514=CARTESIAN_POINT('',(3.9,0.3,29.5));
#12515=CARTESIAN_POINT('',(3.9,0.,29.5));
#12516=CARTESIAN_POINT('',(4.5,0.,29.5));
#12517=CARTESIAN_POINT('',(4.5,0.,29.5));
#12518=CARTESIAN_POINT('',(3.9,0.,29.5));
#12519=CARTESIAN_POINT('',(4.5,0.2,29.5));
#12520=CARTESIAN_POINT('',(4.5,0.2,29.5));
#12521=CARTESIAN_POINT('',(-7.3,5.55,29.5));
#12522=CARTESIAN_POINT('',(0.95,9.8,0.95));
#12523=CARTESIAN_POINT('',(0.95,10.8,0.95));
#12524=CARTESIAN_POINT('',(0.95,10.8,0.95));
#12525=CARTESIAN_POINT('',(0.95,11.5,2.9));
#12526=CARTESIAN_POINT('',(0.95,10.8,2.55));
#12527=CARTESIAN_POINT('',(0.95,10.8,2.55));
#12528=CARTESIAN_POINT('',(0.95,9.8,25.45));
#12529=CARTESIAN_POINT('',(0.95,10.8,25.45));
#12530=CARTESIAN_POINT('',(0.95,10.8,25.45));
#12531=CARTESIAN_POINT('',(0.95,11.5,27.4));
#12532=CARTESIAN_POINT('',(0.95,10.8,27.05));
#12533=CARTESIAN_POINT('',(0.95,10.8,27.05));
#12534=CARTESIAN_POINT('',(0.95,9.8,21.95));
#12535=CARTESIAN_POINT('',(0.95,10.8,21.95));
#12536=CARTESIAN_POINT('',(0.95,10.8,21.95));
#12537=CARTESIAN_POINT('',(0.95,11.5,23.9));
#12538=CARTESIAN_POINT('',(0.95,10.8,23.55));
#12539=CARTESIAN_POINT('',(0.95,10.8,23.55));
#12540=CARTESIAN_POINT('',(0.95,9.8,18.45));
#12541=CARTESIAN_POINT('',(0.95,10.8,18.45));
#12542=CARTESIAN_POINT('',(0.95,10.8,18.45));
#12543=CARTESIAN_POINT('',(0.95,11.5,20.4));
#12544=CARTESIAN_POINT('',(0.95,10.8,20.05));
#12545=CARTESIAN_POINT('',(0.95,10.8,20.05));
#12546=CARTESIAN_POINT('',(0.95,9.8,14.95));
#12547=CARTESIAN_POINT('',(0.95,10.8,14.95));
#12548=CARTESIAN_POINT('',(0.95,10.8,14.95));
#12549=CARTESIAN_POINT('',(0.95,11.5,16.9));
#12550=CARTESIAN_POINT('',(0.95,10.8,16.55));
#12551=CARTESIAN_POINT('',(0.95,10.8,16.55));
#12552=CARTESIAN_POINT('',(0.95,9.8,11.45));
#12553=CARTESIAN_POINT('',(0.95,10.8,11.45));
#12554=CARTESIAN_POINT('',(0.95,10.8,11.45));
#12555=CARTESIAN_POINT('',(0.95,11.5,13.4));
#12556=CARTESIAN_POINT('',(0.95,10.8,13.05));
#12557=CARTESIAN_POINT('',(0.95,10.8,13.05));
#12558=CARTESIAN_POINT('',(0.95,9.8,7.95));
#12559=CARTESIAN_POINT('',(0.95,10.8,7.95));
#12560=CARTESIAN_POINT('',(0.95,10.8,7.95));
#12561=CARTESIAN_POINT('',(0.95,11.5,9.9));
#12562=CARTESIAN_POINT('',(0.95,10.8,9.55));
#12563=CARTESIAN_POINT('',(0.95,10.8,9.55));
#12564=CARTESIAN_POINT('',(0.95,9.8,4.45));
#12565=CARTESIAN_POINT('',(0.95,10.8,4.45));
#12566=CARTESIAN_POINT('',(0.95,10.8,4.45));
#12567=CARTESIAN_POINT('',(0.95,11.5,6.4));
#12568=CARTESIAN_POINT('',(0.95,10.8,6.05));
#12569=CARTESIAN_POINT('',(0.95,10.8,6.05));
#12570=CARTESIAN_POINT('',(0.2,0.5,2.125));
#12571=CARTESIAN_POINT('',(0.2,0.5,2.125));
#12572=CARTESIAN_POINT('',(0.2,-3.6,2.125));
#12573=CARTESIAN_POINT('',(-0.2,0.5,2.125));
#12574=CARTESIAN_POINT('',(-0.2,-3.6,2.125));
#12575=CARTESIAN_POINT('',(0.2,-3.6,2.125));
#12576=CARTESIAN_POINT('',(0.2,-3.6,1.375));
#12577=CARTESIAN_POINT('',(-0.2,-3.6,1.375));
#12578=CARTESIAN_POINT('',(-0.2,-3.6,1.375));
#12579=CARTESIAN_POINT('',(0.2,-3.6,1.375));
#12580=CARTESIAN_POINT('',(0.2,-3.6,1.375));
#12581=CARTESIAN_POINT('',(0.2,-3.6,1.375));
#12582=CARTESIAN_POINT('',(0.2,0.,0.));
#12583=CARTESIAN_POINT('',(0.2,-3.6,2.125));
#12584=CARTESIAN_POINT('',(-0.2,0.,0.));
#12585=CARTESIAN_POINT('',(-0.2,-3.6,2.125));
#12586=CARTESIAN_POINT('',(0.2,-3.6,2.125));
#12587=CARTESIAN_POINT('',(0.2,0.5,26.625));
#12588=CARTESIAN_POINT('',(0.2,0.5,26.625));
#12589=CARTESIAN_POINT('',(0.2,-3.6,26.625));
#12590=CARTESIAN_POINT('',(-0.2,0.5,26.625));
#12591=CARTESIAN_POINT('',(-0.2,-3.6,26.625));
#12592=CARTESIAN_POINT('',(0.2,-3.6,26.625));
#12593=CARTESIAN_POINT('',(0.2,-3.6,25.875));
#12594=CARTESIAN_POINT('',(-0.2,-3.6,25.875));
#12595=CARTESIAN_POINT('',(-0.2,-3.6,25.875));
#12596=CARTESIAN_POINT('',(0.2,-3.6,25.875));
#12597=CARTESIAN_POINT('',(0.2,-3.6,25.875));
#12598=CARTESIAN_POINT('',(0.2,-3.6,25.875));
#12599=CARTESIAN_POINT('',(0.2,0.,24.5));
#12600=CARTESIAN_POINT('',(0.2,-3.6,26.625));
#12601=CARTESIAN_POINT('',(-0.2,0.,24.5));
#12602=CARTESIAN_POINT('',(-0.2,-3.6,26.625));
#12603=CARTESIAN_POINT('',(0.2,-3.6,26.625));
#12604=CARTESIAN_POINT('',(0.2,0.5,23.125));
#12605=CARTESIAN_POINT('',(0.2,0.5,23.125));
#12606=CARTESIAN_POINT('',(0.2,-3.6,23.125));
#12607=CARTESIAN_POINT('',(-0.2,0.5,23.125));
#12608=CARTESIAN_POINT('',(-0.2,-3.6,23.125));
#12609=CARTESIAN_POINT('',(0.2,-3.6,23.125));
#12610=CARTESIAN_POINT('',(0.2,-3.6,22.375));
#12611=CARTESIAN_POINT('',(-0.2,-3.6,22.375));
#12612=CARTESIAN_POINT('',(-0.2,-3.6,22.375));
#12613=CARTESIAN_POINT('',(0.2,-3.6,22.375));
#12614=CARTESIAN_POINT('',(0.2,-3.6,22.375));
#12615=CARTESIAN_POINT('',(0.2,-3.6,22.375));
#12616=CARTESIAN_POINT('',(0.2,0.,21.));
#12617=CARTESIAN_POINT('',(0.2,-3.6,23.125));
#12618=CARTESIAN_POINT('',(-0.2,0.,21.));
#12619=CARTESIAN_POINT('',(-0.2,-3.6,23.125));
#12620=CARTESIAN_POINT('',(0.2,-3.6,23.125));
#12621=CARTESIAN_POINT('',(0.2,0.5,19.625));
#12622=CARTESIAN_POINT('',(0.2,0.5,19.625));
#12623=CARTESIAN_POINT('',(0.2,-3.6,19.625));
#12624=CARTESIAN_POINT('',(-0.2,0.5,19.625));
#12625=CARTESIAN_POINT('',(-0.2,-3.6,19.625));
#12626=CARTESIAN_POINT('',(0.2,-3.6,19.625));
#12627=CARTESIAN_POINT('',(0.2,-3.6,18.875));
#12628=CARTESIAN_POINT('',(-0.2,-3.6,18.875));
#12629=CARTESIAN_POINT('',(-0.2,-3.6,18.875));
#12630=CARTESIAN_POINT('',(0.2,-3.6,18.875));
#12631=CARTESIAN_POINT('',(0.2,-3.6,18.875));
#12632=CARTESIAN_POINT('',(0.2,-3.6,18.875));
#12633=CARTESIAN_POINT('',(0.2,0.,17.5));
#12634=CARTESIAN_POINT('',(0.2,-3.6,19.625));
#12635=CARTESIAN_POINT('',(-0.2,0.,17.5));
#12636=CARTESIAN_POINT('',(-0.2,-3.6,19.625));
#12637=CARTESIAN_POINT('',(0.2,-3.6,19.625));
#12638=CARTESIAN_POINT('',(0.2,0.5,16.125));
#12639=CARTESIAN_POINT('',(0.2,0.5,16.125));
#12640=CARTESIAN_POINT('',(0.2,-3.6,16.125));
#12641=CARTESIAN_POINT('',(-0.2,0.5,16.125));
#12642=CARTESIAN_POINT('',(-0.2,-3.6,16.125));
#12643=CARTESIAN_POINT('',(0.2,-3.6,16.125));
#12644=CARTESIAN_POINT('',(0.2,-3.6,15.375));
#12645=CARTESIAN_POINT('',(-0.2,-3.6,15.375));
#12646=CARTESIAN_POINT('',(-0.2,-3.6,15.375));
#12647=CARTESIAN_POINT('',(0.2,-3.6,15.375));
#12648=CARTESIAN_POINT('',(0.2,-3.6,15.375));
#12649=CARTESIAN_POINT('',(0.2,-3.6,15.375));
#12650=CARTESIAN_POINT('',(0.2,0.,14.));
#12651=CARTESIAN_POINT('',(0.2,-3.6,16.125));
#12652=CARTESIAN_POINT('',(-0.2,0.,14.));
#12653=CARTESIAN_POINT('',(-0.2,-3.6,16.125));
#12654=CARTESIAN_POINT('',(0.2,-3.6,16.125));
#12655=CARTESIAN_POINT('',(0.2,0.5,12.625));
#12656=CARTESIAN_POINT('',(0.2,0.5,12.625));
#12657=CARTESIAN_POINT('',(0.2,-3.6,12.625));
#12658=CARTESIAN_POINT('',(-0.2,0.5,12.625));
#12659=CARTESIAN_POINT('',(-0.2,-3.6,12.625));
#12660=CARTESIAN_POINT('',(0.2,-3.6,12.625));
#12661=CARTESIAN_POINT('',(0.2,-3.6,11.875));
#12662=CARTESIAN_POINT('',(-0.2,-3.6,11.875));
#12663=CARTESIAN_POINT('',(-0.2,-3.6,11.875));
#12664=CARTESIAN_POINT('',(0.2,-3.6,11.875));
#12665=CARTESIAN_POINT('',(0.2,-3.6,11.875));
#12666=CARTESIAN_POINT('',(0.2,-3.6,11.875));
#12667=CARTESIAN_POINT('',(0.2,0.,10.5));
#12668=CARTESIAN_POINT('',(0.2,-3.6,12.625));
#12669=CARTESIAN_POINT('',(-0.2,0.,10.5));
#12670=CARTESIAN_POINT('',(-0.2,-3.6,12.625));
#12671=CARTESIAN_POINT('',(0.2,-3.6,12.625));
#12672=CARTESIAN_POINT('',(0.2,0.5,9.125));
#12673=CARTESIAN_POINT('',(0.2,0.5,9.125));
#12674=CARTESIAN_POINT('',(0.2,-3.6,9.125));
#12675=CARTESIAN_POINT('',(-0.2,0.5,9.125));
#12676=CARTESIAN_POINT('',(-0.2,-3.6,9.125));
#12677=CARTESIAN_POINT('',(0.2,-3.6,9.125));
#12678=CARTESIAN_POINT('',(0.2,-3.6,8.375));
#12679=CARTESIAN_POINT('',(-0.2,-3.6,8.375));
#12680=CARTESIAN_POINT('',(-0.2,-3.6,8.375));
#12681=CARTESIAN_POINT('',(0.2,-3.6,8.375));
#12682=CARTESIAN_POINT('',(0.2,-3.6,8.375));
#12683=CARTESIAN_POINT('',(0.2,-3.6,8.375));
#12684=CARTESIAN_POINT('',(0.2,0.,7.));
#12685=CARTESIAN_POINT('',(0.2,-3.6,9.125));
#12686=CARTESIAN_POINT('',(-0.2,0.,7.));
#12687=CARTESIAN_POINT('',(-0.2,-3.6,9.125));
#12688=CARTESIAN_POINT('',(0.2,-3.6,9.125));
#12689=CARTESIAN_POINT('',(0.2,0.5,5.625));
#12690=CARTESIAN_POINT('',(0.2,0.5,5.625));
#12691=CARTESIAN_POINT('',(0.2,-3.6,5.625));
#12692=CARTESIAN_POINT('',(-0.2,0.5,5.625));
#12693=CARTESIAN_POINT('',(-0.2,-3.6,5.625));
#12694=CARTESIAN_POINT('',(0.2,-3.6,5.625));
#12695=CARTESIAN_POINT('',(0.2,-3.6,4.875));
#12696=CARTESIAN_POINT('',(-0.2,-3.6,4.875));
#12697=CARTESIAN_POINT('',(-0.2,-3.6,4.875));
#12698=CARTESIAN_POINT('',(0.2,-3.6,4.875));
#12699=CARTESIAN_POINT('',(0.2,-3.6,4.875));
#12700=CARTESIAN_POINT('',(0.2,-3.6,4.875));
#12701=CARTESIAN_POINT('',(0.2,0.,3.5));
#12702=CARTESIAN_POINT('',(0.2,-3.6,5.625));
#12703=CARTESIAN_POINT('',(-0.2,0.,3.5));
#12704=CARTESIAN_POINT('',(-0.2,-3.6,5.625));
#12705=CARTESIAN_POINT('',(0.2,-3.6,5.625));
#12706=CARTESIAN_POINT('',(-4.8,12.1,0.8));
#12707=CARTESIAN_POINT('',(-4.8,12.1,3.5));
#12708=CARTESIAN_POINT('',(-4.8,12.1,3.5));
#12709=CARTESIAN_POINT('',(-4.8,12.1,0.8));
#12710=CARTESIAN_POINT('',(-4.8,12.1,0.8));
#12711=CARTESIAN_POINT('',(-4.8,12.1,0.8));
#12712=CARTESIAN_POINT('',(-2.5,10.9,0.8));
#12713=CARTESIAN_POINT('',(-2.5,12.9799286969334,3.00609752897917));
#12714=CARTESIAN_POINT('',(-2.5,12.5,3.45857864376269));
#12715=CARTESIAN_POINT('',(-2.5,12.7,3.27001683544628));
#12716=CARTESIAN_POINT('',(-2.5,12.5,0.8));
#12717=CARTESIAN_POINT('',(-2.5,12.5,3.5));
#12718=CARTESIAN_POINT('',(-2.5,10.9,3.5));
#12719=CARTESIAN_POINT('',(-2.5,10.9,0.8));
#12720=CARTESIAN_POINT('',(-2.5,12.7,0.8));
#12721=CARTESIAN_POINT('',(-2.5,12.7,0.8));
#12722=CARTESIAN_POINT('',(-5.1,12.3,0.8));
#12723=CARTESIAN_POINT('',(-5.1,12.5,0.8));
#12724=CARTESIAN_POINT('',(-5.3,12.5,0.8));
#12725=CARTESIAN_POINT('',(-5.15857864376269,12.5,0.8));
#12726=CARTESIAN_POINT('',(-5.23083906286541,12.4233562514616,0.8));
#12727=CARTESIAN_POINT('',(-2.9,12.7,0.8));
#12728=CARTESIAN_POINT('',(-5.1,12.1,0.8));
#12729=CARTESIAN_POINT('',(-5.1,12.1,0.8));
#12730=CARTESIAN_POINT('',(-5.1,12.3,0.8));
#12731=CARTESIAN_POINT('',(-5.3,12.3,0.8));
#12732=CARTESIAN_POINT('',(-5.3,12.5,0.8));
#12733=CARTESIAN_POINT('',(-5.1,12.3,3.5));
#12734=CARTESIAN_POINT('',(-5.1,12.5,3.5));
#12735=CARTESIAN_POINT('',(-2.74142135623731,12.5,3.5));
#12736=CARTESIAN_POINT('',(-3.75151387831106,13.5713649079763,3.5));
#12737=CARTESIAN_POINT('',(-3.30710678118655,13.1,3.5));
#12738=CARTESIAN_POINT('',(-2.9,13.1,3.5));
#12739=CARTESIAN_POINT('',(-4.7,13.1,3.5));
#12740=CARTESIAN_POINT('',(-4.7,13.1,3.5));
#12741=CARTESIAN_POINT('',(-5.3,12.5,3.5));
#12742=CARTESIAN_POINT('',(-5.3,12.5,3.5));
#12743=CARTESIAN_POINT('',(-5.3,12.3,3.5));
#12744=CARTESIAN_POINT('',(-5.1,12.3,3.5));
#12745=CARTESIAN_POINT('',(-5.1,12.1,3.5));
#12746=CARTESIAN_POINT('',(-5.1,12.1,3.5));
#12747=CARTESIAN_POINT('',(-4.7,13.1,0.8));
#12748=CARTESIAN_POINT('',(-5.1397706826042,12.6602293173958,1.2527163228004));
#12749=CARTESIAN_POINT('',(-5.3,12.5,0.94142135623731));
#12750=CARTESIAN_POINT('',(-4.7,13.1,2.10710678118655));
#12751=CARTESIAN_POINT('',(-5.3,12.5,0.8));
#12752=CARTESIAN_POINT('',(-4.7,13.1,0.8));
#12753=CARTESIAN_POINT('',(-5.3,12.5,0.8));
#12754=CARTESIAN_POINT('',(-5.3,12.5,0.8));
#12755=CARTESIAN_POINT('',(-5.3,12.3,0.8));
#12756=CARTESIAN_POINT('',(-5.1,12.3,0.8));
#12757=CARTESIAN_POINT('',(-5.1,12.1,0.8));
#12758=CARTESIAN_POINT('',(-5.1,12.1,0.8));
#12759=CARTESIAN_POINT('',(-2.9,12.7,0.8));
#12760=CARTESIAN_POINT('',(-2.9,12.7,2.87001683544628));
#12761=CARTESIAN_POINT('',(-2.9,13.1,0.8));
#12762=CARTESIAN_POINT('',(-4.45355339059327,13.1,2.35355339059327));
#12763=CARTESIAN_POINT('',(-4.8,12.1,25.3));
#12764=CARTESIAN_POINT('',(-4.8,12.1,28.));
#12765=CARTESIAN_POINT('',(-4.8,12.1,28.));
#12766=CARTESIAN_POINT('',(-4.8,12.1,25.3));
#12767=CARTESIAN_POINT('',(-4.8,12.1,25.3));
#12768=CARTESIAN_POINT('',(-4.8,12.1,25.3));
#12769=CARTESIAN_POINT('',(-2.5,10.9,25.3));
#12770=CARTESIAN_POINT('',(-2.5,12.9799286969334,27.5060975289792));
#12771=CARTESIAN_POINT('',(-2.5,12.5,27.9585786437627));
#12772=CARTESIAN_POINT('',(-2.5,12.7,27.7700168354463));
#12773=CARTESIAN_POINT('',(-2.5,12.5,25.3));
#12774=CARTESIAN_POINT('',(-2.5,12.5,28.));
#12775=CARTESIAN_POINT('',(-2.5,10.9,28.));
#12776=CARTESIAN_POINT('',(-2.5,10.9,25.3));
#12777=CARTESIAN_POINT('',(-2.5,12.7,25.3));
#12778=CARTESIAN_POINT('',(-2.5,12.7,25.3));
#12779=CARTESIAN_POINT('',(-5.1,12.3,25.3));
#12780=CARTESIAN_POINT('',(-5.1,12.5,25.3));
#12781=CARTESIAN_POINT('',(-5.3,12.5,25.3));
#12782=CARTESIAN_POINT('',(-5.15857864376269,12.5,25.3));
#12783=CARTESIAN_POINT('',(-5.23083906286541,12.4233562514616,25.3));
#12784=CARTESIAN_POINT('',(-2.9,12.7,25.3));
#12785=CARTESIAN_POINT('',(-5.1,12.1,25.3));
#12786=CARTESIAN_POINT('',(-5.1,12.1,25.3));
#12787=CARTESIAN_POINT('',(-5.1,12.3,25.3));
#12788=CARTESIAN_POINT('',(-5.3,12.3,25.3));
#12789=CARTESIAN_POINT('',(-5.3,12.5,25.3));
#12790=CARTESIAN_POINT('',(-5.1,12.3,28.));
#12791=CARTESIAN_POINT('',(-5.1,12.5,28.));
#12792=CARTESIAN_POINT('',(-2.74142135623731,12.5,28.));
#12793=CARTESIAN_POINT('',(-3.75151387831106,13.5713649079763,28.));
#12794=CARTESIAN_POINT('',(-3.30710678118655,13.1,28.));
#12795=CARTESIAN_POINT('',(-2.9,13.1,28.));
#12796=CARTESIAN_POINT('',(-4.7,13.1,28.));
#12797=CARTESIAN_POINT('',(-4.7,13.1,28.));
#12798=CARTESIAN_POINT('',(-5.3,12.5,28.));
#12799=CARTESIAN_POINT('',(-5.3,12.5,28.));
#12800=CARTESIAN_POINT('',(-5.3,12.3,28.));
#12801=CARTESIAN_POINT('',(-5.1,12.3,28.));
#12802=CARTESIAN_POINT('',(-5.1,12.1,28.));
#12803=CARTESIAN_POINT('',(-5.1,12.1,28.));
#12804=CARTESIAN_POINT('',(-4.7,13.1,25.3));
#12805=CARTESIAN_POINT('',(-5.1397706826042,12.6602293173958,25.7527163228004));
#12806=CARTESIAN_POINT('',(-5.3,12.5,25.4414213562373));
#12807=CARTESIAN_POINT('',(-4.7,13.1,26.6071067811865));
#12808=CARTESIAN_POINT('',(-5.3,12.5,25.3));
#12809=CARTESIAN_POINT('',(-4.7,13.1,25.3));
#12810=CARTESIAN_POINT('',(-5.3,12.5,25.3));
#12811=CARTESIAN_POINT('',(-5.3,12.5,25.3));
#12812=CARTESIAN_POINT('',(-5.3,12.3,25.3));
#12813=CARTESIAN_POINT('',(-5.1,12.3,25.3));
#12814=CARTESIAN_POINT('',(-5.1,12.1,25.3));
#12815=CARTESIAN_POINT('',(-5.1,12.1,25.3));
#12816=CARTESIAN_POINT('',(-2.9,12.7,25.3));
#12817=CARTESIAN_POINT('',(-2.9,12.7,27.3700168354463));
#12818=CARTESIAN_POINT('',(-2.9,13.1,25.3));
#12819=CARTESIAN_POINT('',(-4.45355339059327,13.1,26.8535533905933));
#12820=CARTESIAN_POINT('',(-4.8,12.1,21.8));
#12821=CARTESIAN_POINT('',(-4.8,12.1,24.5));
#12822=CARTESIAN_POINT('',(-4.8,12.1,24.5));
#12823=CARTESIAN_POINT('',(-4.8,12.1,21.8));
#12824=CARTESIAN_POINT('',(-4.8,12.1,21.8));
#12825=CARTESIAN_POINT('',(-4.8,12.1,21.8));
#12826=CARTESIAN_POINT('',(-2.5,10.9,21.8));
#12827=CARTESIAN_POINT('',(-2.5,12.9799286969334,24.0060975289792));
#12828=CARTESIAN_POINT('',(-2.5,12.5,24.4585786437627));
#12829=CARTESIAN_POINT('',(-2.5,12.7,24.2700168354463));
#12830=CARTESIAN_POINT('',(-2.5,12.5,21.8));
#12831=CARTESIAN_POINT('',(-2.5,12.5,24.5));
#12832=CARTESIAN_POINT('',(-2.5,10.9,24.5));
#12833=CARTESIAN_POINT('',(-2.5,10.9,21.8));
#12834=CARTESIAN_POINT('',(-2.5,12.7,21.8));
#12835=CARTESIAN_POINT('',(-2.5,12.7,21.8));
#12836=CARTESIAN_POINT('',(-5.1,12.3,21.8));
#12837=CARTESIAN_POINT('',(-5.1,12.5,21.8));
#12838=CARTESIAN_POINT('',(-5.3,12.5,21.8));
#12839=CARTESIAN_POINT('',(-5.15857864376269,12.5,21.8));
#12840=CARTESIAN_POINT('',(-5.23083906286541,12.4233562514616,21.8));
#12841=CARTESIAN_POINT('',(-2.9,12.7,21.8));
#12842=CARTESIAN_POINT('',(-5.1,12.1,21.8));
#12843=CARTESIAN_POINT('',(-5.1,12.1,21.8));
#12844=CARTESIAN_POINT('',(-5.1,12.3,21.8));
#12845=CARTESIAN_POINT('',(-5.3,12.3,21.8));
#12846=CARTESIAN_POINT('',(-5.3,12.5,21.8));
#12847=CARTESIAN_POINT('',(-5.1,12.3,24.5));
#12848=CARTESIAN_POINT('',(-5.1,12.5,24.5));
#12849=CARTESIAN_POINT('',(-2.74142135623731,12.5,24.5));
#12850=CARTESIAN_POINT('',(-3.75151387831106,13.5713649079763,24.5));
#12851=CARTESIAN_POINT('',(-3.30710678118655,13.1,24.5));
#12852=CARTESIAN_POINT('',(-2.9,13.1,24.5));
#12853=CARTESIAN_POINT('',(-4.7,13.1,24.5));
#12854=CARTESIAN_POINT('',(-4.7,13.1,24.5));
#12855=CARTESIAN_POINT('',(-5.3,12.5,24.5));
#12856=CARTESIAN_POINT('',(-5.3,12.5,24.5));
#12857=CARTESIAN_POINT('',(-5.3,12.3,24.5));
#12858=CARTESIAN_POINT('',(-5.1,12.3,24.5));
#12859=CARTESIAN_POINT('',(-5.1,12.1,24.5));
#12860=CARTESIAN_POINT('',(-5.1,12.1,24.5));
#12861=CARTESIAN_POINT('',(-4.7,13.1,21.8));
#12862=CARTESIAN_POINT('',(-5.1397706826042,12.6602293173958,22.2527163228004));
#12863=CARTESIAN_POINT('',(-5.3,12.5,21.9414213562373));
#12864=CARTESIAN_POINT('',(-4.7,13.1,23.1071067811865));
#12865=CARTESIAN_POINT('',(-5.3,12.5,21.8));
#12866=CARTESIAN_POINT('',(-4.7,13.1,21.8));
#12867=CARTESIAN_POINT('',(-5.3,12.5,21.8));
#12868=CARTESIAN_POINT('',(-5.3,12.5,21.8));
#12869=CARTESIAN_POINT('',(-5.3,12.3,21.8));
#12870=CARTESIAN_POINT('',(-5.1,12.3,21.8));
#12871=CARTESIAN_POINT('',(-5.1,12.1,21.8));
#12872=CARTESIAN_POINT('',(-5.1,12.1,21.8));
#12873=CARTESIAN_POINT('',(-2.9,12.7,21.8));
#12874=CARTESIAN_POINT('',(-2.9,12.7,23.8700168354463));
#12875=CARTESIAN_POINT('',(-2.9,13.1,21.8));
#12876=CARTESIAN_POINT('',(-4.45355339059327,13.1,23.3535533905933));
#12877=CARTESIAN_POINT('',(-4.8,12.1,18.3));
#12878=CARTESIAN_POINT('',(-4.8,12.1,21.));
#12879=CARTESIAN_POINT('',(-4.8,12.1,21.));
#12880=CARTESIAN_POINT('',(-4.8,12.1,18.3));
#12881=CARTESIAN_POINT('',(-4.8,12.1,18.3));
#12882=CARTESIAN_POINT('',(-4.8,12.1,18.3));
#12883=CARTESIAN_POINT('',(-2.5,10.9,18.3));
#12884=CARTESIAN_POINT('',(-2.5,12.9799286969334,20.5060975289792));
#12885=CARTESIAN_POINT('',(-2.5,12.5,20.9585786437627));
#12886=CARTESIAN_POINT('',(-2.5,12.7,20.7700168354463));
#12887=CARTESIAN_POINT('',(-2.5,12.5,18.3));
#12888=CARTESIAN_POINT('',(-2.5,12.5,21.));
#12889=CARTESIAN_POINT('',(-2.5,10.9,21.));
#12890=CARTESIAN_POINT('',(-2.5,10.9,18.3));
#12891=CARTESIAN_POINT('',(-2.5,12.7,18.3));
#12892=CARTESIAN_POINT('',(-2.5,12.7,18.3));
#12893=CARTESIAN_POINT('',(-5.1,12.3,18.3));
#12894=CARTESIAN_POINT('',(-5.1,12.5,18.3));
#12895=CARTESIAN_POINT('',(-5.3,12.5,18.3));
#12896=CARTESIAN_POINT('',(-5.15857864376269,12.5,18.3));
#12897=CARTESIAN_POINT('',(-5.23083906286541,12.4233562514616,18.3));
#12898=CARTESIAN_POINT('',(-2.9,12.7,18.3));
#12899=CARTESIAN_POINT('',(-5.1,12.1,18.3));
#12900=CARTESIAN_POINT('',(-5.1,12.1,18.3));
#12901=CARTESIAN_POINT('',(-5.1,12.3,18.3));
#12902=CARTESIAN_POINT('',(-5.3,12.3,18.3));
#12903=CARTESIAN_POINT('',(-5.3,12.5,18.3));
#12904=CARTESIAN_POINT('',(-5.1,12.3,21.));
#12905=CARTESIAN_POINT('',(-5.1,12.5,21.));
#12906=CARTESIAN_POINT('',(-2.74142135623731,12.5,21.));
#12907=CARTESIAN_POINT('',(-3.75151387831106,13.5713649079763,21.));
#12908=CARTESIAN_POINT('',(-3.30710678118655,13.1,21.));
#12909=CARTESIAN_POINT('',(-2.9,13.1,21.));
#12910=CARTESIAN_POINT('',(-4.7,13.1,21.));
#12911=CARTESIAN_POINT('',(-4.7,13.1,21.));
#12912=CARTESIAN_POINT('',(-5.3,12.5,21.));
#12913=CARTESIAN_POINT('',(-5.3,12.5,21.));
#12914=CARTESIAN_POINT('',(-5.3,12.3,21.));
#12915=CARTESIAN_POINT('',(-5.1,12.3,21.));
#12916=CARTESIAN_POINT('',(-5.1,12.1,21.));
#12917=CARTESIAN_POINT('',(-5.1,12.1,21.));
#12918=CARTESIAN_POINT('',(-4.7,13.1,18.3));
#12919=CARTESIAN_POINT('',(-5.1397706826042,12.6602293173958,18.7527163228004));
#12920=CARTESIAN_POINT('',(-5.3,12.5,18.4414213562373));
#12921=CARTESIAN_POINT('',(-4.7,13.1,19.6071067811865));
#12922=CARTESIAN_POINT('',(-5.3,12.5,18.3));
#12923=CARTESIAN_POINT('',(-4.7,13.1,18.3));
#12924=CARTESIAN_POINT('',(-5.3,12.5,18.3));
#12925=CARTESIAN_POINT('',(-5.3,12.5,18.3));
#12926=CARTESIAN_POINT('',(-5.3,12.3,18.3));
#12927=CARTESIAN_POINT('',(-5.1,12.3,18.3));
#12928=CARTESIAN_POINT('',(-5.1,12.1,18.3));
#12929=CARTESIAN_POINT('',(-5.1,12.1,18.3));
#12930=CARTESIAN_POINT('',(-2.9,12.7,18.3));
#12931=CARTESIAN_POINT('',(-2.9,12.7,20.3700168354463));
#12932=CARTESIAN_POINT('',(-2.9,13.1,18.3));
#12933=CARTESIAN_POINT('',(-4.45355339059327,13.1,19.8535533905933));
#12934=CARTESIAN_POINT('',(-4.8,12.1,14.8));
#12935=CARTESIAN_POINT('',(-4.8,12.1,17.5));
#12936=CARTESIAN_POINT('',(-4.8,12.1,17.5));
#12937=CARTESIAN_POINT('',(-4.8,12.1,14.8));
#12938=CARTESIAN_POINT('',(-4.8,12.1,14.8));
#12939=CARTESIAN_POINT('',(-4.8,12.1,14.8));
#12940=CARTESIAN_POINT('',(-2.5,10.9,14.8));
#12941=CARTESIAN_POINT('',(-2.5,12.9799286969334,17.0060975289792));
#12942=CARTESIAN_POINT('',(-2.5,12.5,17.4585786437627));
#12943=CARTESIAN_POINT('',(-2.5,12.7,17.2700168354463));
#12944=CARTESIAN_POINT('',(-2.5,12.5,14.8));
#12945=CARTESIAN_POINT('',(-2.5,12.5,17.5));
#12946=CARTESIAN_POINT('',(-2.5,10.9,17.5));
#12947=CARTESIAN_POINT('',(-2.5,10.9,14.8));
#12948=CARTESIAN_POINT('',(-2.5,12.7,14.8));
#12949=CARTESIAN_POINT('',(-2.5,12.7,14.8));
#12950=CARTESIAN_POINT('',(-5.1,12.3,14.8));
#12951=CARTESIAN_POINT('',(-5.1,12.5,14.8));
#12952=CARTESIAN_POINT('',(-5.3,12.5,14.8));
#12953=CARTESIAN_POINT('',(-5.15857864376269,12.5,14.8));
#12954=CARTESIAN_POINT('',(-5.2308390628654,12.4233562514616,14.8));
#12955=CARTESIAN_POINT('',(-2.9,12.7,14.8));
#12956=CARTESIAN_POINT('',(-5.1,12.1,14.8));
#12957=CARTESIAN_POINT('',(-5.1,12.1,14.8));
#12958=CARTESIAN_POINT('',(-5.1,12.3,14.8));
#12959=CARTESIAN_POINT('',(-5.3,12.3,14.8));
#12960=CARTESIAN_POINT('',(-5.3,12.5,14.8));
#12961=CARTESIAN_POINT('',(-5.1,12.3,17.5));
#12962=CARTESIAN_POINT('',(-5.1,12.5,17.5));
#12963=CARTESIAN_POINT('',(-2.74142135623731,12.5,17.5));
#12964=CARTESIAN_POINT('',(-3.75151387831106,13.5713649079763,17.5));
#12965=CARTESIAN_POINT('',(-3.30710678118654,13.1,17.5));
#12966=CARTESIAN_POINT('',(-2.9,13.1,17.5));
#12967=CARTESIAN_POINT('',(-4.7,13.1,17.5));
#12968=CARTESIAN_POINT('',(-4.7,13.1,17.5));
#12969=CARTESIAN_POINT('',(-5.3,12.5,17.5));
#12970=CARTESIAN_POINT('',(-5.3,12.5,17.5));
#12971=CARTESIAN_POINT('',(-5.3,12.3,17.5));
#12972=CARTESIAN_POINT('',(-5.1,12.3,17.5));
#12973=CARTESIAN_POINT('',(-5.1,12.1,17.5));
#12974=CARTESIAN_POINT('',(-5.1,12.1,17.5));
#12975=CARTESIAN_POINT('',(-4.7,13.1,14.8));
#12976=CARTESIAN_POINT('',(-5.1397706826042,12.6602293173958,15.2527163228004));
#12977=CARTESIAN_POINT('',(-5.3,12.5,14.9414213562373));
#12978=CARTESIAN_POINT('',(-4.7,13.1,16.1071067811865));
#12979=CARTESIAN_POINT('',(-5.3,12.5,14.8));
#12980=CARTESIAN_POINT('',(-4.7,13.1,14.8));
#12981=CARTESIAN_POINT('',(-5.3,12.5,14.8));
#12982=CARTESIAN_POINT('',(-5.3,12.5,14.8));
#12983=CARTESIAN_POINT('',(-5.3,12.3,14.8));
#12984=CARTESIAN_POINT('',(-5.1,12.3,14.8));
#12985=CARTESIAN_POINT('',(-5.1,12.1,14.8));
#12986=CARTESIAN_POINT('',(-5.1,12.1,14.8));
#12987=CARTESIAN_POINT('',(-2.9,12.7,14.8));
#12988=CARTESIAN_POINT('',(-2.9,12.7,16.8700168354463));
#12989=CARTESIAN_POINT('',(-2.9,13.1,14.8));
#12990=CARTESIAN_POINT('',(-4.45355339059327,13.1,16.3535533905933));
#12991=CARTESIAN_POINT('',(-4.8,12.1,11.3));
#12992=CARTESIAN_POINT('',(-4.8,12.1,14.));
#12993=CARTESIAN_POINT('',(-4.8,12.1,14.));
#12994=CARTESIAN_POINT('',(-4.8,12.1,11.3));
#12995=CARTESIAN_POINT('',(-4.8,12.1,11.3));
#12996=CARTESIAN_POINT('',(-4.8,12.1,11.3));
#12997=CARTESIAN_POINT('',(-2.5,10.9,11.3));
#12998=CARTESIAN_POINT('',(-2.5,12.9799286969334,13.5060975289792));
#12999=CARTESIAN_POINT('',(-2.5,12.5,13.9585786437627));
#13000=CARTESIAN_POINT('',(-2.5,12.7,13.7700168354463));
#13001=CARTESIAN_POINT('',(-2.5,12.5,11.3));
#13002=CARTESIAN_POINT('',(-2.5,12.5,14.));
#13003=CARTESIAN_POINT('',(-2.5,10.9,14.));
#13004=CARTESIAN_POINT('',(-2.5,10.9,11.3));
#13005=CARTESIAN_POINT('',(-2.5,12.7,11.3));
#13006=CARTESIAN_POINT('',(-2.5,12.7,11.3));
#13007=CARTESIAN_POINT('',(-5.1,12.3,11.3));
#13008=CARTESIAN_POINT('',(-5.1,12.5,11.3));
#13009=CARTESIAN_POINT('',(-5.3,12.5,11.3));
#13010=CARTESIAN_POINT('',(-5.15857864376269,12.5,11.3));
#13011=CARTESIAN_POINT('',(-5.23083906286541,12.4233562514616,11.3));
#13012=CARTESIAN_POINT('',(-2.9,12.7,11.3));
#13013=CARTESIAN_POINT('',(-5.1,12.1,11.3));
#13014=CARTESIAN_POINT('',(-5.1,12.1,11.3));
#13015=CARTESIAN_POINT('',(-5.1,12.3,11.3));
#13016=CARTESIAN_POINT('',(-5.3,12.3,11.3));
#13017=CARTESIAN_POINT('',(-5.3,12.5,11.3));
#13018=CARTESIAN_POINT('',(-5.1,12.3,14.));
#13019=CARTESIAN_POINT('',(-5.1,12.5,14.));
#13020=CARTESIAN_POINT('',(-2.74142135623731,12.5,14.));
#13021=CARTESIAN_POINT('',(-3.75151387831106,13.5713649079763,14.));
#13022=CARTESIAN_POINT('',(-3.30710678118655,13.1,14.));
#13023=CARTESIAN_POINT('',(-2.9,13.1,14.));
#13024=CARTESIAN_POINT('',(-4.7,13.1,14.));
#13025=CARTESIAN_POINT('',(-4.7,13.1,14.));
#13026=CARTESIAN_POINT('',(-5.3,12.5,14.));
#13027=CARTESIAN_POINT('',(-5.3,12.5,14.));
#13028=CARTESIAN_POINT('',(-5.3,12.3,14.));
#13029=CARTESIAN_POINT('',(-5.1,12.3,14.));
#13030=CARTESIAN_POINT('',(-5.1,12.1,14.));
#13031=CARTESIAN_POINT('',(-5.1,12.1,14.));
#13032=CARTESIAN_POINT('',(-4.7,13.1,11.3));
#13033=CARTESIAN_POINT('',(-5.1397706826042,12.6602293173958,11.7527163228004));
#13034=CARTESIAN_POINT('',(-5.3,12.5,11.4414213562373));
#13035=CARTESIAN_POINT('',(-4.7,13.1,12.6071067811865));
#13036=CARTESIAN_POINT('',(-5.3,12.5,11.3));
#13037=CARTESIAN_POINT('',(-4.7,13.1,11.3));
#13038=CARTESIAN_POINT('',(-5.3,12.5,11.3));
#13039=CARTESIAN_POINT('',(-5.3,12.5,11.3));
#13040=CARTESIAN_POINT('',(-5.3,12.3,11.3));
#13041=CARTESIAN_POINT('',(-5.1,12.3,11.3));
#13042=CARTESIAN_POINT('',(-5.1,12.1,11.3));
#13043=CARTESIAN_POINT('',(-5.1,12.1,11.3));
#13044=CARTESIAN_POINT('',(-2.9,12.7,11.3));
#13045=CARTESIAN_POINT('',(-2.9,12.7,13.3700168354463));
#13046=CARTESIAN_POINT('',(-2.9,13.1,11.3));
#13047=CARTESIAN_POINT('',(-4.45355339059327,13.1,12.8535533905933));
#13048=CARTESIAN_POINT('',(-4.8,12.1,7.8));
#13049=CARTESIAN_POINT('',(-4.8,12.1,10.5));
#13050=CARTESIAN_POINT('',(-4.8,12.1,10.5));
#13051=CARTESIAN_POINT('',(-4.8,12.1,7.8));
#13052=CARTESIAN_POINT('',(-4.8,12.1,7.8));
#13053=CARTESIAN_POINT('',(-4.8,12.1,7.8));
#13054=CARTESIAN_POINT('',(-2.5,10.9,7.8));
#13055=CARTESIAN_POINT('',(-2.5,12.9799286969334,10.0060975289792));
#13056=CARTESIAN_POINT('',(-2.5,12.5,10.4585786437627));
#13057=CARTESIAN_POINT('',(-2.5,12.7,10.2700168354463));
#13058=CARTESIAN_POINT('',(-2.5,12.5,7.8));
#13059=CARTESIAN_POINT('',(-2.5,12.5,10.5));
#13060=CARTESIAN_POINT('',(-2.5,10.9,10.5));
#13061=CARTESIAN_POINT('',(-2.5,10.9,7.8));
#13062=CARTESIAN_POINT('',(-2.5,12.7,7.8));
#13063=CARTESIAN_POINT('',(-2.5,12.7,7.8));
#13064=CARTESIAN_POINT('',(-5.1,12.3,7.8));
#13065=CARTESIAN_POINT('',(-5.1,12.5,7.8));
#13066=CARTESIAN_POINT('',(-5.3,12.5,7.8));
#13067=CARTESIAN_POINT('',(-5.15857864376269,12.5,7.8));
#13068=CARTESIAN_POINT('',(-5.23083906286541,12.4233562514616,7.8));
#13069=CARTESIAN_POINT('',(-2.9,12.7,7.8));
#13070=CARTESIAN_POINT('',(-5.1,12.1,7.8));
#13071=CARTESIAN_POINT('',(-5.1,12.1,7.8));
#13072=CARTESIAN_POINT('',(-5.1,12.3,7.8));
#13073=CARTESIAN_POINT('',(-5.3,12.3,7.8));
#13074=CARTESIAN_POINT('',(-5.3,12.5,7.8));
#13075=CARTESIAN_POINT('',(-5.1,12.3,10.5));
#13076=CARTESIAN_POINT('',(-5.1,12.5,10.5));
#13077=CARTESIAN_POINT('',(-2.74142135623731,12.5,10.5));
#13078=CARTESIAN_POINT('',(-3.75151387831106,13.5713649079763,10.5));
#13079=CARTESIAN_POINT('',(-3.30710678118655,13.1,10.5));
#13080=CARTESIAN_POINT('',(-2.9,13.1,10.5));
#13081=CARTESIAN_POINT('',(-4.7,13.1,10.5));
#13082=CARTESIAN_POINT('',(-4.7,13.1,10.5));
#13083=CARTESIAN_POINT('',(-5.3,12.5,10.5));
#13084=CARTESIAN_POINT('',(-5.3,12.5,10.5));
#13085=CARTESIAN_POINT('',(-5.3,12.3,10.5));
#13086=CARTESIAN_POINT('',(-5.1,12.3,10.5));
#13087=CARTESIAN_POINT('',(-5.1,12.1,10.5));
#13088=CARTESIAN_POINT('',(-5.1,12.1,10.5));
#13089=CARTESIAN_POINT('',(-4.7,13.1,7.8));
#13090=CARTESIAN_POINT('',(-5.1397706826042,12.6602293173958,8.2527163228004));
#13091=CARTESIAN_POINT('',(-5.3,12.5,7.94142135623731));
#13092=CARTESIAN_POINT('',(-4.7,13.1,9.10710678118655));
#13093=CARTESIAN_POINT('',(-5.3,12.5,7.8));
#13094=CARTESIAN_POINT('',(-4.7,13.1,7.8));
#13095=CARTESIAN_POINT('',(-5.3,12.5,7.8));
#13096=CARTESIAN_POINT('',(-5.3,12.5,7.8));
#13097=CARTESIAN_POINT('',(-5.3,12.3,7.8));
#13098=CARTESIAN_POINT('',(-5.1,12.3,7.8));
#13099=CARTESIAN_POINT('',(-5.1,12.1,7.8));
#13100=CARTESIAN_POINT('',(-5.1,12.1,7.8));
#13101=CARTESIAN_POINT('',(-2.9,12.7,7.8));
#13102=CARTESIAN_POINT('',(-2.9,12.7,9.87001683544628));
#13103=CARTESIAN_POINT('',(-2.9,13.1,7.8));
#13104=CARTESIAN_POINT('',(-4.45355339059327,13.1,9.35355339059327));
#13105=CARTESIAN_POINT('',(-4.8,12.1,4.3));
#13106=CARTESIAN_POINT('',(-4.8,12.1,7.));
#13107=CARTESIAN_POINT('',(-4.8,12.1,7.));
#13108=CARTESIAN_POINT('',(-4.8,12.1,4.3));
#13109=CARTESIAN_POINT('',(-4.8,12.1,4.3));
#13110=CARTESIAN_POINT('',(-4.8,12.1,4.3));
#13111=CARTESIAN_POINT('',(-2.5,10.9,4.3));
#13112=CARTESIAN_POINT('',(-2.5,12.9799286969334,6.50609752897917));
#13113=CARTESIAN_POINT('',(-2.5,12.5,6.95857864376269));
#13114=CARTESIAN_POINT('',(-2.5,12.7,6.77001683544628));
#13115=CARTESIAN_POINT('',(-2.5,12.5,4.3));
#13116=CARTESIAN_POINT('',(-2.5,12.5,7.));
#13117=CARTESIAN_POINT('',(-2.5,10.9,7.));
#13118=CARTESIAN_POINT('',(-2.5,10.9,4.3));
#13119=CARTESIAN_POINT('',(-2.5,12.7,4.3));
#13120=CARTESIAN_POINT('',(-2.5,12.7,4.3));
#13121=CARTESIAN_POINT('',(-5.1,12.3,4.3));
#13122=CARTESIAN_POINT('',(-5.1,12.5,4.3));
#13123=CARTESIAN_POINT('',(-5.3,12.5,4.3));
#13124=CARTESIAN_POINT('',(-5.15857864376269,12.5,4.3));
#13125=CARTESIAN_POINT('',(-5.23083906286541,12.4233562514616,4.3));
#13126=CARTESIAN_POINT('',(-2.9,12.7,4.3));
#13127=CARTESIAN_POINT('',(-5.1,12.1,4.3));
#13128=CARTESIAN_POINT('',(-5.1,12.1,4.3));
#13129=CARTESIAN_POINT('',(-5.1,12.3,4.3));
#13130=CARTESIAN_POINT('',(-5.3,12.3,4.3));
#13131=CARTESIAN_POINT('',(-5.3,12.5,4.3));
#13132=CARTESIAN_POINT('',(-5.1,12.3,7.));
#13133=CARTESIAN_POINT('',(-5.1,12.5,7.));
#13134=CARTESIAN_POINT('',(-2.74142135623731,12.5,7.));
#13135=CARTESIAN_POINT('',(-3.75151387831106,13.5713649079763,7.));
#13136=CARTESIAN_POINT('',(-3.30710678118655,13.1,7.));
#13137=CARTESIAN_POINT('',(-2.9,13.1,7.));
#13138=CARTESIAN_POINT('',(-4.7,13.1,7.));
#13139=CARTESIAN_POINT('',(-4.7,13.1,7.));
#13140=CARTESIAN_POINT('',(-5.3,12.5,7.));
#13141=CARTESIAN_POINT('',(-5.3,12.5,7.));
#13142=CARTESIAN_POINT('',(-5.3,12.3,7.));
#13143=CARTESIAN_POINT('',(-5.1,12.3,7.));
#13144=CARTESIAN_POINT('',(-5.1,12.1,7.));
#13145=CARTESIAN_POINT('',(-5.1,12.1,7.));
#13146=CARTESIAN_POINT('',(-4.7,13.1,4.3));
#13147=CARTESIAN_POINT('',(-5.1397706826042,12.6602293173958,4.7527163228004));
#13148=CARTESIAN_POINT('',(-5.3,12.5,4.44142135623731));
#13149=CARTESIAN_POINT('',(-4.7,13.1,5.60710678118655));
#13150=CARTESIAN_POINT('',(-5.3,12.5,4.3));
#13151=CARTESIAN_POINT('',(-4.7,13.1,4.3));
#13152=CARTESIAN_POINT('',(-5.3,12.5,4.3));
#13153=CARTESIAN_POINT('',(-5.3,12.5,4.3));
#13154=CARTESIAN_POINT('',(-5.3,12.3,4.3));
#13155=CARTESIAN_POINT('',(-5.1,12.3,4.3));
#13156=CARTESIAN_POINT('',(-5.1,12.1,4.3));
#13157=CARTESIAN_POINT('',(-5.1,12.1,4.3));
#13158=CARTESIAN_POINT('',(-2.9,12.7,4.3));
#13159=CARTESIAN_POINT('',(-2.9,12.7,6.37001683544628));
#13160=CARTESIAN_POINT('',(-2.9,13.1,4.3));
#13161=CARTESIAN_POINT('',(-4.45355339059327,13.1,5.85355339059327));
#13162=CARTESIAN_POINT('',(-2.40086219713515,12.5,3.55771644662754));
#13163=CARTESIAN_POINT('',(-2.40086219713515,12.5,3.55771644662754));
#13164=CARTESIAN_POINT('',(-2.54228355337247,12.5,3.69913780286484));
#13165=CARTESIAN_POINT('',(-2.11801948466054,13.1,3.27487373415292));
#13166=CARTESIAN_POINT('',(-2.54228355337247,12.5,3.69913780286484));
#13167=CARTESIAN_POINT('',(-2.40086219713515,12.5,7.05771644662754));
#13168=CARTESIAN_POINT('',(-2.40086219713515,12.5,7.05771644662754));
#13169=CARTESIAN_POINT('',(-2.54228355337247,12.5,7.19913780286485));
#13170=CARTESIAN_POINT('',(-2.11801948466054,13.1,6.77487373415292));
#13171=CARTESIAN_POINT('',(-2.54228355337247,12.5,7.19913780286485));
#13172=CARTESIAN_POINT('',(-2.40086219713515,12.5,10.5577164466275));
#13173=CARTESIAN_POINT('',(-2.40086219713515,12.5,10.5577164466275));
#13174=CARTESIAN_POINT('',(-2.54228355337247,12.5,10.6991378028648));
#13175=CARTESIAN_POINT('',(-2.11801948466054,13.1,10.2748737341529));
#13176=CARTESIAN_POINT('',(-2.54228355337247,12.5,10.6991378028648));
#13177=CARTESIAN_POINT('',(-2.40086219713515,12.5,14.0577164466275));
#13178=CARTESIAN_POINT('',(-2.40086219713515,12.5,14.0577164466275));
#13179=CARTESIAN_POINT('',(-2.54228355337247,12.5,14.1991378028648));
#13180=CARTESIAN_POINT('',(-2.11801948466054,13.1,13.7748737341529));
#13181=CARTESIAN_POINT('',(-2.54228355337247,12.5,14.1991378028648));
#13182=CARTESIAN_POINT('',(-2.40086219713515,12.5,17.5577164466275));
#13183=CARTESIAN_POINT('',(-2.40086219713515,12.5,17.5577164466275));
#13184=CARTESIAN_POINT('',(-2.54228355337247,12.5,17.6991378028648));
#13185=CARTESIAN_POINT('',(-2.11801948466054,13.1,17.2748737341529));
#13186=CARTESIAN_POINT('',(-2.54228355337247,12.5,17.6991378028648));
#13187=CARTESIAN_POINT('',(-2.40086219713515,12.5,21.0577164466275));
#13188=CARTESIAN_POINT('',(-2.40086219713515,12.5,21.0577164466275));
#13189=CARTESIAN_POINT('',(-2.54228355337247,12.5,21.1991378028648));
#13190=CARTESIAN_POINT('',(-2.11801948466054,13.1,20.7748737341529));
#13191=CARTESIAN_POINT('',(-2.54228355337247,12.5,21.1991378028648));
#13192=CARTESIAN_POINT('',(-2.40086219713515,12.5,24.5577164466275));
#13193=CARTESIAN_POINT('',(-2.40086219713515,12.5,24.5577164466275));
#13194=CARTESIAN_POINT('',(-2.54228355337247,12.5,24.6991378028648));
#13195=CARTESIAN_POINT('',(-2.11801948466054,13.1,24.2748737341529));
#13196=CARTESIAN_POINT('',(-2.54228355337247,12.5,24.6991378028648));
#13197=CARTESIAN_POINT('',(-2.40086219713515,12.5,28.0577164466275));
#13198=CARTESIAN_POINT('',(-2.40086219713515,12.5,28.0577164466275));
#13199=CARTESIAN_POINT('',(-2.54228355337247,12.5,28.1991378028648));
#13200=CARTESIAN_POINT('',(-2.11801948466054,13.1,27.7748737341529));
#13201=CARTESIAN_POINT('',(-2.54228355337247,12.5,28.1991378028648));
#13202=MECHANICAL_DESIGN_GEOMETRIC_PRESENTATION_REPRESENTATION('',(#6240,
#6241,#6242,#6243,#6244,#6245,#6246,#6247,#6248,#6249,#6250,#6251,#6252,
#6253,#6254,#6255,#6256,#6257,#6258,#6259,#6260,#6261,#6262,#6263,#6264,
#6265,#6266,#6267,#6268,#6269,#6270,#6271,#6272,#6273,#6274,#6275,#6276,
#6277,#6278,#6279,#6280,#6281,#6282,#6283,#6284,#6285,#6286,#6287,#6288,
#6289,#6290,#6291,#6292,#6293,#6294,#6295,#6296,#6297,#6298,#6299,#6300,
#6301,#6302,#6303,#6304,#6305,#6306,#6307,#6308,#6309,#6310,#6311,#6312,
#6313,#6314,#6315,#6316,#6317,#6318,#6319,#6320,#6321,#6322,#6323,#6324,
#6325,#6326,#6327,#6328,#6329,#6330,#6331,#6332,#6333,#6334,#6335,#6336,
#6337,#6338,#6339,#6340,#6341,#6342,#6343,#6344,#6345,#6346,#6347,#6348,
#6349,#6350,#6351,#6352,#6353,#6354,#6355,#6356,#6357,#6358,#6359,#6360,
#6361,#6362,#6363,#6364,#6365,#6366,#6367,#6368,#6369,#6370,#6371,#6372,
#6373,#6374,#6375,#6376,#6377,#6378,#6379,#6380,#6381,#6382,#6383,#6384,
#6385,#6386,#6387,#6388,#6389,#6390,#6391,#6392,#6393,#6394,#6395,#6396,
#6397,#6398,#6399,#6400,#6401,#6402,#6403,#6404,#6405,#6406,#6407,#6408,
#6409,#6410,#6411,#6412,#6413,#6414,#6415,#6416,#6417,#6418,#6419,#6420,
#6421,#6422,#6423,#6424,#6425,#6426,#6427,#6428,#6429,#6430,#6431,#6432,
#6433,#6434,#6435,#6436,#6437,#6438,#6439,#6440,#6441,#6442,#6443,#6444,
#6445,#6446,#6447,#6448,#6449,#6450,#6451,#6452,#6453,#6454,#6455,#6456,
#6457,#6458,#6459,#6460,#6461,#6462,#6463,#6464,#6465,#6466,#6467,#6468,
#6469,#6470,#6471,#6472,#6473,#6474,#6475,#6476,#6477,#6478,#6479,#6480,
#6481,#6482,#6483,#6484,#6485,#6486,#6487,#6488,#6489,#6490,#6491,#6492,
#6493,#6494,#6495,#6496,#6497,#6498,#6499,#6500,#6501,#6502,#6503,#6504,
#6505,#6506,#6507,#6508,#6509,#6510,#6511,#6512,#6513,#6514,#6515,#6516,
#6517,#6518,#6519,#6520,#6521,#6522,#6523,#6524,#6525,#6526,#6527,#6528,
#6529,#6530,#6531,#6532,#6533,#6534,#6535,#6536,#6537,#6538,#6539,#6540,
#6541,#6542,#6543,#6544,#6545,#6546,#6547,#6548,#6549,#6550,#6551,#6552,
#6553,#6554,#6555,#6556,#6557,#6558,#6559,#6560,#6561,#6562,#6563,#6564,
#6565,#6566,#6567,#6568,#6569,#6570,#6571,#6572,#6573,#6574,#6575,#6576,
#6577,#6578,#6579,#6580),#13203);
#13203=(
GEOMETRIC_REPRESENTATION_CONTEXT(3)
GLOBAL_UNCERTAINTY_ASSIGNED_CONTEXT((#13204))
GLOBAL_UNIT_ASSIGNED_CONTEXT((#13207,#13206,#13205))
REPRESENTATION_CONTEXT('250-108/000-012','TOP_LEVEL_ASSEMBLY_PART')
);
#13204=UNCERTAINTY_MEASURE_WITH_UNIT(LENGTH_MEASURE(1.E-5),#13207,
'DISTANCE_ACCURACY_VALUE','Maximum Tolerance applied to model');
#13205=(
NAMED_UNIT(*)
SI_UNIT($,.STERADIAN.)
SOLID_ANGLE_UNIT()
);
#13206=(
NAMED_UNIT(*)
PLANE_ANGLE_UNIT()
SI_UNIT($,.RADIAN.)
);
#13207=(
LENGTH_UNIT()
NAMED_UNIT(*)
SI_UNIT(.MILLI.,.METRE.)
);
#13208=PRODUCT_DEFINITION_SHAPE('','',#13209);
#13209=PRODUCT_DEFINITION('','',#13211,#13210);
#13210=PRODUCT_DEFINITION_CONTEXT('',#13217,'design');
#13211=PRODUCT_DEFINITION_FORMATION_WITH_SPECIFIED_SOURCE('','',#13213,
 .NOT_KNOWN.);
#13212=PRODUCT_RELATED_PRODUCT_CATEGORY('','',(#13213));
#13213=PRODUCT('250-108/000-012','250-108/000-012','250-108/000-012',(#13215));
#13214=PRODUCT_CATEGORY('','');
#13215=PRODUCT_CONTEXT('',#13217,'mechanical');
#13216=APPLICATION_PROTOCOL_DEFINITION('international standard',
'ap242_managed_model_based_3d_engineering',2011,#13217);
#13217=APPLICATION_CONTEXT('managed model based 3d engineering');
ENDSEC;
END-ISO-10303-21;
