ISO-10303-21;
HEADER;
FILE_DESCRIPTION (( 'STEP AP214' ),
    '1' );
FILE_NAME ('20.322.69.111.11.STEP',
    '2024-08-08T15:09:13',
    ( 'LENOVO' ),
    ( '' ),
    'SwSTEP 2.0',
    'SolidWorks 2021',
    '' );
FILE_SCHEMA (( 'AUTOMOTIVE_DESIGN' ));
ENDSEC;

DATA;
#1 = CARTESIAN_POINT ( 'NONE',  ( -5.824818323274879361, 2.062763513043849084, 0.7513154392080492183 ) ) ;
#2 = VERTEX_POINT ( 'NONE', #3000 ) ;
#3 = EDGE_CURVE ( 'NONE', #3242, #3314, #3306, .T. ) ;
#4 = FILL_AREA_STYLE ('',( #2994 ) ) ;
#5 = DIRECTION ( 'NONE',  ( 0.000000000000000000, 0.000000000000000000, -1.000000000000000000 ) ) ;
#6 = DIRECTION ( 'NONE',  ( -1.000000000000000000, 2.428945146063511808E-17, 0.000000000000000000 ) ) ;
#7 = ORIENTED_EDGE ( 'NONE', *, *, #2020, .T. ) ;
#8 = CARTESIAN_POINT ( 'NONE',  ( 7.638888888888889284, 2.281199999999999228, -1.094998557716582610 ) ) ;
#9 = DIRECTION ( 'NONE',  ( 1.000000000000000000, -0.000000000000000000, -0.000000000000000000 ) ) ;
#10 = FACE_OUTER_BOUND ( 'NONE', #2044, .T. ) ;
#11 = CARTESIAN_POINT ( 'NONE',  ( 5.005298817664709965, 2.248074860981993162, 0.5909448458733427278 ) ) ;
#12 = EDGE_CURVE ( 'NONE', #1346, #1591, #2045, .T. ) ;
#13 = FACE_OUTER_BOUND ( 'NONE', #1947, .T. ) ;
#14 = CARTESIAN_POINT ( 'NONE',  ( -9.749999999999998224, 4.727893724117319785, 1.298306235062712588 ) ) ;
#15 = EDGE_LOOP ( 'NONE', ( #1126, #1892, #1923, #2628 ) ) ;
#16 = FACE_OUTER_BOUND ( 'NONE', #1964, .T. ) ;
#17 = CARTESIAN_POINT ( 'NONE',  ( 9.523188466368967653, 23.17814043034070792, 4.378019374335272218 ) ) ;
#18 = TOROIDAL_SURFACE ( 'NONE', #3193, 1.099999999999999423, 0.2999999999999999889 ) ;
#19 = TOROIDAL_SURFACE ( 'NONE', #228, 4.150000000000000355, 0.4000000000000000222 ) ;
#20 = EDGE_CURVE ( 'NONE', #2456, #2029, #1898, .T. ) ;
#21 = CARTESIAN_POINT ( 'NONE',  ( -5.651657705764154827, 2.249939722295189348, 0.7951538561523368021 ) ) ;
#22 = EDGE_LOOP ( 'NONE', ( #1507, #1094, #2872, #2937 ) ) ;
#23 = CARTESIAN_POINT ( 'NONE',  ( -5.686572334203934709, 2.437565341598388891, -1.099145864898983582 ) ) ;
#24 = DIRECTION ( 'NONE',  ( 1.000000000000000000, 0.000000000000000000, 0.000000000000000000 ) ) ;
#25 = TOROIDAL_SURFACE ( 'NONE', #1865, 4.149999999999993250, 0.4000000000000000222 ) ;
#26 = LINE ( 'NONE', #2218, #1249 ) ;
#27 = CARTESIAN_POINT ( 'NONE',  ( -5.676103274215900996, 2.662063343068795884, 1.104774368559816589 ) ) ;
#28 = EDGE_LOOP ( 'NONE', ( #94, #2228, #1230, #2609 ) ) ;
#29 = CIRCLE ( 'NONE', #2484, 2.111111111111110272 ) ;
#30 = FACE_OUTER_BOUND ( 'NONE', #2785, .T. ) ;
#31 = CARTESIAN_POINT ( 'NONE',  ( 9.820457981795559732, 3.537831691565829662, 0.7677368172660621326 ) ) ;
#32 = CARTESIAN_POINT ( 'NONE',  ( 9.223739572140456033, 3.362401008199468855, -1.138224366097158713 ) ) ;
#33 = CARTESIAN_POINT ( 'NONE',  ( -8.585799560190880086, 24.40000120759811253, 3.023535306181740268 ) ) ;
#34 = EDGE_LOOP ( 'NONE', ( #3041, #2035, #2220, #3355 ) ) ;
#35 = CARTESIAN_POINT ( 'NONE',  ( 9.291969102116208745, 2.895142507327336467, -1.109278201163062638 ) ) ;
#36 = CARTESIAN_POINT ( 'NONE',  ( 6.331862532896860074, 2.281199999999999672, -0.7478286976176623524 ) ) ;
#37 = CIRCLE ( 'NONE', #708, 0.4000000000000001887 ) ;
#38 = CIRCLE ( 'NONE', #563, 0.7999999999999994893 ) ;
#39 = CARTESIAN_POINT ( 'NONE',  ( 10.14999999999999858, 2.281199999999999672, 4.549999999999999822 ) ) ;
#40 = ORIENTED_EDGE ( 'NONE', *, *, #2949, .T. ) ;
#41 = DIRECTION ( 'NONE',  ( -1.000000000000000000, -7.779029040254739985E-17, 0.000000000000000000 ) ) ;
#42 = CARTESIAN_POINT ( 'NONE',  ( -10.14999999999999858, 2.281200000000000561, 16.29275362318840337 ) ) ;
#43 = CIRCLE ( 'NONE', #1203, 0.4000000000000000222 ) ;
#44 = FACE_OUTER_BOUND ( 'NONE', #2247, .T. ) ;
#45 = AXIS2_PLACEMENT_3D ( 'NONE', #2253, #1722, #1500 ) ;
#46 = CARTESIAN_POINT ( 'NONE',  ( -9.175873516988055201, 2.799648931861192569, -0.7222264701313948487 ) ) ;
#47 = AXIS2_PLACEMENT_3D ( 'NONE', #164, #2536, #637 ) ;
#48 = ORIENTED_EDGE ( 'NONE', *, *, #2961, .T. ) ;
#49 = DIRECTION ( 'NONE',  ( 0.000000000000000000, 0.000000000000000000, 1.000000000000000000 ) ) ;
#50 = CARTESIAN_POINT ( 'NONE',  ( -5.550000000000001599, 0.2999999999999999334, 0.000000000000000000 ) ) ;
#51 = VECTOR ( 'NONE', #2486, 1000.000000000000000 ) ;
#52 = CIRCLE ( 'NONE', #2767, 0.2999999999999999334 ) ;
#53 = CARTESIAN_POINT ( 'NONE',  ( 6.064916021792480905, 1.993414052962684035, -0.6161965172786895151 ) ) ;
#54 = AXIS2_PLACEMENT_3D ( 'NONE', #1931, #3025, #428 ) ;
#55 = CARTESIAN_POINT ( 'NONE',  ( 9.059124923441300936, 23.92110627551181068, -3.884028181319098216 ) ) ;
#56 =( BOUNDED_SURFACE ( )  B_SPLINE_SURFACE ( 3, 2, ( 
 ( #3278, #1166, #182 ),
 ( #2252, #1699, #2505 ),
 ( #110, #2577, #1961 ),
 ( #1683, #396, #2558 ),
 ( #3304, #2861, #3329 ),
 ( #3037, #468, #1089 ),
 ( #1403, #1445, #1720 ),
 ( #1903, #3137, #310 ),
 ( #2316, #2043, #687 ),
 ( #3115, #3411, #496 ),
 ( #1552, #928, #1603 ),
 ( #2638, #2899, #1835 ),
 ( #1522, #2700, #3156 ),
 ( #2605, #3384, #3436 ),
 ( #2003, #775, #2935 ),
 ( #3092, #3356, #3045 ) ),
 .UNSPECIFIED., .F., .F., .F. ) 
 B_SPLINE_SURFACE_WITH_KNOTS ( ( 4, 2, 2, 2, 2, 2, 2, 4 ),
 ( 3, 3 ),
 ( 0.000000000000000000, 0.0004135065966789778819, 0.0008270131933579557637, 0.001240519790036933700, 0.001654026386715911527, 0.002067532983394889355, 0.002481039580073867400, 0.003308052773431823055 ),
 ( 0.000000000000000000, 1.000000000000000000 ),
 .UNSPECIFIED. ) 
 GEOMETRIC_REPRESENTATION_ITEM ( )  RATIONAL_B_SPLINE_SURFACE ( (
 ( 1.000000000000000000, 0.7071067811865475727, 1.000000000000000000),
 ( 1.000000000000000000, 0.7108271576544400450, 1.000000000000000000),
 ( 1.000000000000000000, 0.7138550028805736858, 1.000000000000000000),
 ( 1.000000000000000000, 0.7186748326532879094, 1.000000000000000000),
 ( 1.000000000000000000, 0.7204771204230201453, 1.000000000000000000),
 ( 1.000000000000000000, 0.7229061888850382145, 1.000000000000000000),
 ( 1.000000000000000000, 0.7235451244110252533, 1.000000000000000000),
 ( 1.000000000000000000, 0.7239713791384220221, 1.000000000000000000),
 ( 1.000000000000000000, 0.7237477988918751270, 1.000000000000000000),
 ( 1.000000000000000000, 0.7227894564942213274, 1.000000000000000000),
 ( 1.000000000000000000, 0.7220599743509293900, 1.000000000000000000),
 ( 1.000000000000000000, 0.7204368044336458832, 1.000000000000000000),
 ( 1.000000000000000000, 0.7195577562359439794, 1.000000000000000000),
 ( 1.000000000000000000, 0.7172282339469591150, 1.000000000000000000),
 ( 1.000000000000000000, 0.7160795027635966647, 1.000000000000000000),
 ( 1.000000000000000000, 0.7161190340031498014, 1.000000000000000000) ) ) 
 REPRESENTATION_ITEM ( '' )  SURFACE ( )  );
#57 = VECTOR ( 'NONE', #2548, 1000.000000000000000 ) ;
#58 = EDGE_CURVE ( 'NONE', #2752, #1650, #2602, .T. ) ;
#59 = VERTEX_POINT ( 'NONE', #1832 ) ;
#60 = FILL_AREA_STYLE_COLOUR ( '', #2737 ) ;
#61 = CIRCLE ( 'NONE', #3199, 0.4000000000000001887 ) ;
#62 = LINE ( 'NONE', #862, #1173 ) ;
#63 = TOROIDAL_SURFACE ( 'NONE', #1935, 2.111111111111110716, 0.4000000000000000222 ) ;
#64 =( NAMED_UNIT ( * ) SI_UNIT ( $, .STERADIAN. ) SOLID_ANGLE_UNIT ( ) );
#65 = FACE_OUTER_BOUND ( 'NONE', #1134, .T. ) ;
#66 = B_SPLINE_CURVE_WITH_KNOTS ( 'NONE', 3,
 ( #640, #915, #3078, #2140 ),
 .UNSPECIFIED., .F., .F.,
 ( 4, 4 ),
 ( 0.000000000000000000, 0.0004248441931148997904 ),
 .UNSPECIFIED. ) ;
#67 = CARTESIAN_POINT ( 'NONE',  ( 5.172124805488740762, 2.327807721738867297, -0.8925184591041780413 ) ) ;
#68 = ADVANCED_FACE ( 'NONE', ( #16 ), #1576, .F. ) ;
#69 = VERTEX_POINT ( 'NONE', #876 ) ;
#70 = CARTESIAN_POINT ( 'NONE',  ( -9.314394601565211929, 23.95099766048398138, -3.859817184002679369 ) ) ;
#71 = FACE_OUTER_BOUND ( 'NONE', #394, .T. ) ;
#72 = CARTESIAN_POINT ( 'NONE',  ( 10.15000000000000036, 13.43120000000000047, 4.549999999999999822 ) ) ;
#73 = CARTESIAN_POINT ( 'NONE',  ( 10.02302579908097790, 3.986988394434992866, -0.8077077406708326190 ) ) ;
#74 = TOROIDAL_SURFACE ( 'NONE', #1800, 0.4999999999999990563, 0.3000000000000006550 ) ;
#75 = LINE ( 'NONE', #2123, #157 ) ;
#76 = DIRECTION ( 'NONE',  ( 0.000000000000000000, 0.000000000000000000, 1.000000000000000000 ) ) ;
#77 = ORIENTED_EDGE ( 'NONE', *, *, #1449, .F. ) ;
#78 = CARTESIAN_POINT ( 'NONE',  ( -5.928080933291661303, 2.241886438111839741, -0.7103574412625229817 ) ) ;
#79 = CARTESIAN_POINT ( 'NONE',  ( 9.953308739093472468, 23.04818926161674142, 4.057414366692369434 ) ) ;
#80 = CIRCLE ( 'NONE', #2679, 0.4999999999999995559 ) ;
#81 = VERTEX_POINT ( 'NONE', #1144 ) ;
#82 = DIRECTION ( 'NONE',  ( -0.000000000000000000, -1.000000000000000000, -0.000000000000000000 ) ) ;
#83 = CYLINDRICAL_SURFACE ( 'NONE', #1250, 4.549999999999993605 ) ;
#84 = CARTESIAN_POINT ( 'NONE',  ( -5.172124805497047006, 2.670938823310716081, 1.104999796354468655 ) ) ;
#85 = VECTOR ( 'NONE', #3466, 1000.000000000000000 ) ;
#86 = PRODUCT_DEFINITION ( 'UNKNOWN', '', #2720, #1728 ) ;
#87 = ORIENTED_EDGE ( 'NONE', *, *, #1449, .T. ) ;
#88 = CARTESIAN_POINT ( 'NONE',  ( 5.550000000000001599, 1.981200000000000738, 0.000000000000000000 ) ) ;
#89 = CIRCLE ( 'NONE', #1735, 2.511111111111111516 ) ;
#90 = VECTOR ( 'NONE', #482, 1000.000000000000000 ) ;
#91 = CARTESIAN_POINT ( 'NONE',  ( -6.050000000000000711, 0.000000000000000000, 0.000000000000000000 ) ) ;
#92 = CIRCLE ( 'NONE', #815, 0.2999999999999998779 ) ;
#93 = CARTESIAN_POINT ( 'NONE',  ( -9.638403011521269548, 23.59718948693636165, 3.835005107565415461 ) ) ;
#94 = ORIENTED_EDGE ( 'NONE', *, *, #1583, .T. ) ;
#95 = PRESENTATION_LAYER_ASSIGNMENT (  '', '', ( #3183 ) ) ;
#96 = CARTESIAN_POINT ( 'NONE',  ( 6.350000000000001421, 1.981200000000000738, 0.000000000000000000 ) ) ;
#97 = CARTESIAN_POINT ( 'NONE',  ( 5.927752808036467869, 2.241909025116569865, 0.7104920344012488620 ) ) ;
#98 = CARTESIAN_POINT ( 'NONE',  ( 10.13397107529864094, 4.465563836086343663, -0.8606182902802784751 ) ) ;
#99 = FACE_OUTER_BOUND ( 'NONE', #1163, .T. ) ;
#100 = CARTESIAN_POINT ( 'NONE',  ( -9.172712737828158325, 2.797288807056728999, 0.7221228580020399024 ) ) ;
#101 = CARTESIAN_POINT ( 'NONE',  ( -9.310871661339817251, 3.464730340410347331, 1.145747507717812530 ) ) ;
#102 = ORIENTED_EDGE ( 'NONE', *, *, #2096, .T. ) ;
#103 = AXIS2_PLACEMENT_3D ( 'NONE', #1010, #782, #1635 ) ;
#104 = CARTESIAN_POINT ( 'NONE',  ( 9.689249714910280531, 22.65424883687661861, -4.529648159834184895 ) ) ;
#105 = CARTESIAN_POINT ( 'NONE',  ( -5.856305867380356744, 2.246827277526832312, 0.7397978347192711857 ) ) ;
#106 = AXIS2_PLACEMENT_3D ( 'NONE', #2894, #3294, #172 ) ;
#107 = DIRECTION ( 'NONE',  ( 0.9239411971968887194, 0.1792050186439400616, 0.3379618697652227999 ) ) ;
#108 = CIRCLE ( 'NONE', #962, 1.099999999999999423 ) ;
#109 = CARTESIAN_POINT ( 'NONE',  ( 8.438001387066231374, 24.39489469652835396, 3.186670633108279915 ) ) ;
#110 = CARTESIAN_POINT ( 'NONE',  ( -9.736602513613238585, 4.460938683556236128, -1.256600896048027050 ) ) ;
#111 = DIRECTION ( 'NONE',  ( 0.000000000000000000, -0.5647641769131918066, -0.8252523398788790265 ) ) ;
#112 = CYLINDRICAL_SURFACE ( 'NONE', #3072, 0.3999999999999999667 ) ;
#113 = ORIENTED_EDGE ( 'NONE', *, *, #1762, .T. ) ;
#114 = AXIS2_PLACEMENT_3D ( 'NONE', #50, #1384, #1357 ) ;
#115 = EDGE_CURVE ( 'NONE', #2868, #3290, #3393, .T. ) ;
#116 = VECTOR ( 'NONE', #334, 1000.000000000000000 ) ;
#117 = CARTESIAN_POINT ( 'NONE',  ( 7.805044968523469961, 2.281199999999999228, 0.7051314326984384762 ) ) ;
#118 = CIRCLE ( 'NONE', #699, 0.4999999999999995559 ) ;
#119 = CARTESIAN_POINT ( 'NONE',  ( -9.898139174892678582, 23.17854392086938731, -4.021238976242086594 ) ) ;
#120 = ORIENTED_EDGE ( 'NONE', *, *, #1077, .F. ) ;
#121 = DIRECTION ( 'NONE',  ( -1.000000000000000000, 0.000000000000000000, 0.000000000000000000 ) ) ;
#122 = CIRCLE ( 'NONE', #2727, 0.4000000000000001887 ) ;
#123 = EDGE_CURVE ( 'NONE', #2071, #296, #3378, .T. ) ;
#124 = CARTESIAN_POINT ( 'NONE',  ( 5.499031717737601355, 2.250195395304916079, -0.7999760585517340372 ) ) ;
#125 = EDGE_LOOP ( 'NONE', ( #1013, #989, #454, #2587 ) ) ;
#126 = CARTESIAN_POINT ( 'NONE',  ( -10.10993163465578704, 22.56696519118029087, -4.546318649561588821 ) ) ;
#127 = CARTESIAN_POINT ( 'NONE',  ( -5.362165997661747951, 2.085961457882427705, -0.7831328144195700558 ) ) ;
#128 = PLANE ( 'NONE',  #2640 ) ;
#129 = DIRECTION ( 'NONE',  ( 1.000000000000000000, -1.657965800048629376E-14, 0.000000000000000000 ) ) ;
#130 = CIRCLE ( 'NONE', #1476, 4.149999999999999467 ) ;
#131 = ORIENTED_EDGE ( 'NONE', *, *, #3414, .T. ) ;
#132 = CARTESIAN_POINT ( 'NONE',  ( -5.172124805497047006, 2.327807721739318048, -0.8925184591056147809 ) ) ;
#133 = CARTESIAN_POINT ( 'NONE',  ( 5.172124805497047895, 2.399672224439333590, -1.098038719275324926 ) ) ;
#134 = CIRCLE ( 'NONE', #633, 4.549999999999999822 ) ;
#135 = DIRECTION ( 'NONE',  ( -1.000000000000000000, 0.000000000000000000, 0.000000000000000000 ) ) ;
#136 = CARTESIAN_POINT ( 'NONE',  ( -5.824818323274878473, 2.062763513043840646, 0.7513154392080498845 ) ) ;
#137 = ORIENTED_EDGE ( 'NONE', *, *, #123, .F. ) ;
#138 =( BOUNDED_SURFACE ( )  B_SPLINE_SURFACE ( 3, 2, ( 
 ( #930, #163, #3386 ),
 ( #1758, #673, #515 ),
 ( #981, #2580, #2863 ),
 ( #1229, #910, #2347 ),
 ( #890, #1198, #1984 ),
 ( #1581, #421, #1817 ),
 ( #2046, #1744, #3073 ),
 ( #2669, #3332, #186 ),
 ( #473, #755, #1031 ),
 ( #1871, #1652, #2791 ),
 ( #2145, #2457, #1605 ),
 ( #31, #798, #339 ),
 ( #2975, #1836, #1912 ),
 ( #2074, #2375, #1632 ),
 ( #1004, #3440, #586 ),
 ( #818, #3158, #3412 ) ),
 .UNSPECIFIED., .F., .F., .F. ) 
 B_SPLINE_SURFACE_WITH_KNOTS ( ( 4, 2, 2, 2, 2, 2, 2, 4 ),
 ( 3, 3 ),
 ( 0.000000000000000000, 0.0004134954837586942876, 0.0008269909675173885751, 0.001240486451276082754, 0.001653981935034777150, 0.002067477418793471113, 0.002480972902552165509, 0.003307963870069554300 ),
 ( 0.000000000000000000, 1.000000000000000000 ),
 .UNSPECIFIED. ) 
 GEOMETRIC_REPRESENTATION_ITEM ( )  RATIONAL_B_SPLINE_SURFACE ( (
 ( 1.000000000000000000, 0.7161190340031496904, 1.000000000000000000),
 ( 1.000000000000000000, 0.7161177900083983694, 1.000000000000000000),
 ( 1.000000000000000000, 0.7163743936710977867, 1.000000000000000000),
 ( 1.000000000000000000, 0.7173047934059049169, 1.000000000000000000),
 ( 1.000000000000000000, 0.7179900701796391171, 1.000000000000000000),
 ( 1.000000000000000000, 0.7195509707806149180, 1.000000000000000000),
 ( 1.000000000000000000, 0.7204191538788543570, 1.000000000000000000),
 ( 1.000000000000000000, 0.7220348817043543699, 1.000000000000000000),
 ( 1.000000000000000000, 0.7227820899127027632, 1.000000000000000000),
 ( 1.000000000000000000, 0.7237441092415565214, 1.000000000000000000),
 ( 1.000000000000000000, 0.7239707634090422061, 1.000000000000000000),
 ( 1.000000000000000000, 0.7235568304367816506, 1.000000000000000000),
 ( 1.000000000000000000, 0.7229101256291537991, 1.000000000000000000),
 ( 1.000000000000000000, 0.7193048888839660426, 1.000000000000000000),
 ( 1.000000000000000000, 0.7145624414161239057, 1.000000000000000000),
 ( 1.000000000000000000, 0.7071067811865463515, 1.000000000000000000) ) ) 
 REPRESENTATION_ITEM ( '' )  SURFACE ( )  );
#139 = CIRCLE ( 'NONE', #3370, 1.099999999999999423 ) ;
#140 = VECTOR ( 'NONE', #121, 1000.000000000000000 ) ;
#141 = DIRECTION ( 'NONE',  ( -0.6410285751803995735, -1.109524817744167490E-15, 0.7675170133633435476 ) ) ;
#142 = CIRCLE ( 'NONE', #1795, 0.4000000000000000222 ) ;
#143 = ORIENTED_EDGE ( 'NONE', *, *, #1709, .F. ) ;
#144 = LINE ( 'NONE', #3059, #2426 ) ;
#145 = CARTESIAN_POINT ( 'NONE',  ( 10.11447286622439279, 22.52661616835441905, -4.149999999999999467 ) ) ;
#146 = AXIS2_PLACEMENT_3D ( 'NONE', #1246, #1543, #3426 ) ;
#147 = FACE_OUTER_BOUND ( 'NONE', #1280, .T. ) ;
#148 = CARTESIAN_POINT ( 'NONE',  ( 9.310871661339817251, 3.464730340410347331, 1.145747507717812530 ) ) ;
#149 = ORIENTED_EDGE ( 'NONE', *, *, #1583, .F. ) ;
#150 = DIRECTION ( 'NONE',  ( -2.428945146063511808E-17, 1.000000000000000000, -0.000000000000000000 ) ) ;
#151 = FACE_OUTER_BOUND ( 'NONE', #1595, .T. ) ;
#152 = CARTESIAN_POINT ( 'NONE',  ( -9.533350220781205309, 3.810272035602221052, 1.176624504777227465 ) ) ;
#153 = EDGE_CURVE ( 'NONE', #2676, #3131, #1123, .T. ) ;
#154 = ORIENTED_EDGE ( 'NONE', *, *, #2241, .T. ) ;
#155 = CARTESIAN_POINT ( 'NONE',  ( -7.638888888888887507, 2.681199999999999584, 0.7051314326984391423 ) ) ;
#156 = CARTESIAN_POINT ( 'NONE',  ( 7.904775085550787672, 24.58120000000000260, 2.485661889629982912 ) ) ;
#157 = VECTOR ( 'NONE', #877, 1000.000000000000000 ) ;
#158 = CARTESIAN_POINT ( 'NONE',  ( 10.14999999999999858, 4.792311111111110300, -0.9035273092663966832 ) ) ;
#159 = DIRECTION ( 'NONE',  ( 1.000000000000000000, 7.779029040254739985E-17, -0.000000000000000000 ) ) ;
#160 = VECTOR ( 'NONE', #2757, 1000.000000000000000 ) ;
#161 = ORIENTED_EDGE ( 'NONE', *, *, #1304, .T. ) ;
#162 = EDGE_CURVE ( 'NONE', #1275, #2797, #2239, .T. ) ;
#163 = CARTESIAN_POINT ( 'NONE',  ( 7.638888888888889284, 2.281199999999999228, 1.094998557716584164 ) ) ;
#164 = CARTESIAN_POINT ( 'NONE',  ( 9.750000000000000000, 2.281200000000000561, -16.29275362318840337 ) ) ;
#165 = CARTESIAN_POINT ( 'NONE',  ( 5.675135035323877197, 2.339557814212518405, 0.9307138483107506577 ) ) ;
#166 = DIRECTION ( 'NONE',  ( -0.000000000000000000, 0.8252523398788763620, 0.5647641769131959144 ) ) ;
#167 = FACE_OUTER_BOUND ( 'NONE', #28, .T. ) ;
#168 = EDGE_LOOP ( 'NONE', ( #275, #2765, #902, #1322 ) ) ;
#169 = EDGE_CURVE ( 'NONE', #1477, #809, #2221, .T. ) ;
#170 = DIRECTION ( 'NONE',  ( 1.000000000000000000, 0.000000000000000000, -0.000000000000000000 ) ) ;
#171 = VERTEX_POINT ( 'NONE', #3099 ) ;
#172 = DIRECTION ( 'NONE',  ( -1.000000000000000000, 0.000000000000000000, 0.000000000000000000 ) ) ;
#173 = CYLINDRICAL_SURFACE ( 'NONE', #2916, 0.4999999999999995559 ) ;
#174 = VECTOR ( 'NONE', #942, 1000.000000000000000 ) ;
#175 = FACE_OUTER_BOUND ( 'NONE', #1634, .T. ) ;
#176 = CARTESIAN_POINT ( 'NONE',  ( 9.750000000000000000, -7.584553314248371702E-16, 4.150000000000000355 ) ) ;
#177 = ORIENTED_EDGE ( 'NONE', *, *, #1636, .T. ) ;
#178 = CARTESIAN_POINT ( 'NONE',  ( -6.118191484141808800, 1.981200082736742640, 0.5676866572922802945 ) ) ;
#179 = CIRCLE ( 'NONE', #1770, 0.3000000000000000444 ) ;
#180 = CYLINDRICAL_SURFACE ( 'NONE', #1691, 0.4000000000000000222 ) ;
#181 = FILL_AREA_STYLE ('',( #2557 ) ) ;
#182 = CARTESIAN_POINT ( 'NONE',  ( -10.14999999999999680, 4.792311111111110300, -0.9035273092663966832 ) ) ;
#183 = CARTESIAN_POINT ( 'NONE',  ( -4.768775268269294543, 2.281199999999999672, -0.7482650639610812782 ) ) ;
#184 = CARTESIAN_POINT ( 'NONE',  ( -8.861762306386031796, 24.11333701537222396, -3.664658150279429982 ) ) ;
#185 = ORIENTED_EDGE ( 'NONE', *, *, #253, .T. ) ;
#186 = CARTESIAN_POINT ( 'NONE',  ( 8.928386814274247740, 3.093688497333817455, 1.121555340613508589 ) ) ;
#187 = DIRECTION ( 'NONE',  ( 0.000000000000000000, 1.000000000000000000, 0.000000000000000000 ) ) ;
#188 = ORIENTED_EDGE ( 'NONE', *, *, #1494, .T. ) ;
#189 =( GEOMETRIC_REPRESENTATION_CONTEXT ( 3 ) GLOBAL_UNCERTAINTY_ASSIGNED_CONTEXT ( ( #2200 ) ) GLOBAL_UNIT_ASSIGNED_CONTEXT ( ( #2010, #213, #2764 ) ) REPRESENTATION_CONTEXT ( 'NONE', 'WORKASPACE' ) );
#190 = AXIS2_PLACEMENT_3D ( 'NONE', #964, #3128, #3399 ) ;
#191 = CARTESIAN_POINT ( 'NONE',  ( -5.172124805497047006, 2.305862852702010635, -0.8434138461074055515 ) ) ;
#192 = DIRECTION ( 'NONE',  ( -1.000000000000000000, 0.000000000000000000, 0.000000000000000000 ) ) ;
#193 = CARTESIAN_POINT ( 'NONE',  ( 9.750000000000000000, 4.727893724117319785, 1.298306235062711922 ) ) ;
#194 = ORIENTED_EDGE ( 'NONE', *, *, #1807, .T. ) ;
#195 = CARTESIAN_POINT ( 'NONE',  ( 5.298277552475433083, 2.670938823310858634, 1.104999796354471986 ) ) ;
#196 = FILL_AREA_STYLE_COLOUR ( '', #333 ) ;
#197 = AXIS2_PLACEMENT_3D ( 'NONE', #1248, #2930, #1599 ) ;
#198 = EDGE_CURVE ( 'NONE', #3243, #1554, #2773, .T. ) ;
#199 = PRESENTATION_STYLE_ASSIGNMENT (( #1801 ) ) ;
#200 = CARTESIAN_POINT ( 'NONE',  ( -7.638888888888887507, 2.670938823310716081, 1.104999796354469543 ) ) ;
#201 = CARTESIAN_POINT ( 'NONE',  ( 6.050000000000000711, -1.214472573031753593E-17, 0.000000000000000000 ) ) ;
#202 = ORIENTED_EDGE ( 'NONE', *, *, #761, .T. ) ;
#203 = ADVANCED_FACE ( 'NONE', ( #2227 ), #2813, .T. ) ;
#204 = CARTESIAN_POINT ( 'NONE',  ( -6.259207555432663383, 2.288054723679210589, -0.7857932832879784835 ) ) ;
#205 = CARTESIAN_POINT ( 'NONE',  ( 8.858760258346391581, 24.28431323223878735, 3.433981715014220448 ) ) ;
#206 = CARTESIAN_POINT ( 'NONE',  ( 8.546549200515777045, 24.33698654915590964, 3.309741231190309385 ) ) ;
#207 = CARTESIAN_POINT ( 'NONE',  ( -5.275181676720215762, 2.062763513042532360, -0.7513154392062539877 ) ) ;
#208 = VERTEX_POINT ( 'NONE', #2147 ) ;
#209 = CARTESIAN_POINT ( 'NONE',  ( 7.862420500946055490, 24.58120000000000260, -2.530601913656308266 ) ) ;
#210 = CARTESIAN_POINT ( 'NONE',  ( 4.964938529542423318, 2.261142615022865510, -0.5474879853325740342 ) ) ;
#211 = CIRCLE ( 'NONE', #819, 0.3000000000000000444 ) ;
#212 = ORIENTED_EDGE ( 'NONE', *, *, #1036, .T. ) ;
#213 =( NAMED_UNIT ( * ) PLANE_ANGLE_UNIT ( ) SI_UNIT ( $, .RADIAN. ) );
#214 = FILL_AREA_STYLE_COLOUR ( '', #1332 ) ;
#215 = FACE_OUTER_BOUND ( 'NONE', #3110, .T. ) ;
#216 = CARTESIAN_POINT ( 'NONE',  ( -5.172124805496926214, 2.327807721739324709, 0.8925184591056307681 ) ) ;
#217 = FACE_OUTER_BOUND ( 'NONE', #1121, .T. ) ;
#218 = ADVANCED_FACE ( 'NONE', ( #1131 ), #3397, .F. ) ;
#219 = DIRECTION ( 'NONE',  ( 1.000000000000000000, -0.000000000000000000, -0.000000000000000000 ) ) ;
#220 = ORIENTED_EDGE ( 'NONE', *, *, #2011, .F. ) ;
#221 = DIRECTION ( 'NONE',  ( 1.000000000000000000, -2.428945146063511808E-17, 0.000000000000000000 ) ) ;
#222 = CIRCLE ( 'NONE', #1434, 0.7999999999999994893 ) ;
#223 = B_SPLINE_CURVE_WITH_KNOTS ( 'NONE', 3,
 ( #652, #2001, #2285, #109, #206, #1444, #2118, #728, #753, #2974, #2721, #332, #3202, #566, #1281, #2023 ),
 .UNSPECIFIED., .F., .F.,
 ( 4, 2, 2, 2, 2, 2, 2, 4 ),
 ( -9.550466347632207900E-06, 0.001049287807294076516, 0.001578706944114932533, 0.002108126080935788984, 0.002637545217756644567, 0.003166964354577500584, 0.003696383491398357469, 0.004225802628219213486 ),
 .UNSPECIFIED. ) ;
#224 = CIRCLE ( 'NONE', #2431, 0.4000000000000001887 ) ;
#225 = CARTESIAN_POINT ( 'NONE',  ( 4.982240268525896632, 1.981199999999999850, 0.5682036038541903311 ) ) ;
#226 = ORIENTED_EDGE ( 'NONE', *, *, #1777, .T. ) ;
#227 = DIRECTION ( 'NONE',  ( 0.000000000000000000, 1.000000000000000000, 8.881784197001256268E-16 ) ) ;
#228 = AXIS2_PLACEMENT_3D ( 'NONE', #1299, #3149, #2929 ) ;
#229 = CARTESIAN_POINT ( 'NONE',  ( -5.172124805497047006, 2.327807721739318048, -0.8925184591056147809 ) ) ;
#230 = TOROIDAL_SURFACE ( 'NONE', #3190, 15.59275362318840585, 0.4000000000000000222 ) ;
#231 = ORIENTED_EDGE ( 'NONE', *, *, #390, .F. ) ;
#232 = CARTESIAN_POINT ( 'NONE',  ( 9.201457204235500953, 24.04498802215531228, -3.754773215335119652 ) ) ;
#233 = CIRCLE ( 'NONE', #1619, 0.4000000000000001887 ) ;
#234 = STYLED_ITEM ( 'NONE', ( #432 ), #2024 ) ;
#235 = CARTESIAN_POINT ( 'NONE',  ( 8.302015732129412129, 2.348245666590818459, -0.7063187753764823551 ) ) ;
#236 = EDGE_CURVE ( 'NONE', #3087, #2875, #1138, .T. ) ;
#237 = ORIENTED_EDGE ( 'NONE', *, *, #518, .T. ) ;
#238 = CARTESIAN_POINT ( 'NONE',  ( 5.878466293025800482, 2.312984190274983032, 0.8626784025017301127 ) ) ;
#239 = ADVANCED_FACE ( 'NONE', ( #1078 ), #1767, .F. ) ;
#240 = CARTESIAN_POINT ( 'NONE',  ( -5.409072748541803755, 2.325409212343219512, -0.9043534131256520947 ) ) ;
#241 = CYLINDRICAL_SURFACE ( 'NONE', #779, 0.7999999999999994893 ) ;
#242 = CARTESIAN_POINT ( 'NONE',  ( -5.148402797160240851, 2.025261608009837566, 0.6953963267774293522 ) ) ;
#243 = CYLINDRICAL_SURFACE ( 'NONE', #857, 0.3999999999999999667 ) ;
#244 = AXIS2_PLACEMENT_3D ( 'NONE', #3138, #3177, #1889 ) ;
#245 = ORIENTED_EDGE ( 'NONE', *, *, #1773, .T. ) ;
#246 = EDGE_CURVE ( 'NONE', #2423, #269, #3247, .T. ) ;
#247 = DIRECTION ( 'NONE',  ( 1.000000000000000000, 7.779029040254739985E-17, -0.000000000000000000 ) ) ;
#248 = ADVANCED_BREP_SHAPE_REPRESENTATION ( '20.322.69.111.11', ( #2153, #2024, #2324, #1794 ), #851 ) ;
#249 = CARTESIAN_POINT ( 'NONE',  ( 5.670658938511524916, 2.339079421570331441, 0.9273290876050650500 ) ) ;
#250 = VECTOR ( 'NONE', #2306, 1000.000000000000000 ) ;
#251 = CARTESIAN_POINT ( 'NONE',  ( 7.638888888888889284, 24.58119999999999905, -2.275000000000002576 ) ) ;
#252 = ORIENTED_EDGE ( 'NONE', *, *, #1499, .T. ) ;
#253 = EDGE_CURVE ( 'NONE', #311, #1978, #2307, .T. ) ;
#254 = CARTESIAN_POINT ( 'NONE',  ( -5.819864581624770494, 2.318406021322190647, 0.8800449122258191537 ) ) ;
#255 = CIRCLE ( 'NONE', #3461, 0.4000000000000001887 ) ;
#256 = DIRECTION ( 'NONE',  ( 0.000000000000000000, 0.000000000000000000, -1.000000000000000000 ) ) ;
#257 = VECTOR ( 'NONE', #1611, 1000.000000000000000 ) ;
#258 = ORIENTED_EDGE ( 'NONE', *, *, #58, .F. ) ;
#259 = SURFACE_SIDE_STYLE ('',( #1289 ) ) ;
#260 = CARTESIAN_POINT ( 'NONE',  ( 9.750000000000001776, 13.43120000000000047, -4.549999999999997158 ) ) ;
#261 = CARTESIAN_POINT ( 'NONE',  ( 9.749999999999998224, 4.591639322635749032, -1.276073152351552498 ) ) ;
#262 = B_SPLINE_CURVE_WITH_KNOTS ( 'NONE', 3,
 ( #590, #3030, #98, #3222, #73, #1371, #1419, #1656, #368, #1875, #609, #1694, #2796, #3011, #922, #2246 ),
 .UNSPECIFIED., .F., .F.,
 ( 4, 2, 2, 2, 2, 2, 2, 4 ),
 ( 0.000000000000000000, 0.0004914299989412875859, 0.0009828599978825751718, 0.001474289996823865143, 0.001965719995765155114, 0.002457149994706444435, 0.002948579993647735056, 0.003931439991530319769 ),
 .UNSPECIFIED. ) ;
#263 = CARTESIAN_POINT ( 'NONE',  ( 5.686572334203953361, 2.437565341598411983, 1.099145864898988689 ) ) ;
#264 = CARTESIAN_POINT ( 'NONE',  ( 10.02353659959242194, 3.988521027381817241, -0.8078606977350102358 ) ) ;
#265 = ORIENTED_EDGE ( 'NONE', *, *, #582, .T. ) ;
#266 = DIRECTION ( 'NONE',  ( 0.000000000000000000, 0.000000000000000000, -1.000000000000000000 ) ) ;
#267 =( NAMED_UNIT ( * ) SI_UNIT ( $, .STERADIAN. ) SOLID_ANGLE_UNIT ( ) );
#268 = CARTESIAN_POINT ( 'NONE',  ( -6.018249956979053295, 2.317791235117875104, -0.8736284158876493899 ) ) ;
#269 = VERTEX_POINT ( 'NONE', #2656 ) ;
#270 = CARTESIAN_POINT ( 'NONE',  ( -7.871234988766261154, 24.58119999999999905, 2.540681029420054138 ) ) ;
#271 = CARTESIAN_POINT ( 'NONE',  ( 5.927875194502956191, 2.327807721739338032, -0.8925184591056563033 ) ) ;
#272 = CARTESIAN_POINT ( 'NONE',  ( 5.550000000000000711, -23.41880000000000095, 0.000000000000000000 ) ) ;
#273 = FACE_OUTER_BOUND ( 'NONE', #2771, .T. ) ;
#274 = DIRECTION ( 'NONE',  ( 0.000000000000000000, 1.000000000000000000, 0.000000000000000000 ) ) ;
#275 = ORIENTED_EDGE ( 'NONE', *, *, #2743, .F. ) ;
#276 = AXIS2_PLACEMENT_3D ( 'NONE', #1271, #2302, #3398 ) ;
#277 = CARTESIAN_POINT ( 'NONE',  ( 0.000000000000000000, 0.000000000000000000, 0.000000000000000000 ) ) ;
#278 = AXIS2_PLACEMENT_3D ( 'NONE', #2156, #2927, #3189 ) ;
#279 = CARTESIAN_POINT ( 'NONE',  ( -5.814783178087381543, 2.424894214953637217, 1.098738318262620917 ) ) ;
#280 = CYLINDRICAL_SURFACE ( 'NONE', #1970, 15.19275362318840727 ) ;
#281 = ADVANCED_FACE ( 'NONE', ( #2312 ), #2354, .T. ) ;
#282 = ORIENTED_EDGE ( 'NONE', *, *, #1905, .T. ) ;
#283 = AXIS2_PLACEMENT_3D ( 'NONE', #1335, #1030, #2699 ) ;
#284 = EDGE_CURVE ( 'NONE', #1954, #923, #1624, .T. ) ;
#285 = CARTESIAN_POINT ( 'NONE',  ( -9.612725484972598267, 22.93287698340414593, -4.463789783440703651 ) ) ;
#286 = CARTESIAN_POINT ( 'NONE',  ( 9.682102135986347946, 4.193157016617270472, -1.220196800352365329 ) ) ;
#287 = UNCERTAINTY_MEASURE_WITH_UNIT (LENGTH_MEASURE( 1.000000000000000082E-05 ), #1256, 'distance_accuracy_value', 'NONE');
#288 = VECTOR ( 'NONE', #2174, 1000.000000000000000 ) ;
#289 = CARTESIAN_POINT ( 'NONE',  ( 7.968835121434667990, 2.281200008345241059, -1.094998557749343515 ) ) ;
#290 = ORIENTED_EDGE ( 'NONE', *, *, #786, .F. ) ;
#291 = B_SPLINE_CURVE_WITH_KNOTS ( 'NONE', 3,
 ( #2097, #2404, #341, #1798, #732, #32, #587, #821, #984, #1818, #286, #777, #261, #2725 ),
 .UNSPECIFIED., .F., .F.,
 ( 4, 2, 2, 2, 2, 2, 4 ),
 ( 0.000000000000000000, 0.0008228603073167123534, 0.001645720614633424707, 0.002057150768291783269, 0.002468580921950141397, 0.002880011075608501260, 0.003291441229266861123 ),
 .UNSPECIFIED. ) ;
#292 = DIRECTION ( 'NONE',  ( 0.3435229040935939837, 0.000000000000000000, 0.9391442990100633548 ) ) ;
#293 = FACE_OUTER_BOUND ( 'NONE', #1021, .T. ) ;
#294 = EDGE_CURVE ( 'NONE', #3309, #1076, #1127, .T. ) ;
#295 = CIRCLE ( 'NONE', #3046, 0.4999999999999987232 ) ;
#296 = VERTEX_POINT ( 'NONE', #700 ) ;
#297 = CARTESIAN_POINT ( 'NONE',  ( -9.736754868084572578, 22.30620000000000047, 4.549999999999999822 ) ) ;
#298 = CARTESIAN_POINT ( 'NONE',  ( 9.612725484972598267, 22.93287698340414593, 4.463789783440703651 ) ) ;
#299 = CARTESIAN_POINT ( 'NONE',  ( -9.532385144731215121, 23.73236461626231986, 4.060376407213549754 ) ) ;
#300 = CARTESIAN_POINT ( 'NONE',  ( 5.597504217879833099, 2.091908538425281350, 0.7999791083531391234 ) ) ;
#301 = PRESENTATION_STYLE_ASSIGNMENT (( #2972 ) ) ;
#302 = SURFACE_STYLE_FILL_AREA ( #1208 ) ;
#303 = EDGE_CURVE ( 'NONE', #2731, #3173, #2299, .T. ) ;
#304 = CARTESIAN_POINT ( 'NONE',  ( -9.750000000000001776, 22.07008888888888976, -4.149999999999999467 ) ) ;
#305 = ORIENTED_EDGE ( 'NONE', *, *, #579, .F. ) ;
#306 = DIRECTION ( 'NONE',  ( 0.000000000000000000, 0.000000000000000000, -1.000000000000000000 ) ) ;
#307 = ORIENTED_EDGE ( 'NONE', *, *, #1952, .F. ) ;
#308 = CARTESIAN_POINT ( 'NONE',  ( -8.190087214786474945, 24.53578666339702608, -2.711724988491519550 ) ) ;
#309 = CYLINDRICAL_SURFACE ( 'NONE', #103, 2.274999999999995914 ) ;
#310 = CARTESIAN_POINT ( 'NONE',  ( -9.640604864396243201, 3.267278734978757093, -0.7480818787668003234 ) ) ;
#311 = VERTEX_POINT ( 'NONE', #992 ) ;
#312 = DIRECTION ( 'NONE',  ( 1.000000000000000000, 7.779029040254739985E-17, -0.000000000000000000 ) ) ;
#313 = ORIENTED_EDGE ( 'NONE', *, *, #58, .T. ) ;
#314 = CARTESIAN_POINT ( 'NONE',  ( -7.968421005999735129, 2.297528871546789642, 0.7054665353813177608 ) ) ;
#315 = DIRECTION ( 'NONE',  ( 1.000000000000000000, -0.000000000000000000, -0.000000000000000000 ) ) ;
#316 = CARTESIAN_POINT ( 'NONE',  ( 9.736602513613238585, 4.460938683556236128, -1.256600896048027050 ) ) ;
#317 = EDGE_LOOP ( 'NONE', ( #990, #1129, #2604, #1998 ) ) ;
#318 = ORIENTED_EDGE ( 'NONE', *, *, #604, .T. ) ;
#319 = CARTESIAN_POINT ( 'NONE',  ( -10.14999999999999858, 4.727893724117328667, 1.298306235062714142 ) ) ;
#320 = FACE_OUTER_BOUND ( 'NONE', #2014, .T. ) ;
#321 = CARTESIAN_POINT ( 'NONE',  ( 9.750000000000001776, 13.43119999999999514, 3.469446951953614189E-15 ) ) ;
#322 = ORIENTED_EDGE ( 'NONE', *, *, #2203, .T. ) ;
#323 = CARTESIAN_POINT ( 'NONE',  ( -7.638888888888889284, 24.58120000000000260, 2.275000000000002576 ) ) ;
#324 = VERTEX_POINT ( 'NONE', #2389 ) ;
#325 = CARTESIAN_POINT ( 'NONE',  ( -10.13397107529864094, 4.465563836086343663, -0.8606182902802784751 ) ) ;
#326 = PRESENTATION_LAYER_ASSIGNMENT (  '', '', ( #1012 ) ) ;
#327 = CARTESIAN_POINT ( 'NONE',  ( 5.824818323274879361, 2.062763513043849084, 0.7513154392080491073 ) ) ;
#328 =( BOUNDED_SURFACE ( )  B_SPLINE_SURFACE ( 3, 2, ( 
 ( #2076, #1585, #1820 ),
 ( #2049, #210, #2864 ),
 ( #3334, #500, #714 ),
 ( #693, #1558, #959 ),
 ( #1103, #1461, #342 ),
 ( #1872, #1653, #2434 ) ),
 .UNSPECIFIED., .F., .F., .F. ) 
 B_SPLINE_SURFACE_WITH_KNOTS ( ( 4, 2, 4 ),
 ( 3, 3 ),
 ( 0.000000000000000000, 0.0002893117355212530026, 0.0005786234710425060051 ),
 ( 0.000000000000000000, 1.000000000000000000 ),
 .UNSPECIFIED. ) 
 GEOMETRIC_REPRESENTATION_ITEM ( )  RATIONAL_B_SPLINE_SURFACE ( (
 ( 1.000000000000000000, 0.7071067811865476838, 1.000000000000000000),
 ( 1.000000000000000000, 0.7316440224684785942, 1.000000000000000000),
 ( 1.000000000000000000, 0.7586247513646643403, 1.000000000000000000),
 ( 1.000000000000000000, 0.8085646020047497773, 1.000000000000000000),
 ( 1.000000000000000000, 0.8314738065334250638, 1.000000000000000000),
 ( 1.000000000000000000, 0.8485159526775609695, 1.000000000000000000) ) ) 
 REPRESENTATION_ITEM ( '' )  SURFACE ( )  );
#329 = ORIENTED_EDGE ( 'NONE', *, *, #1982, .T. ) ;
#330 = CARTESIAN_POINT ( 'NONE',  ( -5.482346304845756357, 2.440354384377058761, 1.099248592855427420 ) ) ;
#331 = VERTEX_POINT ( 'NONE', #943 ) ;
#332 = CARTESIAN_POINT ( 'NONE',  ( 9.540670381803703748, 23.14437876590831067, 4.396141797306719390 ) ) ;
#333 = COLOUR_RGB ( '',0.7960784313725489669, 0.8235294117647058432, 0.9372549019607843146 ) ;
#334 = DIRECTION ( 'NONE',  ( 1.000000000000000000, -0.000000000000000000, -0.000000000000000000 ) ) ;
#335 = AXIS2_PLACEMENT_3D ( 'NONE', #2310, #3428, #2897 ) ;
#336 = VERTEX_POINT ( 'NONE', #2623 ) ;
#337 = EDGE_CURVE ( 'NONE', #361, #2318, #3456, .T. ) ;
#338 = UNCERTAINTY_MEASURE_WITH_UNIT (LENGTH_MEASURE( 1.000000000000000082E-05 ), #1515, 'distance_accuracy_value', 'NONE');
#339 = CARTESIAN_POINT ( 'NONE',  ( 9.472951398900910647, 3.700297782416904102, 1.165999167489518484 ) ) ;
#340 = ORIENTED_EDGE ( 'NONE', *, *, #2986, .F. ) ;
#341 = CARTESIAN_POINT ( 'NONE',  ( 8.189299265371353442, 2.724317155689909509, -1.106125373260862244 ) ) ;
#342 = CARTESIAN_POINT ( 'NONE',  ( 5.082188777597745677, 2.317839862541507756, -0.8737201221084590630 ) ) ;
#343 = CARTESIAN_POINT ( 'NONE',  ( 9.640604864396243201, 3.267278734978757093, -0.7480818787668003234 ) ) ;
#344 = ORIENTED_EDGE ( 'NONE', *, *, #1147, .T. ) ;
#345 = EDGE_CURVE ( 'NONE', #3291, #2752, #29, .T. ) ;
#346 = ORIENTED_EDGE ( 'NONE', *, *, #1276, .T. ) ;
#347 = CARTESIAN_POINT ( 'NONE',  ( -9.472951398900910647, 3.700297782416904102, 1.165999167489518484 ) ) ;
#348 = VERTEX_POINT ( 'NONE', #893 ) ;
#349 = CARTESIAN_POINT ( 'NONE',  ( 9.750000000000000000, -7.584553314248371702E-16, 4.549999999999999822 ) ) ;
#350 = EDGE_CURVE ( 'NONE', #1930, #474, #52, .T. ) ;
#351 = CARTESIAN_POINT ( 'NONE',  ( -9.404302230379938621, 23.86269721381876607, 3.659217170442682132 ) ) ;
#352 = EDGE_LOOP ( 'NONE', ( #2795, #951, #367, #1366, #3216, #463 ) ) ;
#353 = CARTESIAN_POINT ( 'NONE',  ( -5.855246868267123261, 2.334400196634901725, 0.9049511753261449964 ) ) ;
#354 = CARTESIAN_POINT ( 'NONE',  ( 9.880213646478923195, 23.20573095977449185, -4.008257729274021131 ) ) ;
#355 = VERTEX_POINT ( 'NONE', #1557 ) ;
#356 = CARTESIAN_POINT ( 'NONE',  ( -5.244753131739800622, 2.334400196631975177, -0.9049511753193585362 ) ) ;
#357 = VERTEX_POINT ( 'NONE', #2122 ) ;
#358 = CARTESIAN_POINT ( 'NONE',  ( 5.550000000000000711, 0.000000000000000000, 0.000000000000000000 ) ) ;
#359 = DIRECTION ( 'NONE',  ( 0.000000000000000000, -0.1610434674845857284, -0.9869473144907692230 ) ) ;
#360 = DIRECTION ( 'NONE',  ( -0.000000000000000000, -1.000000000000000000, -0.000000000000000000 ) ) ;
#361 = VERTEX_POINT ( 'NONE', #2939 ) ;
#362 = ORIENTED_EDGE ( 'NONE', *, *, #1270, .T. ) ;
#363 = CARTESIAN_POINT ( 'NONE',  ( -9.323417765892795472, 23.93840083492897008, 3.597445245539692138 ) ) ;
#364 = FACE_OUTER_BOUND ( 'NONE', #997, .T. ) ;
#365 = DIRECTION ( 'NONE',  ( 0.000000000000000000, 0.1610434674845901415, -0.9869473144907683348 ) ) ;
#366 = DIRECTION ( 'NONE',  ( 0.000000000000000000, 0.000000000000000000, 1.000000000000000000 ) ) ;
#367 = ORIENTED_EDGE ( 'NONE', *, *, #1064, .T. ) ;
#368 = CARTESIAN_POINT ( 'NONE',  ( 9.533662215007703722, 3.136293393636118587, -0.7398875755356614237 ) ) ;
#369 = CARTESIAN_POINT ( 'NONE',  ( -5.927875194502957079, 2.670938823310716970, 1.104999796354467323 ) ) ;
#370 = ORIENTED_EDGE ( 'NONE', *, *, #543, .F. ) ;
#371 = DIRECTION ( 'NONE',  ( 0.000000000000000000, -1.000000000000000000, 0.000000000000000000 ) ) ;
#372 = CARTESIAN_POINT ( 'NONE',  ( -9.750000000000001776, 11.08742866581024344, 3.424797210497339428 ) ) ;
#373 = B_SPLINE_CURVE_WITH_KNOTS ( 'NONE', 3,
 ( #2338, #3134, #3152, #1331, #2951, #3429 ),
 .UNSPECIFIED., .F., .F.,
 ( 4, 2, 4 ),
 ( 0.000000000000000000, 0.0002140393464264850614, 0.0004280786928529701227 ),
 .UNSPECIFIED. ) ;
#374 = CARTESIAN_POINT ( 'NONE',  ( -5.890563729992015496, 2.045229744422152773, -0.7272668951556692241 ) ) ;
#375 = ORIENTED_EDGE ( 'NONE', *, *, #1369, .T. ) ;
#376 = CARTESIAN_POINT ( 'NONE',  ( 9.584640087873312453, 23.01743860375100326, 4.437662768770615607 ) ) ;
#377 = AXIS2_PLACEMENT_3D ( 'NONE', #3225, #2103, #76 ) ;
#378 = CARTESIAN_POINT ( 'NONE',  ( -10.07331347916696629, 22.71137216961503213, 4.131143177872942829 ) ) ;
#379 = CARTESIAN_POINT ( 'NONE',  ( 7.638888888888887507, 2.681199999999999584, 0.7051314326984391423 ) ) ;
#380 = EDGE_CURVE ( 'NONE', #2478, #1474, #2336, .T. ) ;
#381 = CIRCLE ( 'NONE', #414, 0.3000000000000000444 ) ;
#382 = CARTESIAN_POINT ( 'NONE',  ( 9.381274938972921973, 23.47615603316730670, -4.233077690774942781 ) ) ;
#383 = ORIENTED_EDGE ( 'NONE', *, *, #859, .F. ) ;
#384 = CARTESIAN_POINT ( 'NONE',  ( 8.289839278520654275, 2.361510125984731090, 0.7069871365458353374 ) ) ;
#385 = EDGE_CURVE ( 'NONE', #809, #361, #291, .T. ) ;
#386 = FACE_OUTER_BOUND ( 'NONE', #2756, .T. ) ;
#387 = ORIENTED_EDGE ( 'NONE', *, *, #1212, .T. ) ;
#388 = DIRECTION ( 'NONE',  ( 0.000000000000000000, 0.000000000000000000, 1.000000000000000000 ) ) ;
#389 = CIRCLE ( 'NONE', #602, 2.511111111111111516 ) ;
#390 = EDGE_CURVE ( 'NONE', #2797, #1056, #37, .T. ) ;
#391 = ORIENTED_EDGE ( 'NONE', *, *, #1072, .F. ) ;
#392 = CARTESIAN_POINT ( 'NONE',  ( -9.037088736630479957, 3.180907767714350243, 1.126363613116727169 ) ) ;
#393 = CARTESIAN_POINT ( 'NONE',  ( 7.911955447603944869, 24.58120000000000616, 2.491350898013450443 ) ) ;
#394 = EDGE_LOOP ( 'NONE', ( #858, #1940, #427, #1255 ) ) ;
#395 = DIRECTION ( 'NONE',  ( 0.3435229040935970923, 0.000000000000000000, -0.9391442990100623556 ) ) ;
#396 = CARTESIAN_POINT ( 'NONE',  ( -10.05891049491569866, 4.102174945732059541, -1.208419178349726897 ) ) ;
#397 =( BOUNDED_SURFACE ( )  B_SPLINE_SURFACE ( 3, 2, ( 
 ( #1960, #466, #3036 ),
 ( #2802, #1188, #418 ),
 ( #1755, #651, #1222 ),
 ( #3351, #2824, #2555 ),
 ( #1498, #1980, #686 ),
 ( #2184, #1741, #1519 ),
 ( #1776, #2283, #1550 ),
 ( #2878, #2212, #2528 ),
 ( #3276, #494, #3091 ),
 ( #3018, #133, #710 ) ),
 .UNSPECIFIED., .F., .F., .F. ) 
 B_SPLINE_SURFACE_WITH_KNOTS ( ( 4, 2, 2, 2, 4 ),
 ( 3, 3 ),
 ( 0.0007997497218717896554, 0.0009881659409920222001, 0.001176582160112254853, 0.001364998379232487506, 0.001553414598352719942 ),
 ( 0.2382437281051243971, 1.000000000000000000 ),
 .UNSPECIFIED. ) 
 GEOMETRIC_REPRESENTATION_ITEM ( )  RATIONAL_B_SPLINE_SURFACE ( (
 ( 0.8969604899094549832, 0.7837518936803257175, 1.000000000000000000),
 ( 0.9052632866424374924, 0.8011768995745394140, 1.000000000000000000),
 ( 0.9124573879290165390, 0.8162750961646395575, 1.000000000000000000),
 ( 0.9225389840633158034, 0.8374332525922681958, 1.000000000000000000),
 ( 0.9253556835180587470, 0.8433446347661990306, 1.000000000000000000),
 ( 0.9253652106849989956, 0.8433646293469926336, 1.000000000000000000),
 ( 0.9225534451369388211, 0.8374636019192747138, 1.000000000000000000),
 ( 0.9124717436617999500, 0.8163052244137599667, 1.000000000000000000),
 ( 0.9052731595483687332, 0.8011976197546881728, 1.000000000000000000),
 ( 0.8969604899094547612, 0.7837518936803253844, 1.000000000000000000) ) ) 
 REPRESENTATION_ITEM ( '' )  SURFACE ( )  );
#398 = DIRECTION ( 'NONE',  ( 1.000000000000000000, -0.000000000000000000, -0.000000000000000000 ) ) ;
#399 = CARTESIAN_POINT ( 'NONE',  ( -6.394268714699679279, 2.281199999999999672, 0.7051314326984390313 ) ) ;
#400 = ORIENTED_EDGE ( 'NONE', *, *, #639, .F. ) ;
#401 = CARTESIAN_POINT ( 'NONE',  ( 9.636249603812684583, 3.261461932296640498, 0.7476917536861443780 ) ) ;
#402 = CARTESIAN_POINT ( 'NONE',  ( -9.749999999999998224, 4.727893724117276264, -1.298306235062703706 ) ) ;
#403 = CIRCLE ( 'NONE', #971, 0.3000000000000007661 ) ;
#404 = DIRECTION ( 'NONE',  ( -1.000000000000000000, 0.000000000000000000, 0.000000000000000000 ) ) ;
#405 = ORIENTED_EDGE ( 'NONE', *, *, #2142, .T. ) ;
#406 = CARTESIAN_POINT ( 'NONE',  ( 5.489319459550060287, 2.339543645872846689, -0.9306297968498794537 ) ) ;
#407 = CIRCLE ( 'NONE', #2276, 0.3999999999999998557 ) ;
#408 = AXIS2_PLACEMENT_3D ( 'NONE', #2117, #2069, #2399 ) ;
#409 = ORIENTED_EDGE ( 'NONE', *, *, #900, .F. ) ;
#410 = CARTESIAN_POINT ( 'NONE',  ( 5.824818323274878473, 2.062763513043840646, 0.7513154392080498845 ) ) ;
#411 = CARTESIAN_POINT ( 'NONE',  ( 10.14999999999999858, 2.281199999999999672, 4.549999999999999822 ) ) ;
#412 = B_SPLINE_CURVE_WITH_KNOTS ( 'NONE', 3,
 ( #1746, #2451, #2809, #53, #2786, #622 ),
 .UNSPECIFIED., .F., .F.,
 ( 4, 2, 4 ),
 ( 0.000000000000000000, 0.0002130748471120889171, 0.0004261496942241778342 ),
 .UNSPECIFIED. ) ;
#413 = PRESENTATION_STYLE_ASSIGNMENT (( #1484 ) ) ;
#414 = AXIS2_PLACEMENT_3D ( 'NONE', #1473, #2880, #3094 ) ;
#415 = CARTESIAN_POINT ( 'NONE',  ( -6.118600147580901982, 1.981200075297262497, -0.5671973559500509410 ) ) ;
#416 = ORIENTED_EDGE ( 'NONE', *, *, #1024, .F. ) ;
#417 = EDGE_CURVE ( 'NONE', #925, #2071, #2291, .T. ) ;
#418 = CARTESIAN_POINT ( 'NONE',  ( 5.864878394926070548, 2.670938753401169929, -1.104999794560493687 ) ) ;
#419 = CARTESIAN_POINT ( 'NONE',  ( -5.751979292569834534, 2.248882553509010673, 0.7759370843172758159 ) ) ;
#420 = ORIENTED_EDGE ( 'NONE', *, *, #1164, .F. ) ;
#421 = CARTESIAN_POINT ( 'NONE',  ( 8.748714012261233464, 2.533832989546382031, 1.098020530111374349 ) ) ;
#422 = VERTEX_POINT ( 'NONE', #1338 ) ;
#423 = AXIS2_PLACEMENT_3D ( 'NONE', #1812, #2662, #2039 ) ;
#424 = EDGE_CURVE ( 'NONE', #2501, #324, #2890, .T. ) ;
#425 = DIRECTION ( 'NONE',  ( 0.7675170133633436587, 0.000000000000000000, 0.6410285751803993515 ) ) ;
#426 = ORIENTED_EDGE ( 'NONE', *, *, #2068, .T. ) ;
#427 = ORIENTED_EDGE ( 'NONE', *, *, #2650, .T. ) ;
#428 = DIRECTION ( 'NONE',  ( 1.000000000000000000, 0.000000000000000000, 0.000000000000000000 ) ) ;
#429 = EDGE_CURVE ( 'NONE', #2318, #2368, #62, .T. ) ;
#430 = ORIENTED_EDGE ( 'NONE', *, *, #2691, .T. ) ;
#431 = CARTESIAN_POINT ( 'NONE',  ( 5.275181676720215762, 2.062763513042531915, -0.7513154392062540987 ) ) ;
#432 = PRESENTATION_STYLE_ASSIGNMENT (( #458 ) ) ;
#433 = CARTESIAN_POINT ( 'NONE',  ( -9.750000000000000000, 2.281200000000000561, 16.29275362318840337 ) ) ;
#434 = ORIENTED_EDGE ( 'NONE', *, *, #2503, .F. ) ;
#435 =( LENGTH_UNIT ( ) NAMED_UNIT ( * ) SI_UNIT ( .MILLI., .METRE. ) );
#436 = CARTESIAN_POINT ( 'NONE',  ( 5.781018087162079766, 2.074444484748074746, 0.7673368156092206238 ) ) ;
#437 = ORIENTED_EDGE ( 'NONE', *, *, #2196, .F. ) ;
#438 = DIRECTION ( 'NONE',  ( 1.000000000000000000, 0.000000000000000000, 0.000000000000000000 ) ) ;
#439 = EDGE_LOOP ( 'NONE', ( #3160, #400, #2766, #3187 ) ) ;
#440 = CARTESIAN_POINT ( 'NONE',  ( 7.862420500946055490, 24.58120000000000260, 2.530601913656308266 ) ) ;
#441 = DIRECTION ( 'NONE',  ( -0.000000000000000000, -1.000000000000000000, -0.000000000000000000 ) ) ;
#442 = DIRECTION ( 'NONE',  ( -0.000000000000000000, 0.000000000000000000, 1.000000000000000000 ) ) ;
#443 = DIRECTION ( 'NONE',  ( -0.000000000000000000, 1.000000000000000000, -0.000000000000000000 ) ) ;
#444 = ORIENTED_EDGE ( 'NONE', *, *, #429, .F. ) ;
#445 = B_SPLINE_CURVE_WITH_KNOTS ( 'NONE', 3,
 ( #1352, #1922, #325, #2417, #2739, #1665, #1881, #3212, #2131, #2988, #46, #2805, #3255, #3019, #596, #1090 ),
 .UNSPECIFIED., .F., .F.,
 ( 4, 2, 2, 2, 2, 2, 2, 4 ),
 ( 0.000000000000000000, 0.0004914299989412875859, 0.0009828599978825751718, 0.001474289996823865143, 0.001965719995765155114, 0.002457149994706444435, 0.002948579993647735056, 0.003931439991530319769 ),
 .UNSPECIFIED. ) ;
#446 = CARTESIAN_POINT ( 'NONE',  ( 7.638888888888889284, 24.58120000000000260, -2.275000000000002576 ) ) ;
#447 = VERTEX_POINT ( 'NONE', #1675 ) ;
#448 = DIRECTION ( 'NONE',  ( 0.9937259901453237010, -0.1118421052631602269, 0.000000000000000000 ) ) ;
#449 = ORIENTED_EDGE ( 'NONE', *, *, #246, .T. ) ;
#450 = ORIENTED_EDGE ( 'NONE', *, *, #2698, .T. ) ;
#451 = CARTESIAN_POINT ( 'NONE',  ( -5.424128549346916017, 2.662053441366221573, -1.104774119928259690 ) ) ;
#452 = CARTESIAN_POINT ( 'NONE',  ( -4.705731285300323030, 2.281199999999999672, -0.7051314326984390313 ) ) ;
#453 = ADVANCED_FACE ( 'NONE', ( #2320 ), #18, .F. ) ;
#454 = ORIENTED_EDGE ( 'NONE', *, *, #1845, .F. ) ;
#455 = CARTESIAN_POINT ( 'NONE',  ( 5.736758651483442328, 2.086247940168398429, -0.7835261593489368792 ) ) ;
#456 = DIRECTION ( 'NONE',  ( -1.000000000000000000, 0.000000000000000000, 0.000000000000000000 ) ) ;
#457 = ORIENTED_EDGE ( 'NONE', *, *, #1738, .F. ) ;
#458 = SURFACE_STYLE_USAGE ( .BOTH. , #1214 ) ;
#459 = CARTESIAN_POINT ( 'NONE',  ( -5.454880139278504458, 2.091893456023113718, -0.7999493388470632071 ) ) ;
#460 = MECHANICAL_DESIGN_GEOMETRIC_PRESENTATION_REPRESENTATION (  '', ( #895 ), #2229 ) ;
#461 = DIRECTION ( 'NONE',  ( 0.000000000000000000, 0.000000000000000000, -1.000000000000000000 ) ) ;
#462 = AXIS2_PLACEMENT_3D ( 'NONE', #3129, #2592, #221 ) ;
#463 = ORIENTED_EDGE ( 'NONE', *, *, #2189, .T. ) ;
#464 = VERTEX_POINT ( 'NONE', #1463 ) ;
#465 =( BOUNDED_SURFACE ( )  B_SPLINE_SURFACE ( 3, 2, ( 
 ( #1407, #1685, #2970 ),
 ( #3462, #2717, #2950 ),
 ( #1356, #1644, #2113 ),
 ( #2420, #23, #3337 ),
 ( #2709, #940, #719 ),
 ( #2031, #2906, #1562 ),
 ( #451, #2891, #240 ),
 ( #3124, #3395, #3166 ),
 ( #3451, #535, #2327 ),
 ( #2652, #521, #191 ) ),
 .UNSPECIFIED., .F., .F., .F. ) 
 B_SPLINE_SURFACE_WITH_KNOTS ( ( 4, 2, 2, 2, 4 ),
 ( 3, 3 ),
 ( 0.0007997497218717896554, 0.0009881659409920222001, 0.001176582160112254853, 0.001364998379232487506, 0.001553414598352719942 ),
 ( 0.000000000000000000, 0.7617562719072563659 ),
 .UNSPECIFIED. ) 
 GEOMETRIC_REPRESENTATION_ITEM ( )  RATIONAL_B_SPLINE_SURFACE ( (
 ( 1.000000000000000000, 0.7837518936768085309, 0.8969604899131335962),
 ( 1.000000000000000000, 0.8011768995713055563, 0.9052632866458196759),
 ( 1.000000000000000000, 0.8162750961616515033, 0.9124573879321420389),
 ( 1.000000000000000000, 0.8374332525896239776, 0.9225389840660813690),
 ( 1.000000000000000000, 0.8433446347636454066, 0.9253556835207210618),
 ( 1.000000000000000000, 0.8433646293444500008, 0.9253652106876661954),
 ( 1.000000000000000000, 0.8374636019166307177, 0.9225534451397037206),
 ( 1.000000000000000000, 0.8163052244107721345, 0.9124717436649247837),
 ( 1.000000000000000000, 0.8011976197514546483, 0.9052731595517505836),
 ( 1.000000000000000000, 0.7837518936768079758, 0.8969604899131333742) ) ) 
 REPRESENTATION_ITEM ( '' )  SURFACE ( )  );
#466 = CARTESIAN_POINT ( 'NONE',  ( 5.927875194502955303, 2.399672224439333590, -1.098038719275325592 ) ) ;
#467 = DIRECTION ( 'NONE',  ( 0.000000000000000000, 0.000000000000000000, 1.000000000000000000 ) ) ;
#468 = CARTESIAN_POINT ( 'NONE',  ( -9.883115775330333364, 3.653952238311656497, -1.160510725641603846 ) ) ;
#469 = CARTESIAN_POINT ( 'NONE',  ( -5.147212617208438701, 2.024891622530928803, -0.6947017973153942760 ) ) ;
#470 = CARTESIAN_POINT ( 'NONE',  ( -7.869323106522553957, 24.58120000000000616, -2.538494847500467166 ) ) ;
#471 = VERTEX_POINT ( 'NONE', #96 ) ;
#472 = EDGE_CURVE ( 'NONE', #59, #499, #1196, .T. ) ;
#473 = CARTESIAN_POINT ( 'NONE',  ( 9.302010813839874714, 2.903765269000624372, 0.7270577223266679878 ) ) ;
#474 = VERTEX_POINT ( 'NONE', #3159 ) ;
#475 = CARTESIAN_POINT ( 'NONE',  ( -5.650795800238396005, 2.250199233537839127, -0.8000476130381398709 ) ) ;
#476 = CARTESIAN_POINT ( 'NONE',  ( 5.644265778338215966, 2.091944679237081495, -0.8000504331976959760 ) ) ;
#477 = EDGE_LOOP ( 'NONE', ( #1450, #1502, #2801, #966 ) ) ;
#478 = CARTESIAN_POINT ( 'NONE',  ( 5.856305867380356744, 2.246827277526832312, -0.7397978347192711857 ) ) ;
#479 = ORIENTED_EDGE ( 'NONE', *, *, #3380, .F. ) ;
#480 = CARTESIAN_POINT ( 'NONE',  ( -7.968715506549314043, 2.297558099922906383, 0.7054671042314912821 ) ) ;
#481 = CARTESIAN_POINT ( 'NONE',  ( 8.190087214786474945, 24.53578666339702608, -2.711724988491519550 ) ) ;
#482 = DIRECTION ( 'NONE',  ( -0.000000000000000000, -0.000000000000000000, 1.000000000000000000 ) ) ;
#483 = CARTESIAN_POINT ( 'NONE',  ( -9.059144356119393393, 23.92108469228354295, 3.884049619426515942 ) ) ;
#484 = DIRECTION ( 'NONE',  ( 0.000000000000000000, 0.000000000000000000, 1.000000000000000000 ) ) ;
#485 = ORIENTED_EDGE ( 'NONE', *, *, #1362, .F. ) ;
#486 = CARTESIAN_POINT ( 'NONE',  ( 6.164013610690676437, 2.281199999999999672, 0.5128228601443191037 ) ) ;
#487 = CARTESIAN_POINT ( 'NONE',  ( 5.275181676720215762, 2.062763513042531915, -0.7513154392062540987 ) ) ;
#488 = B_SPLINE_CURVE_WITH_KNOTS ( 'NONE', 3,
 ( #2544, #3313, #481, #1537, #3262, #679, #1148, #1125, #697, #918, #1209, #2013, #1433, #1459, #145, #2300 ),
 .UNSPECIFIED., .F., .F.,
 ( 4, 2, 2, 2, 2, 2, 2, 4 ),
 ( -1.003130532245687478E-05, 0.001043436900505493757, 0.001570171003419469115, 0.002096905106333444690, 0.002623639209247419831, 0.003150373312161395406, 0.003677107415075370981, 0.004203841517989345689 ),
 .UNSPECIFIED. ) ;
#489 = ADVANCED_FACE ( 'NONE', ( #1102 ), #74, .T. ) ;
#490 = DIRECTION ( 'NONE',  ( -7.779029040254739985E-17, -1.000000000000000000, 0.000000000000000000 ) ) ;
#491 = CARTESIAN_POINT ( 'NONE',  ( -9.749999999999998224, 4.727893724117276264, -1.298306235062703706 ) ) ;
#492 = CARTESIAN_POINT ( 'NONE',  ( 5.550000000000001599, 12.29059999999999775, 0.000000000000000000 ) ) ;
#493 = ORIENTED_EDGE ( 'NONE', *, *, #3015, .F. ) ;
#494 = CARTESIAN_POINT ( 'NONE',  ( 5.224517748915439519, 2.414536808794224942, -1.098420166917367435 ) ) ;
#495 = CARTESIAN_POINT ( 'NONE',  ( -5.275181676720215762, 2.062763513042532360, -0.7513154392062539877 ) ) ;
#496 = CARTESIAN_POINT ( 'NONE',  ( -9.303403078623695421, 2.904988834274414344, -0.7271181664880583817 ) ) ;
#497 = DIRECTION ( 'NONE',  ( -0.6410285751803983523, -1.109524817744166109E-15, 0.7675170133633447689 ) ) ;
#498 = CARTESIAN_POINT ( 'NONE',  ( 7.638888888888889284, 24.58120000000000260, -2.275000000000002576 ) ) ;
#499 = VERTEX_POINT ( 'NONE', #260 ) ;
#500 = CARTESIAN_POINT ( 'NONE',  ( 5.004501050109589677, 2.248250974171363659, -0.5901811343601472970 ) ) ;
#501 = CARTESIAN_POINT ( 'NONE',  ( 6.323973283980556914, 2.281199999999999228, -0.7532264039257993149 ) ) ;
#502 = AXIS2_PLACEMENT_3D ( 'NONE', #1756, #1136, #3070 ) ;
#503 = VERTEX_POINT ( 'NONE', #1711 ) ;
#504 = DIRECTION ( 'NONE',  ( 0.000000000000000000, 0.000000000000000000, 1.000000000000000000 ) ) ;
#505 = DIRECTION ( 'NONE',  ( 0.000000000000000000, 0.000000000000000000, -1.000000000000000000 ) ) ;
#506 = CARTESIAN_POINT ( 'NONE',  ( -9.599392359093945615, 22.98574583953298145, 4.452795375660052457 ) ) ;
#507 = CARTESIAN_POINT ( 'NONE',  ( -8.522863400736742534, 24.36237496520767110, -3.283259594044584340 ) ) ;
#508 = VERTEX_POINT ( 'NONE', #2817 ) ;
#509 = AXIS2_PLACEMENT_3D ( 'NONE', #2133, #833, #49 ) ;
#510 = EDGE_CURVE ( 'NONE', #1588, #1056, #2342, .T. ) ;
#511 = EDGE_LOOP ( 'NONE', ( #2038, #131, #3096, #790 ) ) ;
#512 = CARTESIAN_POINT ( 'NONE',  ( -5.224517748915452842, 2.414536808794196077, 1.098420166917355223 ) ) ;
#513 = EDGE_CURVE ( 'NONE', #1591, #81, #3465, .T. ) ;
#514 = ADVANCED_FACE ( 'NONE', ( #10 ), #603, .T. ) ;
#515 = CARTESIAN_POINT ( 'NONE',  ( 7.778695156339455075, 2.670938828503384155, 1.104999796487720509 ) ) ;
#516 = CARTESIAN_POINT ( 'NONE',  ( -5.455474821524953555, 2.089850767481606031, -0.7957556933837531821 ) ) ;
#517 = CARTESIAN_POINT ( 'NONE',  ( 7.638888888888888395, 2.670938823310716081, -1.104999796354467767 ) ) ;
#518 = EDGE_CURVE ( 'NONE', #3314, #927, #2858, .T. ) ;
#519 = CARTESIAN_POINT ( 'NONE',  ( 5.814783178087613358, 2.424894214948780213, 1.098738318262492353 ) ) ;
#520 = CARTESIAN_POINT ( 'NONE',  ( 5.148402797160221311, 2.025261608009845116, 0.6953963267774156964 ) ) ;
#521 = CARTESIAN_POINT ( 'NONE',  ( -5.172124805497047895, 2.399672224433710088, -1.098038719275183039 ) ) ;
#522 = CARTESIAN_POINT ( 'NONE',  ( 5.028662465917415503, 1.981199999999999850, -0.6237858784597736239 ) ) ;
#523 = CARTESIAN_POINT ( 'NONE',  ( -7.883595934810390560, 24.58119999998454830, -2.508130229487841145 ) ) ;
#524 = PLANE ( 'NONE',  #2483 ) ;
#525 = CARTESIAN_POINT ( 'NONE',  ( 5.275181676720215762, 2.062763513042532360, 0.7513154392062539877 ) ) ;
#526 = CARTESIAN_POINT ( 'NONE',  ( -7.638888888888887507, 2.670938823310716081, -1.104999796354468655 ) ) ;
#527 = CARTESIAN_POINT ( 'NONE',  ( -5.172124805497046118, 2.305862852704677390, 0.8434138461146442056 ) ) ;
#528 = ADVANCED_FACE ( 'NONE', ( #3448 ), #2348, .T. ) ;
#529 = CARTESIAN_POINT ( 'NONE',  ( -4.705731285300323030, 2.281199999999999672, 0.7051314326984390313 ) ) ;
#530 = CARTESIAN_POINT ( 'NONE',  ( -9.750000000000001776, 13.43120000000000047, 4.150000000000000355 ) ) ;
#531 = DIRECTION ( 'NONE',  ( -0.000000000000000000, 1.000000000000000000, -0.000000000000000000 ) ) ;
#532 = ADVANCED_FACE ( 'NONE', ( #1145 ), #25, .T. ) ;
#533 = EDGE_CURVE ( 'NONE', #2423, #2456, #43, .T. ) ;
#534 = DIRECTION ( 'NONE',  ( -0.000000000000000000, -0.000000000000000000, 1.000000000000000000 ) ) ;
#535 = CARTESIAN_POINT ( 'NONE',  ( -5.224517748915249449, 2.414536808789014000, -1.098420166917264851 ) ) ;
#536 = AXIS2_PLACEMENT_3D ( 'NONE', #39, #2179, #1158 ) ;
#537 = CARTESIAN_POINT ( 'NONE',  ( -6.102196157422307365, 2.306378077289982009, -0.8485820119577943688 ) ) ;
#538 = CARTESIAN_POINT ( 'NONE',  ( -9.720341846117623419, 22.48314161824510293, 4.549999999999998934 ) ) ;
#539 = EDGE_CURVE ( 'NONE', #1554, #3131, #1185, .T. ) ;
#540 = CARTESIAN_POINT ( 'NONE',  ( 5.008913514763720265, 2.307829943643636916, 0.8521449111890871952 ) ) ;
#541 = CARTESIAN_POINT ( 'NONE',  ( 5.172124805488784283, 2.327807721738591962, 0.8925184591042402138 ) ) ;
#542 = CARTESIAN_POINT ( 'NONE',  ( -5.172124805496852495, 2.062763513043804231, -1.033058728910997370 ) ) ;
#543 = EDGE_CURVE ( 'NONE', #3410, #809, #2364, .T. ) ;
#544 = CARTESIAN_POINT ( 'NONE',  ( -10.14999999999999858, 13.43119999999999514, 3.469446951953614189E-15 ) ) ;
#545 = CARTESIAN_POINT ( 'NONE',  ( -5.613162528596811640, 2.659753072185613298, 1.104716876246554902 ) ) ;
#546 = CARTESIAN_POINT ( 'NONE',  ( -8.585841394529415638, 24.39998405578848661, -3.023568201111115794 ) ) ;
#547 = ORIENTED_EDGE ( 'NONE', *, *, #865, .T. ) ;
#548 = CARTESIAN_POINT ( 'NONE',  ( -9.489639523107937791, 23.25500170697740643, -4.344350238964120869 ) ) ;
#549 = CARTESIAN_POINT ( 'NONE',  ( -7.805044968523469961, 2.281199999999999228, 0.7051314326984384762 ) ) ;
#550 = CARTESIAN_POINT ( 'NONE',  ( 5.824818323274879361, 2.062763513043849084, 0.7513154392080491073 ) ) ;
#551 = CARTESIAN_POINT ( 'NONE',  ( 5.285339607714251819, 2.424914268965146835, 1.098738930503451394 ) ) ;
#552 = CARTESIAN_POINT ( 'NONE',  ( 6.010510958255033565, 2.318648979584938541, -0.8752460319906161246 ) ) ;
#553 = CARTESIAN_POINT ( 'NONE',  ( -10.15000000000000036, 22.07008888888888976, 4.549999999999999822 ) ) ;
#554 = CARTESIAN_POINT ( 'NONE',  ( -9.538140837970205510, 3.819899491468165653, 1.177608635726801634 ) ) ;
#555 = VERTEX_POINT ( 'NONE', #1768 ) ;
#556 = ADVANCED_FACE ( 'NONE', ( #1139 ), #1279, .T. ) ;
#557 = CARTESIAN_POINT ( 'NONE',  ( -8.758049914790436929, 24.19656177256311125, 3.548308993367212505 ) ) ;
#558 = CARTESIAN_POINT ( 'NONE',  ( 9.827968017814560753, 23.30938813411342636, 4.323837029356977446 ) ) ;
#559 = CARTESIAN_POINT ( 'NONE',  ( -9.613050319269083488, 23.62983743263616176, 3.816217807808178542 ) ) ;
#560 = ORIENTED_EDGE ( 'NONE', *, *, #1109, .F. ) ;
#561 = CARTESIAN_POINT ( 'NONE',  ( 9.750000000000000000, 2.281199999999999672, -4.149999999999999467 ) ) ;
#562 = CARTESIAN_POINT ( 'NONE',  ( 5.550000000000001599, 0.2999999999999999334, 0.000000000000000000 ) ) ;
#563 = AXIS2_PLACEMENT_3D ( 'NONE', #1913, #1079, #2146 ) ;
#564 = DIRECTION ( 'NONE',  ( -1.000000000000000000, -2.428945146063513348E-17, 0.000000000000000000 ) ) ;
#565 = ORIENTED_EDGE ( 'NONE', *, *, #2231, .F. ) ;
#566 = CARTESIAN_POINT ( 'NONE',  ( 9.689250874876313091, 22.65424241744756273, 4.529648913230204244 ) ) ;
#567 = CARTESIAN_POINT ( 'NONE',  ( -9.750000000000000000, 4.792311111111110300, -0.9035273092663966832 ) ) ;
#568 = B_SPLINE_CURVE_WITH_KNOTS ( 'NONE', 3,
 ( #526, #1278, #750, #2718, #3403, #1956, #2088, #881, #2279, #3089, #2633, #1854, #1465, #491 ),
 .UNSPECIFIED., .F., .F.,
 ( 4, 2, 2, 2, 2, 2, 4 ),
 ( 0.000000000000000000, 0.0008228603073167123534, 0.001645720614633424707, 0.002057150768291783269, 0.002468580921950141397, 0.002880011075608501260, 0.003291441229266861123 ),
 .UNSPECIFIED. ) ;
#569 = SURFACE_STYLE_USAGE ( .BOTH. , #259 ) ;
#570 =( GEOMETRIC_REPRESENTATION_CONTEXT ( 3 ) GLOBAL_UNCERTAINTY_ASSIGNED_CONTEXT ( ( #338 ) ) GLOBAL_UNIT_ASSIGNED_CONTEXT ( ( #1515, #2626, #1733 ) ) REPRESENTATION_CONTEXT ( 'NONE', 'WORKASPACE' ) );
#571 = AXIS2_PLACEMENT_3D ( 'NONE', #3454, #785, #1825 ) ;
#572 = EDGE_LOOP ( 'NONE', ( #1610, #437 ) ) ;
#573 = CARTESIAN_POINT ( 'NONE',  ( -8.449554532323977796, 2.409945264041571278, 0.7081943591099844060 ) ) ;
#574 = DIRECTION ( 'NONE',  ( -0.000000000000000000, -1.000000000000000000, -0.000000000000000000 ) ) ;
#575 = CARTESIAN_POINT ( 'NONE',  ( 9.749999999999998224, 4.727893724117276264, -1.298306235062704372 ) ) ;
#576 = CARTESIAN_POINT ( 'NONE',  ( 4.840792444565511943, 2.288054723679042279, 0.7857932832870476725 ) ) ;
#577 = AXIS2_PLACEMENT_3D ( 'NONE', #372, #631, #846 ) ;
#578 = CARTESIAN_POINT ( 'NONE',  ( -4.964620263690277646, 2.261363094637179216, 0.5471069201078532229 ) ) ;
#579 = EDGE_CURVE ( 'NONE', #2676, #2, #2256, .T. ) ;
#580 = CARTESIAN_POINT ( 'NONE',  ( 6.394268714699679279, 2.281199999999999672, -0.7051314326984390313 ) ) ;
#581 = DIRECTION ( 'NONE',  ( 0.000000000000000000, 1.000000000000000000, 8.881784197001256268E-16 ) ) ;
#582 = EDGE_CURVE ( 'NONE', #1719, #2661, #3430, .T. ) ;
#583 = CARTESIAN_POINT ( 'NONE',  ( -6.091807680770608968, 2.307735514244593222, 0.8519176631546597767 ) ) ;
#584 = CARTESIAN_POINT ( 'NONE',  ( -5.878466293025714329, 2.312984190277918461, 0.8626784025085481034 ) ) ;
#585 = DIRECTION ( 'NONE',  ( 1.084202172485505223E-15, 0.000000000000000000, 1.000000000000000000 ) ) ;
#586 = CARTESIAN_POINT ( 'NONE',  ( 9.749999994578150364, 4.460257529129387777, 1.254635149248494619 ) ) ;
#587 = CARTESIAN_POINT ( 'NONE',  ( 9.313625213724426644, 3.468279384731385306, -1.146028892578603742 ) ) ;
#588 = CARTESIAN_POINT ( 'NONE',  ( 5.455474821521600681, 2.089850767481422622, -0.7957556933833799251 ) ) ;
#589 = CARTESIAN_POINT ( 'NONE',  ( 9.166861158093215778, 2.792866914465866657, -1.105316754114897160 ) ) ;
#590 = CARTESIAN_POINT ( 'NONE',  ( 10.14999999999999858, 4.792311111111110300, -0.9035273092663966832 ) ) ;
#591 = CARTESIAN_POINT ( 'NONE',  ( -9.519767108464199268, 3.120683394378267916, 1.120718403791602036 ) ) ;
#592 = CARTESIAN_POINT ( 'NONE',  ( 7.638888888888889284, 22.07008888888888976, -4.149999999999999467 ) ) ;
#593 = DIRECTION ( 'NONE',  ( 0.000000000000000000, 1.000000000000000000, 0.000000000000000000 ) ) ;
#594 = DIRECTION ( 'NONE',  ( 0.000000000000000000, 0.1610434674845901415, -0.9869473144907683348 ) ) ;
#595 = CARTESIAN_POINT ( 'NONE',  ( -8.088227986904527711, 24.53788731159992054, 2.788823549259495493 ) ) ;
#596 = CARTESIAN_POINT ( 'NONE',  ( -7.971206019551179800, 2.281199999999999228, -0.7051314326984371439 ) ) ;
#597 = AXIS2_PLACEMENT_3D ( 'NONE', #3109, #3375, #111 ) ;
#598 = CARTESIAN_POINT ( 'NONE',  ( 9.711411239673525486, 23.49788622125737803, -3.888800298421601020 ) ) ;
#599 = CARTESIAN_POINT ( 'NONE',  ( 10.08426841728425494, 4.134763407653475831, 0.8213569472984875164 ) ) ;
#600 = CARTESIAN_POINT ( 'NONE',  ( -10.11447286622439279, 22.52661616835441905, -4.149999999999999467 ) ) ;
#601 = ADVANCED_FACE ( 'NONE', ( #2267 ), #2309, .T. ) ;
#602 = AXIS2_PLACEMENT_3D ( 'NONE', #2969, #3194, #1069 ) ;
#603 =( BOUNDED_SURFACE ( )  B_SPLINE_SURFACE ( 3, 2, ( 
 ( #3268, #1693, #1916 ),
 ( #824, #126, #2376 ),
 ( #2938, #2075, #878 ),
 ( #646, #3415, #285 ),
 ( #2704, #2490, #2224 ),
 ( #2148, #1418, #2671 ),
 ( #3441, #1105, #548 ),
 ( #3140, #1006, #1607 ),
 ( #2462, #2769, #2996 ),
 ( #3221, #70, #608 ),
 ( #842, #965, #701 ),
 ( #1179, #944, #1491 ),
 ( #1243, #2063, #507 ),
 ( #1808, #901, #1213 ),
 ( #3106, #523, #2332 ),
 ( #1750, #3400, #2273 ) ),
 .UNSPECIFIED., .F., .F., .F. ) 
 B_SPLINE_SURFACE_WITH_KNOTS ( ( 4, 2, 2, 2, 2, 2, 2, 4 ),
 ( 3, 3 ),
 ( 0.000000000000000000, 0.0004593414644910305371, 0.0006890121967365458056, 0.0009186829289820610742, 0.001378024393473091611, 0.001837365857964122148, 0.002756048786946183222, 0.003674731715928244297 ),
 ( 0.000000000000000000, 1.000000000000000000 ),
 .UNSPECIFIED. ) 
 GEOMETRIC_REPRESENTATION_ITEM ( )  RATIONAL_B_SPLINE_SURFACE ( (
 ( 1.000000000000000000, 0.7071067811865475727, 1.000000000000000000),
 ( 1.000000000000000000, 0.7103693998282166744, 1.000000000000000000),
 ( 1.000000000000000000, 0.7199084770831647440, 1.000000000000000000),
 ( 1.000000000000000000, 0.7406137372316665690, 1.000000000000000000),
 ( 1.000000000000000000, 0.7486020725046316215, 1.000000000000000000),
 ( 1.000000000000000000, 0.7656271550149489347, 1.000000000000000000),
 ( 1.000000000000000000, 0.7747163475981632130, 1.000000000000000000),
 ( 1.000000000000000000, 0.8029274175567661098, 1.000000000000000000),
 ( 1.000000000000000000, 0.8229454434391438866, 1.000000000000000000),
 ( 1.000000000000000000, 0.8608682229884780934, 1.000000000000000000),
 ( 1.000000000000000000, 0.8790499206519175601, 1.000000000000000000),
 ( 1.000000000000000000, 0.9292719838564484913, 1.000000000000000000),
 ( 1.000000000000000000, 0.9554857398612365271, 1.000000000000000000),
 ( 1.000000000000000000, 0.9908781234527285209, 1.000000000000000000),
 ( 1.000000000000000000, 1.000077693877291729, 1.000000000000000000),
 ( 1.000000000000000000, 1.000000000000000000, 1.000000000000000000) ) ) 
 REPRESENTATION_ITEM ( '' )  SURFACE ( )  );
#604 = EDGE_CURVE ( 'NONE', #2501, #2478, #2314, .T. ) ;
#605 = CARTESIAN_POINT ( 'NONE',  ( 4.776210385732185593, 2.281199999999969474, -0.7533520677059390991 ) ) ;
#606 = CARTESIAN_POINT ( 'NONE',  ( -7.638888888888889284, 24.58119999999999905, 2.275000000000002576 ) ) ;
#607 = DIRECTION ( 'NONE',  ( 0.000000000000000000, 0.000000000000000000, -1.000000000000000000 ) ) ;
#608 = CARTESIAN_POINT ( 'NONE',  ( -9.123085948973567838, 23.84828476838664812, -3.954516829090515717 ) ) ;
#609 = CARTESIAN_POINT ( 'NONE',  ( 9.175873516988055201, 2.799648931861192569, -0.7222264701313948487 ) ) ;
#610 = EDGE_CURVE ( 'NONE', #81, #69, #2351, .T. ) ;
#611 = DIRECTION ( 'NONE',  ( 0.000000000000000000, 0.000000000000000000, -1.000000000000000000 ) ) ;
#612 = EDGE_LOOP ( 'NONE', ( #2770, #2564, #313 ) ) ;
#613 = CARTESIAN_POINT ( 'NONE',  ( 5.927875194502955303, 2.681199999999999140, 0.7051314326984381431 ) ) ;
#614 = CARTESIAN_POINT ( 'NONE',  ( -5.737834002332977690, 2.085961457882913983, 0.7831328144208562492 ) ) ;
#615 = CARTESIAN_POINT ( 'NONE',  ( 9.782101906324939478, 23.38731751388279534, 4.283879356805615934 ) ) ;
#616 = ADVANCED_FACE ( 'NONE', ( #167 ), #2422, .T. ) ;
#617 = EDGE_CURVE ( 'NONE', #555, #1828, #2264, .T. ) ;
#618 = CARTESIAN_POINT ( 'NONE',  ( -8.732649090494987831, 24.23152298004593774, 3.520693689872818055 ) ) ;
#619 = DIRECTION ( 'NONE',  ( 1.000000000000000000, 0.000000000000000000, 0.000000000000000000 ) ) ;
#620 = DIRECTION ( 'NONE',  ( 0.000000000000000000, 0.000000000000000000, -1.000000000000000000 ) ) ;
#621 = CARTESIAN_POINT ( 'NONE',  ( -9.599388464065127025, 22.98575806872346305, -4.452791805643429690 ) ) ;
#622 = CARTESIAN_POINT ( 'NONE',  ( 6.164013610690676437, 1.981200000000000738, -0.5128228601443192147 ) ) ;
#623 = CARTESIAN_POINT ( 'NONE',  ( -8.965695706340918392, 24.20683766524835079, -3.320998427342670478 ) ) ;
#624 = DIRECTION ( 'NONE',  ( -1.000000000000000000, 7.779029040254739985E-17, 0.000000000000000000 ) ) ;
#625 =( NAMED_UNIT ( * ) SI_UNIT ( $, .STERADIAN. ) SOLID_ANGLE_UNIT ( ) );
#626 = ORIENTED_EDGE ( 'NONE', *, *, #3, .F. ) ;
#627 = CARTESIAN_POINT ( 'NONE',  ( 0.000000000000000000, 0.000000000000000000, -4.549999999999999822 ) ) ;
#628 = B_SPLINE_CURVE_WITH_KNOTS ( 'NONE', 3,
 ( #1785, #522, #740, #431 ),
 .UNSPECIFIED., .F., .F.,
 ( 4, 4 ),
 ( 0.000000000000000000, 0.0004248441931095392780 ),
 .UNSPECIFIED. ) ;
#629 = CARTESIAN_POINT ( 'NONE',  ( -9.433669981478457700, 23.83328309057124272, 3.681520010406276633 ) ) ;
#630 = CARTESIAN_POINT ( 'NONE',  ( -9.319000072127549217, 3.475071278154880705, 1.146559043352071816 ) ) ;
#631 = DIRECTION ( 'NONE',  ( -0.000000000000000000, -0.8252523398788763620, -0.5647641769131959144 ) ) ;
#632 = CARTESIAN_POINT ( 'NONE',  ( -5.550000000000001599, 0.000000000000000000, 0.000000000000000000 ) ) ;
#633 = AXIS2_PLACEMENT_3D ( 'NONE', #2829, #159, #2286 ) ;
#634 = CARTESIAN_POINT ( 'NONE',  ( 6.394268714699679279, 1.981199999999999850, -0.7051314326984390313 ) ) ;
#635 = EDGE_CURVE ( 'NONE', #59, #2776, #130, .T. ) ;
#636 = DIRECTION ( 'NONE',  ( 0.000000000000000000, 0.000000000000000000, -1.000000000000000000 ) ) ;
#637 = DIRECTION ( 'NONE',  ( 1.141809785771245689E-16, 1.000000000000000000, 0.000000000000000000 ) ) ;
#638 = DIRECTION ( 'NONE',  ( -0.1118421052631602547, -0.9937259901453239230, -0.000000000000000000 ) ) ;
#639 = EDGE_CURVE ( 'NONE', #357, #474, #2052, .T. ) ;
#640 = CARTESIAN_POINT ( 'NONE',  ( 6.164013610690676437, 1.981199999999999850, 0.5128228601443193257 ) ) ;
#641 = DIRECTION ( 'NONE',  ( 0.000000000000000000, 0.000000000000000000, 1.000000000000000000 ) ) ;
#642 = DIRECTION ( 'NONE',  ( 0.000000000000000000, 0.000000000000000000, 1.000000000000000000 ) ) ;
#643 = DIRECTION ( 'NONE',  ( -0.000000000000000000, 1.000000000000000000, -0.000000000000000000 ) ) ;
#644 = CARTESIAN_POINT ( 'NONE',  ( 5.670007806085474833, 2.339551877427868742, -0.9306786171899630311 ) ) ;
#645 = EDGE_CURVE ( 'NONE', #1554, #2, #748, .T. ) ;
#646 = CARTESIAN_POINT ( 'NONE',  ( -9.986715576408716544, 22.96529050729744981, -4.078947624738306743 ) ) ;
#647 = FILL_AREA_STYLE ('',( #196 ) ) ;
#648 = CARTESIAN_POINT ( 'NONE',  ( 5.856305867380340757, 2.246827277526828315, 0.7397978347192774029 ) ) ;
#649 = DIRECTION ( 'NONE',  ( -1.000000000000000000, 7.779029040254739985E-17, 0.000000000000000000 ) ) ;
#650 = CARTESIAN_POINT ( 'NONE',  ( -9.750000000000007105, 4.455391743313823483, 1.253841182834815271 ) ) ;
#651 = CARTESIAN_POINT ( 'NONE',  ( 5.814783178087381543, 2.424894214953620342, -1.098738318262603375 ) ) ;
#652 = CARTESIAN_POINT ( 'NONE',  ( 7.638888888888889284, 24.58119999999999905, 2.275000000000002576 ) ) ;
#653 = CARTESIAN_POINT ( 'NONE',  ( -5.363241348502556072, 2.086247940203031170, 0.7835261593444682315 ) ) ;
#654 = B_SPLINE_CURVE_WITH_KNOTS ( 'NONE', 3,
 ( #3269, #1975, #3320, #459, #127, #3223 ),
 .UNSPECIFIED., .F., .F.,
 ( 4, 2, 4 ),
 ( 0.000000000000000000, 0.0002852764565498541803, 0.0005705529130997083606 ),
 .UNSPECIFIED. ) ;
#655 = DIRECTION ( 'NONE',  ( -1.000000000000000000, 0.000000000000000000, 0.000000000000000000 ) ) ;
#656 = CARTESIAN_POINT ( 'NONE',  ( 8.449554532323977796, 2.409945264041571278, 0.7081943591099844060 ) ) ;
#657 = B_SPLINE_CURVE_WITH_KNOTS ( 'NONE', 3,
 ( #1409, #117, #1453, #384, #656, #1950, #3061, #2479, #2194, #1966, #401, #875, #3022, #599, #1886, #854 ),
 .UNSPECIFIED., .F., .F.,
 ( 4, 2, 2, 2, 2, 2, 2, 4 ),
 ( 0.000000000000000000, 0.0004914000459731981399, 0.0009828000919463962797, 0.001474200137919594311, 0.001965600183892792559, 0.002457000229865990808, 0.002948400275839188622, 0.003931200367785586854 ),
 .UNSPECIFIED. ) ;
#658 = CARTESIAN_POINT ( 'NONE',  ( -5.550000000000000711, 0.000000000000000000, -0.4999999999999995559 ) ) ;
#659 = CARTESIAN_POINT ( 'NONE',  ( -10.14999999999999858, 2.281200000000000561, -16.29275362318840337 ) ) ;
#660 = DIRECTION ( 'NONE',  ( 1.000000000000000000, 7.779029040254739985E-17, -0.000000000000000000 ) ) ;
#661 = AXIS2_PLACEMENT_3D ( 'NONE', #1780, #2007, #2292 ) ;
#662 = ORIENTED_EDGE ( 'NONE', *, *, #198, .T. ) ;
#663 = CARTESIAN_POINT ( 'NONE',  ( 6.017811222392000836, 2.317839862542803164, 0.8737201221109164306 ) ) ;
#664 = CARTESIAN_POINT ( 'NONE',  ( 5.802553393619013455, 2.248068824416017630, 0.7614799414252901855 ) ) ;
#665 = CARTESIAN_POINT ( 'NONE',  ( 9.323417765892795472, 23.93840083492897008, 3.597445245539692138 ) ) ;
#666 = AXIS2_PLACEMENT_3D ( 'NONE', #2627, #3086, #2839 ) ;
#667 = ORIENTED_EDGE ( 'NONE', *, *, #3047, .T. ) ;
#668 = DIRECTION ( 'NONE',  ( 0.000000000000000000, 0.000000000000000000, -1.000000000000000000 ) ) ;
#669 = AXIS2_PLACEMENT_3D ( 'NONE', #1462, #2568, #1417 ) ;
#670 = CARTESIAN_POINT ( 'NONE',  ( 7.638888888888889284, 24.58120000000000260, 2.275000000000002576 ) ) ;
#671 = CARTESIAN_POINT ( 'NONE',  ( -4.964938529542706647, 2.261142615022660340, -0.5474879853330092416 ) ) ;
#672 = TOROIDAL_SURFACE ( 'NONE', #2050, 15.59275362318840585, 0.4000000000000000222 ) ;
#673 = CARTESIAN_POINT ( 'NONE',  ( 7.804524215001297449, 2.281200006289632487, 1.094998557742382861 ) ) ;
#674 = AXIS2_PLACEMENT_3D ( 'NONE', #707, #948, #1620 ) ;
#675 = EDGE_CURVE ( 'NONE', #324, #355, #2367, .T. ) ;
#676 = CARTESIAN_POINT ( 'NONE',  ( 7.638888888888887507, 2.670938823310716081, -1.104999796354468655 ) ) ;
#677 = DIRECTION ( 'NONE',  ( 0.7675170133633437697, 0.000000000000000000, 0.6410285751803991294 ) ) ;
#678 = ADVANCED_FACE ( 'NONE', ( #1274 ), #1308, .T. ) ;
#679 = CARTESIAN_POINT ( 'NONE',  ( 8.965695706340918392, 24.20683766524835079, -3.320998427342670478 ) ) ;
#680 = EDGE_CURVE ( 'NONE', #2797, #503, #1261, .T. ) ;
#681 = CARTESIAN_POINT ( 'NONE',  ( 9.026780335995431059, 3.172118281301308684, 1.125848540855391544 ) ) ;
#682 = CARTESIAN_POINT ( 'NONE',  ( 5.676153424726285479, 2.659756502014508861, 1.104716961732263636 ) ) ;
#683 = DIRECTION ( 'NONE',  ( -1.000000000000000000, 0.000000000000000000, 0.000000000000000000 ) ) ;
#684 = ORIENTED_EDGE ( 'NONE', *, *, #2068, .F. ) ;
#685 = CARTESIAN_POINT ( 'NONE',  ( -6.095498949889482709, 2.248250974171080774, 0.5901811343611672589 ) ) ;
#686 = CARTESIAN_POINT ( 'NONE',  ( 5.613162528596811640, 2.659753072185760736, -1.104716876246558677 ) ) ;
#687 = CARTESIAN_POINT ( 'NONE',  ( -9.534809292103464173, 3.137597030326381820, -0.7399656893516906031 ) ) ;
#688 = CARTESIAN_POINT ( 'NONE',  ( -6.164013610690676437, 1.981199999999999850, -0.5128228601443193257 ) ) ;
#689 = ORIENTED_EDGE ( 'NONE', *, *, #1738, .T. ) ;
#690 = FACE_OUTER_BOUND ( 'NONE', #2510, .T. ) ;
#691 = CARTESIAN_POINT ( 'NONE',  ( 8.522863400736742534, 24.36237496520767110, -3.283259594044584340 ) ) ;
#692 = CARTESIAN_POINT ( 'NONE',  ( -5.643949013828661876, 2.091940180815185624, -0.8000415494659484095 ) ) ;
#693 = CARTESIAN_POINT ( 'NONE',  ( 5.147212617205574325, 2.024891622530074375, -0.6947017973136486724 ) ) ;
#694 = ORIENTED_EDGE ( 'NONE', *, *, #1270, .F. ) ;
#695 = CIRCLE ( 'NONE', #666, 0.4000000000000001887 ) ;
#696 = CARTESIAN_POINT ( 'NONE',  ( -8.186629332581036422, 2.736841653652672068, 1.106811339724248056 ) ) ;
#697 = CARTESIAN_POINT ( 'NONE',  ( 9.433690309967397880, 23.83326218192358326, -3.681535414816535567 ) ) ;
#698 = AXIS2_PLACEMENT_3D ( 'NONE', #272, #2019, #2896 ) ;
#699 = AXIS2_PLACEMENT_3D ( 'NONE', #2832, #1687, #3284 ) ;
#700 = CARTESIAN_POINT ( 'NONE',  ( -6.394268714699679279, 2.281199999999999672, -0.7051314326984390313 ) ) ;
#701 = CARTESIAN_POINT ( 'NONE',  ( -9.029380646748702333, 23.95305718411625051, -3.851145774268730282 ) ) ;
#702 = ADVANCED_FACE ( 'NONE', ( #2436 ), #1199, .T. ) ;
#703 = ORIENTED_EDGE ( 'NONE', *, *, #1949, .F. ) ;
#704 = CARTESIAN_POINT ( 'NONE',  ( 6.118191484141818570, 1.981200082736742640, 0.5676866572922685261 ) ) ;
#705 = DIRECTION ( 'NONE',  ( 1.000000000000000000, -7.779029040254739985E-17, -0.000000000000000000 ) ) ;
#706 = PRESENTATION_LAYER_ASSIGNMENT (  '', '', ( #1761 ) ) ;
#707 = CARTESIAN_POINT ( 'NONE',  ( -7.638888888888887507, 4.792311111111110300, 4.549999999999999822 ) ) ;
#708 = AXIS2_PLACEMENT_3D ( 'NONE', #2958, #1367, #5 ) ;
#709 = CARTESIAN_POINT ( 'NONE',  ( -6.094701182334279821, 2.248074860981713829, -0.5909448458743902233 ) ) ;
#710 = CARTESIAN_POINT ( 'NONE',  ( 5.172124805497047006, 2.670938823310713417, -1.104999796354469099 ) ) ;
#711 = DIRECTION ( 'NONE',  ( 0.7675170133633443248, 0.000000000000000000, 0.6410285751803984633 ) ) ;
#712 = PRESENTATION_LAYER_ASSIGNMENT (  '', '', ( #2195 ) ) ;
#713 = EDGE_CURVE ( 'NONE', #2667, #324, #142, .T. ) ;
#714 = CARTESIAN_POINT ( 'NONE',  ( 4.839467653919782286, 2.287920951287230498, -0.7851527002735172456 ) ) ;
#715 = ADVANCED_FACE ( 'NONE', ( #65 ), #3437, .T. ) ;
#716 = CARTESIAN_POINT ( 'NONE',  ( 5.275181676720215762, 2.062763513042531915, -0.7513154392062540987 ) ) ;
#717 = DIRECTION ( 'NONE',  ( 0.000000000000000000, 1.000000000000000000, 8.881784197001256268E-16 ) ) ;
#718 = EDGE_CURVE ( 'NONE', #1184, #3184, #92, .T. ) ;
#719 = CARTESIAN_POINT ( 'NONE',  ( -5.620615545431868476, 2.327089816974254877, -0.9112494961907590119 ) ) ;
#720 = CARTESIAN_POINT ( 'NONE',  ( -5.171919066699963707, 2.241886438111269086, 0.7103574412584184872 ) ) ;
#721 = CARTESIAN_POINT ( 'NONE',  ( 5.751883163817382183, 2.249239181110480601, -0.7819187866582332225 ) ) ;
#722 = CARTESIAN_POINT ( 'NONE',  ( -10.15000000000000036, 2.670938823310716970, 1.104999796354467323 ) ) ;
#723 = CIRCLE ( 'NONE', #1146, 0.4999999999999995559 ) ;
#724 = CARTESIAN_POINT ( 'NONE',  ( -10.13424526414270233, 22.35093684210526632, 4.149999999999999467 ) ) ;
#725 = CARTESIAN_POINT ( 'NONE',  ( 10.15000000000000036, 22.07008888888888976, -4.149999999999999467 ) ) ;
#726 = CARTESIAN_POINT ( 'NONE',  ( 8.546516943971015579, 24.33700528740911295, -3.309704726508479133 ) ) ;
#727 =( NAMED_UNIT ( * ) SI_UNIT ( $, .STERADIAN. ) SOLID_ANGLE_UNIT ( ) );
#728 = CARTESIAN_POINT ( 'NONE',  ( 9.059144356119393393, 23.92108469228354295, 3.884049619426515942 ) ) ;
#729 = TOROIDAL_SURFACE ( 'NONE', #2946, 1.099999999999999423, 0.2999999999999999889 ) ;
#730 = CARTESIAN_POINT ( 'NONE',  ( 7.883595934810390560, 24.58119999998454830, -2.508130229487841145 ) ) ;
#731 = ADVANCED_FACE ( 'NONE', ( #2428 ), #397, .T. ) ;
#732 = CARTESIAN_POINT ( 'NONE',  ( 8.930155484868192772, 3.078555042000344688, -1.119753014576159389 ) ) ;
#733 = CARTESIAN_POINT ( 'NONE',  ( -5.502495782117867051, 2.091908538425210740, -0.7999791083529741442 ) ) ;
#734 = CARTESIAN_POINT ( 'NONE',  ( 5.424128549346916017, 2.662053441366435180, 1.104774119928265019 ) ) ;
#735 = CARTESIAN_POINT ( 'NONE',  ( 9.822001332166957255, 3.540667929186763097, -0.7679656015832162508 ) ) ;
#736 = CARTESIAN_POINT ( 'NONE',  ( 5.819864581624909050, 2.318406021319086463, 0.8800449122194544671 ) ) ;
#737 = AXIS2_PLACEMENT_3D ( 'NONE', #807, #2712, #1900 ) ;
#738 = ORIENTED_EDGE ( 'NONE', *, *, #2747, .T. ) ;
#739 = B_SPLINE_CURVE_WITH_KNOTS ( 'NONE', 3,
 ( #193, #3064, #1806, #2546, #2869, #148, #3316, #681, #1766, #1211, #1512, #3371, #1295, #2836, #963, #3082 ),
 .UNSPECIFIED., .F., .F.,
 ( 4, 2, 2, 2, 2, 2, 2, 4 ),
 ( 0.000000000000000000, 0.0008227619224609275007, 0.001234142883691392335, 0.001645523844921857170, 0.002056904806152322004, 0.002468285767382786839, 0.002879666728613251674, 0.003291047689843716508 ),
 .UNSPECIFIED. ) ;
#740 = CARTESIAN_POINT ( 'NONE',  ( 5.144238188376239584, 2.027842049188056883, -0.7034185532469880986 ) ) ;
#741 = CARTESIAN_POINT ( 'NONE',  ( -9.403360903125591364, 23.43604181707961587, 4.256222762911675339 ) ) ;
#742 = CARTESIAN_POINT ( 'NONE',  ( 5.424171778305920455, 2.659742544237520878, 1.104716613845971196 ) ) ;
#743 = EDGE_LOOP ( 'NONE', ( #2470, #1387, #2154, #177, #3323, #1467 ) ) ;
#744 = FACE_OUTER_BOUND ( 'NONE', #572, .T. ) ;
#745 = MECHANICAL_DESIGN_GEOMETRIC_PRESENTATION_REPRESENTATION (  '', ( #864 ), #1901 ) ;
#746 = CARTESIAN_POINT ( 'NONE',  ( 5.651657705764101536, 2.249939722295175137, 0.7951538561523300297 ) ) ;
#747 = EDGE_CURVE ( 'NONE', #1580, #2551, #2345, .T. ) ;
#748 = B_SPLINE_CURVE_WITH_KNOTS ( 'NONE', 3,
 ( #271, #2987, #787, #3209, #2736, #1349 ),
 .UNSPECIFIED., .F., .F.,
 ( 4, 2, 4 ),
 ( 0.000000000000000000, 0.0003779572896958980754, 0.0007559145793917961507 ),
 .UNSPECIFIED. ) ;
#749 = CARTESIAN_POINT ( 'NONE',  ( 5.035083978206246869, 1.993414052962396044, 0.6161965172775240029 ) ) ;
#750 = CARTESIAN_POINT ( 'NONE',  ( -8.189299265371353442, 2.724317155689909509, -1.106125373260862244 ) ) ;
#751 = CARTESIAN_POINT ( 'NONE',  ( 9.540664741837703744, 23.14439324362212247, -4.396136286846163976 ) ) ;
#752 = EDGE_CURVE ( 'NONE', #1591, #1346, #3450, .T. ) ;
#753 = CARTESIAN_POINT ( 'NONE',  ( 9.151743193156802292, 23.81338245745384441, 3.985920871326512405 ) ) ;
#754 = ADVANCED_FACE ( 'NONE', ( #2357 ), #1052, .T. ) ;
#755 = CARTESIAN_POINT ( 'NONE',  ( 9.290591292735792095, 2.893946079227311508, 1.109227022199161139 ) ) ;
#756 = CARTESIAN_POINT ( 'NONE',  ( -5.050000000000003375, 0.3000000000000003775, 6.123233995736753710E-17 ) ) ;
#757 = CARTESIAN_POINT ( 'NONE',  ( -7.638888888888887507, 2.681199999999999584, -0.7051314326984382541 ) ) ;
#758 = SURFACE_STYLE_USAGE ( .BOTH. , #935 ) ;
#759 = UNCERTAINTY_MEASURE_WITH_UNIT (LENGTH_MEASURE( 1.000000000000000082E-05 ), #1969, 'distance_accuracy_value', 'NONE');
#760 = CARTESIAN_POINT ( 'NONE',  ( 8.196384907543079024, 2.725858699904937232, -1.106156681650352303 ) ) ;
#761 = EDGE_CURVE ( 'NONE', #499, #1852, #1182, .T. ) ;
#762 = DIRECTION ( 'NONE',  ( -1.000000000000000000, -1.657965800048629376E-14, 0.000000000000000000 ) ) ;
#763 = CARTESIAN_POINT ( 'NONE',  ( 5.824818323274879361, 2.062763513043841979, -0.7513154392080496624 ) ) ;
#764 = DIRECTION ( 'NONE',  ( -0.000000000000000000, 1.000000000000000000, -0.000000000000000000 ) ) ;
#765 = CARTESIAN_POINT ( 'NONE',  ( 10.11447249108478275, 22.52661950149964909, 4.149999999999999467 ) ) ;
#766 = CARTESIAN_POINT ( 'NONE',  ( -5.990229100414280694, 2.239123393100464821, -0.6723991424438735542 ) ) ;
#767 = CARTESIAN_POINT ( 'NONE',  ( -9.689250874876313091, 22.65424241744756273, 4.529648913230204244 ) ) ;
#768 = CARTESIAN_POINT ( 'NONE',  ( 9.880213646478923195, 23.20573095977449185, 4.008257729274021131 ) ) ;
#769 = FACE_OUTER_BOUND ( 'NONE', #511, .T. ) ;
#770 = CARTESIAN_POINT ( 'NONE',  ( 5.600968282256685526, 2.250195395304916079, 0.7999760585520951928 ) ) ;
#771 = ADVANCED_FACE ( 'NONE', ( #2468 ), #3123, .T. ) ;
#772 = PRODUCT_CONTEXT ( 'NONE', #1647, 'mechanical' ) ;
#773 = SURFACE_STYLE_FILL_AREA ( #181 ) ;
#774 = CARTESIAN_POINT ( 'NONE',  ( -5.221592865052264720, 2.312992770277498167, 0.8627014000942095917 ) ) ;
#775 = CARTESIAN_POINT ( 'NONE',  ( -7.968835121434667990, 2.281200008345241059, -1.094998557749464529 ) ) ;
#776 = DIRECTION ( 'NONE',  ( 0.000000000000000000, -0.000000000000000000, 1.000000000000000000 ) ) ;
#777 = CARTESIAN_POINT ( 'NONE',  ( 9.736240402777399439, 4.457461271042897799, -1.256083922381247220 ) ) ;
#778 = B_SPLINE_CURVE_WITH_KNOTS ( 'NONE', 3,
 ( #1381, #2161, #2473, #621, #850, #1117, #1426, #1701, #872, #184, #1963, #3305, #889, #1447, #470, #1743 ),
 .UNSPECIFIED., .F., .F.,
 ( 4, 2, 2, 2, 2, 2, 2, 4 ),
 ( 0.000000000000000000, 0.0005250627605025039299, 0.001050125521005007860, 0.001575188281507511681, 0.002100251042010015719, 0.002625313802512520625, 0.003150376563015025097, 0.004200502084020032306 ),
 .UNSPECIFIED. ) ;
#779 = AXIS2_PLACEMENT_3D ( 'NONE', #492, #3325, #2800 ) ;
#780 = CARTESIAN_POINT ( 'NONE',  ( 10.07121520454704289, 4.147411068607755880, -0.8242190704969042381 ) ) ;
#781 = AXIS2_PLACEMENT_3D ( 'NONE', #757, #3442, #2432 ) ;
#782 = DIRECTION ( 'NONE',  ( -1.000000000000000000, 0.000000000000000000, 0.000000000000000000 ) ) ;
#783 = CARTESIAN_POINT ( 'NONE',  ( 5.209436270004074387, 2.045229744420850260, 0.7272668951537503146 ) ) ;
#784 = CARTESIAN_POINT ( 'NONE',  ( -5.109770899582930959, 2.239123393100499904, 0.6723991424419747398 ) ) ;
#785 = DIRECTION ( 'NONE',  ( -0.000000000000000000, -1.000000000000000000, -0.000000000000000000 ) ) ;
#786 = EDGE_CURVE ( 'NONE', #2875, #3290, #2396, .T. ) ;
#787 = CARTESIAN_POINT ( 'NONE',  ( 5.676935681513685772, 2.339534903933765175, -0.9305779286851242338 ) ) ;
#788 = CARTESIAN_POINT ( 'NONE',  ( -7.638888888888887507, 2.670938823310716081, 1.104999796354469543 ) ) ;
#789 = CARTESIAN_POINT ( 'NONE',  ( -5.927875194502956191, 2.327807721739338032, -0.8925184591056563033 ) ) ;
#790 = ORIENTED_EDGE ( 'NONE', *, *, #3009, .F. ) ;
#791 = EDGE_CURVE ( 'NONE', #1852, #171, #3433, .T. ) ;
#792 = ORIENTED_EDGE ( 'NONE', *, *, #1851, .F. ) ;
#793 = FILL_AREA_STYLE_COLOUR ( '', #1428 ) ;
#794 = CARTESIAN_POINT ( 'NONE',  ( -5.691174714279542357, 2.325399835098525436, 0.9043183976932172019 ) ) ;
#795 = ADVANCED_FACE ( 'NONE', ( #1223 ), #112, .T. ) ;
#796 = CARTESIAN_POINT ( 'NONE',  ( 9.750000000000001776, 13.43119999999999514, 3.469446951953614189E-15 ) ) ;
#797 = VERTEX_POINT ( 'NONE', #2973 ) ;
#798 = CARTESIAN_POINT ( 'NONE',  ( 9.804854498390268347, 3.511159580668460567, 1.148098942207516071 ) ) ;
#799 = CARTESIAN_POINT ( 'NONE',  ( -8.754003691850234858, 2.536349056699319870, 0.7120227339476467021 ) ) ;
#800 = CARTESIAN_POINT ( 'NONE',  ( -9.733725655059085824, 23.46455806732049609, 3.905008642455283674 ) ) ;
#801 = CARTESIAN_POINT ( 'NONE',  ( 9.683764994262412884, 4.199629444270860823, -1.221032486243325055 ) ) ;
#802 = DIRECTION ( 'NONE',  ( 0.9239411971986144501, -0.1792050186209460938, -0.3379618697726972099 ) ) ;
#803 = DIRECTION ( 'NONE',  ( -1.000000000000000000, 7.779029040254739985E-17, 0.000000000000000000 ) ) ;
#804 = PRESENTATION_STYLE_ASSIGNMENT (( #887 ) ) ;
#805 = CARTESIAN_POINT ( 'NONE',  ( -8.928386814274247740, 3.093688497333817455, 1.121555340613508589 ) ) ;
#806 = B_SPLINE_CURVE_WITH_KNOTS ( 'NONE', 3,
 ( #789, #1646, #1120, #1050, #3235, #2135 ),
 .UNSPECIFIED., .F., .F.,
 ( 4, 2, 4 ),
 ( 0.000000000000000000, 0.0002534093866571261429, 0.0005068187733142522858 ),
 .UNSPECIFIED. ) ;
#807 = CARTESIAN_POINT ( 'NONE',  ( -5.550000000000001599, 2.281199999999999672, 0.000000000000000000 ) ) ;
#808 = CARTESIAN_POINT ( 'NONE',  ( 4.776026716019445395, 2.281199999999999672, 0.7532264039257987598 ) ) ;
#809 = VERTEX_POINT ( 'NONE', #676 ) ;
#810 = CARTESIAN_POINT ( 'NONE',  ( -5.927875194502933098, 2.327807721739338032, 0.8925184591056580796 ) ) ;
#811 = CARTESIAN_POINT ( 'NONE',  ( -9.750000000000001776, 22.07008888888888976, 4.549999999999999822 ) ) ;
#812 = CARTESIAN_POINT ( 'NONE',  ( -9.736754868084572578, 22.30620000000000047, -4.549999999999999822 ) ) ;
#813 = AXIS2_PLACEMENT_3D ( 'NONE', #1112, #41, #2925 ) ;
#814 =( LENGTH_UNIT ( ) NAMED_UNIT ( * ) SI_UNIT ( .MILLI., .METRE. ) );
#815 = AXIS2_PLACEMENT_3D ( 'NONE', #1469, #884, #2603 ) ;
#816 = CARTESIAN_POINT ( 'NONE',  ( -5.875544170373603770, 2.414519088393739299, 1.098419712233241530 ) ) ;
#817 = ORIENTED_EDGE ( 'NONE', *, *, #1400, .T. ) ;
#818 = CARTESIAN_POINT ( 'NONE',  ( 10.14999999999999680, 4.792311111111164479, 0.9035273092664050099 ) ) ;
#819 = AXIS2_PLACEMENT_3D ( 'NONE', #1678, #2438, #292 ) ;
#820 = AXIS2_PLACEMENT_3D ( 'NONE', #1541, #1786, #2017 ) ;
#821 = CARTESIAN_POINT ( 'NONE',  ( 9.468329222754707786, 3.692531565345484879, -1.165276280842779899 ) ) ;
#822 = DIRECTION ( 'NONE',  ( 1.084202172485505223E-15, 0.000000000000000000, 1.000000000000000000 ) ) ;
#823 = CARTESIAN_POINT ( 'NONE',  ( 8.931999899376585006, 3.096332391627659941, -1.121693895067340518 ) ) ;
#824 = CARTESIAN_POINT ( 'NONE',  ( -10.11351900496049794, 22.53509130146010264, -4.149999984668296449 ) ) ;
#825 = DIRECTION ( 'NONE',  ( -1.000000000000000000, 0.000000000000000000, 0.000000000000000000 ) ) ;
#826 = AXIS2_PLACEMENT_3D ( 'NONE', #562, #3020, #24 ) ;
#827 = CARTESIAN_POINT ( 'NONE',  ( -5.050000000000003375, 1.214472573031753593E-17, 7.960204194457791779E-17 ) ) ;
#828 = EDGE_CURVE ( 'NONE', #2572, #2875, #657, .T. ) ;
#829 = CARTESIAN_POINT ( 'NONE',  ( 10.13424526414270233, 22.35093684210526632, 4.149999999999999467 ) ) ;
#830 = CARTESIAN_POINT ( 'NONE',  ( -9.381274938972921973, 23.47615603316730670, 4.233077690774942781 ) ) ;
#831 = CARTESIAN_POINT ( 'NONE',  ( -5.802553393619028554, 2.248068824415977662, 0.7614799414252276799 ) ) ;
#832 = EDGE_CURVE ( 'NONE', #2661, #2059, #1157, .T. ) ;
#833 = DIRECTION ( 'NONE',  ( -0.000000000000000000, 1.000000000000000000, -0.000000000000000000 ) ) ;
#834 = CARTESIAN_POINT ( 'NONE',  ( 9.298582123740210648, 23.61075405386737813, -4.145010944520529428 ) ) ;
#835 = VERTEX_POINT ( 'NONE', #1095 ) ;
#836 = CARTESIAN_POINT ( 'NONE',  ( 8.437966537299091740, 24.39491210959249656, -3.186631087136768681 ) ) ;
#837 = DIRECTION ( 'NONE',  ( 0.000000000000000000, 1.000000000000000000, 0.000000000000000000 ) ) ;
#838 = CARTESIAN_POINT ( 'NONE',  ( 5.550000000000001599, 1.981200000000000738, 0.000000000000000000 ) ) ;
#839 = CARTESIAN_POINT ( 'NONE',  ( -5.550000000000000711, 0.000000000000000000, 0.000000000000000000 ) ) ;
#840 = CARTESIAN_POINT ( 'NONE',  ( -7.911955447603944869, 24.58120000000000616, 2.491350898013450443 ) ) ;
#841 = CARTESIAN_POINT ( 'NONE',  ( -5.172124805497047006, 2.670938823310716081, -1.104999796354468655 ) ) ;
#842 = CARTESIAN_POINT ( 'NONE',  ( -9.292842244139864150, 23.96540932722312078, -3.574021241335582300 ) ) ;
#843 = DIRECTION ( 'NONE',  ( 0.000000000000000000, 0.000000000000000000, 1.000000000000000000 ) ) ;
#844 = ORIENTED_EDGE ( 'NONE', *, *, #2297, .F. ) ;
#845 = CARTESIAN_POINT ( 'NONE',  ( -9.695040843843992562, 4.190452616171683076, 1.218395164167729083 ) ) ;
#846 = DIRECTION ( 'NONE',  ( 0.000000000000000000, 0.5647641769131962475, -0.8252523398788759179 ) ) ;
#847 = CARTESIAN_POINT ( 'NONE',  ( 9.711411239673525486, 23.49788622125737803, 3.888800298421601020 ) ) ;
#848 = CARTESIAN_POINT ( 'NONE',  ( -9.953308739093472468, 23.04818926161674142, 4.057414366692369434 ) ) ;
#849 = CARTESIAN_POINT ( 'NONE',  ( 10.14999999999999858, 11.08742866581024344, -3.424797210497338540 ) ) ;
#850 = CARTESIAN_POINT ( 'NONE',  ( -9.540664741837703744, 23.14439324362212247, -4.396136286846163976 ) ) ;
#851 =( GEOMETRIC_REPRESENTATION_CONTEXT ( 3 ) GLOBAL_UNCERTAINTY_ASSIGNED_CONTEXT ( ( #1470 ) ) GLOBAL_UNIT_ASSIGNED_CONTEXT ( ( #814, #975, #2663 ) ) REPRESENTATION_CONTEXT ( 'NONE', 'WORKASPACE' ) );
#852 = AXIS2_PLACEMENT_3D ( 'NONE', #2537, #638, #448 ) ;
#853 = VERTEX_POINT ( 'NONE', #1171 ) ;
#854 = CARTESIAN_POINT ( 'NONE',  ( 10.14999999999999858, 4.792311111111110300, 0.9035273092664040107 ) ) ;
#855 = CARTESIAN_POINT ( 'NONE',  ( 7.869323106522553957, 24.58120000000000616, -2.538494847500467166 ) ) ;
#856 = CARTESIAN_POINT ( 'NONE',  ( 9.750000000000001776, 22.07008888888888976, -4.549999999999999822 ) ) ;
#857 = AXIS2_PLACEMENT_3D ( 'NONE', #3181, #9, #2855 ) ;
#858 = ORIENTED_EDGE ( 'NONE', *, *, #2853, .F. ) ;
#859 = EDGE_CURVE ( 'NONE', #2751, #1114, #1284, .T. ) ;
#860 = DIRECTION ( 'NONE',  ( 0.9239411971968897186, 0.1792050186439425319, -0.3379618697652188031 ) ) ;
#861 = CARTESIAN_POINT ( 'NONE',  ( -8.965662991172342444, 24.20685812407177906, 3.320972954314341141 ) ) ;
#862 = CARTESIAN_POINT ( 'NONE',  ( 10.15000000000000036, 10.86152299504496455, -3.754898146448891083 ) ) ;
#863 = VERTEX_POINT ( 'NONE', #2992 ) ;
#864 = STYLED_ITEM ( 'NONE', ( #199 ), #1815 ) ;
#865 = EDGE_CURVE ( 'NONE', #3131, #208, #412, .T. ) ;
#866 = CARTESIAN_POINT ( 'NONE',  ( -9.622697149598618438, 3.244137618234499865, 1.128200427849205267 ) ) ;
#867 = CARTESIAN_POINT ( 'NONE',  ( 8.585799560190880086, 24.40000120759811253, 3.023535306181740268 ) ) ;
#868 = CARTESIAN_POINT ( 'NONE',  ( 5.927875194502957079, 2.670938823310716970, -1.104999796354467323 ) ) ;
#869 = ORIENTED_EDGE ( 'NONE', *, *, #1109, .T. ) ;
#870 = CARTESIAN_POINT ( 'NONE',  ( 7.883595934810395889, 24.58119999998348248, 2.508130229487846474 ) ) ;
#871 = EDGE_CURVE ( 'NONE', #1511, #925, #2407, .T. ) ;
#872 = CARTESIAN_POINT ( 'NONE',  ( -9.059124923441300936, 23.92110627551181068, -3.884028181319098216 ) ) ;
#873 = CARTESIAN_POINT ( 'NONE',  ( 9.612725484972598267, 22.93287698340414593, -4.463789783440703651 ) ) ;
#874 = EDGE_LOOP ( 'NONE', ( #906, #662, #2952, #1486, #2745 ) ) ;
#875 = CARTESIAN_POINT ( 'NONE',  ( 9.819525358464410658, 3.536216520184517265, 0.7676101231416198045 ) ) ;
#876 = CARTESIAN_POINT ( 'NONE',  ( -4.750000000000002665, 1.981200000000000738, 9.797174393178818755E-17 ) ) ;
#877 = DIRECTION ( 'NONE',  ( 0.000000000000000000, 1.000000000000000000, 0.000000000000000000 ) ) ;
#878 = CARTESIAN_POINT ( 'NONE',  ( -9.685529030395672478, 22.67386529897282088, -4.527120391636054286 ) ) ;
#879 = DIRECTION ( 'NONE',  ( -0.000000000000000000, 0.9869473144907692230, -0.1610434674845861169 ) ) ;
#880 = CLOSED_SHELL ( 'NONE', ( #2372, #2595, #2301, #970 ) ) ;
#881 = CARTESIAN_POINT ( 'NONE',  ( -9.468329222754707786, 3.692531565345484879, -1.165276280842779899 ) ) ;
#882 = CARTESIAN_POINT ( 'NONE',  ( 6.010568730989628961, 2.318642576478834094, 0.8752339564039545161 ) ) ;
#883 = ORIENTED_EDGE ( 'NONE', *, *, #3157, .F. ) ;
#884 = DIRECTION ( 'NONE',  ( 0.6410285751803985743, -0.000000000000000000, 0.7675170133633444358 ) ) ;
#885 = CIRCLE ( 'NONE', #1260, 0.2999999999999998779 ) ;
#886 = AXIS2_PLACEMENT_3D ( 'NONE', #3027, #1890, #1151 ) ;
#887 = SURFACE_STYLE_USAGE ( .BOTH. , #953 ) ;
#888 = DIRECTION ( 'NONE',  ( -0.000000000000000000, 0.8252523398788788045, -0.5647641769131924727 ) ) ;
#889 = CARTESIAN_POINT ( 'NONE',  ( -8.437966537299091740, 24.39491210959249656, -3.186631087136768681 ) ) ;
#890 = CARTESIAN_POINT ( 'NONE',  ( 8.450266301903617716, 2.410178117011678278, 0.7082004391087446393 ) ) ;
#891 = VERTEX_POINT ( 'NONE', #1505 ) ;
#892 = ORIENTED_EDGE ( 'NONE', *, *, #2747, .F. ) ;
#893 = CARTESIAN_POINT ( 'NONE',  ( -9.750000000000000000, 10.86152299504496455, 3.754898146448890195 ) ) ;
#894 = CARTESIAN_POINT ( 'NONE',  ( -9.736754868084572578, 22.30620000000000047, 4.549999999999999822 ) ) ;
#895 = STYLED_ITEM ( 'NONE', ( #413 ), #2153 ) ;
#896 = EDGE_CURVE ( 'NONE', #2464, #1698, #118, .T. ) ;
#897 = ORIENTED_EDGE ( 'NONE', *, *, #828, .T. ) ;
#898 = ORIENTED_EDGE ( 'NONE', *, *, #2547, .F. ) ;
#899 = DIRECTION ( 'NONE',  ( 0.000000000000000000, 0.000000000000000000, -1.000000000000000000 ) ) ;
#900 = EDGE_CURVE ( 'NONE', #336, #853, #1254, .T. ) ;
#901 = CARTESIAN_POINT ( 'NONE',  ( -8.135062863251578236, 24.54442948793967361, -2.747701528435388507 ) ) ;
#902 = ORIENTED_EDGE ( 'NONE', *, *, #2028, .T. ) ;
#903 = EDGE_LOOP ( 'NONE', ( #1189, #2683, #2169, #307 ) ) ;
#904 = CARTESIAN_POINT ( 'NONE',  ( -9.026780335995431059, 3.172118281301308684, 1.125848540855391544 ) ) ;
#905 = DIRECTION ( 'NONE',  ( -1.000000000000000000, 0.000000000000000000, 0.000000000000000000 ) ) ;
#906 = ORIENTED_EDGE ( 'NONE', *, *, #1838, .T. ) ;
#907 = CARTESIAN_POINT ( 'NONE',  ( 7.638888888888889284, 24.58120000000000260, 2.275000000000002576 ) ) ;
#908 = ORIENTED_EDGE ( 'NONE', *, *, #2096, .F. ) ;
#909 = CARTESIAN_POINT ( 'NONE',  ( -5.004501050110518712, 2.248250974171042138, -0.5901811343611585992 ) ) ;
#910 = CARTESIAN_POINT ( 'NONE',  ( 8.287410161231498762, 2.360912457450258906, 1.095522883339080655 ) ) ;
#911 = ORIENTED_EDGE ( 'NONE', *, *, #1219, .T. ) ;
#912 = CARTESIAN_POINT ( 'NONE',  ( -6.350000000000001421, 1.981200000000000738, 0.000000000000000000 ) ) ;
#913 = CARTESIAN_POINT ( 'NONE',  ( 5.362165997661749728, 2.085961457882480996, -0.7831328144195706109 ) ) ;
#914 = CARTESIAN_POINT ( 'NONE',  ( 5.801958860214337932, 2.667743156376165548, 1.104917861850298610 ) ) ;
#915 = CARTESIAN_POINT ( 'NONE',  ( 6.071337534081418852, 1.981199999999999850, 0.6237858784611736152 ) ) ;
#916 = ORIENTED_EDGE ( 'NONE', *, *, #1705, .T. ) ;
#917 = CARTESIAN_POINT ( 'NONE',  ( -7.638888888888889284, 2.281199999999999228, 1.094998557716584164 ) ) ;
#918 = CARTESIAN_POINT ( 'NONE',  ( 9.638417641616838338, 23.59717008168462726, -3.835015911021995905 ) ) ;
#919 = CARTESIAN_POINT ( 'NONE',  ( -4.982240268525893967, 1.981199999999999850, 0.5682036038541870004 ) ) ;
#920 = DIRECTION ( 'NONE',  ( 0.000000000000000000, -0.1610434674845857284, -0.9869473144907692230 ) ) ;
#921 = ORIENTED_EDGE ( 'NONE', *, *, #786, .T. ) ;
#922 = CARTESIAN_POINT ( 'NONE',  ( 7.971206019551179800, 2.281199999999999228, -0.7051314326984371439 ) ) ;
#923 = VERTEX_POINT ( 'NONE', #894 ) ;
#924 = AXIS2_PLACEMENT_3D ( 'NONE', #2219, #2788, #2541 ) ;
#925 = VERTEX_POINT ( 'NONE', #912 ) ;
#926 = AXIS2_PLACEMENT_3D ( 'NONE', #1187, #1753, #1251 ) ;
#927 = VERTEX_POINT ( 'NONE', #2138 ) ;
#928 = CARTESIAN_POINT ( 'NONE',  ( -9.166861158093215778, 2.792866914465866657, -1.105316754114897160 ) ) ;
#929 = CARTESIAN_POINT ( 'NONE',  ( -4.705731285300323918, 2.281199999999999672, -0.7051314326984383651 ) ) ;
#930 = CARTESIAN_POINT ( 'NONE',  ( 7.638888888888887507, 2.281199999999999228, 0.7051314326984392533 ) ) ;
#931 = ORIENTED_EDGE ( 'NONE', *, *, #635, .T. ) ;
#932 = AXIS2_PLACEMENT_3D ( 'NONE', #2105, #1293, #2412 ) ;
#933 = EDGE_CURVE ( 'NONE', #474, #3242, #3445, .T. ) ;
#934 = ORIENTED_EDGE ( 'NONE', *, *, #2884, .F. ) ;
#935 = SURFACE_SIDE_STYLE ('',( #1298 ) ) ;
#936 = CARTESIAN_POINT ( 'NONE',  ( 5.824818323274878473, 2.062763513043841979, -0.7513154392080497734 ) ) ;
#937 = DIRECTION ( 'NONE',  ( 3.252606517456515274E-15, 0.000000000000000000, 1.000000000000000000 ) ) ;
#938 = CARTESIAN_POINT ( 'NONE',  ( -5.927875194502956191, 2.327807721739338032, 0.8925184591056560812 ) ) ;
#939 = EDGE_LOOP ( 'NONE', ( #322, #1061, #2289, #3346 ) ) ;
#940 = CARTESIAN_POINT ( 'NONE',  ( -5.618011437027098154, 2.440344444569370719, -1.099248242517750551 ) ) ;
#941 = ADVANCED_FACE ( 'NONE', ( #147 ), #1868, .F. ) ;
#942 = DIRECTION ( 'NONE',  ( 2.428945146063511808E-17, 1.000000000000000000, 0.000000000000000000 ) ) ;
#943 = CARTESIAN_POINT ( 'NONE',  ( 5.050000000000003375, 1.214472573031753593E-17, -7.960204194457791779E-17 ) ) ;
#944 = CARTESIAN_POINT ( 'NONE',  ( -8.858760258346391581, 24.28431323223878735, -3.433981715014220448 ) ) ;
#945 = ORIENTED_EDGE ( 'NONE', *, *, #2825, .T. ) ;
#946 = CARTESIAN_POINT ( 'NONE',  ( 5.243694132613426540, 2.246827277526691535, 0.7397978347167618596 ) ) ;
#947 = ORIENTED_EDGE ( 'NONE', *, *, #1777, .F. ) ;
#948 = DIRECTION ( 'NONE',  ( -0.000000000000000000, 0.000000000000000000, -1.000000000000000000 ) ) ;
#949 = UNCERTAINTY_MEASURE_WITH_UNIT (LENGTH_MEASURE( 1.000000000000000082E-05 ), #1549, 'distance_accuracy_value', 'NONE');
#950 = CARTESIAN_POINT ( 'NONE',  ( -6.164013610690676437, 1.981199999999999850, -0.5128228601443193257 ) ) ;
#951 = ORIENTED_EDGE ( 'NONE', *, *, #1262, .T. ) ;
#952 = ORIENTED_EDGE ( 'NONE', *, *, #1905, .F. ) ;
#953 = SURFACE_SIDE_STYLE ('',( #773 ) ) ;
#954 = CARTESIAN_POINT ( 'NONE',  ( -5.550000000000001599, 0.3000000000000003775, 0.000000000000000000 ) ) ;
#955 = CARTESIAN_POINT ( 'NONE',  ( 9.123085948973567838, 23.84828476838664812, -3.954516829090515717 ) ) ;
#956 = ORIENTED_EDGE ( 'NONE', *, *, #2539, .T. ) ;
#957 = CLOSED_SHELL ( 'NONE', ( #1815, #1344, #1416, #754 ) ) ;
#958 = CARTESIAN_POINT ( 'NONE',  ( -5.751883163818293454, 2.249239181110458841, -0.7819187866579051516 ) ) ;
#959 = CARTESIAN_POINT ( 'NONE',  ( 4.996167350005612739, 2.306166654404657734, -0.8480363070460547048 ) ) ;
#960 = ORIENTED_EDGE ( 'NONE', *, *, #1590, .T. ) ;
#961 = DIRECTION ( 'NONE',  ( -0.1118421052631602547, 0.9937259901453239230, -0.000000000000000000 ) ) ;
#962 = AXIS2_PLACEMENT_3D ( 'NONE', #1945, #2214, #2532 ) ;
#963 = CARTESIAN_POINT ( 'NONE',  ( 7.776854983417932132, 2.670938823310715637, 1.104999796354469099 ) ) ;
#964 = CARTESIAN_POINT ( 'NONE',  ( 6.394268714699679279, 1.981199999999999850, 0.7051314326984392533 ) ) ;
#965 = CARTESIAN_POINT ( 'NONE',  ( -9.201457204235500953, 24.04498802215531228, -3.754773215335119652 ) ) ;
#966 = ORIENTED_EDGE ( 'NONE', *, *, #1154, .T. ) ;
#967 = CARTESIAN_POINT ( 'NONE',  ( -9.719330467347534253, 22.49404474387542052, 4.549999999999998934 ) ) ;
#968 = CARTESIAN_POINT ( 'NONE',  ( 5.449204199757585521, 2.250199233537839127, 0.8000476130377482953 ) ) ;
#969 = ORIENTED_EDGE ( 'NONE', *, *, #2142, .F. ) ;
#970 = ADVANCED_FACE ( 'NONE', ( #2415 ), #1528, .T. ) ;
#971 = AXIS2_PLACEMENT_3D ( 'NONE', #2818, #1542, #3295 ) ;
#972 = CARTESIAN_POINT ( 'NONE',  ( -8.313015517764766216, 2.774032175538528211, 1.107910282472297503 ) ) ;
#973 = AXIS2_PLACEMENT_3D ( 'NONE', #1568, #2036, #1973 ) ;
#974 = CARTESIAN_POINT ( 'NONE',  ( -10.14999999999999858, 13.43120000000000047, 4.149999999999996803 ) ) ;
#975 =( NAMED_UNIT ( * ) PLANE_ANGLE_UNIT ( ) SI_UNIT ( $, .RADIAN. ) );
#976 = VERTEX_POINT ( 'NONE', #550 ) ;
#977 = CARTESIAN_POINT ( 'NONE',  ( -5.479754952075141183, 2.327095734729820897, 0.9112726340483591203 ) ) ;
#978 = ORIENTED_EDGE ( 'NONE', *, *, #1911, .T. ) ;
#979 = AXIS2_PLACEMENT_3D ( 'NONE', #2901, #3116, #655 ) ;
#980 = EDGE_CURVE ( 'NONE', #1474, #2556, #568, .T. ) ;
#981 = CARTESIAN_POINT ( 'NONE',  ( 7.968715506549314043, 2.297558099922906383, 0.7054671042314912821 ) ) ;
#982 = ORIENTED_EDGE ( 'NONE', *, *, #1499, .F. ) ;
#983 = EDGE_LOOP ( 'NONE', ( #102, #2810, #137, #3234, #2827 ) ) ;
#984 = CARTESIAN_POINT ( 'NONE',  ( 9.533870252680351598, 3.811170493235500611, -1.176708661667191125 ) ) ;
#985 = CARTESIAN_POINT ( 'NONE',  ( -5.448342294233741612, 2.249939722295166700, -0.7951538561520301585 ) ) ;
#986 = CARTESIAN_POINT ( 'NONE',  ( 5.409072748541799314, 2.325409212343235055, 0.9043534131256905084 ) ) ;
#987 = CARTESIAN_POINT ( 'NONE',  ( 10.12665328934496856, 4.411464380479337422, -1.249210418900838837 ) ) ;
#988 = CARTESIAN_POINT ( 'NONE',  ( 4.981399852418550545, 1.981200075297262497, 0.5671973559493904693 ) ) ;
#989 = ORIENTED_EDGE ( 'NONE', *, *, #284, .T. ) ;
#990 = ORIENTED_EDGE ( 'NONE', *, *, #2782, .T. ) ;
#991 = DIRECTION ( 'NONE',  ( -1.112519005877866565E-16, 1.000000000000000000, 0.000000000000000000 ) ) ;
#992 = CARTESIAN_POINT ( 'NONE',  ( 4.935986389309327649, 1.981200000000000738, 0.5128228601443195478 ) ) ;
#993 = CARTESIAN_POINT ( 'NONE',  ( -5.172124805497047006, 2.681200000000000472, -0.7051314326984370329 ) ) ;
#994 = EDGE_LOOP ( 'NONE', ( #1571, #2066, #1398, #282 ) ) ;
#995 = CARTESIAN_POINT ( 'NONE',  ( 10.13424526414270233, 22.35093684210526632, 4.150000000000000355 ) ) ;
#996 = CARTESIAN_POINT ( 'NONE',  ( 5.363241348502554295, 2.086247940203031170, 0.7835261593444675654 ) ) ;
#997 = EDGE_LOOP ( 'NONE', ( #3201, #1436, #934, #3249, #1629 ) ) ;
#998 = CIRCLE ( 'NONE', #3053, 0.4000000000000001887 ) ;
#999 = CARTESIAN_POINT ( 'NONE',  ( 4.935986389309327649, 1.981200000000000738, 0.5128228601443195478 ) ) ;
#1000 = CARTESIAN_POINT ( 'NONE',  ( 8.104256000166849105, 24.53445141928175488, -2.807145351984621229 ) ) ;
#1001 = ORIENTED_EDGE ( 'NONE', *, *, #3164, .F. ) ;
#1002 = CARTESIAN_POINT ( 'NONE',  ( 10.14999999999999858, 2.281200000000000561, 16.29275362318840337 ) ) ;
#1003 = ADVANCED_FACE ( 'NONE', ( #3280 ), #3349, .T. ) ;
#1004 = CARTESIAN_POINT ( 'NONE',  ( 10.15000000000000391, 4.465592203300336571, 0.8587076485686744309 ) ) ;
#1005 = VERTEX_POINT ( 'NONE', #974 ) ;
#1006 = CARTESIAN_POINT ( 'NONE',  ( -9.638600796453646424, 23.60427248664755240, -4.156839352575696367 ) ) ;
#1007 = CARTESIAN_POINT ( 'NONE',  ( -8.289839278520654275, 2.361510125984731090, 0.7069871365458353374 ) ) ;
#1008 = CARTESIAN_POINT ( 'NONE',  ( 5.172124805497047006, 2.399672224433712309, 1.098038719275189257 ) ) ;
#1009 = CARTESIAN_POINT ( 'NONE',  ( 9.749999995603019443, 4.593470578230492762, -1.276371964402102988 ) ) ;
#1010 = CARTESIAN_POINT ( 'NONE',  ( 10.15000000000000036, 22.30620000000000047, -2.275000000000002576 ) ) ;
#1011 = CARTESIAN_POINT ( 'NONE',  ( -5.676935681513685772, 2.339534903933765175, 0.9305779286851242338 ) ) ;
#1012 = STYLED_ITEM ( 'NONE', ( #2201 ), #2595 ) ;
#1013 = ORIENTED_EDGE ( 'NONE', *, *, #2152, .T. ) ;
#1014 = AXIS2_PLACEMENT_3D ( 'NONE', #1908, #141, #425 ) ;
#1015 = CARTESIAN_POINT ( 'NONE',  ( -5.275181676720215762, 2.062763513042532360, 0.7513154392062539877 ) ) ;
#1016 = ORIENTED_EDGE ( 'NONE', *, *, #2583, .F. ) ;
#1017 = CYLINDRICAL_SURFACE ( 'NONE', #3013, 2.274999999999996358 ) ;
#1018 = CARTESIAN_POINT ( 'NONE',  ( 6.394268714699679279, 2.281199999999999672, 0.7051314326984390313 ) ) ;
#1019 = CARTESIAN_POINT ( 'NONE',  ( -10.14999999999999858, 13.43120000000000047, -4.149999999999999467 ) ) ;
#1020 = DIRECTION ( 'NONE',  ( 2.428945146063511808E-17, 1.000000000000000000, 0.000000000000000000 ) ) ;
#1021 = EDGE_LOOP ( 'NONE', ( #2392, #3257, #3227, #120 ) ) ;
#1022 = AXIS2_PLACEMENT_3D ( 'NONE', #2531, #2504, #467 ) ;
#1023 = CARTESIAN_POINT ( 'NONE',  ( -9.986715576408716544, 22.96529050729744981, 4.078947624738306743 ) ) ;
#1024 = EDGE_CURVE ( 'NONE', #355, #1005, #2207, .T. ) ;
#1025 = VERTEX_POINT ( 'NONE', #3348 ) ;
#1026 = DIRECTION ( 'NONE',  ( -0.000000000000000000, 1.000000000000000000, -0.000000000000000000 ) ) ;
#1027 = ORIENTED_EDGE ( 'NONE', *, *, #1982, .F. ) ;
#1028 = CARTESIAN_POINT ( 'NONE',  ( -5.235197169396712980, 2.670938756082198218, 1.104999794629291987 ) ) ;
#1029 = FACE_OUTER_BOUND ( 'NONE', #612, .T. ) ;
#1030 = DIRECTION ( 'NONE',  ( -2.428945146063511808E-17, -1.000000000000000000, -0.000000000000000000 ) ) ;
#1031 = CARTESIAN_POINT ( 'NONE',  ( 9.037088736630479957, 3.180907767714350243, 1.126363613116727169 ) ) ;
#1032 = ORIENTED_EDGE ( 'NONE', *, *, #1989, .F. ) ;
#1033 = CARTESIAN_POINT ( 'NONE',  ( -5.784908732549752131, 2.340784795365934645, -0.9169918589028008826 ) ) ;
#1034 = CARTESIAN_POINT ( 'NONE',  ( 5.691174714279685354, 2.325399835095216972, 0.9043183976874634711 ) ) ;
#1035 = CARTESIAN_POINT ( 'NONE',  ( 9.643681210633037182, 4.069476044805981019, -1.205093752628498383 ) ) ;
#1036 = EDGE_CURVE ( 'NONE', #923, #1736, #2199, .T. ) ;
#1037 = CARTESIAN_POINT ( 'NONE',  ( -7.638888888888889284, 22.07008888888888976, -4.149999999999999467 ) ) ;
#1038 = DIRECTION ( 'NONE',  ( -0.000000000000000000, -1.000000000000000000, -0.000000000000000000 ) ) ;
#1039 = ORIENTED_EDGE ( 'NONE', *, *, #253, .F. ) ;
#1040 = DIRECTION ( 'NONE',  ( 0.000000000000000000, 1.000000000000000000, 0.000000000000000000 ) ) ;
#1041 = TOROIDAL_SURFACE ( 'NONE', #2812, 2.111111111111110716, 0.4000000000000000222 ) ;
#1042 = CARTESIAN_POINT ( 'NONE',  ( -5.275181676720215762, 2.062763513042532360, -0.7513154392062539877 ) ) ;
#1043 = CARTESIAN_POINT ( 'NONE',  ( 9.840308066091248307, 23.28108079419256882, 3.980508436793281923 ) ) ;
#1044 = ORIENTED_EDGE ( 'NONE', *, *, #2850, .T. ) ;
#1045 = CARTESIAN_POINT ( 'NONE',  ( -9.292842244139864150, 23.96540932722312078, 3.574021241335582300 ) ) ;
#1046 = CARTESIAN_POINT ( 'NONE',  ( 5.736081291262038917, 2.080966739079315619, 0.7794458839205520295 ) ) ;
#1047 = CARTESIAN_POINT ( 'NONE',  ( 5.927875194502957079, 2.327807721739338476, 0.8925184591056558592 ) ) ;
#1048 = CIRCLE ( 'NONE', #698, 0.4999999999999995559 ) ;
#1049 = DIRECTION ( 'NONE',  ( 0.3435229040771519138, 0.000000000000000000, -0.9391442990160775439 ) ) ;
#1050 = CARTESIAN_POINT ( 'NONE',  ( -6.247858050035796751, 2.289245090923308190, -0.7910936982116092420 ) ) ;
#1051 = EDGE_LOOP ( 'NONE', ( #1495, #1107, #844, #1501 ) ) ;
#1052 = PLANE ( 'NONE',  #408 ) ;
#1053 = CARTESIAN_POINT ( 'NONE',  ( 10.14999999999999858, 2.281199999999999672, 0.7051314326984390313 ) ) ;
#1054 = COLOUR_RGB ( '',0.7960784313725489669, 0.8235294117647058432, 0.9372549019607843146 ) ;
#1055 = DIRECTION ( 'NONE',  ( 0.000000000000000000, 0.000000000000000000, -1.000000000000000000 ) ) ;
#1056 = VERTEX_POINT ( 'NONE', #2366 ) ;
#1057 = FACE_OUTER_BOUND ( 'NONE', #3443, .T. ) ;
#1058 = CARTESIAN_POINT ( 'NONE',  ( 5.297446606375910250, 2.248068824400671240, -0.7614799414223762941 ) ) ;
#1059 = DIRECTION ( 'NONE',  ( 7.779029040254739985E-17, 1.000000000000000000, 0.000000000000000000 ) ) ;
#1060 = CARTESIAN_POINT ( 'NONE',  ( 4.964620263690268764, 2.261363094637233839, 0.5471069201078857525 ) ) ;
#1061 = ORIENTED_EDGE ( 'NONE', *, *, #1253, .F. ) ;
#1062 = CARTESIAN_POINT ( 'NONE',  ( -8.891931283509189043, 2.610094395716769711, 1.099631585077762042 ) ) ;
#1063 = DIRECTION ( 'NONE',  ( -1.000000000000000000, 0.000000000000000000, 0.000000000000000000 ) ) ;
#1064 = EDGE_CURVE ( 'NONE', #853, #1184, #3341, .T. ) ;
#1065 = DIRECTION ( 'NONE',  ( 1.000000000000000000, 0.000000000000000000, 0.000000000000000000 ) ) ;
#1066 = VERTEX_POINT ( 'NONE', #201 ) ;
#1067 = CARTESIAN_POINT ( 'NONE',  ( -9.685529030395672478, 22.67386529897282088, 4.527120391636054286 ) ) ;
#1068 = CARTESIAN_POINT ( 'NONE',  ( -5.781018087162088648, 2.074444484748028561, 0.7673368156092172931 ) ) ;
#1069 = DIRECTION ( 'NONE',  ( 1.000000000000000000, 0.000000000000000000, 0.000000000000000000 ) ) ;
#1070 = CARTESIAN_POINT ( 'NONE',  ( -10.14999999999999858, 2.281199999999999672, 4.150000000000000355 ) ) ;
#1071 = DIRECTION ( 'NONE',  ( 0.000000000000000000, 0.000000000000000000, 1.000000000000000000 ) ) ;
#1072 = EDGE_CURVE ( 'NONE', #474, #927, #2109, .T. ) ;
#1073 = ORIENTED_EDGE ( 'NONE', *, *, #3312, .T. ) ;
#1074 = CARTESIAN_POINT ( 'NONE',  ( -5.927875194502953526, 2.399672224439340251, 1.098038719275326924 ) ) ;
#1075 = B_SPLINE_CURVE_WITH_KNOTS ( 'NONE', 3,
 ( #1390, #2746, #2403, #2121, #605, #1098 ),
 .UNSPECIFIED., .F., .F.,
 ( 4, 2, 4 ),
 ( 1.857664548194480369E-16, 0.0002544072607842382309, 0.0005088145215682906295 ),
 .UNSPECIFIED. ) ;
#1076 = VERTEX_POINT ( 'NONE', #1790 ) ;
#1077 = EDGE_CURVE ( 'NONE', #2071, #1247, #373, .T. ) ;
#1078 = FACE_OUTER_BOUND ( 'NONE', #1615, .T. ) ;
#1079 = DIRECTION ( 'NONE',  ( -0.000000000000000000, -1.000000000000000000, -0.000000000000000000 ) ) ;
#1080 = CARTESIAN_POINT ( 'NONE',  ( 10.14581238027842858, 4.568847574894244090, -1.272354148416309005 ) ) ;
#1081 = EDGE_LOOP ( 'NONE', ( #1707, #1997, #87, #1932 ) ) ;
#1082 = CARTESIAN_POINT ( 'NONE',  ( -9.750000000000001776, 13.43120000000000047, -4.549999999999997158 ) ) ;
#1083 = VECTOR ( 'NONE', #776, 1000.000000000000000 ) ;
#1084 = CIRCLE ( 'NONE', #1696, 0.4000000000000000222 ) ;
#1085 = CARTESIAN_POINT ( 'NONE',  ( 10.14999999999999858, 11.08742866581024344, 3.424797210497339428 ) ) ;
#1086 = CARTESIAN_POINT ( 'NONE',  ( 9.719330467347534253, 22.49404474387542052, 4.549999999999998934 ) ) ;
#1087 = ORIENTED_EDGE ( 'NONE', *, *, #2961, .F. ) ;
#1088 = CARTESIAN_POINT ( 'NONE',  ( -8.939887863205958851, 24.23839922023967475, 3.301670625908735168 ) ) ;
#1089 = CARTESIAN_POINT ( 'NONE',  ( -9.898606558992479876, 3.684927142342033779, -0.7797379375047591710 ) ) ;
#1090 = CARTESIAN_POINT ( 'NONE',  ( -7.638888888888887507, 2.281199999999999672, -0.7051314326984381431 ) ) ;
#1091 = ADVANCED_FACE ( 'NONE', ( #1057 ), #128, .F. ) ;
#1092 = CARTESIAN_POINT ( 'NONE',  ( 5.361957085271123802, 2.085905742805768348, 0.7830563978441775763 ) ) ;
#1093 = DIRECTION ( 'NONE',  ( 0.000000000000000000, 0.000000000000000000, -1.000000000000000000 ) ) ;
#1094 = ORIENTED_EDGE ( 'NONE', *, *, #2288, .T. ) ;
#1095 = CARTESIAN_POINT ( 'NONE',  ( -10.13424526414270233, 22.35093684210526632, 4.150000000000000355 ) ) ;
#1096 = TOROIDAL_SURFACE ( 'NONE', #1311, 4.150000000000000355, 0.4000000000000000222 ) ;
#1097 = DIRECTION ( 'NONE',  ( 0.000000000000000000, 0.000000000000000000, 1.000000000000000000 ) ) ;
#1098 = CARTESIAN_POINT ( 'NONE',  ( 4.705731285300324807, 2.281199999999999672, -0.7051314326984390313 ) ) ;
#1099 = ORIENTED_EDGE ( 'NONE', *, *, #675, .T. ) ;
#1100 = AXIS2_PLACEMENT_3D ( 'NONE', #2873, #705, #1788 ) ;
#1101 = EDGE_CURVE ( 'NONE', #3218, #2551, #2943, .T. ) ;
#1102 = FACE_OUTER_BOUND ( 'NONE', #1081, .T. ) ;
#1103 = CARTESIAN_POINT ( 'NONE',  ( 5.209786291786349999, 2.045323093381158142, -0.7273949271289129603 ) ) ;
#1104 = CARTESIAN_POINT ( 'NONE',  ( -5.298256534127268935, 2.670938823310716526, -1.104999796354468433 ) ) ;
#1105 = CARTESIAN_POINT ( 'NONE',  ( -9.782101906324939478, 23.38731751388279534, -4.283879356805615934 ) ) ;
#1106 = CARTESIAN_POINT ( 'NONE',  ( 5.550000000000000711, 0.000000000000000000, 0.000000000000000000 ) ) ;
#1107 = ORIENTED_EDGE ( 'NONE', *, *, #791, .F. ) ;
#1108 = CARTESIAN_POINT ( 'NONE',  ( -9.231734052234113364, 3.371258381902871637, 1.138855354791232566 ) ) ;
#1109 = EDGE_CURVE ( 'NONE', #1025, #2143, #2166, .T. ) ;
#1110 = VECTOR ( 'NONE', #2304, 1000.000000000000000 ) ;
#1111 = LINE ( 'NONE', #1216, #3439 ) ;
#1112 = CARTESIAN_POINT ( 'NONE',  ( -9.750000000000000000, 2.281200000000000561, 16.29275362318840337 ) ) ;
#1113 = CARTESIAN_POINT ( 'NONE',  ( 9.489639523107937791, 23.25500170697740643, 4.344350238964120869 ) ) ;
#1114 = VERTEX_POINT ( 'NONE', #812 ) ;
#1115 = CARTESIAN_POINT ( 'NONE',  ( -9.880213646478923195, 23.20573095977449185, 4.008257729274021131 ) ) ;
#1116 = CARTESIAN_POINT ( 'NONE',  ( 10.15000000000000036, 13.43119999999999514, 3.469446951953614189E-15 ) ) ;
#1117 = CARTESIAN_POINT ( 'NONE',  ( -9.403351094390378861, 23.43606015411965870, -4.256212531043045644 ) ) ;
#1118 = EDGE_CURVE ( 'NONE', #2731, #171, #998, .T. ) ;
#1119 = FACE_OUTER_BOUND ( 'NONE', #2847, .T. ) ;
#1120 = CARTESIAN_POINT ( 'NONE',  ( -6.091086485236294479, 2.307829943643635584, -0.8521449111890855299 ) ) ;
#1121 = EDGE_LOOP ( 'NONE', ( #2165, #1224, #409, #1087, #1039 ) ) ;
#1122 = CARTESIAN_POINT ( 'NONE',  ( 5.423064318486484403, 2.339534903933766508, 0.9305779286851324494 ) ) ;
#1123 = B_SPLINE_CURVE_WITH_KNOTS ( 'NONE', 3,
 ( #716, #913, #3076, #476, #1506, #936 ),
 .UNSPECIFIED., .F., .F.,
 ( 4, 2, 4 ),
 ( 0.000000000000000000, 0.0002802734377376300975, 0.0005605468754752601949 ),
 .UNSPECIFIED. ) ;
#1124 = CARTESIAN_POINT ( 'NONE',  ( -4.705731285300323030, 2.281199999999999672, 0.7051314326984390313 ) ) ;
#1125 = CARTESIAN_POINT ( 'NONE',  ( 9.323441166530521684, 23.93837952658151025, -3.597463139124410514 ) ) ;
#1126 = ORIENTED_EDGE ( 'NONE', *, *, #2297, .T. ) ;
#1127 = CIRCLE ( 'NONE', #190, 0.3000000000000000999 ) ;
#1128 = DIRECTION ( 'NONE',  ( 1.000000000000000000, -2.428945146063511808E-17, 0.000000000000000000 ) ) ;
#1129 = ORIENTED_EDGE ( 'NONE', *, *, #865, .F. ) ;
#1130 = CARTESIAN_POINT ( 'NONE',  ( -9.637336925848821068, 3.262877305822601048, 0.7477848645468421207 ) ) ;
#1131 = FACE_OUTER_BOUND ( 'NONE', #2175, .T. ) ;
#1132 = CARTESIAN_POINT ( 'NONE',  ( -6.260532346078469423, 2.287920951287392146, 0.7851527002744342898 ) ) ;
#1133 = DIRECTION ( 'NONE',  ( -2.428945146063511808E-17, 1.000000000000000000, -0.000000000000000000 ) ) ;
#1134 = EDGE_LOOP ( 'NONE', ( #2991, #194, #1361 ) ) ;
#1135 =( NAMED_UNIT ( * ) PLANE_ANGLE_UNIT ( ) SI_UNIT ( $, .RADIAN. ) );
#1136 = DIRECTION ( 'NONE',  ( -0.000000000000000000, -1.000000000000000000, -0.000000000000000000 ) ) ;
#1137 = DIRECTION ( 'NONE',  ( 0.6410285751803993515, -0.000000000000000000, 0.7675170133633438807 ) ) ;
#1138 = CIRCLE ( 'NONE', #3151, 0.4000000000000000222 ) ;
#1139 = FACE_OUTER_BOUND ( 'NONE', #477, .T. ) ;
#1140 = AXIS2_PLACEMENT_3D ( 'NONE', #155, #438, #668 ) ;
#1141 = DIRECTION ( 'NONE',  ( -0.000000000000000000, -0.000000000000000000, 1.000000000000000000 ) ) ;
#1142 = ORIENTED_EDGE ( 'NONE', *, *, #3205, .F. ) ;
#1143 = CARTESIAN_POINT ( 'NONE',  ( -5.676153424726285479, 2.659756502014508861, 1.104716961732263636 ) ) ;
#1144 = CARTESIAN_POINT ( 'NONE',  ( -4.750000000000002665, 0.2999999999999999334, 9.797174393178823685E-17 ) ) ;
#1145 = FACE_OUTER_BOUND ( 'NONE', #3139, .T. ) ;
#1146 = AXIS2_PLACEMENT_3D ( 'NONE', #1986, #360, #642 ) ;
#1147 = EDGE_CURVE ( 'NONE', #81, #1511, #3293, .T. ) ;
#1148 = CARTESIAN_POINT ( 'NONE',  ( 9.088796046763974346, 24.12581151525172274, -3.416702960964041580 ) ) ;
#1149 = ORIENTED_EDGE ( 'NONE', *, *, #3200, .T. ) ;
#1150 =( BOUNDED_SURFACE ( )  B_SPLINE_SURFACE ( 3, 2, ( 
 ( #1925, #1686, #2216 ),
 ( #2115, #1885, #2760 ),
 ( #1907, #3040, #1703 ),
 ( #873, #2421, #2990 ),
 ( #2191, #1451, #2534 ),
 ( #3214, #2830, #354 ),
 ( #2477, #3006, #3464 ),
 ( #382, #2509, #598 ),
 ( #834, #3282, #2255 ),
 ( #955, #2290, #2608 ),
 ( #1503, #232, #3307 ),
 ( #2918, #1779, #1526 ),
 ( #691, #2882, #2006 ),
 ( #3095, #1555, #3361 ),
 ( #209, #730, #1283 ),
 ( #498, #446, #1478 ) ),
 .UNSPECIFIED., .F., .F., .F. ) 
 B_SPLINE_SURFACE_WITH_KNOTS ( ( 4, 2, 2, 2, 2, 2, 2, 4 ),
 ( 3, 3 ),
 ( 0.000000000000000000, 0.0004593414644910305371, 0.0006890121967365458056, 0.0009186829289820610742, 0.001378024393473091611, 0.001837365857964122148, 0.002756048786946183222, 0.003674731715928244297 ),
 ( 0.000000000000000000, 1.000000000000000000 ),
 .UNSPECIFIED. ) 
 GEOMETRIC_REPRESENTATION_ITEM ( )  RATIONAL_B_SPLINE_SURFACE ( (
 ( 1.000000000000000000, 0.7071067811865475727, 1.000000000000000000),
 ( 1.000000000000000000, 0.7103693998282166744, 1.000000000000000000),
 ( 1.000000000000000000, 0.7199084770831647440, 1.000000000000000000),
 ( 1.000000000000000000, 0.7406137372316665690, 1.000000000000000000),
 ( 1.000000000000000000, 0.7486020725046316215, 1.000000000000000000),
 ( 1.000000000000000000, 0.7656271550149489347, 1.000000000000000000),
 ( 1.000000000000000000, 0.7747163475981632130, 1.000000000000000000),
 ( 1.000000000000000000, 0.8029274175567661098, 1.000000000000000000),
 ( 1.000000000000000000, 0.8229454434391438866, 1.000000000000000000),
 ( 1.000000000000000000, 0.8608682229884780934, 1.000000000000000000),
 ( 1.000000000000000000, 0.8790499206519175601, 1.000000000000000000),
 ( 1.000000000000000000, 0.9292719838564484913, 1.000000000000000000),
 ( 1.000000000000000000, 0.9554857398612365271, 1.000000000000000000),
 ( 1.000000000000000000, 0.9908781234527285209, 1.000000000000000000),
 ( 1.000000000000000000, 1.000077693877291729, 1.000000000000000000),
 ( 1.000000000000000000, 1.000000000000000000, 1.000000000000000000) ) ) 
 REPRESENTATION_ITEM ( '' )  SURFACE ( )  );
#1151 = DIRECTION ( 'NONE',  ( 1.000000000000000000, 0.000000000000000000, 0.000000000000000000 ) ) ;
#1152 = DIRECTION ( 'NONE',  ( 7.779029040254739985E-17, 1.000000000000000000, -0.000000000000000000 ) ) ;
#1153 = DIRECTION ( 'NONE',  ( -0.9937259901453237010, -0.1118421052631602269, 0.000000000000000000 ) ) ;
#1154 = EDGE_CURVE ( 'NONE', #1538, #2416, #2116, .T. ) ;
#1155 = ORIENTED_EDGE ( 'NONE', *, *, #1353, .F. ) ;
#1156 = DIRECTION ( 'NONE',  ( -1.000000000000000000, -0.000000000000000000, -0.000000000000000000 ) ) ;
#1157 = B_SPLINE_CURVE_WITH_KNOTS ( 'NONE', 3,
 ( #1724, #3042, #1143, #2217, #1201, #84 ),
 .UNSPECIFIED., .F., .F.,
 ( 4, 2, 4 ),
 ( 0.000000000000000000, 0.0003778707376691811497, 0.0007557414753383622993 ),
 .UNSPECIFIED. ) ;
#1158 = DIRECTION ( 'NONE',  ( 0.000000000000000000, 0.000000000000000000, 1.000000000000000000 ) ) ;
#1159 = LINE ( 'NONE', #1412, #51 ) ;
#1160 = FACE_OUTER_BOUND ( 'NONE', #2100, .T. ) ;
#1161 = CARTESIAN_POINT ( 'NONE',  ( -6.394268714699679279, 2.281199999999999672, 0.7051314326984390313 ) ) ;
#1162 = CARTESIAN_POINT ( 'NONE',  ( 8.522863400736742534, 24.36237496520767110, 3.283259594044584340 ) ) ;
#1163 = EDGE_LOOP ( 'NONE', ( #1765, #1811, #3254, #2280 ) ) ;
#1164 = EDGE_CURVE ( 'NONE', #2384, #2875, #2192, .T. ) ;
#1165 = CARTESIAN_POINT ( 'NONE',  ( -5.550000000000001599, 1.981200000000000738, 0.000000000000000000 ) ) ;
#1166 = CARTESIAN_POINT ( 'NONE',  ( -10.14999999999999680, 4.727893724117276264, -1.298306235062704372 ) ) ;
#1167 = DIRECTION ( 'NONE',  ( 1.000000000000000000, 2.428945146063511808E-17, 0.000000000000000000 ) ) ;
#1168 = ADVANCED_FACE ( 'NONE', ( #2151 ), #3379, .T. ) ;
#1169 = ORIENTED_EDGE ( 'NONE', *, *, #3312, .F. ) ;
#1170 = CARTESIAN_POINT ( 'NONE',  ( 5.172124805490295962, 2.062763513042531915, 1.033058728908599289 ) ) ;
#1171 = CARTESIAN_POINT ( 'NONE',  ( 4.705731285300324807, 2.281199999999999672, -0.7051314326984390313 ) ) ;
#1172 = FACE_OUTER_BOUND ( 'NONE', #15, .T. ) ;
#1173 = VECTOR ( 'NONE', #1937, 1000.000000000000000 ) ;
#1174 = CARTESIAN_POINT ( 'NONE',  ( 10.15000000000000036, 24.58119999999999905, 2.275000000000002576 ) ) ;
#1175 = CARTESIAN_POINT ( 'NONE',  ( -5.008192319229387124, 2.307735514244591890, -0.8519176631546565570 ) ) ;
#1176 = ORIENTED_EDGE ( 'NONE', *, *, #896, .F. ) ;
#1177 = CARTESIAN_POINT ( 'NONE',  ( -10.14999999999999858, 13.43120000000000047, -4.149999999999996803 ) ) ;
#1178 = CIRCLE ( 'NONE', #502, 0.7999999999999994893 ) ;
#1179 = CARTESIAN_POINT ( 'NONE',  ( -8.939887863205958851, 24.23839922023967475, -3.301670625908735168 ) ) ;
#1180 = CARTESIAN_POINT ( 'NONE',  ( 5.824818323274878473, 2.062763513043841979, 0.7513154392080496624 ) ) ;
#1181 = CARTESIAN_POINT ( 'NONE',  ( -9.736754868084572578, 22.30620000000000047, 4.549999999999998934 ) ) ;
#1182 = LINE ( 'NONE', #3197, #2373 ) ;
#1183 = CARTESIAN_POINT ( 'NONE',  ( 4.935986389309327649, 2.281199999999999672, 0.5128228601443192147 ) ) ;
#1184 = VERTEX_POINT ( 'NONE', #2784 ) ;
#1185 = CIRCLE ( 'NONE', #973, 0.3000000000000000444 ) ;
#1186 = LINE ( 'NONE', #2977, #2330 ) ;
#1187 = CARTESIAN_POINT ( 'NONE',  ( -5.550000000000001599, 0.000000000000000000, 0.000000000000000000 ) ) ;
#1188 = CARTESIAN_POINT ( 'NONE',  ( 5.875544170373612651, 2.414519088393673574, -1.098419712233046575 ) ) ;
#1189 = ORIENTED_EDGE ( 'NONE', *, *, #2922, .F. ) ;
#1190 = AXIS2_PLACEMENT_3D ( 'NONE', #1710, #574, #822 ) ;
#1191 = CARTESIAN_POINT ( 'NONE',  ( -7.638888888888889284, 24.58120000000000260, 2.275000000000002576 ) ) ;
#1192 = CARTESIAN_POINT ( 'NONE',  ( 6.050000000000000711, 0.3000000000000003775, 0.000000000000000000 ) ) ;
#1193 = CARTESIAN_POINT ( 'NONE',  ( -5.172247191967732860, 2.241909025116954890, -0.7104920344030245527 ) ) ;
#1194 = CARTESIAN_POINT ( 'NONE',  ( -4.776026716019397433, 2.281199999999999672, 0.7532264039257667854 ) ) ;
#1195 = FACE_OUTER_BOUND ( 'NONE', #3195, .T. ) ;
#1196 = CIRCLE ( 'NONE', #2729, 0.4000000000000001887 ) ;
#1197 = LINE ( 'NONE', #856, #2454 ) ;
#1198 = CARTESIAN_POINT ( 'NONE',  ( 8.446263952607630188, 2.408895857089559112, 1.095959319532848308 ) ) ;
#1199 = TOROIDAL_SURFACE ( 'NONE', #278, 2.111111111111110716, 0.4000000000000000222 ) ;
#1200 = ORIENTED_EDGE ( 'NONE', *, *, #1262, .F. ) ;
#1201 = CARTESIAN_POINT ( 'NONE',  ( -5.298277552475433083, 2.670938823310858634, 1.104999796354471986 ) ) ;
#1202 = AXIS2_PLACEMENT_3D ( 'NONE', #2607, #1946, #1167 ) ;
#1203 = AXIS2_PLACEMENT_3D ( 'NONE', #993, #456, #484 ) ;
#1204 = VECTOR ( 'NONE', #2657, 1000.000000000000000 ) ;
#1205 = LINE ( 'NONE', #1929, #140 ) ;
#1206 =( NAMED_UNIT ( * ) PLANE_ANGLE_UNIT ( ) SI_UNIT ( $, .RADIAN. ) );
#1207 = DIRECTION ( 'NONE',  ( 0.7675170133633436587, 0.000000000000000000, -0.6410285751803993515 ) ) ;
#1208 = FILL_AREA_STYLE ('',( #214 ) ) ;
#1209 = CARTESIAN_POINT ( 'NONE',  ( 9.733737522776854334, 23.46453989693070241, -3.905017228867360135 ) ) ;
#1210 = ORIENTED_EDGE ( 'NONE', *, *, #2917, .F. ) ;
#1211 = CARTESIAN_POINT ( 'NONE',  ( 8.688339613883396595, 2.938075594027402371, 1.114026776559245757 ) ) ;
#1212 = EDGE_CURVE ( 'NONE', #2029, #296, #806, .T. ) ;
#1213 = CARTESIAN_POINT ( 'NONE',  ( -8.088227986904527711, 24.53788731159992054, -2.788823549259495493 ) ) ;
#1214 = SURFACE_SIDE_STYLE ('',( #1471 ) ) ;
#1215 = SURFACE_STYLE_FILL_AREA ( #1648 ) ;
#1216 = CARTESIAN_POINT ( 'NONE',  ( -5.550000000000000711, 0.000000000000000000, 0.4999999999999995559 ) ) ;
#1217 = EDGE_LOOP ( 'NONE', ( #2648, #911, #2654, #2761 ) ) ;
#1218 = ADVANCED_FACE ( 'NONE', ( #1029 ), #1150, .T. ) ;
#1219 = EDGE_CURVE ( 'NONE', #797, #1954, #2137, .T. ) ;
#1220 = DIRECTION ( 'NONE',  ( 2.168404344971007685E-15, -1.000000000000000000, 0.000000000000000000 ) ) ;
#1221 = CARTESIAN_POINT ( 'NONE',  ( -6.066750796167657001, 1.992961687431015871, 0.6146681036050395397 ) ) ;
#1222 = CARTESIAN_POINT ( 'NONE',  ( 5.801958860214337932, 2.667743156376153557, -1.104917861850298388 ) ) ;
#1223 = FACE_OUTER_BOUND ( 'NONE', #352, .T. ) ;
#1224 = ORIENTED_EDGE ( 'NONE', *, *, #1440, .F. ) ;
#1225 = CARTESIAN_POINT ( 'NONE',  ( -7.638888888888889284, 24.58120000000000260, 2.275000000000002576 ) ) ;
#1226 = CARTESIAN_POINT ( 'NONE',  ( -5.082188777612960173, 2.317839862543437768, -0.8737201221119312855 ) ) ;
#1227 = FACE_OUTER_BOUND ( 'NONE', #2067, .T. ) ;
#1228 = TOROIDAL_SURFACE ( 'NONE', #2132, 4.149999999999993250, 0.4000000000000000222 ) ;
#1229 = CARTESIAN_POINT ( 'NONE',  ( 8.290411732538961687, 2.361653552187589433, 0.7069906714037791362 ) ) ;
#1230 = ORIENTED_EDGE ( 'NONE', *, *, #713, .F. ) ;
#1231 = CARTESIAN_POINT ( 'NONE',  ( -5.499031717740837877, 2.250195395304916079, -0.7999760585518970180 ) ) ;
#1232 = CARTESIAN_POINT ( 'NONE',  ( 5.413669974430743714, 2.437581547864636544, 1.099146418178712059 ) ) ;
#1233 = CARTESIAN_POINT ( 'NONE',  ( 7.638888888888889284, 22.07008888888888976, 4.549999999999999822 ) ) ;
#1234 = DIRECTION ( 'NONE',  ( -1.000000000000000000, 7.779029040254739985E-17, 0.000000000000000000 ) ) ;
#1235 = ADVANCED_FACE ( 'NONE', ( #2144 ), #1017, .T. ) ;
#1236 =( BOUNDED_SURFACE ( )  B_SPLINE_SURFACE ( 3, 2, ( 
 ( #216, #2032, #2329 ),
 ( #1373, #720, #3125 ),
 ( #1860, #784, #242 ),
 ( #1613, #2057, #2733 ),
 ( #2653, #578, #2355 ),
 ( #2682, #2082, #2924 ) ),
 .UNSPECIFIED., .F., .F., .F. ) 
 B_SPLINE_SURFACE_WITH_KNOTS ( ( 4, 2, 4 ),
 ( 3, 3 ),
 ( 7.088351173384355164E-15, 0.0002899908235956056212, 0.0005799816471841229455 ),
 ( 0.000000000000000000, 1.000000000000000000 ),
 .UNSPECIFIED. ) 
 GEOMETRIC_REPRESENTATION_ITEM ( )  RATIONAL_B_SPLINE_SURFACE ( (
 ( 1.000000000000000000, 0.8485159526776401284, 1.000000000000000000),
 ( 1.000000000000000000, 0.8313120691854487543, 1.000000000000000000),
 ( 1.000000000000000000, 0.8090305256549501500, 1.000000000000000000),
 ( 1.000000000000000000, 0.7591015437363302087, 1.000000000000000000),
 ( 1.000000000000000000, 0.7313988192925527931, 1.000000000000000000),
 ( 1.000000000000000000, 0.7071067811865473507, 1.000000000000000000) ) ) 
 REPRESENTATION_ITEM ( '' )  SURFACE ( )  );
#1237 = CARTESIAN_POINT ( 'NONE',  ( -8.287410161231498762, 2.360912457450288660, 1.095522883339080655 ) ) ;
#1238 = DIRECTION ( 'NONE',  ( 1.000000000000000000, 0.000000000000000000, 0.000000000000000000 ) ) ;
#1239 = ORIENTED_EDGE ( 'NONE', *, *, #718, .F. ) ;
#1240 = DIRECTION ( 'NONE',  ( -1.000000000000000000, 0.000000000000000000, 0.000000000000000000 ) ) ;
#1241 = CARTESIAN_POINT ( 'NONE',  ( -8.546549200515777045, 24.33698654915590964, 3.309741231190309385 ) ) ;
#1242 = CYLINDRICAL_SURFACE ( 'NONE', #1804, 0.3999999999999993006 ) ;
#1243 = CARTESIAN_POINT ( 'NONE',  ( -8.690353308719814152, 24.36667806000122027, -3.105983181429930795 ) ) ;
#1244 = CARTESIAN_POINT ( 'NONE',  ( -10.13424526414270410, 22.35093684210526632, 4.549999999999998934 ) ) ;
#1245 = VECTOR ( 'NONE', #2511, 1000.000000000000000 ) ;
#1246 = CARTESIAN_POINT ( 'NONE',  ( -9.750000000000000000, 2.281200000000000561, -16.29275362318840337 ) ) ;
#1247 = VERTEX_POINT ( 'NONE', #2846 ) ;
#1248 = CARTESIAN_POINT ( 'NONE',  ( -7.638888888888889284, 22.07008888888888976, 4.549999999999999822 ) ) ;
#1249 = VECTOR ( 'NONE', #3239, 1000.000000000000000 ) ;
#1250 = AXIS2_PLACEMENT_3D ( 'NONE', #1116, #2213, #1424 ) ;
#1251 = DIRECTION ( 'NONE',  ( -1.000000000000000000, -2.428945146063513348E-17, 0.000000000000000000 ) ) ;
#1252 = CARTESIAN_POINT ( 'NONE',  ( 6.323789614267765202, 2.281199999999969030, 0.7533520677059755144 ) ) ;
#1253 = EDGE_CURVE ( 'NONE', #422, #835, #2176, .T. ) ;
#1254 = CIRCLE ( 'NONE', #1014, 0.3000000000000000999 ) ;
#1255 = ORIENTED_EDGE ( 'NONE', *, *, #1762, .F. ) ;
#1256 =( LENGTH_UNIT ( ) NAMED_UNIT ( * ) SI_UNIT ( .MILLI., .METRE. ) );
#1257 = ADVANCED_FACE ( 'NONE', ( #2185 ), #138, .T. ) ;
#1258 = COLOUR_RGB ( '',0.7960784313725489669, 0.8235294117647058432, 0.9372549019607843146 ) ;
#1259 = FACE_OUTER_BOUND ( 'NONE', #2815, .T. ) ;
#1260 = AXIS2_PLACEMENT_3D ( 'NONE', #542, #1853, #1049 ) ;
#1261 = LINE ( 'NONE', #349, #160 ) ;
#1262 = EDGE_CURVE ( 'NONE', #2, #853, #1075, .T. ) ;
#1263 = ORIENTED_EDGE ( 'NONE', *, *, #2158, .F. ) ;
#1264 = DIRECTION ( 'NONE',  ( -0.000000000000000000, -1.000000000000000000, -0.000000000000000000 ) ) ;
#1265 = CARTESIAN_POINT ( 'NONE',  ( 5.613162528596811640, 2.659753072185780276, 1.104716876246559121 ) ) ;
#1266 = CIRCLE ( 'NONE', #2530, 0.4000000000000000222 ) ;
#1267 = CARTESIAN_POINT ( 'NONE',  ( -9.733737522776854334, 23.46453989693070241, -3.905017228867360135 ) ) ;
#1268 = CARTESIAN_POINT ( 'NONE',  ( -8.290411732538961687, 2.361653552187589433, 0.7069906714037791362 ) ) ;
#1269 = EDGE_LOOP ( 'NONE', ( #2245, #2658, #2697, #897 ) ) ;
#1270 = EDGE_CURVE ( 'NONE', #1637, #324, #2308, .T. ) ;
#1271 = CARTESIAN_POINT ( 'NONE',  ( 7.638888888888889284, 22.07008888888888976, 4.549999999999999822 ) ) ;
#1272 = FACE_OUTER_BOUND ( 'NONE', #2397, .T. ) ;
#1273 = CARTESIAN_POINT ( 'NONE',  ( -9.750000000000000000, 2.281200000000000561, -16.29275362318840337 ) ) ;
#1274 = FACE_OUTER_BOUND ( 'NONE', #2617, .T. ) ;
#1275 = VERTEX_POINT ( 'NONE', #1336 ) ;
#1276 = EDGE_CURVE ( 'NONE', #2868, #348, #2265, .T. ) ;
#1277 = CARTESIAN_POINT ( 'NONE',  ( -9.750000000000001776, 13.43119999999999514, 3.469446951953614189E-15 ) ) ;
#1278 = CARTESIAN_POINT ( 'NONE',  ( -7.914847566337467555, 2.670938823310716970, -1.104999796354468655 ) ) ;
#1279 = TOROIDAL_SURFACE ( 'NONE', #462, 0.4999999999999990563, 0.3000000000000006550 ) ;
#1280 = EDGE_LOOP ( 'NONE', ( #1598, #2326, #485, #1285 ) ) ;
#1281 = CARTESIAN_POINT ( 'NONE',  ( 9.720341846117623419, 22.48314161824510293, 4.549999999999998934 ) ) ;
#1282 = PRESENTATION_STYLE_ASSIGNMENT (( #569 ) ) ;
#1283 = CARTESIAN_POINT ( 'NONE',  ( 7.904775085550787672, 24.58120000000000260, -2.485661889629982912 ) ) ;
#1284 = CIRCLE ( 'NONE', #852, 0.3999999999999998557 ) ;
#1285 = ORIENTED_EDGE ( 'NONE', *, *, #20, .F. ) ;
#1286 =( NAMED_UNIT ( * ) SI_UNIT ( $, .STERADIAN. ) SOLID_ANGLE_UNIT ( ) );
#1287 = CARTESIAN_POINT ( 'NONE',  ( 5.172124805497047006, 2.670938823310725851, 1.104999796354469543 ) ) ;
#1288 = ADVANCED_FACE ( 'NONE', ( #1172 ), #1096, .T. ) ;
#1289 = SURFACE_STYLE_FILL_AREA ( #4 ) ;
#1290 = CIRCLE ( 'NONE', #2009, 0.3000000000000007661 ) ;
#1291 = CARTESIAN_POINT ( 'NONE',  ( 10.14999999999999858, 13.43119999999999514, 3.469446951953614189E-15 ) ) ;
#1292 = CARTESIAN_POINT ( 'NONE',  ( -7.638888888888887507, 2.670938823310716081, 1.104999796354469543 ) ) ;
#1293 = DIRECTION ( 'NONE',  ( -1.000000000000000000, 7.779029040254739985E-17, 0.000000000000000000 ) ) ;
#1294 = ORIENTED_EDGE ( 'NONE', *, *, #718, .T. ) ;
#1295 = CARTESIAN_POINT ( 'NONE',  ( 8.180082139646710715, 2.735247718680470452, 1.106764663593826414 ) ) ;
#1296 = CIRCLE ( 'NONE', #1190, 0.7999999999999994893 ) ;
#1297 = CARTESIAN_POINT ( 'NONE',  ( -9.750000000000001776, 13.43119999999999514, 3.469446951953614189E-15 ) ) ;
#1298 = SURFACE_STYLE_FILL_AREA ( #3142 ) ;
#1299 = CARTESIAN_POINT ( 'NONE',  ( 9.750000000000001776, 13.43119999999999514, 3.469446951953614189E-15 ) ) ;
#1300 = ORIENTED_EDGE ( 'NONE', *, *, #162, .F. ) ;
#1301 = MECHANICAL_DESIGN_GEOMETRIC_PRESENTATION_REPRESENTATION (  '', ( #3413 ), #2630 ) ;
#1302 = CARTESIAN_POINT ( 'NONE',  ( 5.927875194502955303, 2.681199999999999140, -0.7051314326984381431 ) ) ;
#1303 = FACE_OUTER_BOUND ( 'NONE', #2333, .T. ) ;
#1304 = EDGE_CURVE ( 'NONE', #1736, #1586, #1159, .T. ) ;
#1305 = DIRECTION ( 'NONE',  ( -1.000000000000000000, 0.000000000000000000, 0.000000000000000000 ) ) ;
#1306 = APPLICATION_CONTEXT ( 'automotive_design' ) ;
#1307 = DIRECTION ( 'NONE',  ( 1.112519005877866565E-16, 1.000000000000000000, 0.000000000000000000 ) ) ;
#1308 = CYLINDRICAL_SURFACE ( 'NONE', #1896, 0.7999999999999994893 ) ;
#1309 = EDGE_LOOP ( 'NONE', ( #3108, #450 ) ) ;
#1310 = TOROIDAL_SURFACE ( 'NONE', #1669, 0.4999999999999990563, 0.3000000000000006550 ) ;
#1311 = AXIS2_PLACEMENT_3D ( 'NONE', #2171, #312, #2094 ) ;
#1312 = EDGE_CURVE ( 'NONE', #1586, #1005, #61, .T. ) ;
#1313 = CARTESIAN_POINT ( 'NONE',  ( -7.638888888888889284, 22.07008888888888976, -4.549999999999999822 ) ) ;
#1314 = DIRECTION ( 'NONE',  ( 2.428945146063511808E-17, 1.000000000000000000, 0.000000000000000000 ) ) ;
#1315 = EDGE_LOOP ( 'NONE', ( #2409, #2170, #908, #434 ) ) ;
#1316 = CARTESIAN_POINT ( 'NONE',  ( -10.14999999999999858, 4.792311111111110300, 0.9035273092664040107 ) ) ;
#1317 = CARTESIAN_POINT ( 'NONE',  ( 5.172124805497047006, 2.670938823310716081, -1.104999796354468655 ) ) ;
#1318 = CARTESIAN_POINT ( 'NONE',  ( 9.806397907962297822, 3.513910438616661747, -1.148334503620871860 ) ) ;
#1319 = VECTOR ( 'NONE', #3275, 1000.000000000000000 ) ;
#1320 = CARTESIAN_POINT ( 'NONE',  ( 5.928080933291647092, 2.241886438111684754, -0.7103574412625044410 ) ) ;
#1321 = EDGE_CURVE ( 'NONE', #171, #1114, #3438, .T. ) ;
#1322 = ORIENTED_EDGE ( 'NONE', *, *, #337, .T. ) ;
#1323 = ADVANCED_FACE ( 'NONE', ( #1195 ), #2362, .T. ) ;
#1324 = CIRCLE ( 'NONE', #577, 0.4000000000000001332 ) ;
#1325 = FACE_OUTER_BOUND ( 'NONE', #3396, .T. ) ;
#1326 = CARTESIAN_POINT ( 'NONE',  ( 9.404302230379938621, 23.86269721381876607, 3.659217170442682132 ) ) ;
#1327 = CIRCLE ( 'NONE', #3228, 2.511111111111111516 ) ;
#1328 = PRESENTATION_STYLE_ASSIGNMENT (( #758 ) ) ;
#1329 = ORIENTED_EDGE ( 'NONE', *, *, #761, .F. ) ;
#1330 = CARTESIAN_POINT ( 'NONE',  ( -7.912655588972758558, 2.683990167151343087, 1.105318681993971541 ) ) ;
#1331 = CARTESIAN_POINT ( 'NONE',  ( -5.950860115170745424, 2.025495375897254036, -0.6958073192129248241 ) ) ;
#1332 = COLOUR_RGB ( '',0.7960784313725489669, 0.8235294117647058432, 0.9372549019607843146 ) ;
#1333 = CARTESIAN_POINT ( 'NONE',  ( -5.172124805497047006, 2.670938823310716081, 1.104999796354469099 ) ) ;
#1334 = ORIENTED_EDGE ( 'NONE', *, *, #2390, .T. ) ;
#1335 = CARTESIAN_POINT ( 'NONE',  ( 5.550000000000001599, 0.000000000000000000, 0.000000000000000000 ) ) ;
#1336 = CARTESIAN_POINT ( 'NONE',  ( 9.736754868084572578, 22.30620000000000047, 4.549999999999999822 ) ) ;
#1337 = ORIENTED_EDGE ( 'NONE', *, *, #3205, .T. ) ;
#1338 = CARTESIAN_POINT ( 'NONE',  ( -10.15000000000000036, 22.07008888888888976, 4.150000000000000355 ) ) ;
#1339 = CARTESIAN_POINT ( 'NONE',  ( 5.482346304845669316, 2.440354384372751539, 1.099248592855224249 ) ) ;
#1340 = CARTESIAN_POINT ( 'NONE',  ( 7.917326790515972768, 2.670938830198335001, -1.104999796531213496 ) ) ;
#1341 = DIRECTION ( 'NONE',  ( -0.000000000000000000, 1.000000000000000000, 0.000000000000000000 ) ) ;
#1342 = CIRCLE ( 'NONE', #2844, 0.3000000000000007661 ) ;
#1343 = AXIS2_PLACEMENT_3D ( 'NONE', #2506, #888, #1864 ) ;
#1344 = ADVANCED_FACE ( 'NONE', ( #71 ), #173, .T. ) ;
#1345 = DIRECTION ( 'NONE',  ( 0.000000000000000000, 0.000000000000000000, 1.000000000000000000 ) ) ;
#1346 = VERTEX_POINT ( 'NONE', #3338 ) ;
#1347 = CARTESIAN_POINT ( 'NONE',  ( 9.750000000000001776, 22.07008888888888976, -4.549999999999999822 ) ) ;
#1348 = CARTESIAN_POINT ( 'NONE',  ( -8.104298934961708056, 24.53443914651844437, 2.807194344420777199 ) ) ;
#1349 = CARTESIAN_POINT ( 'NONE',  ( 5.172124805497047006, 2.327807721739318048, -0.8925184591056147809 ) ) ;
#1350 = AXIS2_PLACEMENT_3D ( 'NONE', #1988, #3101, #1207 ) ;
#1351 = CARTESIAN_POINT ( 'NONE',  ( -8.690353308719814152, 24.36667806000122027, 3.105983181429930795 ) ) ;
#1352 = CARTESIAN_POINT ( 'NONE',  ( -10.14999999999999858, 4.792311111111110300, -0.9035273092663966832 ) ) ;
#1353 = EDGE_CURVE ( 'NONE', #1184, #2456, #2840, .T. ) ;
#1354 = ORIENTED_EDGE ( 'NONE', *, *, #3, .T. ) ;
#1355 = ADVANCED_FACE ( 'NONE', ( #1303 ), #1310, .T. ) ;
#1356 = CARTESIAN_POINT ( 'NONE',  ( -5.801958860214337932, 2.667743156376157110, -1.104917861850298388 ) ) ;
#1357 = DIRECTION ( 'NONE',  ( -1.000000000000000000, 0.000000000000000000, 0.000000000000000000 ) ) ;
#1358 = CYLINDRICAL_SURFACE ( 'NONE', #276, 2.511111111111111516 ) ;
#1359 = CYLINDRICAL_SURFACE ( 'NONE', #1664, 0.4999999999999995559 ) ;
#1360 = AXIS2_PLACEMENT_3D ( 'NONE', #3062, #192, #1784 ) ;
#1361 = ORIENTED_EDGE ( 'NONE', *, *, #1548, .T. ) ;
#1362 = EDGE_CURVE ( 'NONE', #2029, #1247, #179, .T. ) ;
#1363 = DIRECTION ( 'NONE',  ( 0.000000000000000000, -0.9869473144907692230, 0.1610434674845861169 ) ) ;
#1364 =( LENGTH_UNIT ( ) NAMED_UNIT ( * ) SI_UNIT ( .MILLI., .METRE. ) );
#1365 = TOROIDAL_SURFACE ( 'NONE', #1582, 1.099999999999999423, 0.2999999999999999889 ) ;
#1366 = ORIENTED_EDGE ( 'NONE', *, *, #1353, .T. ) ;
#1367 = DIRECTION ( 'NONE',  ( -0.000000000000000000, 1.000000000000000000, -0.000000000000000000 ) ) ;
#1368 = CARTESIAN_POINT ( 'NONE',  ( 5.348020707424385733, 2.248882553508908089, -0.7759370843158098774 ) ) ;
#1369 = EDGE_CURVE ( 'NONE', #2478, #296, #2418, .T. ) ;
#1370 = LINE ( 'NONE', #2655, #174 ) ;
#1371 = CARTESIAN_POINT ( 'NONE',  ( 9.897819489449544150, 3.683308844934188198, -0.7795991295617613615 ) ) ;
#1372 = CARTESIAN_POINT ( 'NONE',  ( -9.290591292735792095, 2.893946079227311508, 1.109227022199161139 ) ) ;
#1373 = CARTESIAN_POINT ( 'NONE',  ( -5.081750043010395679, 2.317791235116509529, 0.8736284158850697867 ) ) ;
#1374 = ORIENTED_EDGE ( 'NONE', *, *, #345, .F. ) ;
#1375 = CARTESIAN_POINT ( 'NONE',  ( 5.927875194502957079, 2.670938823310716970, 1.104999796354467323 ) ) ;
#1376 = FACE_OUTER_BOUND ( 'NONE', #1315, .T. ) ;
#1377 = CARTESIAN_POINT ( 'NONE',  ( 10.06027906005705574, 22.76837250919552247, 4.513562537677294095 ) ) ;
#1378 = LINE ( 'NONE', #2963, #288 ) ;
#1379 = CARTESIAN_POINT ( 'NONE',  ( -9.612725484972598267, 22.93287698340414593, 4.463789783440703651 ) ) ;
#1380 = CARTESIAN_POINT ( 'NONE',  ( -5.793060591908026247, 2.336251248079133536, 0.9145708850379173915 ) ) ;
#1381 = CARTESIAN_POINT ( 'NONE',  ( -9.736754868084572578, 22.30620000000000047, -4.549999999999999822 ) ) ;
#1382 = ORIENTED_EDGE ( 'NONE', *, *, #3241, .F. ) ;
#1383 = DIRECTION ( 'NONE',  ( 1.000000000000000000, 0.000000000000000000, 0.000000000000000000 ) ) ;
#1384 = DIRECTION ( 'NONE',  ( -2.428945146063511808E-17, 1.000000000000000000, -0.000000000000000000 ) ) ;
#1385 = CIRCLE ( 'NONE', #3039, 4.549999999999999822 ) ;
#1386 = CARTESIAN_POINT ( 'NONE',  ( -5.864878394926070548, 2.670938753401459920, 1.104999794560501014 ) ) ;
#1387 = ORIENTED_EDGE ( 'NONE', *, *, #1548, .F. ) ;
#1388 = ADVANCED_FACE ( 'NONE', ( #2446 ), #2240, .T. ) ;
#1389 = CIRCLE ( 'NONE', #3220, 4.149999999999999467 ) ;
#1390 = CARTESIAN_POINT ( 'NONE',  ( 5.172124805497047006, 2.327807721739318048, -0.8925184591056147809 ) ) ;
#1391 = LINE ( 'NONE', #3029, #250 ) ;
#1392 =( BOUNDED_SURFACE ( )  B_SPLINE_SURFACE ( 3, 2, ( 
 ( #929, #1962, #2578 ),
 ( #183, #671, #3357 ),
 ( #3071, #909, #2879 ),
 ( #3093, #3330, #469 ),
 ( #1226, #1193, #2233 ),
 ( #1757, #1523, #207 ) ),
 .UNSPECIFIED., .F., .F., .F. ) 
 B_SPLINE_SURFACE_WITH_KNOTS ( ( 4, 2, 4 ),
 ( 3, 3 ),
 ( 2.168404344971008868E-19, 0.0002893117355247156190, 0.0005786234710494310212 ),
 ( 0.000000000000000000, 1.000000000000000000 ),
 .UNSPECIFIED. ) 
 GEOMETRIC_REPRESENTATION_ITEM ( )  RATIONAL_B_SPLINE_SURFACE ( (
 ( 1.000000000000000000, 0.7071067811865471286, 1.000000000000000000),
 ( 1.000000000000000000, 0.7316440224687599247, 1.000000000000000000),
 ( 1.000000000000000000, 0.7586247513653274765, 1.000000000000000000),
 ( 1.000000000000000000, 0.8085646020058787631, 1.000000000000000000),
 ( 1.000000000000000000, 0.8314738065366412689, 1.000000000000000000),
 ( 1.000000000000000000, 0.8485159526763771387, 1.000000000000000000) ) ) 
 REPRESENTATION_ITEM ( '' )  SURFACE ( )  );
#1393 = ORIENTED_EDGE ( 'NONE', *, *, #2892, .T. ) ;
#1394 = CARTESIAN_POINT ( 'NONE',  ( 10.13406404166294372, 4.466414919597674782, -0.8607239381907481057 ) ) ;
#1395 = FACE_OUTER_BOUND ( 'NONE', #2703, .T. ) ;
#1396 = LINE ( 'NONE', #72, #1413 ) ;
#1397 = CARTESIAN_POINT ( 'NONE',  ( -9.897999102242815539, 3.683840329598373931, 0.7796519416317256868 ) ) ;
#1398 = ORIENTED_EDGE ( 'NONE', *, *, #3047, .F. ) ;
#1399 = AXIS2_PLACEMENT_3D ( 'NONE', #1955, #879, #920 ) ;
#1400 = EDGE_CURVE ( 'NONE', #464, #2059, #2453, .T. ) ;
#1401 = CARTESIAN_POINT ( 'NONE',  ( 9.953797038860242807, 23.05268453380634242, 4.429854299684595098 ) ) ;
#1402 = CARTESIAN_POINT ( 'NONE',  ( -7.862420500946055490, 24.58120000000000260, 2.530601913656308266 ) ) ;
#1403 = CARTESIAN_POINT ( 'NONE',  ( -9.474248908772114675, 3.702621059958679073, -1.166222083145986632 ) ) ;
#1404 = CARTESIAN_POINT ( 'NONE',  ( 9.736754868084572578, 22.30620000000000047, -4.549999999999999822 ) ) ;
#1405 = ORIENTED_EDGE ( 'NONE', *, *, #2912, .F. ) ;
#1406 = B_SPLINE_CURVE_WITH_KNOTS ( 'NONE', 3,
 ( #1, #2092, #2344, #3409 ),
 .UNSPECIFIED., .F., .F.,
 ( 4, 4 ),
 ( 0.000000000000000000, 0.0004283766508594118367 ),
 .UNSPECIFIED. ) ;
#1407 = CARTESIAN_POINT ( 'NONE',  ( -5.927875194502953526, 2.670938823310717414, -1.104999796354469543 ) ) ;
#1408 = EDGE_CURVE ( 'NONE', #1650, #891, #488, .T. ) ;
#1409 = CARTESIAN_POINT ( 'NONE',  ( 7.638888888888887507, 2.281199999999999672, 0.7051314326984381431 ) ) ;
#1410 = ORIENTED_EDGE ( 'NONE', *, *, #2235, .F. ) ;
#1411 = FACE_OUTER_BOUND ( 'NONE', #743, .T. ) ;
#1412 = CARTESIAN_POINT ( 'NONE',  ( -9.750000000000000000, -7.584553314248371702E-16, 4.549999999999999822 ) ) ;
#1413 = VECTOR ( 'NONE', #2980, 1000.000000000000000 ) ;
#1414 = ORIENTED_EDGE ( 'NONE', *, *, #1622, .T. ) ;
#1415 = CARTESIAN_POINT ( 'NONE',  ( 5.363918708732780871, 2.080966739078598415, -0.7794458839193140198 ) ) ;
#1416 = ADVANCED_FACE ( 'NONE', ( #2458 ), #2814, .T. ) ;
#1417 = DIRECTION ( 'NONE',  ( 0.000000000000000000, 0.000000000000000000, 1.000000000000000000 ) ) ;
#1418 = CARTESIAN_POINT ( 'NONE',  ( -9.827968017814560753, 23.30938813411342636, -4.323837029356977446 ) ) ;
#1419 = CARTESIAN_POINT ( 'NONE',  ( 9.821087977695052373, 3.539077193952619549, -0.7678404488769855485 ) ) ;
#1420 = CARTESIAN_POINT ( 'NONE',  ( -9.820457981795559732, 3.537831691565829662, 0.7677368172660621326 ) ) ;
#1421 = ORIENTED_EDGE ( 'NONE', *, *, #1977, .T. ) ;
#1422 = CARTESIAN_POINT ( 'NONE',  ( -5.550000000000001599, 0.2999999999999999334, 0.000000000000000000 ) ) ;
#1423 = CARTESIAN_POINT ( 'NONE',  ( 9.638600796453646424, 23.60427248664755240, 4.156839352575696367 ) ) ;
#1424 = DIRECTION ( 'NONE',  ( 0.000000000000000000, 0.000000000000000000, -1.000000000000000000 ) ) ;
#1425 = CARTESIAN_POINT ( 'NONE',  ( -5.429992193907651199, 2.339551877427817228, 0.9306786171895174986 ) ) ;
#1426 = CARTESIAN_POINT ( 'NONE',  ( -9.323490571314287934, 23.57174229175085145, -4.171642453443872078 ) ) ;
#1427 = EDGE_LOOP ( 'NONE', ( #3021, #2670, #694, #738 ) ) ;
#1428 = COLOUR_RGB ( '',0.2509803921568627416, 0.2509803921568627416, 0.2509803921568627416 ) ;
#1429 = VECTOR ( 'NONE', #825, 1000.000000000000000 ) ;
#1430 = CARTESIAN_POINT ( 'NONE',  ( 5.927875194502956191, 2.327807721739338032, 0.8925184591056563033 ) ) ;
#1431 = CARTESIAN_POINT ( 'NONE',  ( 7.638888888888889284, 24.58119999999999905, -2.275000000000002576 ) ) ;
#1432 = ORIENTED_EDGE ( 'NONE', *, *, #2011, .T. ) ;
#1433 = CARTESIAN_POINT ( 'NONE',  ( 9.968624790166215277, 23.02279868917396755, -4.068460357056409293 ) ) ;
#1434 = AXIS2_PLACEMENT_3D ( 'NONE', #1422, #3188, #1063 ) ;
#1435 = AXIS2_PLACEMENT_3D ( 'NONE', #613, #2182, #1220 ) ;
#1436 = ORIENTED_EDGE ( 'NONE', *, *, #3055, .F. ) ;
#1437 = CARTESIAN_POINT ( 'NONE',  ( 4.705731285300324807, 2.281199999999999672, 0.7051314326984389202 ) ) ;
#1438 = AXIS2_PLACEMENT_3D ( 'NONE', #1313, #1055, #2956 ) ;
#1439 = EDGE_LOOP ( 'NONE', ( #1992, #2437, #2888, #1604 ) ) ;
#1440 = EDGE_CURVE ( 'NONE', #853, #357, #139, .T. ) ;
#1441 = ORIENTED_EDGE ( 'NONE', *, *, #2912, .T. ) ;
#1442 = CARTESIAN_POINT ( 'NONE',  ( -6.065787315603155427, 1.993195793685329731, -0.6154833951352950416 ) ) ;
#1443 = CARTESIAN_POINT ( 'NONE',  ( 8.690353308719814152, 24.36667806000122027, 3.105983181429930795 ) ) ;
#1444 = CARTESIAN_POINT ( 'NONE',  ( 8.758049914790436929, 24.19656177256311125, 3.548308993367212505 ) ) ;
#1445 = CARTESIAN_POINT ( 'NONE',  ( -9.806397907962297822, 3.513910438616661747, -1.148334503620871860 ) ) ;
#1446 = DIRECTION ( 'NONE',  ( 0.7675170133633437697, 0.000000000000000000, -0.6410285751803991294 ) ) ;
#1447 = CARTESIAN_POINT ( 'NONE',  ( -8.104256000166849105, 24.53445141928175488, -2.807145351984621229 ) ) ;
#1448 = ORIENTED_EDGE ( 'NONE', *, *, #424, .F. ) ;
#1449 = EDGE_CURVE ( 'NONE', #2416, #1538, #2413, .T. ) ;
#1450 = ORIENTED_EDGE ( 'NONE', *, *, #3321, .F. ) ;
#1451 = CARTESIAN_POINT ( 'NONE',  ( 9.913820663629158148, 23.14244903880339876, -4.396861057499527270 ) ) ;
#1452 = SURFACE_STYLE_FILL_AREA ( #2261 ) ;
#1453 = CARTESIAN_POINT ( 'NONE',  ( 7.968421005999735129, 2.297528871546789642, 0.7054665353813177608 ) ) ;
#1454 = EDGE_LOOP ( 'NONE', ( #1169, #154, #817, #2680 ) ) ;
#1455 = CARTESIAN_POINT ( 'NONE',  ( 5.550000000000000711, -23.41880000000000095, 0.000000000000000000 ) ) ;
#1456 = CARTESIAN_POINT ( 'NONE',  ( -5.550000000000000711, -23.41880000000000095, 0.000000000000000000 ) ) ;
#1457 = ORIENTED_EDGE ( 'NONE', *, *, #1915, .T. ) ;
#1458 = ADVANCED_FACE ( 'NONE', ( #2497 ), #1991, .F. ) ;
#1459 = CARTESIAN_POINT ( 'NONE',  ( 10.07685949546848470, 22.69588810166693804, -4.132805677513725406 ) ) ;
#1460 = ORIENTED_EDGE ( 'NONE', *, *, #380, .F. ) ;
#1461 = CARTESIAN_POINT ( 'NONE',  ( 5.172247191955366752, 2.241909025116192833, -0.7104920343972608299 ) ) ;
#1462 = CARTESIAN_POINT ( 'NONE',  ( -5.550000000000001599, 1.981200000000000738, 0.000000000000000000 ) ) ;
#1463 = CARTESIAN_POINT ( 'NONE',  ( -5.172124805497047006, 2.327807721739320268, 0.8925184591056234407 ) ) ;
#1464 = ORIENTED_EDGE ( 'NONE', *, *, #635, .F. ) ;
#1465 = CARTESIAN_POINT ( 'NONE',  ( -9.749999999999998224, 4.591639322635749032, -1.276073152351552498 ) ) ;
#1466 = ORIENTED_EDGE ( 'NONE', *, *, #2547, .T. ) ;
#1467 = ORIENTED_EDGE ( 'NONE', *, *, #1408, .F. ) ;
#1468 = CARTESIAN_POINT ( 'NONE',  ( 5.927875194502956191, 2.327807721739338032, 0.8925184591056563033 ) ) ;
#1469 = CARTESIAN_POINT ( 'NONE',  ( -4.705731285300323918, 1.981199999999999850, -0.7051314326984381431 ) ) ;
#1470 = UNCERTAINTY_MEASURE_WITH_UNIT (LENGTH_MEASURE( 1.000000000000000082E-05 ), #814, 'distance_accuracy_value', 'NONE');
#1471 = SURFACE_STYLE_FILL_AREA ( #647 ) ;
#1472 = DIRECTION ( 'NONE',  ( -1.000000000000000000, 1.626303258728256059E-15, -4.173319673402040553E-17 ) ) ;
#1473 = CARTESIAN_POINT ( 'NONE',  ( -6.394268714699679279, 1.981199999999999850, 0.7051314326984389202 ) ) ;
#1474 = VERTEX_POINT ( 'NONE', #3104 ) ;
#1475 = PRODUCT_RELATED_PRODUCT_CATEGORY ( 'part', '', ( #2668 ) ) ;
#1476 = AXIS2_PLACEMENT_3D ( 'NONE', #1919, #2469, #581 ) ;
#1477 = VERTEX_POINT ( 'NONE', #3186 ) ;
#1478 = CARTESIAN_POINT ( 'NONE',  ( 7.638888888888889284, 24.58120000000000260, -2.275000000000002576 ) ) ;
#1479 = CYLINDRICAL_SURFACE ( 'NONE', #2380, 0.7999999999999994893 ) ;
#1480 = DIRECTION ( 'NONE',  ( 0.9239411971985069805, 0.1792050186215736751, 0.3379618697726580190 ) ) ;
#1481 = CARTESIAN_POINT ( 'NONE',  ( 5.802171224812052053, 2.339217864938149649, 0.9140367924589272164 ) ) ;
#1482 = DIRECTION ( 'NONE',  ( 0.000000000000000000, 0.5647641769131962475, -0.8252523398788759179 ) ) ;
#1483 = ORIENTED_EDGE ( 'NONE', *, *, #3420, .F. ) ;
#1484 = SURFACE_STYLE_USAGE ( .BOTH. , #2197 ) ;
#1485 = AXIS2_PLACEMENT_3D ( 'NONE', #3359, #497, #711 ) ;
#1486 = ORIENTED_EDGE ( 'NONE', *, *, #543, .T. ) ;
#1487 = AXIS2_PLACEMENT_3D ( 'NONE', #2461, #607, #2794 ) ;
#1488 = CARTESIAN_POINT ( 'NONE',  ( -5.172124805497047006, 2.327807721739318048, -0.8925184591056147809 ) ) ;
#1489 = ORIENTED_EDGE ( 'NONE', *, *, #3380, .T. ) ;
#1490 = CARTESIAN_POINT ( 'NONE',  ( -5.361957085271124690, 2.085905742805768348, 0.7830563978441773543 ) ) ;
#1491 = CARTESIAN_POINT ( 'NONE',  ( -8.732649090494987831, 24.23152298004593774, -3.520693689872818055 ) ) ;
#1492 = EDGE_LOOP ( 'NONE', ( #2198, #1518, #2274 ) ) ;
#1493 = CARTESIAN_POINT ( 'NONE',  ( 5.856305867380355856, 2.246827277526832312, 0.7397978347192712967 ) ) ;
#1494 = EDGE_CURVE ( 'NONE', #2868, #3087, #2517, .T. ) ;
#1495 = ORIENTED_EDGE ( 'NONE', *, *, #1118, .T. ) ;
#1496 = ORIENTED_EDGE ( 'NONE', *, *, #303, .T. ) ;
#1497 = CARTESIAN_POINT ( 'NONE',  ( -6.135379736309381826, 2.261363094636948734, -0.5471069201082369160 ) ) ;
#1498 = CARTESIAN_POINT ( 'NONE',  ( 5.620615545431790316, 2.327089816977603753, -0.9112494961963217843 ) ) ;
#1499 = EDGE_CURVE ( 'NONE', #1713, #3314, #2512, .T. ) ;
#1500 = DIRECTION ( 'NONE',  ( 0.000000000000000000, 0.000000000000000000, -1.000000000000000000 ) ) ;
#1501 = ORIENTED_EDGE ( 'NONE', *, *, #303, .F. ) ;
#1502 = ORIENTED_EDGE ( 'NONE', *, *, #2539, .F. ) ;
#1503 = CARTESIAN_POINT ( 'NONE',  ( 9.029380646748702333, 23.95305718411625051, -3.851145774268730282 ) ) ;
#1504 = CARTESIAN_POINT ( 'NONE',  ( 7.638888888888889284, 22.07008888888888976, -4.549999999999999822 ) ) ;
#1505 = CARTESIAN_POINT ( 'NONE',  ( 10.13424526414270233, 22.35093684210526632, -4.149999999999999467 ) ) ;
#1506 = CARTESIAN_POINT ( 'NONE',  ( 5.738042914723592069, 2.085905742806259067, -0.7830563978454692098 ) ) ;
#1507 = ORIENTED_EDGE ( 'NONE', *, *, #2028, .F. ) ;
#1508 = ORIENTED_EDGE ( 'NONE', *, *, #385, .F. ) ;
#1509 = DIRECTION ( 'NONE',  ( 7.779029040254739985E-17, -1.000000000000000000, 0.000000000000000000 ) ) ;
#1510 = FACE_OUTER_BOUND ( 'NONE', #2339, .T. ) ;
#1511 = VERTEX_POINT ( 'NONE', #3452 ) ;
#1512 = CARTESIAN_POINT ( 'NONE',  ( 8.567384341665118086, 2.875715332059816109, 1.111551353431172062 ) ) ;
#1513 = DIRECTION ( 'NONE',  ( 1.000000000000000000, 7.779029040254739985E-17, -0.000000000000000000 ) ) ;
#1514 = ADVANCED_FACE ( 'NONE', ( #2377 ), #1844, .F. ) ;
#1515 =( LENGTH_UNIT ( ) NAMED_UNIT ( * ) SI_UNIT ( .MILLI., .METRE. ) );
#1516 = TOROIDAL_SURFACE ( 'NONE', #3150, 0.4999999999999990563, 0.3000000000000006550 ) ;
#1517 = CARTESIAN_POINT ( 'NONE',  ( 9.750000000000001776, 13.43120000000000047, 4.150000000000000355 ) ) ;
#1518 = ORIENTED_EDGE ( 'NONE', *, *, #3058, .F. ) ;
#1519 = CARTESIAN_POINT ( 'NONE',  ( 5.487168218090303640, 2.659745974375954614, -1.104716699339394870 ) ) ;
#1520 = CYLINDRICAL_SURFACE ( 'NONE', #45, 15.19275362318840727 ) ;
#1521 = CARTESIAN_POINT ( 'NONE',  ( -10.14999999999999858, 2.281199999999999672, 0.7051314326984390313 ) ) ;
#1522 = CARTESIAN_POINT ( 'NONE',  ( -8.578072526876045600, 2.880812904862637858, -1.111749099062405044 ) ) ;
#1523 = CARTESIAN_POINT ( 'NONE',  ( -5.243694132614393766, 2.246827277526470379, -0.7397978347171159097 ) ) ;
#1524 = PRESENTATION_LAYER_ASSIGNMENT (  '', '', ( #2940 ) ) ;
#1525 = ORIENTED_EDGE ( 'NONE', *, *, #1147, .F. ) ;
#1526 = CARTESIAN_POINT ( 'NONE',  ( 8.939887863205958851, 24.23839922023967475, -3.301670625908735168 ) ) ;
#1527 = LINE ( 'NONE', #1174, #2722 ) ;
#1528 = PLANE ( 'NONE',  #661 ) ;
#1529 = ADVANCED_FACE ( 'NONE', ( #2387 ), #1236, .F. ) ;
#1530 = AXIS2_PLACEMENT_3D ( 'NONE', #2411, #2178, #2495 ) ;
#1531 = ORIENTED_EDGE ( 'NONE', *, *, #610, .F. ) ;
#1532 =( BOUNDED_SURFACE ( )  B_SPLINE_SURFACE ( 3, 2, ( 
 ( #1292, #917, #1822 ),
 ( #1843, #2266, #2618 ),
 ( #1587, #2081, #480 ),
 ( #696, #1237, #1268 ),
 ( #2056, #1536, #1783 ),
 ( #2012, #2298, #3103 ),
 ( #3368, #1062, #2798 ),
 ( #805, #3246, #100 ),
 ( #392, #1372, #2983 ),
 ( #1108, #591, #2753 ),
 ( #630, #866, #1130 ),
 ( #347, #1660, #1420 ),
 ( #554, #3012, #1397 ),
 ( #845, #1695, #2822 ),
 ( #3185, #3033, #3271 ),
 ( #14, #319, #1897 ) ),
 .UNSPECIFIED., .F., .F., .F. ) 
 B_SPLINE_SURFACE_WITH_KNOTS ( ( 4, 2, 2, 2, 2, 2, 2, 4 ),
 ( 3, 3 ),
 ( 0.000000000000000000, 0.0004134954837586942876, 0.0008269909675173885751, 0.001240486451276082754, 0.001653981935034777150, 0.002067477418793471113, 0.002480972902552165509, 0.003307963870069554300 ),
 ( 0.000000000000000000, 1.000000000000000000 ),
 .UNSPECIFIED. ) 
 GEOMETRIC_REPRESENTATION_ITEM ( )  RATIONAL_B_SPLINE_SURFACE ( (
 ( 1.000000000000000000, 0.7161190340031496904, 1.000000000000000000),
 ( 1.000000000000000000, 0.7161177900083983694, 1.000000000000000000),
 ( 1.000000000000000000, 0.7163743936710977867, 1.000000000000000000),
 ( 1.000000000000000000, 0.7173047934059049169, 1.000000000000000000),
 ( 1.000000000000000000, 0.7179900701796391171, 1.000000000000000000),
 ( 1.000000000000000000, 0.7195509707806149180, 1.000000000000000000),
 ( 1.000000000000000000, 0.7204191538788543570, 1.000000000000000000),
 ( 1.000000000000000000, 0.7220348817043543699, 1.000000000000000000),
 ( 1.000000000000000000, 0.7227820899127027632, 1.000000000000000000),
 ( 1.000000000000000000, 0.7237441092415565214, 1.000000000000000000),
 ( 1.000000000000000000, 0.7239707634090422061, 1.000000000000000000),
 ( 1.000000000000000000, 0.7235568304367816506, 1.000000000000000000),
 ( 1.000000000000000000, 0.7229101256291537991, 1.000000000000000000),
 ( 1.000000000000000000, 0.7193048888839660426, 1.000000000000000000),
 ( 1.000000000000000000, 0.7145624414161239057, 1.000000000000000000),
 ( 1.000000000000000000, 0.7071067811865463515, 1.000000000000000000) ) ) 
 REPRESENTATION_ITEM ( '' )  SURFACE ( )  );
#1533 = AXIS2_PLACEMENT_3D ( 'NONE', #3178, #1264, #2321 ) ;
#1534 = CARTESIAN_POINT ( 'NONE',  ( 6.018249956979041748, 2.317791235117849347, -0.8736284158875990968 ) ) ;
#1535 = CARTESIAN_POINT ( 'NONE',  ( 7.638888888888887507, 2.281199999999999672, 0.7051314326984381431 ) ) ;
#1536 = CARTESIAN_POINT ( 'NONE',  ( -8.446263952607630188, 2.408895857089559112, 1.095959319532863185 ) ) ;
#1537 = CARTESIAN_POINT ( 'NONE',  ( 8.585841394529415638, 24.39998405578848661, -3.023568201111115794 ) ) ;
#1538 = VERTEX_POINT ( 'NONE', #1661 ) ;
#1539 = AXIS2_PLACEMENT_3D ( 'NONE', #1575, #1734, #1305 ) ;
#1540 = CARTESIAN_POINT ( 'NONE',  ( -4.935986389309326761, 1.981200000000000738, -0.5128228601443187706 ) ) ;
#1541 = CARTESIAN_POINT ( 'NONE',  ( 5.172124805490295962, 2.062763513042532360, -1.033058728908599289 ) ) ;
#1542 = DIRECTION ( 'NONE',  ( 0.000000000000000000, -0.000000000000000000, -1.000000000000000000 ) ) ;
#1543 = DIRECTION ( 'NONE',  ( -1.000000000000000000, -7.779029040254739985E-17, 0.000000000000000000 ) ) ;
#1544 = CIRCLE ( 'NONE', #1399, 0.4000000000000001332 ) ;
#1545 = CARTESIAN_POINT ( 'NONE',  ( 10.15000000000000036, 22.07008888888888976, 4.549999999999999822 ) ) ;
#1546 = ORIENTED_EDGE ( 'NONE', *, *, #3200, .F. ) ;
#1547 = DIRECTION ( 'NONE',  ( 0.000000000000000000, 0.000000000000000000, 1.000000000000000000 ) ) ;
#1548 = EDGE_CURVE ( 'NONE', #2311, #863, #2494, .T. ) ;
#1549 =( LENGTH_UNIT ( ) NAMED_UNIT ( * ) SI_UNIT ( .MILLI., .METRE. ) );
#1550 = CARTESIAN_POINT ( 'NONE',  ( 5.424128549346916017, 2.662053441366217577, -1.104774119928259690 ) ) ;
#1551 = CARTESIAN_POINT ( 'NONE',  ( 4.750000000000002665, 0.2999999999999999334, -9.797174393178823685E-17 ) ) ;
#1552 = CARTESIAN_POINT ( 'NONE',  ( -8.931999899376585006, 3.096332391627659941, -1.121693895067340518 ) ) ;
#1553 = DIRECTION ( 'NONE',  ( -1.000000000000000000, -2.428945146063511808E-17, 0.000000000000000000 ) ) ;
#1554 = VERTEX_POINT ( 'NONE', #1899 ) ;
#1555 = CARTESIAN_POINT ( 'NONE',  ( 8.135062863251578236, 24.54442948793967361, -2.747701528435388507 ) ) ;
#1556 = SHAPE_DEFINITION_REPRESENTATION ( #3286, #248 ) ;
#1557 = CARTESIAN_POINT ( 'NONE',  ( -10.14999999999999858, 11.08742866581024344, 3.424797210497339428 ) ) ;
#1558 = CARTESIAN_POINT ( 'NONE',  ( 5.108610581418843388, 2.239123600493076793, -0.6716249393683849656 ) ) ;
#1559 = CARTESIAN_POINT ( 'NONE',  ( -6.394268714699679279, 1.981200000000000738, -0.7051314326984392533 ) ) ;
#1560 = ORIENTED_EDGE ( 'NONE', *, *, #871, .T. ) ;
#1561 = CARTESIAN_POINT ( 'NONE',  ( -10.07685949546848470, 22.69588810166693804, -4.132805677513725406 ) ) ;
#1562 = CARTESIAN_POINT ( 'NONE',  ( -5.479754952075067465, 2.327095734726440934, -0.9112726340427514948 ) ) ;
#1563 = DIRECTION ( 'NONE',  ( -1.000000000000000000, 0.000000000000000000, 0.000000000000000000 ) ) ;
#1564 = CIRCLE ( 'NONE', #1630, 0.4000000000000001887 ) ;
#1565 = ADVANCED_FACE ( 'NONE', ( #2474 ), #2209, .F. ) ;
#1566 = ORIENTED_EDGE ( 'NONE', *, *, #645, .F. ) ;
#1567 = CARTESIAN_POINT ( 'NONE',  ( 5.824818323274878473, 2.062763513043841979, -0.7513154392080497734 ) ) ;
#1568 = CARTESIAN_POINT ( 'NONE',  ( 5.927875194502956191, 2.062763513043842423, -1.033058728911069091 ) ) ;
#1569 = CARTESIAN_POINT ( 'NONE',  ( -10.10993163465578704, 22.56696519118029087, 4.546318649561588821 ) ) ;
#1570 = CARTESIAN_POINT ( 'NONE',  ( 5.429992193907651199, 2.339551877427820337, 0.9306786171895222726 ) ) ;
#1571 = ORIENTED_EDGE ( 'NONE', *, *, #1064, .F. ) ;
#1572 = CYLINDRICAL_SURFACE ( 'NONE', #674, 2.511111111111111516 ) ;
#1573 = DIRECTION ( 'NONE',  ( 1.000000000000000000, 7.779029040254739985E-17, -0.000000000000000000 ) ) ;
#1574 = EDGE_LOOP ( 'NONE', ( #3391, #2635, #3453, #1027 ) ) ;
#1575 = CARTESIAN_POINT ( 'NONE',  ( -9.750000000000000000, 2.281199999999999672, -4.149999999999999467 ) ) ;
#1576 = PLANE ( 'NONE',  #2054 ) ;
#1577 =( GEOMETRIC_REPRESENTATION_CONTEXT ( 3 ) GLOBAL_UNCERTAINTY_ASSIGNED_CONTEXT ( ( #2596 ) ) GLOBAL_UNIT_ASSIGNED_CONTEXT ( ( #2048, #2645, #1286 ) ) REPRESENTATION_CONTEXT ( 'NONE', 'WORKASPACE' ) );
#1578 = SURFACE_SIDE_STYLE ('',( #1215 ) ) ;
#1579 = ORIENTED_EDGE ( 'NONE', *, *, #518, .F. ) ;
#1580 = VERTEX_POINT ( 'NONE', #1752 ) ;
#1581 = CARTESIAN_POINT ( 'NONE',  ( 8.754923505837446385, 2.536793954958205699, 0.7120371861259122692 ) ) ;
#1582 = AXIS2_PLACEMENT_3D ( 'NONE', #2998, #1040, #1345 ) ;
#1583 = EDGE_CURVE ( 'NONE', #348, #355, #1324, .T. ) ;
#1584 = ORIENTED_EDGE ( 'NONE', *, *, #2884, .T. ) ;
#1585 = CARTESIAN_POINT ( 'NONE',  ( 4.935986389309327649, 2.281199999999999228, -0.5128228601443194368 ) ) ;
#1586 = VERTEX_POINT ( 'NONE', #3273 ) ;
#1587 = CARTESIAN_POINT ( 'NONE',  ( -7.916176753378131536, 2.684338418649060198, 1.105326857318650102 ) ) ;
#1588 = VERTEX_POINT ( 'NONE', #3298 ) ;
#1589 = CARTESIAN_POINT ( 'NONE',  ( 10.15000000000000036, 24.58120000000000260, 4.549999999999999822 ) ) ;
#1590 = EDGE_CURVE ( 'NONE', #891, #1704, #89, .T. ) ;
#1591 = VERTEX_POINT ( 'NONE', #827 ) ;
#1592 = CARTESIAN_POINT ( 'NONE',  ( -6.394268714699679279, 2.281199999999999672, 0.7051314326984390313 ) ) ;
#1593 = DIRECTION ( 'NONE',  ( -7.779029040254739985E-17, 1.000000000000000000, 0.000000000000000000 ) ) ;
#1594 =( NAMED_UNIT ( * ) PLANE_ANGLE_UNIT ( ) SI_UNIT ( $, .RADIAN. ) );
#1595 = EDGE_LOOP ( 'NONE', ( #1294, #3331, #143, #1155 ) ) ;
#1596 = B_SPLINE_CURVE_WITH_KNOTS ( 'NONE', 3,
 ( #2900, #2845, #3256, #3060, #1194, #1124 ),
 .UNSPECIFIED., .F., .F.,
 ( 4, 2, 4 ),
 ( 1.493934995151923998E-16, 0.0002534093866571202882, 0.0005068187733140911734 ),
 .UNSPECIFIED. ) ;
#1597 = DIRECTION ( 'NONE',  ( 2.168404344971007685E-15, -1.000000000000000000, 0.000000000000000000 ) ) ;
#1598 = ORIENTED_EDGE ( 'NONE', *, *, #1709, .T. ) ;
#1599 = DIRECTION ( 'NONE',  ( -1.000000000000000000, 9.860533442394486583E-15, 0.000000000000000000 ) ) ;
#1600 = APPLICATION_PROTOCOL_DEFINITION ( 'draft international standard', 'automotive_design', 1998, #1306 ) ;
#1601 = CARTESIAN_POINT ( 'NONE',  ( -9.750000000000001776, 22.07008888888888976, -4.549999999999999822 ) ) ;
#1602 = ORIENTED_EDGE ( 'NONE', *, *, #1276, .F. ) ;
#1603 = CARTESIAN_POINT ( 'NONE',  ( -9.177010405154300443, 2.800516451701436260, -0.7222650602244692353 ) ) ;
#1604 = ORIENTED_EDGE ( 'NONE', *, *, #2020, .F. ) ;
#1605 = CARTESIAN_POINT ( 'NONE',  ( 9.319000072127549217, 3.475071278154880705, 1.146559043352071816 ) ) ;
#1606 = ORIENTED_EDGE ( 'NONE', *, *, #2022, .F. ) ;
#1607 = CARTESIAN_POINT ( 'NONE',  ( -9.381274938972921973, 23.47615603316730670, -4.233077690774942781 ) ) ;
#1608 = CARTESIAN_POINT ( 'NONE',  ( 5.298256534127268935, 2.670938823310716526, -1.104999796354468433 ) ) ;
#1609 = CARTESIAN_POINT ( 'NONE',  ( 8.749805680115263939, 2.534442340196080057, -1.098033993123630481 ) ) ;
#1610 = ORIENTED_EDGE ( 'NONE', *, *, #2632, .F. ) ;
#1611 = DIRECTION ( 'NONE',  ( -1.000000000000000000, 0.000000000000000000, 0.000000000000000000 ) ) ;
#1612 = ORIENTED_EDGE ( 'NONE', *, *, #3055, .T. ) ;
#1613 = CARTESIAN_POINT ( 'NONE',  ( -4.840792444565487962, 2.288054723679036062, 0.7857932832870264672 ) ) ;
#1614 = FACE_OUTER_BOUND ( 'NONE', #1427, .T. ) ;
#1615 = EDGE_LOOP ( 'NONE', ( #2701, #212, #161, #2134, #2087, #1300 ) ) ;
#1616 = DIRECTION ( 'NONE',  ( 0.000000000000000000, 0.000000000000000000, -1.000000000000000000 ) ) ;
#1617 = CARTESIAN_POINT ( 'NONE',  ( 5.855246868267125926, 2.334400196634913272, 0.9049511753261665348 ) ) ;
#1618 = ORIENTED_EDGE ( 'NONE', *, *, #472, .F. ) ;
#1619 = AXIS2_PLACEMENT_3D ( 'NONE', #2491, #1341, #266 ) ;
#1620 = DIRECTION ( 'NONE',  ( -1.000000000000000000, 0.000000000000000000, 0.000000000000000000 ) ) ;
#1621 = ORIENTED_EDGE ( 'NONE', *, *, #610, .T. ) ;
#1622 = EDGE_CURVE ( 'NONE', #2667, #1719, #2167, .T. ) ;
#1623 = FILL_AREA_STYLE ('',( #793 ) ) ;
#1624 = B_SPLINE_CURVE_WITH_KNOTS ( 'NONE', 3,
 ( #2926, #270, #1348, #3342, #1241, #557, #1639, #483, #2016, #2303, #741, #2358, #506, #767, #538, #297 ),
 .UNSPECIFIED., .F., .F.,
 ( 4, 2, 2, 2, 2, 2, 2, 4 ),
 ( -9.550466347632207900E-06, 0.001049287807294076516, 0.001578706944114932533, 0.002108126080935788984, 0.002637545217756644567, 0.003166964354577500584, 0.003696383491398357469, 0.004225802628219213486 ),
 .UNSPECIFIED. ) ;
#1625 = CARTESIAN_POINT ( 'NONE',  ( -5.801958860214337932, 2.667743156376183755, 1.104917861850299055 ) ) ;
#1626 = EDGE_LOOP ( 'NONE', ( #956, #2515 ) ) ;
#1627 = CARTESIAN_POINT ( 'NONE',  ( -8.714645393272158813, 24.34360150319036009, -3.124763309498643338 ) ) ;
#1628 = ADVANCED_FACE ( 'NONE', ( #1227 ), #1242, .T. ) ;
#1629 = ORIENTED_EDGE ( 'NONE', *, *, #2820, .F. ) ;
#1630 = AXIS2_PLACEMENT_3D ( 'NONE', #1302, #2874, #1597 ) ;
#1631 = EDGE_CURVE ( 'NONE', #503, #1588, #2687, .T. ) ;
#1632 = CARTESIAN_POINT ( 'NONE',  ( 9.695040843843992562, 4.190452616171683076, 1.218395164167729083 ) ) ;
#1633 = CARTESIAN_POINT ( 'NONE',  ( 5.172124805497046118, 2.305862852702011079, 0.8434138461074059956 ) ) ;
#1634 = EDGE_LOOP ( 'NONE', ( #1044, #387, #2708, #1842, #1869 ) ) ;
#1635 = DIRECTION ( 'NONE',  ( 0.000000000000000000, 0.000000000000000000, -1.000000000000000000 ) ) ;
#1636 = EDGE_CURVE ( 'NONE', #1056, #1704, #2702, .T. ) ;
#1637 = VERTEX_POINT ( 'NONE', #3347 ) ;
#1638 = PLANE ( 'NONE',  #2186 ) ;
#1639 = CARTESIAN_POINT ( 'NONE',  ( -8.861787282979966207, 24.11331534347304384, 3.664686073375062580 ) ) ;
#1640 = CARTESIAN_POINT ( 'NONE',  ( 10.07331347916696629, 22.71137216961503213, 4.131143177872942829 ) ) ;
#1641 = CARTESIAN_POINT ( 'NONE',  ( -8.173365920790327976, 24.53873903611725993, 2.698480947666839658 ) ) ;
#1642 = CARTESIAN_POINT ( 'NONE',  ( -5.456050986167613637, 2.091940180815045736, 0.8000415494656224480 ) ) ;
#1643 = CIRCLE ( 'NONE', #2018, 4.549999999999993605 ) ;
#1644 = CARTESIAN_POINT ( 'NONE',  ( -5.814783178087635562, 2.424894214948797089, -1.098738318262487468 ) ) ;
#1645 = EDGE_LOOP ( 'NONE', ( #3170, #969, #1032, #2072 ) ) ;
#1646 = CARTESIAN_POINT ( 'NONE',  ( -6.010510958255164127, 2.318648979585121950, -0.8752460319908431652 ) ) ;
#1647 = APPLICATION_CONTEXT ( 'automotive_design' ) ;
#1648 = FILL_AREA_STYLE ('',( #2664 ) ) ;
#1649 = DIRECTION ( 'NONE',  ( -0.000000000000000000, -1.000000000000000000, -0.000000000000000000 ) ) ;
#1650 = VERTEX_POINT ( 'NONE', #251 ) ;
#1651 =( BOUNDED_SURFACE ( )  B_SPLINE_SURFACE ( 3, 2, ( 
 ( #3146, #2385, #2353 ),
 ( #783, #1658, #2649 ),
 ( #520, #2102, #2410 ),
 ( #2730, #11, #576 ),
 ( #988, #1060, #2981 ),
 ( #2905, #1183, #1437 ) ),
 .UNSPECIFIED., .F., .F., .F. ) 
 B_SPLINE_SURFACE_WITH_KNOTS ( ( 4, 2, 4 ),
 ( 3, 3 ),
 ( 0.000000000000000000, 0.0002899908235884619215, 0.0005799816471769238431 ),
 ( 0.000000000000000000, 1.000000000000000000 ),
 .UNSPECIFIED. ) 
 GEOMETRIC_REPRESENTATION_ITEM ( )  RATIONAL_B_SPLINE_SURFACE ( (
 ( 1.000000000000000000, 0.8485159526763771387, 1.000000000000000000),
 ( 1.000000000000000000, 0.8313120691864283041, 1.000000000000000000),
 ( 1.000000000000000000, 0.8090305256549347179, 1.000000000000000000),
 ( 1.000000000000000000, 0.7591015437363460849, 1.000000000000000000),
 ( 1.000000000000000000, 0.7313988192925525711, 1.000000000000000000),
 ( 1.000000000000000000, 0.7071067811865473507, 1.000000000000000000) ) ) 
 REPRESENTATION_ITEM ( '' )  SURFACE ( )  );
#1652 = CARTESIAN_POINT ( 'NONE',  ( 9.519767108464199268, 3.120683394378267916, 1.120718403791602036 ) ) ;
#1653 = CARTESIAN_POINT ( 'NONE',  ( 5.243694132619229009, 2.246827277526802114, -0.7397978347191003223 ) ) ;
#1654 = CARTESIAN_POINT ( 'NONE',  ( 10.14999999999999680, 4.727893724117276264, -1.298306235062704372 ) ) ;
#1655 = EDGE_LOOP ( 'NONE', ( #2125, #245, #2631, #1441 ) ) ;
#1656 = CARTESIAN_POINT ( 'NONE',  ( 9.639501468012484864, 3.265832345272784654, -0.7479862456886534616 ) ) ;
#1657 = AXIS2_PLACEMENT_3D ( 'NONE', #1714, #2523, #3031 ) ;
#1658 = CARTESIAN_POINT ( 'NONE',  ( 5.171919066704316670, 2.241886438111490687, 0.7103574412602612353 ) ) ;
#1659 = MECHANICAL_DESIGN_GEOMETRIC_PRESENTATION_REPRESENTATION (  '', ( #2940 ), #1577 ) ;
#1660 = CARTESIAN_POINT ( 'NONE',  ( -9.804854498390268347, 3.511159580668460567, 1.148098942207516071 ) ) ;
#1661 = CARTESIAN_POINT ( 'NONE',  ( 6.350000000000001421, 0.2999999999999999334, 0.000000000000000000 ) ) ;
#1662 = CARTESIAN_POINT ( 'NONE',  ( 5.050000000000003375, 0.3000000000000003775, -6.123233995736753710E-17 ) ) ;
#1663 = CARTESIAN_POINT ( 'NONE',  ( 5.172124805497047006, 2.327807721739315827, 0.8925184591056156691 ) ) ;
#1664 = AXIS2_PLACEMENT_3D ( 'NONE', #2923, #764, #504 ) ;
#1665 = CARTESIAN_POINT ( 'NONE',  ( -9.897819489449544150, 3.683308844934188198, -0.7795991295617613615 ) ) ;
#1666 = CARTESIAN_POINT ( 'NONE',  ( 10.14999999999999858, 13.43120000000000047, -4.149999999999999467 ) ) ;
#1667 = DIRECTION ( 'NONE',  ( -1.000000000000000000, 0.000000000000000000, 0.000000000000000000 ) ) ;
#1668 = CARTESIAN_POINT ( 'NONE',  ( -5.487168218090303640, 2.659745974376107380, 1.104716699339398867 ) ) ;
#1669 = AXIS2_PLACEMENT_3D ( 'NONE', #2516, #1748, #2565 ) ;
#1670 = EDGE_CURVE ( 'NONE', #1930, #311, #3032, .T. ) ;
#1671 = DIRECTION ( 'NONE',  ( 0.000000000000000000, -1.000000000000000000, 0.000000000000000000 ) ) ;
#1672 = CARTESIAN_POINT ( 'NONE',  ( -10.07685807576551085, 22.69589452770167881, 4.132805033700219788 ) ) ;
#1673 = CARTESIAN_POINT ( 'NONE',  ( 10.05891049491569866, 4.102174945732059541, -1.208419178349726897 ) ) ;
#1674 = EDGE_CURVE ( 'NONE', #3410, #1554, #1564, .T. ) ;
#1675 = CARTESIAN_POINT ( 'NONE',  ( 5.550000000000000711, 0.000000000000000000, 0.4999999999999995559 ) ) ;
#1676 = CARTESIAN_POINT ( 'NONE',  ( 5.275181676720215762, 2.062763513042532360, 0.7513154392062539877 ) ) ;
#1677 = CARTESIAN_POINT ( 'NONE',  ( 9.750000000000000000, 2.281200000000000561, 16.29275362318840337 ) ) ;
#1678 = CARTESIAN_POINT ( 'NONE',  ( 5.927875194502956191, 2.062763513043840646, 1.033058728911068869 ) ) ;
#1679 = CARTESIAN_POINT ( 'NONE',  ( 7.638888888888889284, 24.58119999999999905, 2.275000000000002576 ) ) ;
#1680 = ADVANCED_FACE ( 'NONE', ( #1614 ), #1572, .T. ) ;
#1681 = CARTESIAN_POINT ( 'NONE',  ( 9.913820663629158148, 23.14244903880339876, 4.396861057499527270 ) ) ;
#1682 = CARTESIAN_POINT ( 'NONE',  ( -9.029380646748702333, 23.95305718411625051, 3.851145774268730282 ) ) ;
#1683 = CARTESIAN_POINT ( 'NONE',  ( -9.683764994262412884, 4.199629444270860823, -1.221032486243325055 ) ) ;
#1684 = CARTESIAN_POINT ( 'NONE',  ( -10.13424526414270233, 22.35093684210526632, -4.149999999999999467 ) ) ;
#1685 = CARTESIAN_POINT ( 'NONE',  ( -5.927875194502954415, 2.399672224433710088, -1.098038719275183484 ) ) ;
#1686 = CARTESIAN_POINT ( 'NONE',  ( 10.13424526414270410, 22.35093684210526632, -4.549999999999998934 ) ) ;
#1687 = DIRECTION ( 'NONE',  ( -0.000000000000000000, 1.000000000000000000, -0.000000000000000000 ) ) ;
#1688 = DIRECTION ( 'NONE',  ( 7.779029040254739985E-17, 1.000000000000000000, 0.000000000000000000 ) ) ;
#1689 = DIRECTION ( 'NONE',  ( -0.000000000000000000, 1.000000000000000000, -0.000000000000000000 ) ) ;
#1690 = CARTESIAN_POINT ( 'NONE',  ( 5.448342294230116956, 2.249939722295169808, -0.7951538561515927306 ) ) ;
#1691 = AXIS2_PLACEMENT_3D ( 'NONE', #2243, #219, #505 ) ;
#1692 = CARTESIAN_POINT ( 'NONE',  ( -5.424168108255265075, 2.659742662087363652, -1.104716616783284255 ) ) ;
#1693 = CARTESIAN_POINT ( 'NONE',  ( -10.13424526414270410, 22.35093684210526632, -4.549999999999998934 ) ) ;
#1694 = CARTESIAN_POINT ( 'NONE',  ( 8.901288216725109947, 2.615301178955351524, -0.7146797676727196791 ) ) ;
#1695 = CARTESIAN_POINT ( 'NONE',  ( -10.07180796423060620, 4.091861287947383019, 1.205139764056333940 ) ) ;
#1696 = AXIS2_PLACEMENT_3D ( 'NONE', #2042, #2915, #2070 ) ;
#1697 = AXIS2_PLACEMENT_3D ( 'NONE', #433, #660, #2854 ) ;
#1698 = VERTEX_POINT ( 'NONE', #2693 ) ;
#1699 = CARTESIAN_POINT ( 'NONE',  ( -10.14581238027842858, 4.568847574894244090, -1.272354148416309005 ) ) ;
#1700 = CARTESIAN_POINT ( 'NONE',  ( -5.348116836177491784, 2.249239181131027721, 0.7819187866544748955 ) ) ;
#1701 = CARTESIAN_POINT ( 'NONE',  ( -9.151726325415792118, 23.81340362124040055, -3.985902432208058066 ) ) ;
#1702 = ADVANCED_FACE ( 'NONE', ( #2790 ), #2808, .T. ) ;
#1703 = CARTESIAN_POINT ( 'NONE',  ( 10.07331347916696629, 22.71137216961503213, -4.131143177872942829 ) ) ;
#1704 = VERTEX_POINT ( 'NONE', #725 ) ;
#1705 = EDGE_CURVE ( 'NONE', #1586, #348, #1643, .T. ) ;
#1706 = CARTESIAN_POINT ( 'NONE',  ( -5.348020707428969622, 2.248882553508997795, -0.7759370843169483001 ) ) ;
#1707 = ORIENTED_EDGE ( 'NONE', *, *, #1876, .F. ) ;
#1708 = DIRECTION ( 'NONE',  ( 0.000000000000000000, 0.000000000000000000, 1.000000000000000000 ) ) ;
#1709 = EDGE_CURVE ( 'NONE', #2456, #3265, #885, .T. ) ;
#1710 = CARTESIAN_POINT ( 'NONE',  ( -5.550000000000001599, 1.981200000000000738, 0.000000000000000000 ) ) ;
#1711 = CARTESIAN_POINT ( 'NONE',  ( 9.750000000000001776, 13.43120000000000047, 4.549999999999999822 ) ) ;
#1712 = CARTESIAN_POINT ( 'NONE',  ( 9.736754868084572578, 22.30620000000000047, -4.149999999999999467 ) ) ;
#1713 = VERTEX_POINT ( 'NONE', #2162 ) ;
#1714 = CARTESIAN_POINT ( 'NONE',  ( 10.15000000000000036, 13.43119999999999514, 3.469446951953614189E-15 ) ) ;
#1715 = CARTESIAN_POINT ( 'NONE',  ( 5.550000000000001599, 0.000000000000000000, 0.000000000000000000 ) ) ;
#1716 = CARTESIAN_POINT ( 'NONE',  ( 8.190035728259831060, 24.53579873670322797, 2.711684279798518560 ) ) ;
#1717 = CARTESIAN_POINT ( 'NONE',  ( -6.103832649990293291, 2.306166654405176875, 0.8480363070474845610 ) ) ;
#1718 = CARTESIAN_POINT ( 'NONE',  ( 8.173365920790327976, 24.53873903611725993, 2.698480947666839658 ) ) ;
#1719 = VERTEX_POINT ( 'NONE', #788 ) ;
#1720 = CARTESIAN_POINT ( 'NONE',  ( -9.822001332166957255, 3.540667929186763097, -0.7679656015832162508 ) ) ;
#1721 = CARTESIAN_POINT ( 'NONE',  ( 9.750000000000001776, 22.07008888888888976, 4.549999999999999822 ) ) ;
#1722 = DIRECTION ( 'NONE',  ( -1.000000000000000000, 0.000000000000000000, 0.000000000000000000 ) ) ;
#1723 = CARTESIAN_POINT ( 'NONE',  ( -5.927875194502956191, 2.327807721739338032, 0.8925184591056560812 ) ) ;
#1724 = CARTESIAN_POINT ( 'NONE',  ( -5.927875194502957079, 2.670938823310716970, 1.104999796354467323 ) ) ;
#1725 = B_SPLINE_CURVE_WITH_KNOTS ( 'NONE', 3,
 ( #327, #2394, #2759, #3213, #1092, #2783 ),
 .UNSPECIFIED., .F., .F.,
 ( 4, 2, 4 ),
 ( 0.000000000000000000, 0.0002802734377376785071, 0.0005605468754753570142 ),
 .UNSPECIFIED. ) ;
#1726 = DIRECTION ( 'NONE',  ( -0.000000000000000000, -1.000000000000000000, -0.000000000000000000 ) ) ;
#1727 = DIRECTION ( 'NONE',  ( 0.000000000000000000, 0.000000000000000000, 1.000000000000000000 ) ) ;
#1728 = PRODUCT_DEFINITION_CONTEXT ( 'detailed design', #1306, 'design' ) ;
#1729 = DIRECTION ( 'NONE',  ( 0.000000000000000000, 1.000000000000000000, 0.000000000000000000 ) ) ;
#1730 = AXIS2_PLACEMENT_3D ( 'NONE', #88, #1649, #585 ) ;
#1731 = CARTESIAN_POINT ( 'NONE',  ( -10.11447249108478275, 22.52661950149964909, 4.149999999999999467 ) ) ;
#1732 = CARTESIAN_POINT ( 'NONE',  ( 5.550000000000001599, 0.3000000000000003775, 0.000000000000000000 ) ) ;
#1733 =( NAMED_UNIT ( * ) SI_UNIT ( $, .STERADIAN. ) SOLID_ANGLE_UNIT ( ) );
#1734 = DIRECTION ( 'NONE',  ( -7.779029040254739985E-17, 1.000000000000000000, 0.000000000000000000 ) ) ;
#1735 = AXIS2_PLACEMENT_3D ( 'NONE', #592, #2496, #129 ) ;
#1736 = VERTEX_POINT ( 'NONE', #811 ) ;
#1737 = CARTESIAN_POINT ( 'NONE',  ( 9.638403011521269548, 23.59718948693636165, 3.835005107565415461 ) ) ;
#1738 = EDGE_CURVE ( 'NONE', #1005, #422, #2041, .T. ) ;
#1739 = CARTESIAN_POINT ( 'NONE',  ( -5.675135035323877197, 2.339557814212518405, -0.9307138483107506577 ) ) ;
#1740 = CARTESIAN_POINT ( 'NONE',  ( -6.164013610690676437, 2.281199999999999672, 0.5128228601443193257 ) ) ;
#1741 = CARTESIAN_POINT ( 'NONE',  ( 5.482346304845760798, 2.440354384376982821, -1.099248592855336382 ) ) ;
#1742 = ORIENTED_EDGE ( 'NONE', *, *, #1674, .T. ) ;
#1743 = CARTESIAN_POINT ( 'NONE',  ( -7.638888888888889284, 24.58119999999999905, -2.275000000000002576 ) ) ;
#1744 = CARTESIAN_POINT ( 'NONE',  ( 8.891931283509189043, 2.610094395716769711, 1.099631585077762042 ) ) ;
#1745 = DIRECTION ( 'NONE',  ( 0.3435229040997320737, 0.000000000000000000, -0.9391442990078182618 ) ) ;
#1746 = CARTESIAN_POINT ( 'NONE',  ( 5.824818323274878473, 2.062763513043841979, -0.7513154392080497734 ) ) ;
#1747 = DIRECTION ( 'NONE',  ( -0.6410285751803993515, 5.547624088720839421E-16, 0.7675170133633438807 ) ) ;
#1748 = DIRECTION ( 'NONE',  ( -2.428945146063511808E-17, 1.000000000000000000, -0.000000000000000000 ) ) ;
#1749 = CARTESIAN_POINT ( 'NONE',  ( -5.455734221656380001, 2.091944679236759530, 0.8000504331970583749 ) ) ;
#1750 = CARTESIAN_POINT ( 'NONE',  ( -7.638888888888889284, 24.58120000000000260, -2.275000000000002576 ) ) ;
#1751 = CARTESIAN_POINT ( 'NONE',  ( -5.927875194502956191, 2.327807721739338032, -0.8925184591056563033 ) ) ;
#1752 = CARTESIAN_POINT ( 'NONE',  ( -5.824818323274879361, 2.062763513043849084, 0.7513154392080492183 ) ) ;
#1753 = DIRECTION ( 'NONE',  ( -2.428945146063511808E-17, 1.000000000000000000, -0.000000000000000000 ) ) ;
#1754 = CARTESIAN_POINT ( 'NONE',  ( -6.394268714699679279, 2.281199999999999672, -0.7051314326984390313 ) ) ;
#1755 = CARTESIAN_POINT ( 'NONE',  ( 5.819864581624769606, 2.318406021322185318, -0.8800449122258106049 ) ) ;
#1756 = CARTESIAN_POINT ( 'NONE',  ( 5.550000000000001599, 1.981200000000000738, 0.000000000000000000 ) ) ;
#1757 = CARTESIAN_POINT ( 'NONE',  ( -5.172124805490295962, 2.327807721738590185, -0.8925184591042449878 ) ) ;
#1758 = CARTESIAN_POINT ( 'NONE',  ( 7.805184764982321610, 2.281199999999999228, 0.7051314328336546478 ) ) ;
#1759 = CARTESIAN_POINT ( 'NONE',  ( -5.736758651484281657, 2.086247940168172832, -0.7835261593486300136 ) ) ;
#1760 = DIRECTION ( 'NONE',  ( 0.000000000000000000, 1.000000000000000000, 0.000000000000000000 ) ) ;
#1761 = STYLED_ITEM ( 'NONE', ( #804 ), #2372 ) ;
#1762 = EDGE_CURVE ( 'NONE', #2143, #1025, #3207, .T. ) ;
#1763 = CARTESIAN_POINT ( 'NONE',  ( 10.14999999999999858, 2.281199999999999672, -0.7051314326984390313 ) ) ;
#1764 = ADVANCED_FACE ( 'NONE', ( #1983 ), #2080, .T. ) ;
#1765 = ORIENTED_EDGE ( 'NONE', *, *, #1631, .F. ) ;
#1766 = CARTESIAN_POINT ( 'NONE',  ( 8.917765459154377794, 3.085844562226449650, 1.121142589448809845 ) ) ;
#1767 = PLANE ( 'NONE',  #1487 ) ;
#1768 = CARTESIAN_POINT ( 'NONE',  ( -4.935986389309326761, 1.981200000000000738, 0.5128228601443187706 ) ) ;
#1769 = DIRECTION ( 'NONE',  ( -2.428945146063511808E-17, 1.000000000000000000, -0.000000000000000000 ) ) ;
#1770 = AXIS2_PLACEMENT_3D ( 'NONE', #3240, #860, #3289 ) ;
#1771 = CARTESIAN_POINT ( 'NONE',  ( 6.050000000000000711, 0.000000000000000000, 0.000000000000000000 ) ) ;
#1772 = CARTESIAN_POINT ( 'NONE',  ( 5.348116836177485567, 2.249239181131031717, 0.7819187866544826671 ) ) ;
#1773 = EDGE_CURVE ( 'NONE', #1704, #59, #3168, .T. ) ;
#1774 = ORIENTED_EDGE ( 'NONE', *, *, #680, .T. ) ;
#1775 = CARTESIAN_POINT ( 'NONE',  ( 5.550000000000000711, 0.000000000000000000, -0.4999999999999995559 ) ) ;
#1776 = CARTESIAN_POINT ( 'NONE',  ( 5.409072748541931652, 2.325409212346524868, -0.9043534131313993862 ) ) ;
#1777 = EDGE_CURVE ( 'NONE', #976, #1930, #1725, .T. ) ;
#1778 = DIRECTION ( 'NONE',  ( -1.000000000000000000, -0.000000000000000000, 0.000000000000000000 ) ) ;
#1779 = CARTESIAN_POINT ( 'NONE',  ( 8.858760258346391581, 24.28431323223878735, -3.433981715014220448 ) ) ;
#1780 = CARTESIAN_POINT ( 'NONE',  ( 6.050000000000000711, -23.41880000000000095, 0.000000000000000000 ) ) ;
#1781 = DIRECTION ( 'NONE',  ( 0.000000000000000000, 0.000000000000000000, -1.000000000000000000 ) ) ;
#1782 = FILL_AREA_STYLE ('',( #2263 ) ) ;
#1783 = CARTESIAN_POINT ( 'NONE',  ( -8.450266301903617716, 2.410178117011678278, 0.7082004391087446393 ) ) ;
#1784 = DIRECTION ( 'NONE',  ( 0.000000000000000000, 0.000000000000000000, 1.000000000000000000 ) ) ;
#1785 = CARTESIAN_POINT ( 'NONE',  ( 4.935986389309327649, 1.981200000000000738, -0.5128228601443195478 ) ) ;
#1786 = DIRECTION ( 'NONE',  ( -0.9239411971985914684, -0.1792050186210812079, 0.3379618697726887722 ) ) ;
#1787 = CARTESIAN_POINT ( 'NONE',  ( 6.331224731730662469, 2.281199999999999672, 0.7482650639610815002 ) ) ;
#1788 = DIRECTION ( 'NONE',  ( 1.112519005877866565E-16, 1.000000000000000000, 0.000000000000000000 ) ) ;
#1789 = ADVANCED_FACE ( 'NONE', ( #2005 ), #465, .T. ) ;
#1790 = CARTESIAN_POINT ( 'NONE',  ( 6.164013610690676437, 1.981199999999999850, 0.5128228601443193257 ) ) ;
#1791 = CARTESIAN_POINT ( 'NONE',  ( -5.802171224812052053, 2.339217864938149649, -0.9140367924589272164 ) ) ;
#1792 = DIRECTION ( 'NONE',  ( 1.000000000000000000, 0.000000000000000000, 0.000000000000000000 ) ) ;
#1793 = CARTESIAN_POINT ( 'NONE',  ( 9.123085948973567838, 23.84828476838664812, 3.954516829090515717 ) ) ;
#1794 = AXIS2_PLACEMENT_3D ( 'NONE', #277, #3432, #1792 ) ;
#1795 = AXIS2_PLACEMENT_3D ( 'NONE', #3002, #2108, #594 ) ;
#1796 = CARTESIAN_POINT ( 'NONE',  ( -6.164013610690676437, 1.981200000000000738, 0.5128228601443192147 ) ) ;
#1797 = DIRECTION ( 'NONE',  ( -0.000000000000000000, -0.000000000000000000, 1.000000000000000000 ) ) ;
#1798 = CARTESIAN_POINT ( 'NONE',  ( 8.694639714258309837, 2.926846930084859633, -1.113387020565092200 ) ) ;
#1799 = DIRECTION ( 'NONE',  ( 0.000000000000000000, 0.000000000000000000, -1.000000000000000000 ) ) ;
#1800 = AXIS2_PLACEMENT_3D ( 'NONE', #1732, #1314, #1128 ) ;
#1801 = SURFACE_STYLE_USAGE ( .BOTH. , #2866 ) ;
#1802 = DIRECTION ( 'NONE',  ( -0.000000000000000000, 0.000000000000000000, -1.000000000000000000 ) ) ;
#1803 = CIRCLE ( 'NONE', #2095, 4.149999999999992362 ) ;
#1804 = AXIS2_PLACEMENT_3D ( 'NONE', #176, #490, #3088 ) ;
#1805 = B_SPLINE_CURVE_WITH_KNOTS ( 'NONE', 3,
 ( #2460, #1731, #1672, #2518, #2098, #800, #93, #629, #363, #2405, #861, #3179, #33, #2749, #840, #606 ),
 .UNSPECIFIED., .F., .F.,
 ( 4, 2, 2, 2, 2, 2, 2, 4 ),
 ( 0.000000000000000000, 0.0005225791481245211246, 0.001045158296249042249, 0.001567737444373563591, 0.002090316592498084498, 0.002612895740622605840, 0.003135474888747127181, 0.004180633184996164660 ),
 .UNSPECIFIED. ) ;
#1806 = CARTESIAN_POINT ( 'NONE',  ( 9.693427048926274381, 4.183439927244342549, 1.217479876000928884 ) ) ;
#1807 = EDGE_CURVE ( 'NONE', #1275, #2311, #2508, .T. ) ;
#1808 = CARTESIAN_POINT ( 'NONE',  ( -8.173365920790327976, 24.53873903611725993, -2.698480947666839658 ) ) ;
#1809 = CARTESIAN_POINT ( 'NONE',  ( -10.11351900496049794, 22.53509130146010264, 4.149999984668296449 ) ) ;
#1810 = CARTESIAN_POINT ( 'NONE',  ( 5.315091267445114731, 2.340784795365634885, 0.9169918589009271592 ) ) ;
#1811 = ORIENTED_EDGE ( 'NONE', *, *, #1870, .T. ) ;
#1812 = CARTESIAN_POINT ( 'NONE',  ( -10.14999999999999858, 13.43119999999999514, 3.469446951953614189E-15 ) ) ;
#1813 = CARTESIAN_POINT ( 'NONE',  ( -10.14999999999999858, 2.281199999999999672, 4.549999999999999822 ) ) ;
#1814 = CARTESIAN_POINT ( 'NONE',  ( -5.550000000000000711, -23.41880000000000095, 0.4999999999999995559 ) ) ;
#1815 = ADVANCED_FACE ( 'NONE', ( #273 ), #1359, .T. ) ;
#1816 =( BOUNDED_SURFACE ( )  B_SPLINE_SURFACE ( 3, 2, ( 
 ( #410, #648, #3296 ),
 ( #436, #664, #1617 ),
 ( #1046, #3401, #3132 ),
 ( #2659, #746, #249 ),
 ( #300, #770, #2629 ),
 ( #2363, #968, #1570 ),
 ( #996, #1772, #1810 ),
 ( #2910, #946, #541 ) ),
 .UNSPECIFIED., .F., .F., .F. ) 
 B_SPLINE_SURFACE_WITH_KNOTS ( ( 4, 2, 2, 4 ),
 ( 3, 3 ),
 ( 0.000000000000000000, 0.0001922411447672657796, 0.0003844822895345315593, 0.0007689645790690631186 ),
 ( 0.000000000000000000, 1.000000000000000000 ),
 .UNSPECIFIED. ) 
 GEOMETRIC_REPRESENTATION_ITEM ( )  RATIONAL_B_SPLINE_SURFACE ( (
 ( 1.000000000000000000, 0.8485159526776694383, 1.000000000000000000),
 ( 1.000000000000000000, 0.8639546064622599664, 1.000000000000000000),
 ( 1.000000000000000000, 0.8717548141804896122, 1.000000000000000000),
 ( 1.000000000000000000, 0.8821540372916976125, 1.000000000000000000),
 ( 1.000000000000000000, 0.8844406240575405365, 1.000000000000000000),
 ( 1.000000000000000000, 0.8844764960968265477, 1.000000000000000000),
 ( 1.000000000000000000, 0.8774282945789777521, 1.000000000000000000),
 ( 1.000000000000000000, 0.8485159526758708770, 1.000000000000000000) ) ) 
 REPRESENTATION_ITEM ( '' )  SURFACE ( )  );
#1817 = CARTESIAN_POINT ( 'NONE',  ( 8.577148080805379493, 2.880306394511098489, 1.111728396197706026 ) ) ;
#1818 = CARTESIAN_POINT ( 'NONE',  ( 9.641009236874870325, 4.061562709999335219, -1.204150851236789332 ) ) ;
#1819 = CARTESIAN_POINT ( 'NONE',  ( -5.429341061485936315, 2.339079421570287032, -0.9273290876048509990 ) ) ;
#1820 = CARTESIAN_POINT ( 'NONE',  ( 4.705731285300324807, 2.281199999999999672, -0.7051314326984392533 ) ) ;
#1821 = CARTESIAN_POINT ( 'NONE',  ( 6.091086485236282044, 2.307829943643636472, -0.8521449111890894157 ) ) ;
#1822 = CARTESIAN_POINT ( 'NONE',  ( -7.638888888888887507, 2.281199999999999228, 0.7051314326984392533 ) ) ;
#1823 = CARTESIAN_POINT ( 'NONE',  ( 10.15000000000000036, 2.670938823310716970, 1.104999796354467323 ) ) ;
#1824 = LINE ( 'NONE', #2481, #3026 ) ;
#1825 = DIRECTION ( 'NONE',  ( 0.000000000000000000, 0.000000000000000000, 1.000000000000000000 ) ) ;
#1826 = CARTESIAN_POINT ( 'NONE',  ( -7.638888888888887507, 2.281199999999999672, 4.549999999999999822 ) ) ;
#1827 = ADVANCED_FACE ( 'NONE', ( #2526 ), #2499, .T. ) ;
#1828 = VERTEX_POINT ( 'NONE', #1015 ) ;
#1829 = CARTESIAN_POINT ( 'NONE',  ( -7.776854983417932132, 2.670938823310715637, 1.104999796354469099 ) ) ;
#1830 = COLOUR_RGB ( '',0.2509803921568627416, 0.2509803921568627416, 0.2509803921568627416 ) ;
#1831 = AXIS2_PLACEMENT_3D ( 'NONE', #358, #837, #1097 ) ;
#1832 = CARTESIAN_POINT ( 'NONE',  ( 10.14999999999999858, 13.43120000000000047, -4.149999999999996803 ) ) ;
#1833 =( GEOMETRIC_REPRESENTATION_CONTEXT ( 3 ) GLOBAL_UNCERTAINTY_ASSIGNED_CONTEXT ( ( #3067 ) ) GLOBAL_UNIT_ASSIGNED_CONTEXT ( ( #2914, #1867, #2341 ) ) REPRESENTATION_CONTEXT ( 'NONE', 'WORKASPACE' ) );
#1834 = SURFACE_STYLE_USAGE ( .BOTH. , #1578 ) ;
#1835 = CARTESIAN_POINT ( 'NONE',  ( -8.902323223475409719, 2.615892620507931365, -0.7147009277520396386 ) ) ;
#1836 = CARTESIAN_POINT ( 'NONE',  ( 9.882507719036953020, 3.652894497769292759, 1.160422277323106099 ) ) ;
#1837 = PRESENTATION_LAYER_ASSIGNMENT (  '', '', ( #895 ) ) ;
#1838 = EDGE_CURVE ( 'NONE', #1477, #3243, #2520, .T. ) ;
#1839 = CARTESIAN_POINT ( 'NONE',  ( 10.14999999999999858, 2.281199999999999672, 4.150000000000000355 ) ) ;
#1840 = CARTESIAN_POINT ( 'NONE',  ( -9.300844252942676249, 2.902745932696694009, 0.7270076273957283286 ) ) ;
#1841 = ADVANCED_FACE ( 'NONE', ( #2593 ), #1532, .T. ) ;
#1842 = ORIENTED_EDGE ( 'NONE', *, *, #380, .T. ) ;
#1843 = CARTESIAN_POINT ( 'NONE',  ( -7.778695156339455075, 2.670938828503384155, 1.104999796487720509 ) ) ;
#1844 = PLANE ( 'NONE',  #2734 ) ;
#1845 = EDGE_CURVE ( 'NONE', #1275, #923, #2569, .T. ) ;
#1846 = CIRCLE ( 'NONE', #924, 0.3999999999999998557 ) ;
#1847 = DIRECTION ( 'NONE',  ( 1.000000000000000000, -7.779029040254739985E-17, -0.000000000000000000 ) ) ;
#1848 = DIRECTION ( 'NONE',  ( 7.779029040254739985E-17, -1.000000000000000000, 0.000000000000000000 ) ) ;
#1849 = DIRECTION ( 'NONE',  ( 1.000000000000000000, 7.779029040254739985E-17, -0.000000000000000000 ) ) ;
#1850 = DIRECTION ( 'NONE',  ( 0.000000000000000000, 0.000000000000000000, -1.000000000000000000 ) ) ;
#1851 = EDGE_CURVE ( 'NONE', #3242, #976, #211, .T. ) ;
#1852 = VERTEX_POINT ( 'NONE', #1082 ) ;
#1853 = DIRECTION ( 'NONE',  ( 0.9239411972042341770, -0.1792050186355936270, 0.3379618697495666568 ) ) ;
#1854 = CARTESIAN_POINT ( 'NONE',  ( -9.736240402777399439, 4.457461271042897799, -1.256083922381247220 ) ) ;
#1855 = DIRECTION ( 'NONE',  ( 1.000000000000000000, -7.779029040254739985E-17, -0.000000000000000000 ) ) ;
#1856 = DIRECTION ( 'NONE',  ( -1.000000000000000000, 0.000000000000000000, 0.000000000000000000 ) ) ;
#1857 = FACE_OUTER_BOUND ( 'NONE', #317, .T. ) ;
#1858 = CARTESIAN_POINT ( 'NONE',  ( -5.172124805490295962, 2.062763513042532360, 1.033058728908599289 ) ) ;
#1859 = CARTESIAN_POINT ( 'NONE',  ( -10.14999999999999858, 11.08742866581024344, -3.424797210497338540 ) ) ;
#1860 = CARTESIAN_POINT ( 'NONE',  ( -4.997803842573687483, 2.306378077289472195, 0.8485820119564025932 ) ) ;
#1861 = EDGE_LOOP ( 'NONE', ( #2033, #1210, #1971, #2792 ) ) ;
#1862 = CARTESIAN_POINT ( 'NONE',  ( -5.927875194502956191, 2.327807721739338032, -0.8925184591056560812 ) ) ;
#1863 = CARTESIAN_POINT ( 'NONE',  ( 9.298582123740210648, 23.61075405386737813, 4.145010944520529428 ) ) ;
#1864 = DIRECTION ( 'NONE',  ( 0.000000000000000000, -0.5647641769131918066, -0.8252523398788790265 ) ) ;
#1865 = AXIS2_PLACEMENT_3D ( 'NONE', #1297, #1513, #2909 ) ;
#1866 = DIRECTION ( 'NONE',  ( -0.000000000000000000, 1.000000000000000000, -0.000000000000000000 ) ) ;
#1867 =( NAMED_UNIT ( * ) PLANE_ANGLE_UNIT ( ) SI_UNIT ( $, .RADIAN. ) );
#1868 =( BOUNDED_SURFACE ( )  B_SPLINE_SURFACE ( 3, 2, ( 
 ( #3215, #2562, #2848 ),
 ( #356, #3007, #3236 ),
 ( #3308, #1706, #1927 ),
 ( #1819, #985, #516 ),
 ( #3388, #1231, #733 ),
 ( #2026, #475, #692 ),
 ( #1033, #958, #1759 ),
 ( #2322, #2258, #2584 ) ),
 .UNSPECIFIED., .F., .F., .F. ) 
 B_SPLINE_SURFACE_WITH_KNOTS ( ( 4, 2, 2, 4 ),
 ( 3, 3 ),
 ( 6.953503528181470550E-15, 0.0001922411447724718474, 0.0003844822895379902184, 0.0007689645790690269062 ),
 ( 0.000000000000000000, 1.000000000000000000 ),
 .UNSPECIFIED. ) 
 GEOMETRIC_REPRESENTATION_ITEM ( )  RATIONAL_B_SPLINE_SURFACE ( (
 ( 1.000000000000000000, 0.8485159526759118442, 1.000000000000000000),
 ( 1.000000000000000000, 0.8639546064634056055, 1.000000000000000000),
 ( 1.000000000000000000, 0.8717548141802903272, 1.000000000000000000),
 ( 1.000000000000000000, 0.8821540372915538386, 1.000000000000000000),
 ( 1.000000000000000000, 0.8844406240574285150, 1.000000000000000000),
 ( 1.000000000000000000, 0.8844764960970488143, 1.000000000000000000),
 ( 1.000000000000000000, 0.8774282945792762911, 1.000000000000000000),
 ( 1.000000000000000000, 0.8485159526776697714, 1.000000000000000000) ) ) 
 REPRESENTATION_ITEM ( '' )  SURFACE ( )  );
#1869 = ORIENTED_EDGE ( 'NONE', *, *, #2892, .F. ) ;
#1870 = EDGE_CURVE ( 'NONE', #503, #2868, #2614, .T. ) ;
#1871 = CARTESIAN_POINT ( 'NONE',  ( 9.533536292914849497, 3.136143502013781337, 0.7398783528161099188 ) ) ;
#1872 = CARTESIAN_POINT ( 'NONE',  ( 5.275181676724734814, 2.062763513043737618, -0.7513154392079069988 ) ) ;
#1873 = CARTESIAN_POINT ( 'NONE',  ( 9.883115775330333364, 3.653952238311716005, -1.160510725641603846 ) ) ;
#1874 = DIRECTION ( 'NONE',  ( -1.000000000000000000, 7.779029040254739985E-17, 0.000000000000000000 ) ) ;
#1875 = CARTESIAN_POINT ( 'NONE',  ( 9.302243280366564449, 2.903975122386014629, -0.7270683487129067091 ) ) ;
#1876 = EDGE_CURVE ( 'NONE', #331, #1066, #295, .T. ) ;
#1877 = CARTESIAN_POINT ( 'NONE',  ( 10.13424526414270233, 22.35093684210526632, 4.150000000000000355 ) ) ;
#1878 = DIRECTION ( 'NONE',  ( -1.000000000000000000, 0.000000000000000000, -1.224646799147352714E-16 ) ) ;
#1879 = DIRECTION ( 'NONE',  ( -1.112519005877866565E-16, 1.000000000000000000, 0.000000000000000000 ) ) ;
#1880 = CARTESIAN_POINT ( 'NONE',  ( -9.584640087873312453, 23.01743860375100326, 4.437662768770615607 ) ) ;
#1881 = CARTESIAN_POINT ( 'NONE',  ( -9.821087977695052373, 3.539077193952619549, -0.7678404488769855485 ) ) ;
#1882 = ADVANCED_FACE ( 'NONE', ( #217 ), #1365, .F. ) ;
#1883 = DIRECTION ( 'NONE',  ( -7.779029040254739985E-17, -1.000000000000000000, 0.000000000000000000 ) ) ;
#1884 = PRESENTATION_STYLE_ASSIGNMENT (( #3319 ) ) ;
#1885 = CARTESIAN_POINT ( 'NONE',  ( 10.10993163465578704, 22.56696519118029087, -4.546318649561588821 ) ) ;
#1886 = CARTESIAN_POINT ( 'NONE',  ( 10.15000000000000568, 4.463103583266808450, 0.8583662559608907783 ) ) ;
#1887 = CARTESIAN_POINT ( 'NONE',  ( 5.927875194502953526, 2.670938823310725851, 1.104999796354469765 ) ) ;
#1888 = VERTEX_POINT ( 'NONE', #1859 ) ;
#1889 = DIRECTION ( 'NONE',  ( -1.000000000000000000, 0.000000000000000000, 0.000000000000000000 ) ) ;
#1890 = DIRECTION ( 'NONE',  ( 0.000000000000000000, 0.000000000000000000, -1.000000000000000000 ) ) ;
#1891 = CARTESIAN_POINT ( 'NONE',  ( 9.898606558992479876, 3.684927142342033779, -0.7797379375047591710 ) ) ;
#1892 = ORIENTED_EDGE ( 'NONE', *, *, #2825, .F. ) ;
#1893 = DIRECTION ( 'NONE',  ( 1.000000000000000000, 0.000000000000000000, 1.224646799147352714E-16 ) ) ;
#1894 = DIRECTION ( 'NONE',  ( 7.779029040254739985E-17, 1.000000000000000000, 0.000000000000000000 ) ) ;
#1895 = CARTESIAN_POINT ( 'NONE',  ( 6.135379736309384491, 2.261363094636951399, -0.5471069201082474631 ) ) ;
#1896 = AXIS2_PLACEMENT_3D ( 'NONE', #2967, #1020, #1065 ) ;
#1897 = CARTESIAN_POINT ( 'NONE',  ( -10.14999999999999680, 4.792311111111164479, 0.9035273092664050099 ) ) ;
#1898 = B_SPLINE_CURVE_WITH_KNOTS ( 'NONE', 3,
 ( #132, #3250, #2248, #1739, #1791, #2600 ),
 .UNSPECIFIED., .F., .F.,
 ( 4, 2, 4 ),
 ( 2.343181387306740360E-17, 0.0003779572896958374143, 0.0007559145793916514098 ),
 .UNSPECIFIED. ) ;
#1899 = CARTESIAN_POINT ( 'NONE',  ( 5.927875194502956191, 2.327807721739338032, -0.8925184591056563033 ) ) ;
#1900 = DIRECTION ( 'NONE',  ( 0.000000000000000000, 0.000000000000000000, 1.000000000000000000 ) ) ;
#1901 =( GEOMETRIC_REPRESENTATION_CONTEXT ( 3 ) GLOBAL_UNCERTAINTY_ASSIGNED_CONTEXT ( ( #2502 ) ) GLOBAL_UNIT_ASSIGNED_CONTEXT ( ( #2681, #1990, #267 ) ) REPRESENTATION_CONTEXT ( 'NONE', 'WORKASPACE' ) );
#1902 = CARTESIAN_POINT ( 'NONE',  ( -7.904775085550787672, 24.58120000000000260, 2.485661889629982912 ) ) ;
#1903 = CARTESIAN_POINT ( 'NONE',  ( -9.321747451170411480, 3.478676672618755017, -1.146848437953485123 ) ) ;
#1904 = CARTESIAN_POINT ( 'NONE',  ( -5.736081291262012272, 2.080966739079315619, 0.7794458839205569145 ) ) ;
#1905 = EDGE_CURVE ( 'NONE', #2529, #1184, #2533, .T. ) ;
#1906 =( BOUNDED_SURFACE ( )  B_SPLINE_SURFACE ( 3, 2, ( 
 ( #1181, #1244, #724 ),
 ( #967, #1569, #1809 ),
 ( #1067, #3231, #378 ),
 ( #1379, #2947, #1023 ),
 ( #1880, #2130, #848 ),
 ( #3457, #2968, #1115 ),
 ( #2778, #1920, #2085 ),
 ( #830, #2444, #2361 ),
 ( #3425, #299, #559 ),
 ( #3210, #2928, #351 ),
 ( #1682, #2714, #1045 ),
 ( #618, #2159, #1088 ),
 ( #3148, #2110, #1351 ),
 ( #595, #3004, #1641 ),
 ( #1402, #2471, #1902 ),
 ( #323, #1225, #1191 ) ),
 .UNSPECIFIED., .F., .F., .F. ) 
 B_SPLINE_SURFACE_WITH_KNOTS ( ( 4, 2, 2, 2, 2, 2, 2, 4 ),
 ( 3, 3 ),
 ( 0.000000000000000000, 0.0004593414644910305371, 0.0006890121967365458056, 0.0009186829289820610742, 0.001378024393473091611, 0.001837365857964122148, 0.002756048786946183222, 0.003674731715928244297 ),
 ( 0.000000000000000000, 1.000000000000000000 ),
 .UNSPECIFIED. ) 
 GEOMETRIC_REPRESENTATION_ITEM ( )  RATIONAL_B_SPLINE_SURFACE ( (
 ( 1.000000000000000000, 0.7071067811865475727, 1.000000000000000000),
 ( 1.000000000000000000, 0.7103693998282166744, 1.000000000000000000),
 ( 1.000000000000000000, 0.7199084770831647440, 1.000000000000000000),
 ( 1.000000000000000000, 0.7406137372316665690, 1.000000000000000000),
 ( 1.000000000000000000, 0.7486020725046316215, 1.000000000000000000),
 ( 1.000000000000000000, 0.7656271550149489347, 1.000000000000000000),
 ( 1.000000000000000000, 0.7747163475981632130, 1.000000000000000000),
 ( 1.000000000000000000, 0.8029274175567661098, 1.000000000000000000),
 ( 1.000000000000000000, 0.8229454434391438866, 1.000000000000000000),
 ( 1.000000000000000000, 0.8608682229884780934, 1.000000000000000000),
 ( 1.000000000000000000, 0.8790499206519175601, 1.000000000000000000),
 ( 1.000000000000000000, 0.9292719838564484913, 1.000000000000000000),
 ( 1.000000000000000000, 0.9554857398612365271, 1.000000000000000000),
 ( 1.000000000000000000, 0.9908781234527285209, 1.000000000000000000),
 ( 1.000000000000000000, 1.000077693877291729, 1.000000000000000000),
 ( 1.000000000000000000, 1.000000000000000000, 1.000000000000000000) ) ) 
 REPRESENTATION_ITEM ( '' )  SURFACE ( )  );
#1907 = CARTESIAN_POINT ( 'NONE',  ( 9.685529030395672478, 22.67386529897282088, -4.527120391636054286 ) ) ;
#1908 = CARTESIAN_POINT ( 'NONE',  ( 4.705731285300324807, 1.981200000000000738, -0.7051314326984394754 ) ) ;
#1909 = AXIS2_PLACEMENT_3D ( 'NONE', #627, #899, #1238 ) ;
#1910 = CARTESIAN_POINT ( 'NONE',  ( 9.403351094390378861, 23.43606015411965870, -4.256212531043045644 ) ) ;
#1911 = EDGE_CURVE ( 'NONE', #1736, #422, #224, .T. ) ;
#1912 = CARTESIAN_POINT ( 'NONE',  ( 9.538140837970205510, 3.819899491468165653, 1.177608635726801634 ) ) ;
#1913 = CARTESIAN_POINT ( 'NONE',  ( 5.550000000000001599, 1.981200000000000738, 0.000000000000000000 ) ) ;
#1914 = CARTESIAN_POINT ( 'NONE',  ( -5.676151593821318286, 2.659756383862533546, -1.104716958787422154 ) ) ;
#1915 = EDGE_CURVE ( 'NONE', #503, #1586, #1396, .T. ) ;
#1916 = CARTESIAN_POINT ( 'NONE',  ( -9.736754868084572578, 22.30620000000000047, -4.549999999999998934 ) ) ;
#1917 = CARTESIAN_POINT ( 'NONE',  ( 9.750000000000000000, 2.281200000000000561, -16.29275362318840337 ) ) ;
#1918 = CARTESIAN_POINT ( 'NONE',  ( 6.394268714699679279, 2.281199999999999672, 0.7051314326984390313 ) ) ;
#1919 = CARTESIAN_POINT ( 'NONE',  ( 10.14999999999999858, 13.43119999999999514, 3.469446951953614189E-15 ) ) ;
#1920 = CARTESIAN_POINT ( 'NONE',  ( -9.782101906324939478, 23.38731751388279534, 4.283879356805615934 ) ) ;
#1921 = CARTESIAN_POINT ( 'NONE',  ( 10.14999999999999858, 4.792311111111110300, 0.9035273092664040107 ) ) ;
#1922 = CARTESIAN_POINT ( 'NONE',  ( -10.14999999999999858, 4.627713206223822873, -0.8809475863625356729 ) ) ;
#1923 = ORIENTED_EDGE ( 'NONE', *, *, #2735, .F. ) ;
#1924 = FACE_OUTER_BOUND ( 'NONE', #1492, .T. ) ;
#1925 = CARTESIAN_POINT ( 'NONE',  ( 9.736754868084572578, 22.30620000000000047, -4.549999999999998934 ) ) ;
#1926 =( BOUNDED_SURFACE ( )  B_SPLINE_SURFACE ( 3, 2, ( 
 ( #3219, #2726, #67 ),
 ( #2959, #1058, #2816 ),
 ( #1415, #1368, #3266 ),
 ( #588, #1690, #2172 ),
 ( #2488, #124, #406 ),
 ( #2793, #3010, #644 ),
 ( #455, #721, #2015 ),
 ( #2567, #2272, #2034 ) ),
 .UNSPECIFIED., .F., .F., .F. ) 
 B_SPLINE_SURFACE_WITH_KNOTS ( ( 4, 2, 2, 4 ),
 ( 3, 3 ),
 ( -1.616816489719008487E-17, 0.0001922411447672447732, 0.0003844822895345057011, 0.0007689645790690275567 ),
 ( 0.000000000000000000, 1.000000000000000000 ),
 .UNSPECIFIED. ) 
 GEOMETRIC_REPRESENTATION_ITEM ( )  RATIONAL_B_SPLINE_SURFACE ( (
 ( 1.000000000000000000, 0.8485159526759117332, 1.000000000000000000),
 ( 1.000000000000000000, 0.8639546064611085541, 1.000000000000000000),
 ( 1.000000000000000000, 0.8717548141796873651, 1.000000000000000000),
 ( 1.000000000000000000, 0.8821540372913074801, 1.000000000000000000),
 ( 1.000000000000000000, 0.8844406240573449152, 1.000000000000000000),
 ( 1.000000000000000000, 0.8844764960972139045, 1.000000000000000000),
 ( 1.000000000000000000, 0.8774282945795029987, 1.000000000000000000),
 ( 1.000000000000000000, 0.8485159526776697714, 1.000000000000000000) ) ) 
 REPRESENTATION_ITEM ( '' )  SURFACE ( )  );
#1927 = CARTESIAN_POINT ( 'NONE',  ( -5.363918708736898466, 2.080966739079139760, -0.7794458839202716982 ) ) ;
#1928 = CARTESIAN_POINT ( 'NONE',  ( -9.088796046763974346, 24.12581151525172274, -3.416702960964041580 ) ) ;
#1929 = CARTESIAN_POINT ( 'NONE',  ( -10.15000000000000036, 2.670938823310716970, -1.104999796354467323 ) ) ;
#1930 = VERTEX_POINT ( 'NONE', #1676 ) ;
#1931 = CARTESIAN_POINT ( 'NONE',  ( 5.550000000000001599, 0.2999999999999999334, 0.000000000000000000 ) ) ;
#1932 = ORIENTED_EDGE ( 'NONE', *, *, #2856, .F. ) ;
#1933 = CARTESIAN_POINT ( 'NONE',  ( 6.050000000000000711, -9.918449512436734404E-17, 0.000000000000000000 ) ) ;
#1934 = ADVANCED_FACE ( 'NONE', ( #2482 ), #230, .T. ) ;
#1935 = AXIS2_PLACEMENT_3D ( 'NONE', #2037, #1850, #2716 ) ;
#1936 = ORIENTED_EDGE ( 'NONE', *, *, #980, .F. ) ;
#1937 = DIRECTION ( 'NONE',  ( -1.000000000000000000, 0.000000000000000000, 0.000000000000000000 ) ) ;
#1938 = CARTESIAN_POINT ( 'NONE',  ( 6.394268714699679279, 2.281199999999999672, 0.7051314326984389202 ) ) ;
#1939 = DIRECTION ( 'NONE',  ( -2.428945146063511808E-17, -1.000000000000000000, -0.000000000000000000 ) ) ;
#1940 = ORIENTED_EDGE ( 'NONE', *, *, #2158, .T. ) ;
#1941 = PRESENTATION_LAYER_ASSIGNMENT (  '', '', ( #3413 ) ) ;
#1942 = CARTESIAN_POINT ( 'NONE',  ( -5.890213708206067267, 2.045323093383348834, 0.7273949271317263765 ) ) ;
#1943 = AXIS2_PLACEMENT_3D ( 'NONE', #756, #3028, #1893 ) ;
#1944 = CARTESIAN_POINT ( 'NONE',  ( 8.088227986904527711, 24.53788731159992054, 2.788823549259495493 ) ) ;
#1945 = CARTESIAN_POINT ( 'NONE',  ( 5.550000000000001599, 2.281199999999999672, 0.000000000000000000 ) ) ;
#1946 = DIRECTION ( 'NONE',  ( 2.428945146063511808E-17, -1.000000000000000000, 0.000000000000000000 ) ) ;
#1947 = EDGE_LOOP ( 'NONE', ( #1618, #931, #3285, #2561 ) ) ;
#1948 = CARTESIAN_POINT ( 'NONE',  ( -5.550000000000000711, 0.000000000000000000, 0.000000000000000000 ) ) ;
#1949 = EDGE_CURVE ( 'NONE', #422, #2731, #2554, .T. ) ;
#1950 = CARTESIAN_POINT ( 'NONE',  ( 8.754003691850234858, 2.536349056699319870, 0.7120227339476467021 ) ) ;
#1951 = ORIENTED_EDGE ( 'NONE', *, *, #2735, .T. ) ;
#1952 = EDGE_CURVE ( 'NONE', #2572, #1477, #1378, .T. ) ;
#1953 = CARTESIAN_POINT ( 'NONE',  ( -5.275181676720215762, 2.062763513042532360, 0.7513154392062539877 ) ) ;
#1954 = VERTEX_POINT ( 'NONE', #2706 ) ;
#1955 = CARTESIAN_POINT ( 'NONE',  ( 9.750000000000000000, 4.792311111111110300, -0.9035273092663966832 ) ) ;
#1956 = CARTESIAN_POINT ( 'NONE',  ( -9.223739572140456033, 3.362401008199468855, -1.138224366097158713 ) ) ;
#1957 = CARTESIAN_POINT ( 'NONE',  ( -9.222717679783704270, 3.361271242221818945, 1.138144051438254367 ) ) ;
#1958 = ORIENTED_EDGE ( 'NONE', *, *, #933, .F. ) ;
#1959 = CARTESIAN_POINT ( 'NONE',  ( -6.135061470457241484, 2.261142615022589286, 0.5474879853330159030 ) ) ;
#1960 = CARTESIAN_POINT ( 'NONE',  ( 5.927875194502954415, 2.305862852704675170, -0.8434138461146379884 ) ) ;
#1961 = CARTESIAN_POINT ( 'NONE',  ( -10.13406404166294372, 4.466414919597674782, -0.8607239381907481057 ) ) ;
#1962 = CARTESIAN_POINT ( 'NONE',  ( -4.935986389309326761, 2.281200000000000117, -0.5128228601443186596 ) ) ;
#1963 = CARTESIAN_POINT ( 'NONE',  ( -8.758022681623065964, 24.19658253143529691, -3.548278395038600763 ) ) ;
#1964 = EDGE_LOOP ( 'NONE', ( #375, #2932, #1334, #318 ) ) ;
#1965 = CARTESIAN_POINT ( 'NONE',  ( -7.638888888888889284, 24.58120000000000260, 4.549999999999999822 ) ) ;
#1966 = CARTESIAN_POINT ( 'NONE',  ( 9.532401052045601730, 3.134854057802927141, 0.7398011299274364072 ) ) ;
#1967 = ORIENTED_EDGE ( 'NONE', *, *, #2503, .T. ) ;
#1968 = CARTESIAN_POINT ( 'NONE',  ( 5.927875194502953526, 2.305862852702011967, 0.8434138461074072168 ) ) ;
#1969 =( LENGTH_UNIT ( ) NAMED_UNIT ( * ) SI_UNIT ( .MILLI., .METRE. ) );
#1970 = AXIS2_PLACEMENT_3D ( 'NONE', #2601, #3350, #2340 ) ;
#1971 = ORIENTED_EDGE ( 'NONE', *, *, #3009, .T. ) ;
#1972 = CARTESIAN_POINT ( 'NONE',  ( -5.645119860716081739, 2.091893456023441900, 0.7999493388477066924 ) ) ;
#1973 = DIRECTION ( 'NONE',  ( 0.3435229040935939837, 0.000000000000000000, -0.9391442990100633548 ) ) ;
#1974 = CARTESIAN_POINT ( 'NONE',  ( 6.103832649990292403, 2.306166654405178207, 0.8480363070474890019 ) ) ;
#1975 = CARTESIAN_POINT ( 'NONE',  ( -5.738042914723591181, 2.085905742806259067, -0.7830563978454692098 ) ) ;
#1976 =( GEOMETRIC_REPRESENTATION_CONTEXT ( 3 ) GLOBAL_UNCERTAINTY_ASSIGNED_CONTEXT ( ( #287 ) ) GLOBAL_UNIT_ASSIGNED_CONTEXT ( ( #1256, #1135, #2187 ) ) REPRESENTATION_CONTEXT ( 'NONE', 'WORKASPACE' ) );
#1977 = EDGE_CURVE ( 'NONE', #1704, #3291, #233, .T. ) ;
#1978 = VERTEX_POINT ( 'NONE', #3446 ) ;
#1979 = CARTESIAN_POINT ( 'NONE',  ( -5.951597202836824252, 2.025261608010756831, -0.6953963267792094838 ) ) ;
#1980 = CARTESIAN_POINT ( 'NONE',  ( 5.618011437027004007, 2.440344444573582905, -1.099248242517843810 ) ) ;
#1981 = DIRECTION ( 'NONE',  ( 2.168404344971010446E-15, 0.000000000000000000, 1.000000000000000000 ) ) ;
#1982 = EDGE_CURVE ( 'NONE', #2751, #2731, #1327, .T. ) ;
#1983 = FACE_OUTER_BOUND ( 'NONE', #1655, .T. ) ;
#1984 = CARTESIAN_POINT ( 'NONE',  ( 8.321020341631797379, 2.776590131462816302, 1.107990074416190351 ) ) ;
#1985 = ORIENTED_EDGE ( 'NONE', *, *, #2641, .T. ) ;
#1986 = CARTESIAN_POINT ( 'NONE',  ( 5.550000000000000711, 0.000000000000000000, 0.000000000000000000 ) ) ;
#1987 = ADVANCED_FACE ( 'NONE', ( #2549 ), #309, .T. ) ;
#1988 = CARTESIAN_POINT ( 'NONE',  ( 4.705731285300324807, 1.981199999999999850, 0.7051314326984395864 ) ) ;
#1989 = EDGE_CURVE ( 'NONE', #1828, #464, #2559, .T. ) ;
#1990 =( NAMED_UNIT ( * ) PLANE_ANGLE_UNIT ( ) SI_UNIT ( $, .RADIAN. ) );
#1991 = PLANE ( 'NONE',  #3318 ) ;
#1992 = ORIENTED_EDGE ( 'NONE', *, *, #12, .T. ) ;
#1993 = ORIENTED_EDGE ( 'NONE', *, *, #2691, .F. ) ;
#1994 = CARTESIAN_POINT ( 'NONE',  ( -5.035083978206150057, 1.993414052962370731, 0.6161965172774488408 ) ) ;
#1995 = CARTESIAN_POINT ( 'NONE',  ( 6.164013610690676437, 1.981199999999999850, 0.5128228601443192147 ) ) ;
#1996 = DIRECTION ( 'NONE',  ( 0.000000000000000000, 1.000000000000000000, 0.000000000000000000 ) ) ;
#1997 = ORIENTED_EDGE ( 'NONE', *, *, #3321, .T. ) ;
#1998 = ORIENTED_EDGE ( 'NONE', *, *, #198, .F. ) ;
#1999 = CARTESIAN_POINT ( 'NONE',  ( 10.15000000000000036, 2.681200000000000028, 0.7051314326984390313 ) ) ;
#2000 = CARTESIAN_POINT ( 'NONE',  ( 8.732649090494987831, 24.23152298004593774, 3.520693689872818055 ) ) ;
#2001 = CARTESIAN_POINT ( 'NONE',  ( 7.871234988766261154, 24.58119999999999905, 2.540681029420054138 ) ) ;
#2002 = ADVANCED_FACE ( 'NONE', ( #175 ), #243, .T. ) ;
#2003 = CARTESIAN_POINT ( 'NONE',  ( -7.917326790515972768, 2.670938830198335001, -1.104999796531213496 ) ) ;
#2004 = PLANE ( 'NONE',  #1202 ) ;
#2005 = FACE_OUTER_BOUND ( 'NONE', #34, .T. ) ;
#2006 = CARTESIAN_POINT ( 'NONE',  ( 8.690353308719814152, 24.36667806000122027, -3.105983181429930795 ) ) ;
#2007 = DIRECTION ( 'NONE',  ( 0.000000000000000000, -1.000000000000000000, -0.000000000000000000 ) ) ;
#2008 = ORIENTED_EDGE ( 'NONE', *, *, #3015, .T. ) ;
#2009 = AXIS2_PLACEMENT_3D ( 'NONE', #1192, #442, #619 ) ;
#2010 =( LENGTH_UNIT ( ) NAMED_UNIT ( * ) SI_UNIT ( .MILLI., .METRE. ) );
#2011 = EDGE_CURVE ( 'NONE', #927, #2059, #1391, .T. ) ;
#2012 = CARTESIAN_POINT ( 'NONE',  ( -8.577148080805379493, 2.880306394511098489, 1.111728396197706026 ) ) ;
#2013 = CARTESIAN_POINT ( 'NONE',  ( 9.898139174892678582, 23.17854392086938731, -4.021238976242086594 ) ) ;
#2014 = EDGE_LOOP ( 'NONE', ( #1579, #982, #3297, #2594, #346, #3245, #1414, #265, #2120, #220 ) ) ;
#2015 = CARTESIAN_POINT ( 'NONE',  ( 5.784908732548499799, 2.340784795366048332, -0.9169918589030153777 ) ) ;
#2016 = CARTESIAN_POINT ( 'NONE',  ( -9.151743193156802292, 23.81338245745384441, 3.985920871326512405 ) ) ;
#2017 = DIRECTION ( 'NONE',  ( 0.3435229040997320737, 0.000000000000000000, 0.9391442990078182618 ) ) ;
#2018 = AXIS2_PLACEMENT_3D ( 'NONE', #1277, #1573, #274 ) ;
#2019 = DIRECTION ( 'NONE',  ( -0.000000000000000000, -1.000000000000000000, -0.000000000000000000 ) ) ;
#2020 = EDGE_CURVE ( 'NONE', #1346, #1511, #403, .T. ) ;
#2021 =( BOUNDED_SURFACE ( )  B_SPLINE_SURFACE ( 3, 2, ( 
 ( #1161, #1740, #3017 ),
 ( #2183, #1959, #178 ),
 ( #1132, #685, #1221 ),
 ( #1717, #3068, #3251 ),
 ( #2230, #2842, #1942 ),
 ( #3035, #105, #3056 ) ),
 .UNSPECIFIED., .F., .F., .F. ) 
 B_SPLINE_SURFACE_WITH_KNOTS ( ( 4, 2, 4 ),
 ( 3, 3 ),
 ( -8.131516293641283255E-20, 0.0002893117355248528248, 0.0005786234710497057581 ),
 ( 0.000000000000000000, 1.000000000000000000 ),
 .UNSPECIFIED. ) 
 GEOMETRIC_REPRESENTATION_ITEM ( )  RATIONAL_B_SPLINE_SURFACE ( (
 ( 1.000000000000000000, 0.7071067811865475727, 1.000000000000000000),
 ( 1.000000000000000000, 0.7316440224687976723, 1.000000000000000000),
 ( 1.000000000000000000, 0.7586247513653191499, 1.000000000000000000),
 ( 1.000000000000000000, 0.8085646020059588102, 1.000000000000000000),
 ( 1.000000000000000000, 0.8314738065356781505, 1.000000000000000000),
 ( 1.000000000000000000, 0.8485159526776629990, 1.000000000000000000) ) ) 
 REPRESENTATION_ITEM ( '' )  SURFACE ( )  );
#2022 = EDGE_CURVE ( 'NONE', #891, #2752, #407, .T. ) ;
#2023 = CARTESIAN_POINT ( 'NONE',  ( 9.736754868084572578, 22.30620000000000047, 4.549999999999999822 ) ) ;
#2024 = MANIFOLD_SOLID_BREP ( 'Mirror1[2]', #880 ) ;
#2025 = CARTESIAN_POINT ( 'NONE',  ( 10.15000000000000036, 22.30620000000000047, 2.275000000000002576 ) ) ;
#2026 = CARTESIAN_POINT ( 'NONE',  ( -5.670007806087604685, 2.339551877427834992, -0.9306786171897356574 ) ) ;
#2027 = ADVANCED_FACE ( 'NONE', ( #386 ), #1479, .T. ) ;
#2028 = EDGE_CURVE ( 'NONE', #2384, #361, #1544, .T. ) ;
#2029 = VERTEX_POINT ( 'NONE', #1751 ) ;
#2030 = CARTESIAN_POINT ( 'NONE',  ( -5.297828775187711337, 2.339217864934806101, 0.9140367924589780646 ) ) ;
#2031 = CARTESIAN_POINT ( 'NONE',  ( -5.487168218090303640, 2.659745974375944844, -1.104716699339394870 ) ) ;
#2032 = CARTESIAN_POINT ( 'NONE',  ( -5.243694132619552306, 2.246827277526825206, 0.7397978347192331050 ) ) ;
#2033 = ORIENTED_EDGE ( 'NONE', *, *, #3414, .F. ) ;
#2034 = CARTESIAN_POINT ( 'NONE',  ( 5.927875194502934875, 2.327807721739343361, -0.8925184591056566363 ) ) ;
#2035 = ORIENTED_EDGE ( 'NONE', *, *, #20, .T. ) ;
#2036 = DIRECTION ( 'NONE',  ( 0.9239411971968893855, -0.1792050186439437809, 0.3379618697652190806 ) ) ;
#2037 = CARTESIAN_POINT ( 'NONE',  ( -7.638888888888889284, 22.07008888888888976, 4.150000000000000355 ) ) ;
#2038 = ORIENTED_EDGE ( 'NONE', *, *, #2698, .F. ) ;
#2039 = DIRECTION ( 'NONE',  ( 0.000000000000000000, 1.000000000000000000, 8.881784197001256268E-16 ) ) ;
#2040 = ORIENTED_EDGE ( 'NONE', *, *, #417, .T. ) ;
#2041 = LINE ( 'NONE', #1070, #3238 ) ;
#2042 = CARTESIAN_POINT ( 'NONE',  ( 5.172124805497047006, 2.681200000000000472, -0.7051314326984370329 ) ) ;
#2043 = CARTESIAN_POINT ( 'NONE',  ( -9.521028181759639608, 3.122099477774866294, -1.120799727543753121 ) ) ;
#2044 = EDGE_LOOP ( 'NONE', ( #898, #684, #383 ) ) ;
#2045 = CIRCLE ( 'NONE', #926, 0.4999999999999987232 ) ;
#2046 = CARTESIAN_POINT ( 'NONE',  ( 8.899388905600902788, 2.614268572243162225, 0.7146446213777353229 ) ) ;
#2047 = CARTESIAN_POINT ( 'NONE',  ( -7.638888888888887507, 2.281199999999999672, 0.7051314326984381431 ) ) ;
#2048 =( LENGTH_UNIT ( ) NAMED_UNIT ( * ) SI_UNIT ( .MILLI., .METRE. ) );
#2049 = CARTESIAN_POINT ( 'NONE',  ( 4.981808515857620634, 1.981200082736742640, -0.5676866572915925113 ) ) ;
#2050 = AXIS2_PLACEMENT_3D ( 'NONE', #1677, #803, #1059 ) ;
#2051 = CARTESIAN_POINT ( 'NONE',  ( 6.247858050035786981, 2.289245090923309078, -0.7910936982116136829 ) ) ;
#2052 = B_SPLINE_CURVE_WITH_KNOTS ( 'NONE', 3,
 ( #2713, #808, #2945, #540, #2777, #1663 ),
 .UNSPECIFIED., .F., .F.,
 ( 4, 2, 4 ),
 ( 0.000000000000000000, 0.0002540400195408937787, 0.0005080800390817875574 ),
 .UNSPECIFIED. ) ;
#2053 = ORIENTED_EDGE ( 'NONE', *, *, #2986, .T. ) ;
#2054 = AXIS2_PLACEMENT_3D ( 'NONE', #1813, #187, #2538 ) ;
#2055 = ORIENTED_EDGE ( 'NONE', *, *, #539, .T. ) ;
#2056 = CARTESIAN_POINT ( 'NONE',  ( -8.321020341631797379, 2.776590131462816302, 1.107990074416190351 ) ) ;
#2057 = CARTESIAN_POINT ( 'NONE',  ( -5.005298817664706412, 2.248074860982018919, 0.5909448458733005394 ) ) ;
#2058 = ADVANCED_FACE ( 'NONE', ( #1510 ), #2867, .F. ) ;
#2059 = VERTEX_POINT ( 'NONE', #2781 ) ;
#2060 = AXIS2_PLACEMENT_3D ( 'NONE', #1517, #1026, #461 ) ;
#2061 = EDGE_CURVE ( 'NONE', #1056, #2311, #389, .T. ) ;
#2062 = ORIENTED_EDGE ( 'NONE', *, *, #1989, .T. ) ;
#2063 = CARTESIAN_POINT ( 'NONE',  ( -8.618185077757155810, 24.39801548497006323, -3.206389232061228167 ) ) ;
#2064 = FILL_AREA_STYLE ('',( #3374 ) ) ;
#2065 = DIRECTION ( 'NONE',  ( 0.000000000000000000, 0.000000000000000000, -1.000000000000000000 ) ) ;
#2066 = ORIENTED_EDGE ( 'NONE', *, *, #1440, .T. ) ;
#2067 = EDGE_LOOP ( 'NONE', ( #231, #1774, #2982, #2522 ) ) ;
#2068 = EDGE_CURVE ( 'NONE', #1114, #797, #778, .T. ) ;
#2069 = DIRECTION ( 'NONE',  ( 0.000000000000000000, -1.000000000000000000, 0.000000000000000000 ) ) ;
#2070 = DIRECTION ( 'NONE',  ( 0.000000000000000000, 0.000000000000000000, 1.000000000000000000 ) ) ;
#2071 = VERTEX_POINT ( 'NONE', #688 ) ;
#2072 = ORIENTED_EDGE ( 'NONE', *, *, #617, .F. ) ;
#2073 = ADVANCED_FACE ( 'NONE', ( #320 ), #1520, .F. ) ;
#2074 = CARTESIAN_POINT ( 'NONE',  ( 10.08462752957369091, 4.136208083672922697, 0.8215123138986129003 ) ) ;
#2075 = CARTESIAN_POINT ( 'NONE',  ( -10.06027906005705574, 22.76837250919552247, -4.513562537677294095 ) ) ;
#2076 = CARTESIAN_POINT ( 'NONE',  ( 4.935986389309327649, 1.981199999999999850, -0.5128228601443195478 ) ) ;
#2077 = CARTESIAN_POINT ( 'NONE',  ( 9.521028181759639608, 3.122099477774835652, -1.120799727543768221 ) ) ;
#2078 = EDGE_LOOP ( 'NONE', ( #2163, #945, #1329, #1382 ) ) ;
#2079 = ORIENTED_EDGE ( 'NONE', *, *, #2112, .T. ) ;
#2080 = CYLINDRICAL_SURFACE ( 'NONE', #2287, 0.3999999999999993006 ) ;
#2081 = CARTESIAN_POINT ( 'NONE',  ( -7.967293284850621049, 2.297417974362516269, 1.095047273068825433 ) ) ;
#2082 = CARTESIAN_POINT ( 'NONE',  ( -4.935986389309326761, 2.281199999999999672, 0.5128228601443191037 ) ) ;
#2083 = ORIENTED_EDGE ( 'NONE', *, *, #510, .F. ) ;
#2084 = CARTESIAN_POINT ( 'NONE',  ( 10.11351900496049794, 22.53509130146010264, 4.149999984668296449 ) ) ;
#2085 = CARTESIAN_POINT ( 'NONE',  ( -9.840308066091248307, 23.28108079419256882, 3.980508436793281923 ) ) ;
#2086 = ADVANCED_FACE ( 'NONE', ( #2625 ), #2004, .T. ) ;
#2087 = ORIENTED_EDGE ( 'NONE', *, *, #680, .F. ) ;
#2088 = CARTESIAN_POINT ( 'NONE',  ( -9.313625213724426644, 3.468279384731385306, -1.146028892578603742 ) ) ;
#2089 = MECHANICAL_DESIGN_GEOMETRIC_PRESENTATION_REPRESENTATION (  '', ( #3183 ), #2806 ) ;
#2090 = AXIS2_PLACEMENT_3D ( 'NONE', #42, #1849, #1879 ) ;
#2091 = CARTESIAN_POINT ( 'NONE',  ( -5.686572334203733092, 2.437565341602748514, 1.099145864899082836 ) ) ;
#2092 = CARTESIAN_POINT ( 'NONE',  ( -5.955526488987162637, 2.027904807642872509, 0.7035046302391188000 ) ) ;
#2093 = ORIENTED_EDGE ( 'NONE', *, *, #236, .T. ) ;
#2094 = DIRECTION ( 'NONE',  ( -7.779029040254739985E-17, 1.000000000000000000, 0.000000000000000000 ) ) ;
#2095 = AXIS2_PLACEMENT_3D ( 'NONE', #1291, #1234, #717 ) ;
#2096 = EDGE_CURVE ( 'NONE', #2141, #3218, #381, .T. ) ;
#2097 = CARTESIAN_POINT ( 'NONE',  ( 7.638888888888887507, 2.670938823310716081, -1.104999796354468655 ) ) ;
#2098 = CARTESIAN_POINT ( 'NONE',  ( -9.898132327451548917, 23.17855830741412859, 4.021234332177935578 ) ) ;
#2099 = CARTESIAN_POINT ( 'NONE',  ( 5.927875194502956191, 2.327807721739338032, -0.8925184591056563033 ) ) ;
#2100 = EDGE_LOOP ( 'NONE', ( #2738, #1936, #1460, #892 ) ) ;
#2101 = CARTESIAN_POINT ( 'NONE',  ( 6.094701182334278933, 2.248074860981713385, -0.5909448458743906674 ) ) ;
#2102 = CARTESIAN_POINT ( 'NONE',  ( 5.109770899582930070, 2.239123393100522996, 0.6723991424419371032 ) ) ;
#2103 = DIRECTION ( 'NONE',  ( 0.000000000000000000, 1.000000000000000000, 0.000000000000000000 ) ) ;
#2104 = AXIS2_PLACEMENT_3D ( 'NONE', #91, #2835, #388 ) ;
#2105 = CARTESIAN_POINT ( 'NONE',  ( 9.750000000000000000, 2.281200000000000561, 16.29275362318840337 ) ) ;
#2106 = ORIENTED_EDGE ( 'NONE', *, *, #337, .F. ) ;
#2107 = DIRECTION ( 'NONE',  ( -2.168404344971007685E-15, -1.000000000000000000, 0.000000000000000000 ) ) ;
#2108 = DIRECTION ( 'NONE',  ( 1.943551128230468624E-14, -0.9869473144907685569, -0.1610434674845901415 ) ) ;
#2109 = CIRCLE ( 'NONE', #3272, 0.3999999999999999667 ) ;
#2110 = CARTESIAN_POINT ( 'NONE',  ( -8.618185077757155810, 24.39801548497006323, 3.206389232061228167 ) ) ;
#2111 = CARTESIAN_POINT ( 'NONE',  ( -5.275181676720203328, 2.062763513042533692, 0.7513154392062495468 ) ) ;
#2112 = EDGE_CURVE ( 'NONE', #2529, #555, #2642, .T. ) ;
#2113 = CARTESIAN_POINT ( 'NONE',  ( -5.819864581624917932, 2.318406021319094013, -0.8800449122194516915 ) ) ;
#2114 = ORIENTED_EDGE ( 'NONE', *, *, #1773, .F. ) ;
#2115 = CARTESIAN_POINT ( 'NONE',  ( 9.719330467347534253, 22.49404474387542052, -4.549999999999998934 ) ) ;
#2116 = CIRCLE ( 'NONE', #826, 0.7999999999999994893 ) ;
#2117 = CARTESIAN_POINT ( 'NONE',  ( -6.050000000000000711, -23.41880000000000095, 0.000000000000000000 ) ) ;
#2118 = CARTESIAN_POINT ( 'NONE',  ( 8.861787282979966207, 24.11331534347304384, 3.664686073375062580 ) ) ;
#2119 = ADVANCED_FACE ( 'NONE', ( #2695 ), #1516, .T. ) ;
#2120 = ORIENTED_EDGE ( 'NONE', *, *, #832, .T. ) ;
#2121 = CARTESIAN_POINT ( 'NONE',  ( 4.851372083648620048, 2.289162844109217776, -0.7907397732568386406 ) ) ;
#2122 = CARTESIAN_POINT ( 'NONE',  ( 4.705731285300324807, 2.281199999999999672, 0.7051314326984390313 ) ) ;
#2123 = CARTESIAN_POINT ( 'NONE',  ( 5.550000000000000711, 0.000000000000000000, 0.4999999999999995559 ) ) ;
#2124 = CARTESIAN_POINT ( 'NONE',  ( 9.538651533310023467, 3.820789744037964564, -1.177692425754111483 ) ) ;
#2125 = ORIENTED_EDGE ( 'NONE', *, *, #1977, .F. ) ;
#2126 = EDGE_LOOP ( 'NONE', ( #1606, #960, #1421, #2576 ) ) ;
#2127 = CARTESIAN_POINT ( 'NONE',  ( 9.733725655059085824, 23.46455806732049609, 3.905008642455283674 ) ) ;
#2128 = ORIENTED_EDGE ( 'NONE', *, *, #2288, .F. ) ;
#2129 = CARTESIAN_POINT ( 'NONE',  ( 10.10993163465578704, 22.56696519118029087, 4.546318649561588821 ) ) ;
#2130 = CARTESIAN_POINT ( 'NONE',  ( -9.913820663629158148, 23.14244903880339876, 4.396861057499527270 ) ) ;
#2131 = CARTESIAN_POINT ( 'NONE',  ( -9.533662215007703722, 3.136293393636118587, -0.7398875755356614237 ) ) ;
#2132 = AXIS2_PLACEMENT_3D ( 'NONE', #796, #624, #1688 ) ;
#2133 = CARTESIAN_POINT ( 'NONE',  ( -5.550000000000000711, 0.000000000000000000, 0.000000000000000000 ) ) ;
#2134 = ORIENTED_EDGE ( 'NONE', *, *, #1915, .F. ) ;
#2135 = CARTESIAN_POINT ( 'NONE',  ( -6.394268714699679279, 2.281199999999999672, -0.7051314326984390313 ) ) ;
#2136 = EDGE_LOOP ( 'NONE', ( #3232, #1496, #3211, #1337, #362, #1099, #2238, #689 ) ) ;
#2137 = LINE ( 'NONE', #1965, #3300 ) ;
#2138 = CARTESIAN_POINT ( 'NONE',  ( 5.172124805497047006, 2.670938823310716081, 1.104999796354468655 ) ) ;
#2139 = CARTESIAN_POINT ( 'NONE',  ( 9.599388464065127025, 22.98575806872346305, -4.452791805643429690 ) ) ;
#2140 = CARTESIAN_POINT ( 'NONE',  ( 5.824818323274879361, 2.062763513043849084, 0.7513154392080491073 ) ) ;
#2141 = VERTEX_POINT ( 'NONE', #1796 ) ;
#2142 = EDGE_CURVE ( 'NONE', #464, #2529, #1596, .T. ) ;
#2143 = VERTEX_POINT ( 'NONE', #658 ) ;
#2144 = FACE_OUTER_BOUND ( 'NONE', #125, .T. ) ;
#2145 = CARTESIAN_POINT ( 'NONE',  ( 9.637336925848821068, 3.262877305822601048, 0.7477848645468421207 ) ) ;
#2146 = DIRECTION ( 'NONE',  ( -3.252606517456515274E-15, 0.000000000000000000, 1.000000000000000000 ) ) ;
#2147 = CARTESIAN_POINT ( 'NONE',  ( 6.164013610690676437, 1.981200000000000738, -0.5128228601443192147 ) ) ;
#2148 = CARTESIAN_POINT ( 'NONE',  ( -9.880213646478923195, 23.20573095977449185, -4.008257729274021131 ) ) ;
#2149 = EDGE_LOOP ( 'NONE', ( #978, #457, #3364, #3120 ) ) ;
#2150 = DIRECTION ( 'NONE',  ( 0.000000000000000000, 0.000000000000000000, -1.000000000000000000 ) ) ;
#2151 = FACE_OUTER_BOUND ( 'NONE', #874, .T. ) ;
#2152 = EDGE_CURVE ( 'NONE', #863, #1954, #1527, .T. ) ;
#2153 = MANIFOLD_SOLID_BREP ( 'Revolve2', #957 ) ;
#2154 = ORIENTED_EDGE ( 'NONE', *, *, #2061, .F. ) ;
#2155 = DIRECTION ( 'NONE',  ( 1.224646799147353207E-16, -2.974599898431179939E-33, -1.000000000000000000 ) ) ;
#2156 = CARTESIAN_POINT ( 'NONE',  ( -7.638888888888889284, 22.07008888888888976, -4.149999999999999467 ) ) ;
#2157 = VECTOR ( 'NONE', #2694, 1000.000000000000000 ) ;
#2158 = EDGE_CURVE ( 'NONE', #1698, #2464, #2686, .T. ) ;
#2159 = CARTESIAN_POINT ( 'NONE',  ( -8.858760258346391581, 24.28431323223878735, 3.433981715014220448 ) ) ;
#2160 = CARTESIAN_POINT ( 'NONE',  ( -5.449204199757584632, 2.250199233537839572, 0.8000476130377481843 ) ) ;
#2161 = CARTESIAN_POINT ( 'NONE',  ( -9.720341538347659238, 22.48314493617861487, -4.550000000000000711 ) ) ;
#2162 = CARTESIAN_POINT ( 'NONE',  ( 7.638888888888887507, 2.670938823310716081, 1.104999796354469543 ) ) ;
#2163 = ORIENTED_EDGE ( 'NONE', *, *, #429, .T. ) ;
#2164 = CARTESIAN_POINT ( 'NONE',  ( 10.14999999999999858, 4.792311111111110300, 4.549999999999999822 ) ) ;
#2165 = ORIENTED_EDGE ( 'NONE', *, *, #2590, .T. ) ;
#2166 = CIRCLE ( 'NONE', #2883, 0.4999999999999995559 ) ;
#2167 = B_SPLINE_CURVE_WITH_KNOTS ( 'NONE', 3,
 ( #2799, #650, #3248, #152, #2525, #101, #1957, #904, #2277, #3377, #3133, #972, #3324, #1330, #1829, #200 ),
 .UNSPECIFIED., .F., .F.,
 ( 4, 2, 2, 2, 2, 2, 2, 4 ),
 ( 0.000000000000000000, 0.0008227619224609275007, 0.001234142883691392335, 0.001645523844921857170, 0.002056904806152322004, 0.002468285767382786839, 0.002879666728613251674, 0.003291047689843716508 ),
 .UNSPECIFIED. ) ;
#2168 = CARTESIAN_POINT ( 'NONE',  ( -9.323441166530521684, 23.93837952658151025, -3.597463139124410514 ) ) ;
#2169 = ORIENTED_EDGE ( 'NONE', *, *, #1838, .F. ) ;
#2170 = ORIENTED_EDGE ( 'NONE', *, *, #1101, .F. ) ;
#2171 = CARTESIAN_POINT ( 'NONE',  ( -9.750000000000001776, 13.43119999999999514, 3.469446951953614189E-15 ) ) ;
#2172 = CARTESIAN_POINT ( 'NONE',  ( 5.429341061481604669, 2.339079421570264383, -0.9273290876045919839 ) ) ;
#2173 = ORIENTED_EDGE ( 'NONE', *, *, #2922, .T. ) ;
#2174 = DIRECTION ( 'NONE',  ( 0.000000000000000000, 0.000000000000000000, -1.000000000000000000 ) ) ;
#2175 = EDGE_LOOP ( 'NONE', ( #2079, #493, #565, #1239, #952 ) ) ;
#2176 = CIRCLE ( 'NONE', #979, 2.511111111111111516 ) ;
#2177 = DIRECTION ( 'NONE',  ( -0.000000000000000000, -1.000000000000000000, -0.000000000000000000 ) ) ;
#2178 = DIRECTION ( 'NONE',  ( 1.000000000000000000, -7.779029040254739985E-17, -0.000000000000000000 ) ) ;
#2179 = DIRECTION ( 'NONE',  ( 0.000000000000000000, 1.000000000000000000, 0.000000000000000000 ) ) ;
#2180 = ADVANCED_FACE ( 'NONE', ( #364 ), #729, .F. ) ;
#2181 = ORIENTED_EDGE ( 'NONE', *, *, #1312, .T. ) ;
#2182 = DIRECTION ( 'NONE',  ( -1.000000000000000000, -1.626303258728256059E-15, -4.173319673402040553E-17 ) ) ;
#2183 = CARTESIAN_POINT ( 'NONE',  ( -6.331224731730664246, 2.281199999999999672, 0.7482650639610852750 ) ) ;
#2184 = CARTESIAN_POINT ( 'NONE',  ( 5.479754952075145624, 2.327095734729801801, -0.9112726340483253695 ) ) ;
#2185 = FACE_OUTER_BOUND ( 'NONE', #1269, .T. ) ;
#2186 = AXIS2_PLACEMENT_3D ( 'NONE', #2441, #593, #2755 ) ;
#2187 =( NAMED_UNIT ( * ) SI_UNIT ( $, .STERADIAN. ) SOLID_ANGLE_UNIT ( ) );
#2188 = CARTESIAN_POINT ( 'NONE',  ( -5.856305867380340757, 2.246827277526828315, 0.7397978347192774029 ) ) ;
#2189 = EDGE_CURVE ( 'NONE', #2423, #508, #1824, .T. ) ;
#2190 = ORIENTED_EDGE ( 'NONE', *, *, #900, .T. ) ;
#2191 = CARTESIAN_POINT ( 'NONE',  ( 9.584640087873312453, 23.01743860375100326, -4.437662768770615607 ) ) ;
#2192 = LINE ( 'NONE', #2164, #3267 ) ;
#2193 = LINE ( 'NONE', #3353, #3385 ) ;
#2194 = CARTESIAN_POINT ( 'NONE',  ( 9.300844252942676249, 2.902745932696694009, 0.7270076273957283286 ) ) ;
#2195 = STYLED_ITEM ( 'NONE', ( #1282 ), #1344 ) ;
#2196 = EDGE_CURVE ( 'NONE', #3310, #447, #723, .T. ) ;
#2197 = SURFACE_SIDE_STYLE ('',( #1452 ) ) ;
#2198 = ORIENTED_EDGE ( 'NONE', *, *, #284, .F. ) ;
#2199 = CIRCLE ( 'NONE', #197, 2.111111111111110272 ) ;
#2200 = UNCERTAINTY_MEASURE_WITH_UNIT (LENGTH_MEASURE( 1.000000000000000082E-05 ), #2010, 'distance_accuracy_value', 'NONE');
#2201 = PRESENTATION_STYLE_ASSIGNMENT (( #2865 ) ) ;
#2202 = DIRECTION ( 'NONE',  ( -2.428945146063511808E-17, -1.000000000000000000, 0.000000000000000000 ) ) ;
#2203 = EDGE_CURVE ( 'NONE', #923, #835, #1846, .T. ) ;
#2204 = CARTESIAN_POINT ( 'NONE',  ( 9.750000000000000000, 13.43120000000000047, -4.149999999999999467 ) ) ;
#2205 = ORIENTED_EDGE ( 'NONE', *, *, #1851, .T. ) ;
#2206 = CARTESIAN_POINT ( 'NONE',  ( 5.890213708206033516, 2.045323093383303981, 0.7273949271317382559 ) ) ;
#2207 = CIRCLE ( 'NONE', #423, 4.149999999999992362 ) ;
#2208 = FACE_OUTER_BOUND ( 'NONE', #939, .T. ) ;
#2209 = PLANE ( 'NONE',  #536 ) ;
#2210 = EDGE_LOOP ( 'NONE', ( #2305, #405, #667, #2997, #3422, #1432 ) ) ;
#2211 = CARTESIAN_POINT ( 'NONE',  ( 5.550000000000000711, -23.41880000000000095, 0.4999999999999995559 ) ) ;
#2212 = CARTESIAN_POINT ( 'NONE',  ( 5.285339607714498733, 2.424914268970070008, -1.098738930503686984 ) ) ;
#2213 = DIRECTION ( 'NONE',  ( -1.000000000000000000, 0.000000000000000000, 0.000000000000000000 ) ) ;
#2214 = DIRECTION ( 'NONE',  ( 0.000000000000000000, 1.000000000000000000, 0.000000000000000000 ) ) ;
#2215 = ORIENTED_EDGE ( 'NONE', *, *, #1253, .T. ) ;
#2216 = CARTESIAN_POINT ( 'NONE',  ( 10.13424526414270233, 22.35093684210526632, -4.149999999999999467 ) ) ;
#2217 = CARTESIAN_POINT ( 'NONE',  ( -5.424171778305920455, 2.659742544237520878, 1.104716613845971196 ) ) ;
#2218 = CARTESIAN_POINT ( 'NONE',  ( 4.750000000000002665, 12.29059999999999775, -9.797174393178818755E-17 ) ) ;
#2219 = CARTESIAN_POINT ( 'NONE',  ( -9.736754868084572578, 22.30620000000000047, 4.149999999999999467 ) ) ;
#2220 = ORIENTED_EDGE ( 'NONE', *, *, #2850, .F. ) ;
#2221 = CIRCLE ( 'NONE', #3367, 0.4000000000000000777 ) ;
#2222 = DIRECTION ( 'NONE',  ( 0.000000000000000000, 0.000000000000000000, 1.000000000000000000 ) ) ;
#2223 = CARTESIAN_POINT ( 'NONE',  ( 9.750000000000000000, 4.792311111111155597, 0.9035273092664044547 ) ) ;
#2224 = CARTESIAN_POINT ( 'NONE',  ( -9.584640087873312453, 23.01743860375100326, -4.437662768770615607 ) ) ;
#2225 = ORIENTED_EDGE ( 'NONE', *, *, #1705, .F. ) ;
#2226 = PRESENTATION_LAYER_ASSIGNMENT (  '', '', ( #2476 ) ) ;
#2227 = FACE_OUTER_BOUND ( 'NONE', #22, .T. ) ;
#2228 = ORIENTED_EDGE ( 'NONE', *, *, #675, .F. ) ;
#2229 =( GEOMETRIC_REPRESENTATION_CONTEXT ( 3 ) GLOBAL_UNCERTAINTY_ASSIGNED_CONTEXT ( ( #759 ) ) GLOBAL_UNIT_ASSIGNED_CONTEXT ( ( #1969, #1206, #625 ) ) REPRESENTATION_CONTEXT ( 'NONE', 'WORKASPACE' ) );
#2230 = CARTESIAN_POINT ( 'NONE',  ( -6.017811222392013271, 2.317839862542821816, 0.8737201221109512916 ) ) ;
#2231 = EDGE_CURVE ( 'NONE', #3184, #69, #2995, .T. ) ;
#2232 = CYLINDRICAL_SURFACE ( 'NONE', #1831, 0.4999999999999995559 ) ;
#2233 = CARTESIAN_POINT ( 'NONE',  ( -5.209786291797714242, 2.045323093384312063, -0.7273949271326238808 ) ) ;
#2234 = ORIENTED_EDGE ( 'NONE', *, *, #390, .T. ) ;
#2235 = EDGE_CURVE ( 'NONE', #3290, #1588, #1803, .T. ) ;
#2236 = CIRCLE ( 'NONE', #2620, 0.4999999999999995559 ) ;
#2237 = CARTESIAN_POINT ( 'NONE',  ( -6.350000000000001421, 12.29059999999999775, 0.000000000000000000 ) ) ;
#2238 = ORIENTED_EDGE ( 'NONE', *, *, #1024, .T. ) ;
#2239 = CIRCLE ( 'NONE', #2575, 2.111111111111110272 ) ;
#2240 = PLANE ( 'NONE',  #1909 ) ;
#2241 = EDGE_CURVE ( 'NONE', #2551, #464, #2660, .T. ) ;
#2242 = CYLINDRICAL_SURFACE ( 'NONE', #1657, 4.549999999999999822 ) ;
#2243 = CARTESIAN_POINT ( 'NONE',  ( -10.15000000000000036, 2.681200000000000028, 0.7051314326984390313 ) ) ;
#2244 = CARTESIAN_POINT ( 'NONE',  ( 10.15000000000000036, 2.670938823310716970, -1.104999796354467323 ) ) ;
#2245 = ORIENTED_EDGE ( 'NONE', *, *, #236, .F. ) ;
#2246 = CARTESIAN_POINT ( 'NONE',  ( 7.638888888888887507, 2.281199999999999672, -0.7051314326984381431 ) ) ;
#2247 = EDGE_LOOP ( 'NONE', ( #2055, #2715, #3376, #1566 ) ) ;
#2248 = CARTESIAN_POINT ( 'NONE',  ( -5.423064318486484403, 2.339534903933766508, -0.9305779286851324494 ) ) ;
#2249 = CARTESIAN_POINT ( 'NONE',  ( 9.201457204235500953, 24.04498802215531228, 3.754773215335119652 ) ) ;
#2250 = FACE_OUTER_BOUND ( 'NONE', #439, .T. ) ;
#2251 = CARTESIAN_POINT ( 'NONE',  ( -5.028310280694387124, 1.981199999999997630, -0.6233641996750924896 ) ) ;
#2252 = CARTESIAN_POINT ( 'NONE',  ( -9.749999995603019443, 4.593470578230492762, -1.276371964402102988 ) ) ;
#2253 = CARTESIAN_POINT ( 'NONE',  ( 10.15000000000000036, 2.281200000000000561, 16.29275362318840337 ) ) ;
#2254 = ORIENTED_EDGE ( 'NONE', *, *, #645, .T. ) ;
#2255 = CARTESIAN_POINT ( 'NONE',  ( 9.613050319269083488, 23.62983743263616176, -3.816217807808178542 ) ) ;
#2256 = CIRCLE ( 'NONE', #820, 0.2999999999999999334 ) ;
#2257 = CIRCLE ( 'NONE', #283, 0.4999999999999987232 ) ;
#2258 = CARTESIAN_POINT ( 'NONE',  ( -5.856305867380341645, 2.246827277526833644, -0.7397978347192764037 ) ) ;
#2259 = CARTESIAN_POINT ( 'NONE',  ( 5.424168108255265075, 2.659742662087363652, -1.104716616783284255 ) ) ;
#2260 = ADVANCED_FACE ( 'NONE', ( #1857 ), #2754, .F. ) ;
#2261 = FILL_AREA_STYLE ('',( #60 ) ) ;
#2262 = ORIENTED_EDGE ( 'NONE', *, *, #752, .F. ) ;
#2263 = FILL_AREA_STYLE_COLOUR ( '', #1054 ) ;
#2264 = B_SPLINE_CURVE_WITH_KNOTS ( 'NONE', 3,
 ( #3066, #919, #1994, #2871, #3084, #2442 ),
 .UNSPECIFIED., .F., .F.,
 ( 4, 2, 4 ),
 ( 1.084202172485504434E-19, 0.0002140393464237475051, 0.0004280786928474949017 ),
 .UNSPECIFIED. ) ;
#2265 = LINE ( 'NONE', #2430, #3404 ) ;
#2266 = CARTESIAN_POINT ( 'NONE',  ( -7.804524215001297449, 2.281200006289632487, 1.094998557742382861 ) ) ;
#2267 = FACE_OUTER_BOUND ( 'NONE', #3299, .T. ) ;
#2268 = CARTESIAN_POINT ( 'NONE',  ( -10.14999999999999858, 2.281199999999999672, 4.549999999999999822 ) ) ;
#2269 = AXIS2_PLACEMENT_3D ( 'NONE', #1999, #905, #2282 ) ;
#2270 = CYLINDRICAL_SURFACE ( 'NONE', #1022, 0.4999999999999995559 ) ;
#2271 = PRESENTATION_STYLE_ASSIGNMENT (( #1834 ) ) ;
#2272 = CARTESIAN_POINT ( 'NONE',  ( 5.856305867380341645, 2.246827277526833644, -0.7397978347192765147 ) ) ;
#2273 = CARTESIAN_POINT ( 'NONE',  ( -7.638888888888889284, 24.58120000000000260, -2.275000000000002576 ) ) ;
#2274 = ORIENTED_EDGE ( 'NONE', *, *, #2203, .F. ) ;
#2275 = CARTESIAN_POINT ( 'NONE',  ( 9.750000000000000000, 10.86152299504496455, -3.754898146448891083 ) ) ;
#2276 = AXIS2_PLACEMENT_3D ( 'NONE', #1712, #3085, #1153 ) ;
#2277 = CARTESIAN_POINT ( 'NONE',  ( -8.917765459154377794, 3.085844562226449650, 1.121142589448809845 ) ) ;
#2278 = AXIS2_PLACEMENT_3D ( 'NONE', #3044, #166, #1482 ) ;
#2279 = CARTESIAN_POINT ( 'NONE',  ( -9.533870252680351598, 3.811170493235500611, -1.176708661667191125 ) ) ;
#2280 = ORIENTED_EDGE ( 'NONE', *, *, #2235, .T. ) ;
#2281 = ADVANCED_FACE ( 'NONE', ( #690 ), #672, .T. ) ;
#2282 = DIRECTION ( 'NONE',  ( 0.000000000000000000, 0.000000000000000000, -1.000000000000000000 ) ) ;
#2283 = CARTESIAN_POINT ( 'NONE',  ( 5.413669974430936449, 2.437581547868895360, -1.099146418178696516 ) ) ;
#2284 = CIRCLE ( 'NONE', #1350, 0.3000000000000000999 ) ;
#2285 = CARTESIAN_POINT ( 'NONE',  ( 8.104298934961708056, 24.53443914651844437, 2.807194344420777199 ) ) ;
#2286 = DIRECTION ( 'NONE',  ( 0.000000000000000000, 1.000000000000000000, 0.000000000000000000 ) ) ;
#2287 = AXIS2_PLACEMENT_3D ( 'NONE', #561, #3171, #1383 ) ;
#2288 = EDGE_CURVE ( 'NONE', #2384, #1477, #262, .T. ) ;
#2289 = ORIENTED_EDGE ( 'NONE', *, *, #1911, .F. ) ;
#2290 = CARTESIAN_POINT ( 'NONE',  ( 9.314394601565211929, 23.95099766048398138, -3.859817184002679369 ) ) ;
#2291 = CIRCLE ( 'NONE', #1533, 0.7999999999999994893 ) ;
#2292 = DIRECTION ( 'NONE',  ( -0.000000000000000000, 0.000000000000000000, -1.000000000000000000 ) ) ;
#2293 = DIRECTION ( 'NONE',  ( 1.000000000000000000, 9.860533442394486583E-15, 0.000000000000000000 ) ) ;
#2294 = CARTESIAN_POINT ( 'NONE',  ( 5.875544170373823150, 2.414519088388489276, 1.098419712233048573 ) ) ;
#2295 = CARTESIAN_POINT ( 'NONE',  ( -5.927875194502956191, 2.327807721739338032, 0.8925184591056560812 ) ) ;
#2296 = ORIENTED_EDGE ( 'NONE', *, *, #2350, .T. ) ;
#2297 = EDGE_CURVE ( 'NONE', #3173, #1852, #695, .T. ) ;
#2298 = CARTESIAN_POINT ( 'NONE',  ( -8.748714012261233464, 2.533832989546382031, 1.098020530111359250 ) ) ;
#2299 = LINE ( 'NONE', #1019, #2328 ) ;
#2300 = CARTESIAN_POINT ( 'NONE',  ( 10.13424526414270233, 22.35093684210526632, -4.149999999999999467 ) ) ;
#2301 = ADVANCED_FACE ( 'NONE', ( #744 ), #524, .T. ) ;
#2302 = DIRECTION ( 'NONE',  ( 0.000000000000000000, 0.000000000000000000, -1.000000000000000000 ) ) ;
#2303 = CARTESIAN_POINT ( 'NONE',  ( -9.323502690547600835, 23.57172267228148144, 4.171655359821283326 ) ) ;
#2304 = DIRECTION ( 'NONE',  ( 1.000000000000000000, -0.000000000000000000, -0.000000000000000000 ) ) ;
#2305 = ORIENTED_EDGE ( 'NONE', *, *, #1400, .F. ) ;
#2306 = DIRECTION ( 'NONE',  ( -1.000000000000000000, 0.000000000000000000, 0.000000000000000000 ) ) ;
#2307 = CIRCLE ( 'NONE', #571, 0.7999999999999994893 ) ;
#2308 = LINE ( 'NONE', #2936, #1083 ) ;
#2309 = TOROIDAL_SURFACE ( 'NONE', #3077, 15.59275362318840585, 0.4000000000000000222 ) ;
#2310 = CARTESIAN_POINT ( 'NONE',  ( 10.15000000000000036, 2.681200000000000028, 0.7051314326984390313 ) ) ;
#2311 = VERTEX_POINT ( 'NONE', #995 ) ;
#2312 = FACE_OUTER_BOUND ( 'NONE', #3259, .T. ) ;
#2313 = CARTESIAN_POINT ( 'NONE',  ( -5.927875194502953526, 2.670938823310716081, 1.104999796354469543 ) ) ;
#2314 = LINE ( 'NONE', #1826, #57 ) ;
#2315 = CARTESIAN_POINT ( 'NONE',  ( -7.638888888888887507, 2.281199999999999672, -0.7051314326984381431 ) ) ;
#2316 = CARTESIAN_POINT ( 'NONE',  ( -9.232804271538803675, 3.372449028243689639, -1.138940450770015600 ) ) ;
#2317 = DIRECTION ( 'NONE',  ( -2.428945146063511808E-17, 1.000000000000000000, -0.000000000000000000 ) ) ;
#2318 = VERTEX_POINT ( 'NONE', #2275 ) ;
#2319 = DIRECTION ( 'NONE',  ( -1.000000000000000000, 0.000000000000000000, 0.000000000000000000 ) ) ;
#2320 = FACE_OUTER_BOUND ( 'NONE', #983, .T. ) ;
#2321 = DIRECTION ( 'NONE',  ( 1.084202172485505223E-15, 0.000000000000000000, 1.000000000000000000 ) ) ;
#2322 = CARTESIAN_POINT ( 'NONE',  ( -5.927875194502934875, 2.327807721739343361, -0.8925184591056566363 ) ) ;
#2323 = CARTESIAN_POINT ( 'NONE',  ( 5.618011437027098154, 2.440344444569360505, 1.099248242517751439 ) ) ;
#2324 = MANIFOLD_SOLID_BREP ( 'Fillet5', #2758 ) ;
#2325 = CARTESIAN_POINT ( 'NONE',  ( 9.232804271538803675, 3.372449028243689639, -1.138940450770015600 ) ) ;
#2326 = ORIENTED_EDGE ( 'NONE', *, *, #2641, .F. ) ;
#2327 = CARTESIAN_POINT ( 'NONE',  ( -5.221592865052188337, 2.312992770274580057, -0.8627014000874353439 ) ) ;
#2328 = VECTOR ( 'NONE', #1848, 1000.000000000000000 ) ;
#2329 = CARTESIAN_POINT ( 'NONE',  ( -5.275181676725037683, 2.062763513043818442, 0.7513154392080176880 ) ) ;
#2330 = VECTOR ( 'NONE', #315, 1000.000000000000000 ) ;
#2331 = B_SPLINE_CURVE_WITH_KNOTS ( 'NONE', 3,
 ( #1468, #882, #2527, #2857, #1252, #1918 ),
 .UNSPECIFIED., .F., .F.,
 ( 4, 2, 4 ),
 ( 0.000000000000000000, 0.0002544072607842448445, 0.0005088145215684896890 ),
 .UNSPECIFIED. ) ;
#2332 = CARTESIAN_POINT ( 'NONE',  ( -7.862420500946055490, 24.58120000000000260, -2.530601913656308266 ) ) ;
#2333 = EDGE_LOOP ( 'NONE', ( #3383, #3074, #7, #1525 ) ) ;
#2334 = AXIS2_PLACEMENT_3D ( 'NONE', #2941, #961, #2588 ) ;
#2335 = EDGE_CURVE ( 'NONE', #2776, #2384, #3143, .T. ) ;
#2336 = CIRCLE ( 'NONE', #781, 0.4000000000000000777 ) ;
#2337 = ADVANCED_FACE ( 'NONE', ( #1924 ), #1906, .T. ) ;
#2338 = CARTESIAN_POINT ( 'NONE',  ( -6.164013610690676437, 1.981199999999999850, -0.5128228601443193257 ) ) ;
#2339 = EDGE_LOOP ( 'NONE', ( #2205, #1016, #3460, #479 ) ) ;
#2340 = DIRECTION ( 'NONE',  ( 0.000000000000000000, 0.000000000000000000, -1.000000000000000000 ) ) ;
#2341 =( NAMED_UNIT ( * ) SI_UNIT ( $, .STERADIAN. ) SOLID_ANGLE_UNIT ( ) );
#2342 = LINE ( 'NONE', #1839, #2427 ) ;
#2343 = FACE_OUTER_BOUND ( 'NONE', #1626, .T. ) ;
#2344 = CARTESIAN_POINT ( 'NONE',  ( -6.071689719304449007, 1.981199999999998074, 0.6233641996764897053 ) ) ;
#2345 = CIRCLE ( 'NONE', #3407, 0.2999999999999998779 ) ;
#2346 = ORIENTED_EDGE ( 'NONE', *, *, #2650, .F. ) ;
#2347 = CARTESIAN_POINT ( 'NONE',  ( 8.186629332581036422, 2.736841653652672068, 1.106811339724248056 ) ) ;
#2348 = CYLINDRICAL_SURFACE ( 'NONE', #106, 0.7999999999999994893 ) ;
#2349 = CARTESIAN_POINT ( 'NONE',  ( -9.171573962317772555, 2.796425025391355401, 0.7220845912076285789 ) ) ;
#2350 = EDGE_CURVE ( 'NONE', #3265, #3184, #3362, .T. ) ;
#2351 = LINE ( 'NONE', #2837, #2463 ) ;
#2352 = EDGE_LOOP ( 'NONE', ( #1742, #2254, #3427, #2053 ) ) ;
#2353 = CARTESIAN_POINT ( 'NONE',  ( 5.172124805490295962, 2.327807721738590185, 0.8925184591042449878 ) ) ;
#2354 = TOROIDAL_SURFACE ( 'NONE', #2382, 2.111111111111110716, 0.4000000000000000222 ) ;
#2355 = CARTESIAN_POINT ( 'NONE',  ( -4.981399852418542551, 1.981200075297262497, 0.5671973559493816985 ) ) ;
#2356 = CARTESIAN_POINT ( 'NONE',  ( 5.550000000000000711, 0.000000000000000000, -0.4999999999999995559 ) ) ;
#2357 = FACE_OUTER_BOUND ( 'NONE', #3237, .T. ) ;
#2358 = CARTESIAN_POINT ( 'NONE',  ( -9.540670381803703748, 23.14437876590831067, 4.396141797306719390 ) ) ;
#2359 = CARTESIAN_POINT ( 'NONE',  ( 9.381274938972921973, 23.47615603316730670, 4.233077690774942781 ) ) ;
#2360 = ORIENTED_EDGE ( 'NONE', *, *, #3229, .F. ) ;
#2361 = CARTESIAN_POINT ( 'NONE',  ( -9.711411239673525486, 23.49788622125737803, 3.888800298421601020 ) ) ;
#2362 = CYLINDRICAL_SURFACE ( 'NONE', #244, 2.511111111111111516 ) ;
#2363 = CARTESIAN_POINT ( 'NONE',  ( 5.456050986167614525, 2.091940180815045736, 0.8000415494656225590 ) ) ;
#2364 = LINE ( 'NONE', #2244, #1204 ) ;
#2365 = CIRCLE ( 'NONE', #3069, 0.4000000000000001332 ) ;
#2366 = CARTESIAN_POINT ( 'NONE',  ( 10.15000000000000036, 22.07008888888888976, 4.150000000000000355 ) ) ;
#2367 = CIRCLE ( 'NONE', #2090, 15.59275362318840763 ) ;
#2368 = VERTEX_POINT ( 'NONE', #2826 ) ;
#2369 =( NAMED_UNIT ( * ) PLANE_ANGLE_UNIT ( ) SI_UNIT ( $, .RADIAN. ) );
#2370 = CARTESIAN_POINT ( 'NONE',  ( -5.620615545431788540, 2.327089816977591763, 0.9112494961962995799 ) ) ;
#2371 = CYLINDRICAL_SURFACE ( 'NONE', #886, 2.511111111111111516 ) ;
#2372 = ADVANCED_FACE ( 'NONE', ( #769 ), #2270, .T. ) ;
#2373 = VECTOR ( 'NONE', #3408, 1000.000000000000000 ) ;
#2374 = EDGE_LOOP ( 'NONE', ( #869, #113 ) ) ;
#2375 = CARTESIAN_POINT ( 'NONE',  ( 10.07180796423060620, 4.091861287947383019, 1.205139764056333940 ) ) ;
#2376 = CARTESIAN_POINT ( 'NONE',  ( -9.719330467347534253, 22.49404474387542052, -4.549999999999998934 ) ) ;
#2377 = FACE_OUTER_BOUND ( 'NONE', #1217, .T. ) ;
#2378 = LINE ( 'NONE', #3340, #90 ) ;
#2379 = CARTESIAN_POINT ( 'NONE',  ( 5.927875194502957079, 2.670938823310716970, -1.104999796354467323 ) ) ;
#2380 = AXIS2_PLACEMENT_3D ( 'NONE', #3317, #1769, #683 ) ;
#2381 = CARTESIAN_POINT ( 'NONE',  ( 8.578072526876045600, 2.880812904862637858, -1.111749099062405044 ) ) ;
#2382 = AXIS2_PLACEMENT_3D ( 'NONE', #3105, #1616, #2684 ) ;
#2383 = CARTESIAN_POINT ( 'NONE',  ( 5.951597202836824252, 2.025261608010756831, -0.6953963267792097058 ) ) ;
#2384 = VERTEX_POINT ( 'NONE', #158 ) ;
#2385 = CARTESIAN_POINT ( 'NONE',  ( 5.243694132614393766, 2.246827277526470379, 0.7397978347171159097 ) ) ;
#2386 = CARTESIAN_POINT ( 'NONE',  ( -9.750000000000000000, -7.584553314248371702E-16, 4.150000000000000355 ) ) ;
#2387 = FACE_OUTER_BOUND ( 'NONE', #1645, .T. ) ;
#2388 = FACE_OUTER_BOUND ( 'NONE', #3287, .T. ) ;
#2389 = CARTESIAN_POINT ( 'NONE',  ( -10.14999999999999858, 4.792311111111110300, 0.9035273092664040107 ) ) ;
#2390 = EDGE_CURVE ( 'NONE', #3218, #2501, #3431, .T. ) ;
#2391 = CARTESIAN_POINT ( 'NONE',  ( 9.314394601565211929, 23.95099766048398138, 3.859817184002679369 ) ) ;
#2392 = ORIENTED_EDGE ( 'NONE', *, *, #123, .T. ) ;
#2393 =( BOUNDED_SURFACE ( )  B_SPLINE_SURFACE ( 3, 2, ( 
 ( #810, #2188, #136 ),
 ( #353, #831, #1068 ),
 ( #1380, #419, #1904 ),
 ( #3005, #21, #3233 ),
 ( #2472, #3038, #2445 ),
 ( #1425, #2160, #1642 ),
 ( #2780, #1700, #653 ),
 ( #3192, #3279, #2111 ) ),
 .UNSPECIFIED., .F., .F., .F. ) 
 B_SPLINE_SURFACE_WITH_KNOTS ( ( 4, 2, 2, 4 ),
 ( 3, 3 ),
 ( -8.538092108323347418E-19, 0.0001922411447672651291, 0.0003844822895345311256, 0.0007689645790690631186 ),
 ( 0.000000000000000000, 1.000000000000000000 ),
 .UNSPECIFIED. ) 
 GEOMETRIC_REPRESENTATION_ITEM ( )  RATIONAL_B_SPLINE_SURFACE ( (
 ( 1.000000000000000000, 0.8485159526776694383, 1.000000000000000000),
 ( 1.000000000000000000, 0.8639546064622569688, 1.000000000000000000),
 ( 1.000000000000000000, 0.8717548141804931650, 1.000000000000000000),
 ( 1.000000000000000000, 0.8821540372916940598, 1.000000000000000000),
 ( 1.000000000000000000, 0.8844406240575369837, 1.000000000000000000),
 ( 1.000000000000000000, 0.8844764960968336531, 1.000000000000000000),
 ( 1.000000000000000000, 0.8774282945789725341, 1.000000000000000000),
 ( 1.000000000000000000, 0.8485159526758706550, 1.000000000000000000) ) ) 
 REPRESENTATION_ITEM ( '' )  SURFACE ( )  );
#2394 = CARTESIAN_POINT ( 'NONE',  ( 5.737834002332975913, 2.085961457882967718, 0.7831328144208571373 ) ) ;
#2395 = CARTESIAN_POINT ( 'NONE',  ( 5.172124805497047006, 2.681199999999999140, 0.7051314326984390313 ) ) ;
#2396 = CIRCLE ( 'NONE', #2424, 15.59275362318840763 ) ;
#2397 = EDGE_LOOP ( 'NONE', ( #1457, #916, #1602, #3224 ) ) ;
#2398 = EDGE_CURVE ( 'NONE', #2141, #925, #3381, .T. ) ;
#2399 = DIRECTION ( 'NONE',  ( 0.000000000000000000, -0.000000000000000000, -1.000000000000000000 ) ) ;
#2400 = CIRCLE ( 'NONE', #597, 0.4000000000000001887 ) ;
#2401 = DIRECTION ( 'NONE',  ( 1.000000000000000000, 0.000000000000000000, 0.000000000000000000 ) ) ;
#2402 = EDGE_LOOP ( 'NONE', ( #2665, #1448, #1483, #3260 ) ) ;
#2403 = CARTESIAN_POINT ( 'NONE',  ( 5.008192319229154421, 2.307735514244562136, -0.8519176631545781753 ) ) ;
#2404 = CARTESIAN_POINT ( 'NONE',  ( 7.914847566337467555, 2.670938823310716970, -1.104999796354468655 ) ) ;
#2405 = CARTESIAN_POINT ( 'NONE',  ( -9.088766024390926290, 24.12583288003285276, 3.416679699803791159 ) ) ;
#2406 = CARTESIAN_POINT ( 'NONE',  ( 9.303403078623695421, 2.904988834274414344, -0.7271181664880583817 ) ) ;
#2407 = LINE ( 'NONE', #2237, #1245 ) ;
#2408 = DIRECTION ( 'NONE',  ( -0.3435229040997319627, 0.000000000000000000, -0.9391442990078182618 ) ) ;
#2409 = ORIENTED_EDGE ( 'NONE', *, *, #747, .T. ) ;
#2410 = CARTESIAN_POINT ( 'NONE',  ( 4.997803842573664390, 2.306378077289465978, 0.8485820119563822761 ) ) ;
#2411 = CARTESIAN_POINT ( 'NONE',  ( 9.750000000000001776, 13.43119999999999514, 3.469446951953614189E-15 ) ) ;
#2412 = DIRECTION ( 'NONE',  ( 1.141809785771245689E-16, 1.000000000000000000, 0.000000000000000000 ) ) ;
#2413 = CIRCLE ( 'NONE', #54, 0.7999999999999994893 ) ;
#2414 = CIRCLE ( 'NONE', #1730, 0.7999999999999994893 ) ;
#2415 = FACE_OUTER_BOUND ( 'NONE', #1309, .T. ) ;
#2416 = VERTEX_POINT ( 'NONE', #1551 ) ;
#2417 = CARTESIAN_POINT ( 'NONE',  ( -10.07086916722794712, 4.146036537539433020, -0.8240700902638018466 ) ) ;
#2418 = LINE ( 'NONE', #2852, #2433 ) ;
#2419 = CIRCLE ( 'NONE', #1343, 0.4000000000000001887 ) ;
#2420 = CARTESIAN_POINT ( 'NONE',  ( -5.676103274215900996, 2.662063343068822530, -1.104774368559817255 ) ) ;
#2421 = CARTESIAN_POINT ( 'NONE',  ( 9.953797038860242807, 23.05268453380634242, -4.429854299684595098 ) ) ;
#2422 = TOROIDAL_SURFACE ( 'NONE', #1697, 15.59275362318840585, 0.4000000000000000222 ) ;
#2423 = VERTEX_POINT ( 'NONE', #2803 ) ;
#2424 = AXIS2_PLACEMENT_3D ( 'NONE', #1002, #1855, #1307 ) ;
#2425 = CARTESIAN_POINT ( 'NONE',  ( -5.618011437026996902, 2.440344444573517180, 1.099248242517755214 ) ) ;
#2426 = VECTOR ( 'NONE', #443, 1000.000000000000000 ) ;
#2427 = VECTOR ( 'NONE', #1152, 1000.000000000000000 ) ;
#2428 = FACE_OUTER_BOUND ( 'NONE', #2352, .T. ) ;
#2429 = ORIENTED_EDGE ( 'NONE', *, *, #871, .F. ) ;
#2430 = CARTESIAN_POINT ( 'NONE',  ( 10.15000000000000036, 10.86152299504496455, 3.754898146448890195 ) ) ;
#2431 = AXIS2_PLACEMENT_3D ( 'NONE', #2732, #371, #611 ) ;
#2432 = DIRECTION ( 'NONE',  ( 0.000000000000000000, 0.000000000000000000, -1.000000000000000000 ) ) ;
#2433 = VECTOR ( 'NONE', #170, 1000.000000000000000 ) ;
#2434 = CARTESIAN_POINT ( 'NONE',  ( 5.172124805496509659, 2.327807721739278524, -0.8925184591055437267 ) ) ;
#2435 = CARTESIAN_POINT ( 'NONE',  ( 9.474248908772114675, 3.702621059958679073, -1.166222083145986632 ) ) ;
#2436 = FACE_OUTER_BOUND ( 'NONE', #1574, .T. ) ;
#2437 = ORIENTED_EDGE ( 'NONE', *, *, #513, .T. ) ;
#2438 = DIRECTION ( 'NONE',  ( -0.9239411971968897186, 0.1792050186439424764, 0.3379618697652186921 ) ) ;
#2439 = EDGE_CURVE ( 'NONE', #2752, #1114, #2193, .T. ) ;
#2440 = FACE_OUTER_BOUND ( 'NONE', #2821, .T. ) ;
#2441 = CARTESIAN_POINT ( 'NONE',  ( 10.14999999999999858, 2.281199999999999672, 4.549999999999999822 ) ) ;
#2442 = CARTESIAN_POINT ( 'NONE',  ( -5.275181676720215762, 2.062763513042532360, 0.7513154392062539877 ) ) ;
#2443 = ORIENTED_EDGE ( 'NONE', *, *, #2398, .T. ) ;
#2444 = CARTESIAN_POINT ( 'NONE',  ( -9.638600796453646424, 23.60427248664755240, 4.156839352575696367 ) ) ;
#2445 = CARTESIAN_POINT ( 'NONE',  ( -5.597504217879833099, 2.091908538425281350, 0.7999791083531390123 ) ) ;
#2446 = FACE_OUTER_BOUND ( 'NONE', #2450, .T. ) ;
#2447 = EDGE_CURVE ( 'NONE', #863, #1275, #223, .T. ) ;
#2448 = DIRECTION ( 'NONE',  ( 7.779029040254739985E-17, 1.000000000000000000, 0.000000000000000000 ) ) ;
#2449 = COLOUR_RGB ( '',0.7960784313725489669, 0.8235294117647058432, 0.9372549019607843146 ) ;
#2450 = EDGE_LOOP ( 'NONE', ( #1405, #202, #2612, #3270, #2692, #1374 ) ) ;
#2451 = CARTESIAN_POINT ( 'NONE',  ( 5.890300764858883653, 2.045299928212136020, -0.7273630832987514339 ) ) ;
#2452 = CARTESIAN_POINT ( 'NONE',  ( 9.151726325415792118, 23.81340362124040055, -3.985902432208058066 ) ) ;
#2453 = CIRCLE ( 'NONE', #1360, 0.3999999999999999667 ) ;
#2454 = VECTOR ( 'NONE', #3261, 1000.000000000000000 ) ;
#2455 = COLOUR_RGB ( '',0.7960784313725489669, 0.8235294117647058432, 0.9372549019607843146 ) ;
#2456 = VERTEX_POINT ( 'NONE', #229 ) ;
#2457 = CARTESIAN_POINT ( 'NONE',  ( 9.622697149598618438, 3.244137618234499865, 1.128200427849205267 ) ) ;
#2458 = FACE_OUTER_BOUND ( 'NONE', #2374, .T. ) ;
#2459 = CIRCLE ( 'NONE', #3113, 0.3000000000000000444 ) ;
#2460 = CARTESIAN_POINT ( 'NONE',  ( -10.13424526414270233, 22.35093684210526632, 4.150000000000000355 ) ) ;
#2461 = CARTESIAN_POINT ( 'NONE',  ( 0.000000000000000000, 0.000000000000000000, 4.549999999999999822 ) ) ;
#2462 = CARTESIAN_POINT ( 'NONE',  ( -9.613050319269083488, 23.62983743263616176, -3.816217807808178542 ) ) ;
#2463 = VECTOR ( 'NONE', #150, 1000.000000000000000 ) ;
#2464 = VERTEX_POINT ( 'NONE', #1814 ) ;
#2465 = CARTESIAN_POINT ( 'NONE',  ( 10.15000000000000036, 22.30620000000000047, 4.549999999999998934 ) ) ;
#2466 = VECTOR ( 'NONE', #1563, 1000.000000000000000 ) ;
#2467 = LINE ( 'NONE', #1053, #116 ) ;
#2468 = FACE_OUTER_BOUND ( 'NONE', #1454, .T. ) ;
#2469 = DIRECTION ( 'NONE',  ( -1.000000000000000000, 7.779029040254739985E-17, 0.000000000000000000 ) ) ;
#2470 = ORIENTED_EDGE ( 'NONE', *, *, #3126, .T. ) ;
#2471 = CARTESIAN_POINT ( 'NONE',  ( -7.883595934810395889, 24.58119999998348248, 2.508130229487846474 ) ) ;
#2472 = CARTESIAN_POINT ( 'NONE',  ( -5.610680540443143904, 2.339543645872873778, 0.9306297968501050510 ) ) ;
#2473 = CARTESIAN_POINT ( 'NONE',  ( -9.689249714910280531, 22.65424883687661861, -4.529648159834184895 ) ) ;
#2474 = FACE_OUTER_BOUND ( 'NONE', #994, .T. ) ;
#2475 = FACE_OUTER_BOUND ( 'NONE', #903, .T. ) ;
#2476 = STYLED_ITEM ( 'NONE', ( #2271 ), #754 ) ;
#2477 = CARTESIAN_POINT ( 'NONE',  ( 9.489639523107937791, 23.25500170697740643, -4.344350238964120869 ) ) ;
#2478 = VERTEX_POINT ( 'NONE', #2315 ) ;
#2479 = CARTESIAN_POINT ( 'NONE',  ( 9.171573962317772555, 2.796425025391355401, 0.7220845912076285789 ) ) ;
#2480 = CARTESIAN_POINT ( 'NONE',  ( 9.323490571314287934, 23.57174229175085145, -4.171642453443872078 ) ) ;
#2481 = CARTESIAN_POINT ( 'NONE',  ( 10.15000000000000036, 2.670938823310716970, -1.104999796354467323 ) ) ;
#2482 = FACE_OUTER_BOUND ( 'NONE', #168, .T. ) ;
#2483 = AXIS2_PLACEMENT_3D ( 'NONE', #1771, #1996, #2571 ) ;
#2484 = AXIS2_PLACEMENT_3D ( 'NONE', #1504, #2831, #3283 ) ;
#2485 = ORIENTED_EDGE ( 'NONE', *, *, #2439, .T. ) ;
#2486 = DIRECTION ( 'NONE',  ( 7.779029040254739985E-17, -1.000000000000000000, 0.000000000000000000 ) ) ;
#2487 = CYLINDRICAL_SURFACE ( 'NONE', #2269, 0.4000000000000000222 ) ;
#2488 = CARTESIAN_POINT ( 'NONE',  ( 5.502495782114826817, 2.091908538425139685, -0.7999791083528215996 ) ) ;
#2489 = CARTESIAN_POINT ( 'NONE',  ( -5.801883292075433296, 2.670938823310716526, -1.104999796354469099 ) ) ;
#2490 = CARTESIAN_POINT ( 'NONE',  ( -9.913820663629158148, 23.14244903880339876, -4.396861057499527270 ) ) ;
#2491 = CARTESIAN_POINT ( 'NONE',  ( 9.750000000000001776, 22.07008888888888976, -4.149999999999999467 ) ) ;
#2492 = ORIENTED_EDGE ( 'NONE', *, *, #980, .T. ) ;
#2493 = EDGE_CURVE ( 'NONE', #508, #2, #1084, .T. ) ;
#2494 = B_SPLINE_CURVE_WITH_KNOTS ( 'NONE', 3,
 ( #1877, #765, #2710, #2942, #3167, #2127, #1737, #2823, #665, #3226, #3014, #2841, #867, #1716, #393, #1679 ),
 .UNSPECIFIED., .F., .F.,
 ( 4, 2, 2, 2, 2, 2, 2, 4 ),
 ( 0.000000000000000000, 0.0005225791481245211246, 0.001045158296249042249, 0.001567737444373563591, 0.002090316592498084498, 0.002612895740622605840, 0.003135474888747127181, 0.004180633184996164660 ),
 .UNSPECIFIED. ) ;
#2495 = DIRECTION ( 'NONE',  ( 0.000000000000000000, 1.000000000000000000, 0.000000000000000000 ) ) ;
#2496 = DIRECTION ( 'NONE',  ( 0.000000000000000000, 0.000000000000000000, -1.000000000000000000 ) ) ;
#2497 = FACE_OUTER_BOUND ( 'NONE', #2136, .T. ) ;
#2498 = CIRCLE ( 'NONE', #3352, 15.59275362318840763 ) ;
#2499 = CYLINDRICAL_SURFACE ( 'NONE', #2574, 0.3999999999999993006 ) ;
#2500 = CARTESIAN_POINT ( 'NONE',  ( -5.927875194502958855, 2.062763513043849084, 1.033058728911067758 ) ) ;
#2501 = VERTEX_POINT ( 'NONE', #3175 ) ;
#2502 = UNCERTAINTY_MEASURE_WITH_UNIT (LENGTH_MEASURE( 1.000000000000000082E-05 ), #2681, 'distance_accuracy_value', 'NONE');
#2503 = EDGE_CURVE ( 'NONE', #1580, #2141, #1406, .T. ) ;
#2504 = DIRECTION ( 'NONE',  ( 0.000000000000000000, 1.000000000000000000, 0.000000000000000000 ) ) ;
#2505 = CARTESIAN_POINT ( 'NONE',  ( -10.14999999999999680, 4.628208581072152938, -0.8810155431486598188 ) ) ;
#2506 = CARTESIAN_POINT ( 'NONE',  ( 9.750000000000000000, 11.08742866581024167, -3.424797210497339872 ) ) ;
#2507 = CIRCLE ( 'NONE', #737, 1.099999999999999423 ) ;
#2508 = CIRCLE ( 'NONE', #2334, 0.3999999999999998557 ) ;
#2509 = CARTESIAN_POINT ( 'NONE',  ( 9.638600796453646424, 23.60427248664755240, -4.156839352575696367 ) ) ;
#2510 = EDGE_LOOP ( 'NONE', ( #3049, #188, #2093, #921 ) ) ;
#2511 = DIRECTION ( 'NONE',  ( -2.428945146063511808E-17, 1.000000000000000000, -0.000000000000000000 ) ) ;
#2512 = LINE ( 'NONE', #1823, #2466 ) ;
#2513 = CIRCLE ( 'NONE', #1140, 0.4000000000000000222 ) ;
#2514 = ADVANCED_FACE ( 'NONE', ( #3418 ), #1041, .T. ) ;
#2515 = ORIENTED_EDGE ( 'NONE', *, *, #1876, .T. ) ;
#2516 = CARTESIAN_POINT ( 'NONE',  ( -5.550000000000001599, 0.3000000000000003775, 0.000000000000000000 ) ) ;
#2517 = CIRCLE ( 'NONE', #932, 15.19275362318840727 ) ;
#2518 = CARTESIAN_POINT ( 'NONE',  ( -9.968620049256349702, 23.02281087044626418, 4.068457338386240352 ) ) ;
#2519 = DIRECTION ( 'NONE',  ( 0.000000000000000000, 0.000000000000000000, -1.000000000000000000 ) ) ;
#2520 = LINE ( 'NONE', #1763, #257 ) ;
#2521 = CARTESIAN_POINT ( 'NONE',  ( 6.394268714699679279, 2.281199999999999672, -0.7051314326984390313 ) ) ;
#2522 = ORIENTED_EDGE ( 'NONE', *, *, #510, .T. ) ;
#2523 = DIRECTION ( 'NONE',  ( -1.000000000000000000, 0.000000000000000000, 0.000000000000000000 ) ) ;
#2524 =( BOUNDED_SURFACE ( )  B_SPLINE_SURFACE ( 3, 2, ( 
 ( #1862, #3208, #2775 ),
 ( #268, #78, #374 ),
 ( #537, #766, #1979 ),
 ( #204, #709, #1442 ),
 ( #3301, #1497, #415 ),
 ( #1754, #3090, #950 ) ),
 .UNSPECIFIED., .F., .F., .F. ) 
 B_SPLINE_SURFACE_WITH_KNOTS ( ( 4, 2, 4 ),
 ( 3, 3 ),
 ( 0.000000000000000000, 0.0002899908235921266333, 0.0005799816471842532666 ),
 ( 0.000000000000000000, 1.000000000000000000 ),
 .UNSPECIFIED. ) 
 GEOMETRIC_REPRESENTATION_ITEM ( )  RATIONAL_B_SPLINE_SURFACE ( (
 ( 1.000000000000000000, 0.8485159526776634431, 1.000000000000000000),
 ( 1.000000000000000000, 0.8313120691877645685, 1.000000000000000000),
 ( 1.000000000000000000, 0.8090305256561305391, 1.000000000000000000),
 ( 1.000000000000000000, 0.7591015437370132179, 1.000000000000000000),
 ( 1.000000000000000000, 0.7313988192928603249, 1.000000000000000000),
 ( 1.000000000000000000, 0.7071067811865475727, 1.000000000000000000) ) ) 
 REPRESENTATION_ITEM ( '' )  SURFACE ( )  );
#2525 = CARTESIAN_POINT ( 'NONE',  ( -9.466855801676015147, 3.689965216732833841, 1.165033408532825332 ) ) ;
#2526 = FACE_OUTER_BOUND ( 'NONE', #2149, .T. ) ;
#2527 = CARTESIAN_POINT ( 'NONE',  ( 6.091807680770608080, 2.307735514244594555, 0.8519176631546604428 ) ) ;
#2528 = CARTESIAN_POINT ( 'NONE',  ( 5.298169202171414405, 2.667736817999610821, -1.104917700201169861 ) ) ;
#2529 = VERTEX_POINT ( 'NONE', #529 ) ;
#2530 = AXIS2_PLACEMENT_3D ( 'NONE', #379, #398, #620 ) ;
#2531 = CARTESIAN_POINT ( 'NONE',  ( 5.550000000000000711, 0.000000000000000000, 0.000000000000000000 ) ) ;
#2532 = DIRECTION ( 'NONE',  ( 0.000000000000000000, 0.000000000000000000, 1.000000000000000000 ) ) ;
#2533 = CIRCLE ( 'NONE', #377, 1.099999999999999423 ) ;
#2534 = CARTESIAN_POINT ( 'NONE',  ( 9.953308739093472468, 23.04818926161674142, -4.057414366692369434 ) ) ;
#2535 = ORIENTED_EDGE ( 'NONE', *, *, #2949, .F. ) ;
#2536 = DIRECTION ( 'NONE',  ( -1.000000000000000000, 7.779029040254739985E-17, 0.000000000000000000 ) ) ;
#2537 = CARTESIAN_POINT ( 'NONE',  ( -9.736754868084572578, 22.30620000000000047, -4.149999999999999467 ) ) ;
#2538 = DIRECTION ( 'NONE',  ( 0.000000000000000000, -0.000000000000000000, 1.000000000000000000 ) ) ;
#2539 = EDGE_CURVE ( 'NONE', #1066, #331, #2257, .T. ) ;
#2540 = VECTOR ( 'NONE', #1240, 1000.000000000000000 ) ;
#2541 = DIRECTION ( 'NONE',  ( 0.9937259901453237010, -0.1118421052631602269, 0.000000000000000000 ) ) ;
#2542 = VECTOR ( 'NONE', #2150, 1000.000000000000000 ) ;
#2543 = ORIENTED_EDGE ( 'NONE', *, *, #1164, .T. ) ;
#2544 = CARTESIAN_POINT ( 'NONE',  ( 7.638888888888889284, 24.58119999999999905, -2.275000000000002576 ) ) ;
#2545 = FACE_OUTER_BOUND ( 'NONE', #2210, .T. ) ;
#2546 = CARTESIAN_POINT ( 'NONE',  ( 9.533350220781205309, 3.810272035602221052, 1.176624504777227465 ) ) ;
#2547 = EDGE_CURVE ( 'NONE', #797, #2751, #2740, .T. ) ;
#2548 = DIRECTION ( 'NONE',  ( -0.000000000000000000, 0.000000000000000000, -1.000000000000000000 ) ) ;
#2549 = FACE_OUTER_BOUND ( 'NONE', #3141, .T. ) ;
#2550 = CARTESIAN_POINT ( 'NONE',  ( 6.135061470457254806, 2.261142615022597280, 0.5474879853329958079 ) ) ;
#2551 = VERTEX_POINT ( 'NONE', #938 ) ;
#2552 = DIRECTION ( 'NONE',  ( -0.000000000000000000, 1.000000000000000000, -0.000000000000000000 ) ) ;
#2553 = CIRCLE ( 'NONE', #813, 15.19275362318840727 ) ;
#2554 = LINE ( 'NONE', #553, #2542 ) ;
#2555 = CARTESIAN_POINT ( 'NONE',  ( 5.676103274215900996, 2.662063343068818977, -1.104774368559817255 ) ) ;
#2556 = VERTEX_POINT ( 'NONE', #402 ) ;
#2557 = FILL_AREA_STYLE_COLOUR ( '', #3097 ) ;
#2558 = CARTESIAN_POINT ( 'NONE',  ( -10.07121520454704289, 4.147411068607755880, -0.8242190704969042381 ) ) ;
#2559 = CIRCLE ( 'NONE', #3311, 0.3000000000000000444 ) ;
#2560 = DIRECTION ( 'NONE',  ( 0.000000000000000000, 0.000000000000000000, -1.000000000000000000 ) ) ;
#2561 = ORIENTED_EDGE ( 'NONE', *, *, #3241, .T. ) ;
#2562 = CARTESIAN_POINT ( 'NONE',  ( -5.243694132613384795, 2.246827277526957101, -0.7397978347167455393 ) ) ;
#2563 = CARTESIAN_POINT ( 'NONE',  ( 5.864878394926073213, 2.670938753401347121, 1.104999794560498128 ) ) ;
#2564 = ORIENTED_EDGE ( 'NONE', *, *, #2022, .T. ) ;
#2565 = DIRECTION ( 'NONE',  ( -1.000000000000000000, -2.428945146063511808E-17, 0.000000000000000000 ) ) ;
#2566 = LINE ( 'NONE', #3292, #2540 ) ;
#2567 = CARTESIAN_POINT ( 'NONE',  ( 5.824818323274878473, 2.062763513043846419, -0.7513154392080496624 ) ) ;
#2568 = DIRECTION ( 'NONE',  ( 0.000000000000000000, 1.000000000000000000, 0.000000000000000000 ) ) ;
#2569 = LINE ( 'NONE', #2465, #1429 ) ;
#2570 = CARTESIAN_POINT ( 'NONE',  ( 6.260532346078468535, 2.287920951287390814, 0.7851527002744305150 ) ) ;
#2571 = DIRECTION ( 'NONE',  ( 0.000000000000000000, 0.000000000000000000, 1.000000000000000000 ) ) ;
#2572 = VERTEX_POINT ( 'NONE', #1535 ) ;
#2573 = LINE ( 'NONE', #1775, #1319 ) ;
#2574 = AXIS2_PLACEMENT_3D ( 'NONE', #2386, #1509, #3079 ) ;
#2575 = AXIS2_PLACEMENT_3D ( 'NONE', #1233, #1781, #2293 ) ;
#2576 = ORIENTED_EDGE ( 'NONE', *, *, #345, .T. ) ;
#2577 = CARTESIAN_POINT ( 'NONE',  ( -10.12665328934496856, 4.411464380479337422, -1.249210418900838837 ) ) ;
#2578 = CARTESIAN_POINT ( 'NONE',  ( -4.935986389309326761, 1.981199999999999850, -0.5128228601443183265 ) ) ;
#2579 = VECTOR ( 'NONE', #2065, 1000.000000000000000 ) ;
#2580 = CARTESIAN_POINT ( 'NONE',  ( 7.967293284850621049, 2.297417974362546467, 1.095047273068825433 ) ) ;
#2581 = AXIS2_PLACEMENT_3D ( 'NONE', #2807, #1667, #636 ) ;
#2582 = ORIENTED_EDGE ( 'NONE', *, *, #1670, .T. ) ;
#2583 = EDGE_CURVE ( 'NONE', #1076, #976, #66, .T. ) ;
#2584 = CARTESIAN_POINT ( 'NONE',  ( -5.824818323274878473, 2.062763513043846419, -0.7513154392080495514 ) ) ;
#2585 = CARTESIAN_POINT ( 'NONE',  ( 5.221592865052186561, 2.312992770274580057, 0.8627014000874160260 ) ) ;
#2586 = SURFACE_SIDE_STYLE ('',( #3373 ) ) ;
#2587 = ORIENTED_EDGE ( 'NONE', *, *, #2447, .F. ) ;
#2588 = DIRECTION ( 'NONE',  ( -0.9937259901453237010, -0.1118421052631602269, 0.000000000000000000 ) ) ;
#2589 = DIRECTION ( 'NONE',  ( 1.000000000000000000, 7.779029040254739985E-17, -0.000000000000000000 ) ) ;
#2590 = EDGE_CURVE ( 'NONE', #311, #357, #2284, .T. ) ;
#2591 = CARTESIAN_POINT ( 'NONE',  ( 5.550000000000000711, -23.41880000000000095, -0.4999999999999995559 ) ) ;
#2592 = DIRECTION ( 'NONE',  ( 2.428945146063511808E-17, 1.000000000000000000, 0.000000000000000000 ) ) ;
#2593 = FACE_OUTER_BOUND ( 'NONE', #2402, .T. ) ;
#2594 = ORIENTED_EDGE ( 'NONE', *, *, #1494, .F. ) ;
#2595 = ADVANCED_FACE ( 'NONE', ( #3344 ), #2232, .T. ) ;
#2596 = UNCERTAINTY_MEASURE_WITH_UNIT (LENGTH_MEASURE( 1.000000000000000082E-05 ), #2048, 'distance_accuracy_value', 'NONE');
#2597 = CARTESIAN_POINT ( 'NONE',  ( 5.149139884826275271, 2.025495375896345429, 0.6958073192111182692 ) ) ;
#2598 = SURFACE_STYLE_FILL_AREA ( #1623 ) ;
#2599 = CARTESIAN_POINT ( 'NONE',  ( 10.14999999999999858, 2.281199999999999672, -0.7051314326984390313 ) ) ;
#2600 = CARTESIAN_POINT ( 'NONE',  ( -5.927875194502956191, 2.327807721739338032, -0.8925184591056563033 ) ) ;
#2601 = CARTESIAN_POINT ( 'NONE',  ( 10.15000000000000036, 2.281200000000000561, -16.29275362318840337 ) ) ;
#2602 = B_SPLINE_CURVE_WITH_KNOTS ( 'NONE', 3,
 ( #3016, #3034, #104, #2139, #751, #1910, #2480, #2452, #55, #3405, #3135, #726, #836, #1000, #855, #1431 ),
 .UNSPECIFIED., .F., .F.,
 ( 4, 2, 2, 2, 2, 2, 2, 4 ),
 ( 0.000000000000000000, 0.0005250627605025039299, 0.001050125521005007860, 0.001575188281507511681, 0.002100251042010015719, 0.002625313802512520625, 0.003150376563015025097, 0.004200502084020032306 ),
 .UNSPECIFIED. ) ;
#2603 = DIRECTION ( 'NONE',  ( 0.7675170133633442138, 0.000000000000000000, -0.6410285751803986853 ) ) ;
#2604 = ORIENTED_EDGE ( 'NONE', *, *, #539, .F. ) ;
#2605 = CARTESIAN_POINT ( 'NONE',  ( -8.196384907543079024, 2.725858699904937232, -1.106156681650352303 ) ) ;
#2606 = DIRECTION ( 'NONE',  ( -2.168404344971007685E-15, -1.000000000000000000, 0.000000000000000000 ) ) ;
#2607 = CARTESIAN_POINT ( 'NONE',  ( -6.050000000000000711, -9.918449512436734404E-17, 0.000000000000000000 ) ) ;
#2608 = CARTESIAN_POINT ( 'NONE',  ( 9.404302230379938621, 23.86269721381876607, -3.659217170442682132 ) ) ;
#2609 = ORIENTED_EDGE ( 'NONE', *, *, #3274, .F. ) ;
#2610 = CARTESIAN_POINT ( 'NONE',  ( 5.620615545431866700, 2.327089816974249548, 0.9112494961907555702 ) ) ;
#2611 = CARTESIAN_POINT ( 'NONE',  ( 7.638888888888887507, 2.681199999999999584, -0.7051314326984382541 ) ) ;
#2612 = ORIENTED_EDGE ( 'NONE', *, *, #791, .T. ) ;
#2613 = CARTESIAN_POINT ( 'NONE',  ( 6.259207555432662495, 2.288054723679210145, -0.7857932832879788165 ) ) ;
#2614 = CIRCLE ( 'NONE', #1530, 4.549999999999993605 ) ;
#2615 = ADVANCED_FACE ( 'NONE', ( #2250 ), #1651, .F. ) ;
#2616 = CARTESIAN_POINT ( 'NONE',  ( -9.968624790166215277, 23.02279868917396755, -4.068460357056409293 ) ) ;
#2617 = EDGE_LOOP ( 'NONE', ( #2535, #3206, #3102, #1612, #3198, #226, #2582, #185 ) ) ;
#2618 = CARTESIAN_POINT ( 'NONE',  ( -7.805184764982321610, 2.281199999999999228, 0.7051314328336546478 ) ) ;
#2619 = CARTESIAN_POINT ( 'NONE',  ( -4.776210385732234442, 2.281199999999999672, -0.7533520677059571957 ) ) ;
#2620 = AXIS2_PLACEMENT_3D ( 'NONE', #1106, #2177, #843 ) ;
#2621 = EDGE_LOOP ( 'NONE', ( #626, #1489, #2173, #3416, #252 ) ) ;
#2622 = DIRECTION ( 'NONE',  ( 1.000000000000000000, 7.779029040254739985E-17, -0.000000000000000000 ) ) ;
#2623 = CARTESIAN_POINT ( 'NONE',  ( 4.935986389309327649, 1.981200000000000738, -0.5128228601443195478 ) ) ;
#2624 = CARTESIAN_POINT ( 'NONE',  ( 5.172124805497047006, 2.670938823310716081, 1.104999796354468655 ) ) ;
#2625 = FACE_OUTER_BOUND ( 'NONE', #2789, .T. ) ;
#2626 =( NAMED_UNIT ( * ) PLANE_ANGLE_UNIT ( ) SI_UNIT ( $, .RADIAN. ) );
#2627 = CARTESIAN_POINT ( 'NONE',  ( -9.750000000000000000, 13.43120000000000047, -4.149999999999999467 ) ) ;
#2628 = ORIENTED_EDGE ( 'NONE', *, *, #3463, .F. ) ;
#2629 = CARTESIAN_POINT ( 'NONE',  ( 5.610680540443143904, 2.339543645872872002, 0.9306297968501027196 ) ) ;
#2630 =( GEOMETRIC_REPRESENTATION_CONTEXT ( 3 ) GLOBAL_UNCERTAINTY_ASSIGNED_CONTEXT ( ( #3003 ) ) GLOBAL_UNIT_ASSIGNED_CONTEXT ( ( #435, #1594, #3345 ) ) REPRESENTATION_CONTEXT ( 'NONE', 'WORKASPACE' ) );
#2631 = ORIENTED_EDGE ( 'NONE', *, *, #472, .T. ) ;
#2632 = EDGE_CURVE ( 'NONE', #447, #3310, #2236, .T. ) ;
#2633 = CARTESIAN_POINT ( 'NONE',  ( -9.682102135986347946, 4.193157016617270472, -1.220196800352365329 ) ) ;
#2634 = CARTESIAN_POINT ( 'NONE',  ( -5.409072748541936093, 2.325409212346515098, 0.9043534131313877289 ) ) ;
#2635 = ORIENTED_EDGE ( 'NONE', *, *, #1321, .F. ) ;
#2636 = CARTESIAN_POINT ( 'NONE',  ( 7.638888888888889284, 22.07008888888888976, -4.149999999999999467 ) ) ;
#2637 = ADVANCED_FACE ( 'NONE', ( #3406 ), #2242, .T. ) ;
#2638 = CARTESIAN_POINT ( 'NONE',  ( -8.701068195489101598, 2.945099384096820483, -1.114323806573865872 ) ) ;
#2639 = ORIENTED_EDGE ( 'NONE', *, *, #1636, .F. ) ;
#2640 = AXIS2_PLACEMENT_3D ( 'NONE', #411, #649, #2448 ) ;
#2641 = EDGE_CURVE ( 'NONE', #1247, #3265, #654, .T. ) ;
#2642 = CIRCLE ( 'NONE', #1485, 0.2999999999999998224 ) ;
#2643 = ORIENTED_EDGE ( 'NONE', *, *, #1219, .F. ) ;
#2644 = CARTESIAN_POINT ( 'NONE',  ( -9.532401052045601730, 3.134854057802927141, 0.7398011299274364072 ) ) ;
#2645 =( NAMED_UNIT ( * ) PLANE_ANGLE_UNIT ( ) SI_UNIT ( $, .RADIAN. ) );
#2646 = CARTESIAN_POINT ( 'NONE',  ( 5.801883292075433296, 2.670938823310716526, -1.104999796354469099 ) ) ;
#2647 = CARTESIAN_POINT ( 'NONE',  ( 9.038259225975181721, 3.181910039380257960, -1.126422506825307979 ) ) ;
#2648 = ORIENTED_EDGE ( 'NONE', *, *, #3164, .T. ) ;
#2649 = CARTESIAN_POINT ( 'NONE',  ( 5.081750043015531126, 2.317791235117147242, 0.8736284158860926352 ) ) ;
#2650 = EDGE_CURVE ( 'NONE', #2464, #1025, #1111, .T. ) ;
#2651 = ORIENTED_EDGE ( 'NONE', *, *, #2955, .F. ) ;
#2652 = CARTESIAN_POINT ( 'NONE',  ( -5.172124805497047006, 2.670938823310717414, -1.104999796354469099 ) ) ;
#2653 = CARTESIAN_POINT ( 'NONE',  ( -4.768137467102405935, 2.281199999999999672, 0.7478286976171419909 ) ) ;
#2654 = ORIENTED_EDGE ( 'NONE', *, *, #2152, .F. ) ;
#2655 = CARTESIAN_POINT ( 'NONE',  ( 6.350000000000001421, 12.29059999999999775, 0.000000000000000000 ) ) ;
#2656 = CARTESIAN_POINT ( 'NONE',  ( -5.927875194502957079, 2.670938823310716970, -1.104999796354467323 ) ) ;
#2657 = DIRECTION ( 'NONE',  ( 1.000000000000000000, -0.000000000000000000, -0.000000000000000000 ) ) ;
#2658 = ORIENTED_EDGE ( 'NONE', *, *, #3118, .T. ) ;
#2659 = CARTESIAN_POINT ( 'NONE',  ( 5.644525178473100091, 2.089850767481723270, 0.7957556933840101987 ) ) ;
#2660 = B_SPLINE_CURVE_WITH_KNOTS ( 'NONE', 3,
 ( #2295, #2678, #1011, #2921, #2030, #3145 ),
 .UNSPECIFIED., .F., .F.,
 ( 4, 2, 4 ),
 ( 0.000000000000000000, 0.0003779572896958973706, 0.0007559145793917947413 ),
 .UNSPECIFIED. ) ;
#2661 = VERTEX_POINT ( 'NONE', #369 ) ;
#2662 = DIRECTION ( 'NONE',  ( -1.000000000000000000, -7.779029040254739985E-17, 0.000000000000000000 ) ) ;
#2663 =( NAMED_UNIT ( * ) SI_UNIT ( $, .STERADIAN. ) SOLID_ANGLE_UNIT ( ) );
#2664 = FILL_AREA_STYLE_COLOUR ( '', #2449 ) ;
#2665 = ORIENTED_EDGE ( 'NONE', *, *, #713, .T. ) ;
#2666 = ADVANCED_FACE ( 'NONE', ( #1119 ), #1816, .F. ) ;
#2667 = VERTEX_POINT ( 'NONE', #2690 ) ;
#2668 = PRODUCT ( '20.322.69.111.11', '20.322.69.111.11', '', ( #772 ) ) ;
#2669 = CARTESIAN_POINT ( 'NONE',  ( 9.172712737828158325, 2.797288807056728999, 0.7221228580020399024 ) ) ;
#2670 = ORIENTED_EDGE ( 'NONE', *, *, #424, .T. ) ;
#2671 = CARTESIAN_POINT ( 'NONE',  ( -9.523188466368967653, 23.17814043034070792, -4.378019374335272218 ) ) ;
#2672 = CARTESIAN_POINT ( 'NONE',  ( -10.15000000000000568, 4.463103583266808450, 0.8583662559608907783 ) ) ;
#2673 = CARTESIAN_POINT ( 'NONE',  ( 5.235197169396714756, 2.670938756082248400, 1.104999794629293541 ) ) ;
#2674 = ADVANCED_FACE ( 'NONE', ( #13 ), #19, .T. ) ;
#2675 = CARTESIAN_POINT ( 'NONE',  ( 10.14999999999999680, 4.792311111111110300, -0.9035273092663966832 ) ) ;
#2676 = VERTEX_POINT ( 'NONE', #487 ) ;
#2677 = CARTESIAN_POINT ( 'NONE',  ( 5.927875194502953526, 2.399672224433712753, 1.098038719275189257 ) ) ;
#2678 = CARTESIAN_POINT ( 'NONE',  ( -5.802528750002148961, 2.339185412394078067, 0.9139755903645013779 ) ) ;
#2679 = AXIS2_PLACEMENT_3D ( 'NONE', #1455, #1726, #641 ) ;
#2680 = ORIENTED_EDGE ( 'NONE', *, *, #832, .F. ) ;
#2681 =( LENGTH_UNIT ( ) NAMED_UNIT ( * ) SI_UNIT ( .MILLI., .METRE. ) );
#2682 = CARTESIAN_POINT ( 'NONE',  ( -4.705731285300323918, 2.281199999999999672, 0.7051314326984388092 ) ) ;
#2683 = ORIENTED_EDGE ( 'NONE', *, *, #2820, .T. ) ;
#2684 = DIRECTION ( 'NONE',  ( 1.000000000000000000, 0.000000000000000000, 0.000000000000000000 ) ) ;
#2685 = CARTESIAN_POINT ( 'NONE',  ( 9.613050319269083488, 23.62983743263616176, 3.816217807808178542 ) ) ;
#2686 = CIRCLE ( 'NONE', #2849, 0.4999999999999995559 ) ;
#2687 = CIRCLE ( 'NONE', #2060, 0.4000000000000001887 ) ;
#2688 = MECHANICAL_DESIGN_GEOMETRIC_PRESENTATION_REPRESENTATION (  '', ( #1761 ), #1976 ) ;
#2689 = ORIENTED_EDGE ( 'NONE', *, *, #12, .F. ) ;
#2690 = CARTESIAN_POINT ( 'NONE',  ( -9.750000000000000000, 4.727893724117319785, 1.298306235062711922 ) ) ;
#2691 = EDGE_CURVE ( 'NONE', #2556, #2368, #3360, .T. ) ;
#2692 = ORIENTED_EDGE ( 'NONE', *, *, #2439, .F. ) ;
#2693 = CARTESIAN_POINT ( 'NONE',  ( -5.550000000000000711, -23.41880000000000095, -0.4999999999999995559 ) ) ;
#2694 = DIRECTION ( 'NONE',  ( -1.000000000000000000, 0.000000000000000000, 0.000000000000000000 ) ) ;
#2695 = FACE_OUTER_BOUND ( 'NONE', #1439, .T. ) ;
#2696 = CARTESIAN_POINT ( 'NONE',  ( -5.424128549346916017, 2.662053441366140749, 1.104774119928257470 ) ) ;
#2697 = ORIENTED_EDGE ( 'NONE', *, *, #2774, .T. ) ;
#2698 = EDGE_CURVE ( 'NONE', #3136, #3369, #1048, .T. ) ;
#2699 = DIRECTION ( 'NONE',  ( 1.000000000000000000, -2.428945146063513348E-17, 0.000000000000000000 ) ) ;
#2700 = CARTESIAN_POINT ( 'NONE',  ( -8.749805680115263939, 2.534442340196080057, -1.098033993123630481 ) ) ;
#2701 = ORIENTED_EDGE ( 'NONE', *, *, #1845, .T. ) ;
#2702 = LINE ( 'NONE', #1545, #2579 ) ;
#2703 = EDGE_LOOP ( 'NONE', ( #3174, #3127, #1073, #2787, #2833 ) ) ;
#2704 = CARTESIAN_POINT ( 'NONE',  ( -9.953308739093472468, 23.04818926161674142, -4.057414366692369434 ) ) ;
#2705 = CARTESIAN_POINT ( 'NONE',  ( -9.897211696851362817, 3.682221088027334499, 0.7795130285277354076 ) ) ;
#2706 = CARTESIAN_POINT ( 'NONE',  ( -7.638888888888889284, 24.58119999999999905, 2.275000000000002576 ) ) ;
#2707 = CARTESIAN_POINT ( 'NONE',  ( 5.990229100414280694, 2.239123393100464376, -0.6723991424438739983 ) ) ;
#2708 = ORIENTED_EDGE ( 'NONE', *, *, #1369, .F. ) ;
#2709 = CARTESIAN_POINT ( 'NONE',  ( -5.613162528596811640, 2.659753072185778500, -1.104716876246559121 ) ) ;
#2710 = CARTESIAN_POINT ( 'NONE',  ( 10.07685807576551085, 22.69589452770167881, 4.132805033700219788 ) ) ;
#2711 = ADVANCED_FACE ( 'NONE', ( #2208 ), #63, .T. ) ;
#2712 = DIRECTION ( 'NONE',  ( 0.000000000000000000, 1.000000000000000000, 0.000000000000000000 ) ) ;
#2713 = CARTESIAN_POINT ( 'NONE',  ( 4.705731285300324807, 2.281199999999999672, 0.7051314326984390313 ) ) ;
#2714 = CARTESIAN_POINT ( 'NONE',  ( -9.201457204235500953, 24.04498802215531228, 3.754773215335119652 ) ) ;
#2715 = ORIENTED_EDGE ( 'NONE', *, *, #153, .F. ) ;
#2716 = DIRECTION ( 'NONE',  ( -1.000000000000000000, 0.000000000000000000, 0.000000000000000000 ) ) ;
#2717 = CARTESIAN_POINT ( 'NONE',  ( -5.875544170373813380, 2.414519088388432433, -1.098419712232901801 ) ) ;
#2718 = CARTESIAN_POINT ( 'NONE',  ( -8.694639714258309837, 2.926846930084859633, -1.113387020565092200 ) ) ;
#2719 = ORIENTED_EDGE ( 'NONE', *, *, #350, .F. ) ;
#2720 = PRODUCT_DEFINITION_FORMATION_WITH_SPECIFIED_SOURCE ( 'ANY', '', #2668, .NOT_KNOWN. ) ;
#2721 = CARTESIAN_POINT ( 'NONE',  ( 9.403360903125591364, 23.43604181707961587, 4.256222762911675339 ) ) ;
#2722 = VECTOR ( 'NONE', #404, 1000.000000000000000 ) ;
#2723 = DIRECTION ( 'NONE',  ( 0.000000000000000000, 0.000000000000000000, -1.000000000000000000 ) ) ;
#2724 = ORIENTED_EDGE ( 'NONE', *, *, #1807, .F. ) ;
#2725 = CARTESIAN_POINT ( 'NONE',  ( 9.749999999999998224, 4.727893724117276264, -1.298306235062703706 ) ) ;
#2726 = CARTESIAN_POINT ( 'NONE',  ( 5.243694132613384795, 2.246827277526957101, -0.7397978347167453173 ) ) ;
#2727 = AXIS2_PLACEMENT_3D ( 'NONE', #2862, #1472, #2606 ) ;
#2728 = CARTESIAN_POINT ( 'NONE',  ( 9.177010405154300443, 2.800516451701436260, -0.7222650602244692353 ) ) ;
#2729 = AXIS2_PLACEMENT_3D ( 'NONE', #2204, #531, #2519 ) ;
#2730 = CARTESIAN_POINT ( 'NONE',  ( 5.034212684395544812, 1.993195793685044404, 0.6154833951341068810 ) ) ;
#2731 = VERTEX_POINT ( 'NONE', #2948 ) ;
#2732 = CARTESIAN_POINT ( 'NONE',  ( -9.750000000000000000, 22.07008888888888976, 4.150000000000000355 ) ) ;
#2733 = CARTESIAN_POINT ( 'NONE',  ( -5.034212684395524384, 1.993195793685051731, 0.6154833951340923370 ) ) ;
#2734 = AXIS2_PLACEMENT_3D ( 'NONE', #1589, #3419, #1802 ) ;
#2735 = EDGE_CURVE ( 'NONE', #1888, #2368, #2400, .T. ) ;
#2736 = CARTESIAN_POINT ( 'NONE',  ( 5.297828775187842787, 2.339217864934808766, -0.9140367924589994919 ) ) ;
#2737 = COLOUR_RGB ( '',0.7960784313725489669, 0.8235294117647058432, 0.9372549019607843146 ) ;
#2738 = ORIENTED_EDGE ( 'NONE', *, *, #2955, .T. ) ;
#2739 = CARTESIAN_POINT ( 'NONE',  ( -10.02302579908097790, 3.986988394434992866, -0.8077077406708326190 ) ) ;
#2740 = B_SPLINE_CURVE_WITH_KNOTS ( 'NONE', 3,
 ( #2934, #3155, #308, #546, #1627, #623, #1928, #2168, #2811, #3023, #1267, #119, #2616, #1561, #600, #3336 ),
 .UNSPECIFIED., .F., .F.,
 ( 4, 2, 2, 2, 2, 2, 2, 4 ),
 ( -1.003130532245687478E-05, 0.001043436900505493757, 0.001570171003419469115, 0.002096905106333444690, 0.002623639209247419831, 0.003150373312161395406, 0.003677107415075370981, 0.004203841517989345689 ),
 .UNSPECIFIED. ) ;
#2741 = ADVANCED_FACE ( 'NONE', ( #2388 ), #2393, .F. ) ;
#2742 = CARTESIAN_POINT ( 'NONE',  ( -6.010568730989631625, 2.318642576478834538, 0.8752339564039542941 ) ) ;
#2743 = EDGE_CURVE ( 'NONE', #2776, #2318, #2419, .T. ) ;
#2744 = DIRECTION ( 'NONE',  ( -1.000000000000000000, 0.000000000000000000, 0.000000000000000000 ) ) ;
#2745 = ORIENTED_EDGE ( 'NONE', *, *, #169, .F. ) ;
#2746 = CARTESIAN_POINT ( 'NONE',  ( 5.089431269010242787, 2.318642576478817663, -0.8752339564039172126 ) ) ;
#2747 = EDGE_CURVE ( 'NONE', #1637, #2478, #445, .T. ) ;
#2748 = ORIENTED_EDGE ( 'NONE', *, *, #747, .F. ) ;
#2749 = CARTESIAN_POINT ( 'NONE',  ( -8.190035728259831060, 24.53579873670322797, 2.711684279798518560 ) ) ;
#2750 = CARTESIAN_POINT ( 'NONE',  ( 9.625940958495466049, 3.248417326605649968, -1.128489601351976956 ) ) ;
#2751 = VERTEX_POINT ( 'NONE', #1684 ) ;
#2752 = VERTEX_POINT ( 'NONE', #1404 ) ;
#2753 = CARTESIAN_POINT ( 'NONE',  ( -9.533536292914849497, 3.136143502013781337, 0.7398783528161099188 ) ) ;
#2754 =( BOUNDED_SURFACE ( )  B_SPLINE_SURFACE ( 3, 2, ( 
 ( #763, #478, #3417 ),
 ( #3394, #1320, #1534 ),
 ( #2383, #2707, #3163 ),
 ( #3447, #2101, #2613 ),
 ( #2889, #1895, #36 ),
 ( #2964, #3182, #2521 ) ),
 .UNSPECIFIED., .F., .F., .F. ) 
 B_SPLINE_SURFACE_WITH_KNOTS ( ( 4, 2, 4 ),
 ( 3, 3 ),
 ( -1.734723475976807094E-18, 0.0002899908235921250070, 0.0005799816471842517487 ),
 ( 0.000000000000000000, 1.000000000000000000 ),
 .UNSPECIFIED. ) 
 GEOMETRIC_REPRESENTATION_ITEM ( )  RATIONAL_B_SPLINE_SURFACE ( (
 ( 1.000000000000000000, 0.8485159526776629990, 1.000000000000000000),
 ( 1.000000000000000000, 0.8313120691877639024, 1.000000000000000000),
 ( 1.000000000000000000, 0.8090305256561309832, 1.000000000000000000),
 ( 1.000000000000000000, 0.7591015437370136620, 1.000000000000000000),
 ( 1.000000000000000000, 0.7313988192928595478, 1.000000000000000000),
 ( 1.000000000000000000, 0.7071067811865475727, 1.000000000000000000) ) ) 
 REPRESENTATION_ITEM ( '' )  SURFACE ( )  );
#2755 = DIRECTION ( 'NONE',  ( 0.000000000000000000, 0.000000000000000000, 1.000000000000000000 ) ) ;
#2756 = EDGE_LOOP ( 'NONE', ( #1531, #344, #1560, #2040, #3339, #1985, #2296, #3335 ) ) ;
#2757 = DIRECTION ( 'NONE',  ( -7.779029040254739985E-17, -1.000000000000000000, 0.000000000000000000 ) ) ;
#2758 = CLOSED_SHELL ( 'NONE', ( #2119, #528, #489, #3372, #3322, #1091, #1514, #239, #678, #556, #3081, #1565, #1388, #1987, #3459, #2637, #2073, #2860, #1235, #3051, #3161, #1218, #2514, #1764, #2674, #1934, #795, #203, #731, #1168, #715, #281, #1628, #2907, #2281, #3421, #1257, #2978, #1702, #68, #1458, #2027, #1355, #2086, #1680, #1323, #514, #702, #1003, #1288, #601, #2886, #1789, #2002, #2337, #2711, #1827, #532, #616, #1841, #771, #3130, #2666, #2058, #2615, #2180, #1882, #2260, #2999, #3111, #1529, #2741, #218, #3390, #2851, #453, #941, #3354 ) ) ;
#2759 = CARTESIAN_POINT ( 'NONE',  ( 5.645119860716078186, 2.091893456023442344, 0.7999493388477071365 ) ) ;
#2760 = CARTESIAN_POINT ( 'NONE',  ( 10.11351900496049794, 22.53509130146010264, -4.149999984668296449 ) ) ;
#2761 = ORIENTED_EDGE ( 'NONE', *, *, #3126, .F. ) ;
#2762 = CARTESIAN_POINT ( 'NONE',  ( 5.172124805497047006, 2.327807721739315827, 0.8925184591056156691 ) ) ;
#2763 = ORIENTED_EDGE ( 'NONE', *, *, #617, .T. ) ;
#2764 =( NAMED_UNIT ( * ) SI_UNIT ( $, .STERADIAN. ) SOLID_ANGLE_UNIT ( ) );
#2765 = ORIENTED_EDGE ( 'NONE', *, *, #2335, .T. ) ;
#2766 = ORIENTED_EDGE ( 'NONE', *, *, #2590, .F. ) ;
#2767 = AXIS2_PLACEMENT_3D ( 'NONE', #1170, #1480, #1745 ) ;
#2768 = CARTESIAN_POINT ( 'NONE',  ( 9.750000000000000000, 4.727893724117319785, 1.298306235062711922 ) ) ;
#2769 = CARTESIAN_POINT ( 'NONE',  ( -9.532385144731215121, 23.73236461626231986, -4.060376407213549754 ) ) ;
#2770 = ORIENTED_EDGE ( 'NONE', *, *, #1408, .T. ) ;
#2771 = EDGE_LOOP ( 'NONE', ( #2779, #3165, #560, #2346 ) ) ;
#2772 = DIRECTION ( 'NONE',  ( 1.000000000000000000, -2.428945146063513348E-17, 0.000000000000000000 ) ) ;
#2773 = B_SPLINE_CURVE_WITH_KNOTS ( 'NONE', 3,
 ( #3366, #501, #2051, #1821, #552, #2099 ),
 .UNSPECIFIED., .F., .F.,
 ( 4, 2, 4 ),
 ( 0.000000000000000000, 0.0002540400195408133309, 0.0005080800390816266618 ),
 .UNSPECIFIED. ) ;
#2774 = EDGE_CURVE ( 'NONE', #1713, #2572, #1266, .T. ) ;
#2775 = CARTESIAN_POINT ( 'NONE',  ( -5.824818323274878473, 2.062763513043841979, -0.7513154392080498845 ) ) ;
#2776 = VERTEX_POINT ( 'NONE', #849 ) ;
#2777 = CARTESIAN_POINT ( 'NONE',  ( 5.089489041744778675, 2.318648979584915448, 0.8752460319905661645 ) ) ;
#2778 = CARTESIAN_POINT ( 'NONE',  ( -9.489639523107937791, 23.25500170697740643, 4.344350238964120869 ) ) ;
#2779 = ORIENTED_EDGE ( 'NONE', *, *, #896, .T. ) ;
#2780 = CARTESIAN_POINT ( 'NONE',  ( -5.315091267445123613, 2.340784795365629112, 0.9169918589009167231 ) ) ;
#2781 = CARTESIAN_POINT ( 'NONE',  ( -5.172124805497047006, 2.670938823310716081, 1.104999796354468655 ) ) ;
#2782 = EDGE_CURVE ( 'NONE', #3243, #208, #2459, .T. ) ;
#2783 = CARTESIAN_POINT ( 'NONE',  ( 5.275181676720215762, 2.062763513042532360, 0.7513154392062539877 ) ) ;
#2784 = CARTESIAN_POINT ( 'NONE',  ( -4.705731285300323030, 2.281199999999999672, -0.7051314326984390313 ) ) ;
#2785 = EDGE_LOOP ( 'NONE', ( #3303, #2128, #2543, #3328 ) ) ;
#2786 = CARTESIAN_POINT ( 'NONE',  ( 6.117759731473518592, 1.981199999999999850, -0.5682036038548958778 ) ) ;
#2787 = ORIENTED_EDGE ( 'NONE', *, *, #582, .F. ) ;
#2788 = DIRECTION ( 'NONE',  ( -0.1118421052631602547, -0.9937259901453239230, 0.000000000000000000 ) ) ;
#2789 = EDGE_LOOP ( 'NONE', ( #2689, #2262 ) ) ;
#2790 = FACE_OUTER_BOUND ( 'NONE', #2621, .T. ) ;
#2791 = CARTESIAN_POINT ( 'NONE',  ( 9.231734052234113364, 3.371258381902871637, 1.138855354791232566 ) ) ;
#2792 = ORIENTED_EDGE ( 'NONE', *, *, #2632, .T. ) ;
#2793 = CARTESIAN_POINT ( 'NONE',  ( 5.643949013827050720, 2.091940180815325956, -0.8000415494662497240 ) ) ;
#2794 = DIRECTION ( 'NONE',  ( 1.000000000000000000, 0.000000000000000000, 0.000000000000000000 ) ) ;
#2795 = ORIENTED_EDGE ( 'NONE', *, *, #2493, .T. ) ;
#2796 = CARTESIAN_POINT ( 'NONE',  ( 8.755099484608461324, 2.536965307176093809, -0.7120439042736925739 ) ) ;
#2797 = VERTEX_POINT ( 'NONE', #1721 ) ;
#2798 = CARTESIAN_POINT ( 'NONE',  ( -8.899388905600902788, 2.614268572243162225, 0.7146446213777353229 ) ) ;
#2799 = CARTESIAN_POINT ( 'NONE',  ( -9.750000000000000000, 4.727893724117319785, 1.298306235062711922 ) ) ;
#2800 = DIRECTION ( 'NONE',  ( 1.000000000000000000, 0.000000000000000000, 0.000000000000000000 ) ) ;
#2801 = ORIENTED_EDGE ( 'NONE', *, *, #2856, .T. ) ;
#2802 = CARTESIAN_POINT ( 'NONE',  ( 5.878466293025718770, 2.312984190277907359, -0.8626784025084544005 ) ) ;
#2803 = CARTESIAN_POINT ( 'NONE',  ( -5.172124805497047006, 2.670938823310716081, -1.104999796354468655 ) ) ;
#2804 = ORIENTED_EDGE ( 'NONE', *, *, #2241, .F. ) ;
#2805 = CARTESIAN_POINT ( 'NONE',  ( -8.901288216725109947, 2.615301178955351524, -0.7146797676727196791 ) ) ;
#2806 =( GEOMETRIC_REPRESENTATION_CONTEXT ( 3 ) GLOBAL_UNCERTAINTY_ASSIGNED_CONTEXT ( ( #949 ) ) GLOBAL_UNIT_ASSIGNED_CONTEXT ( ( #1549, #2369, #727 ) ) REPRESENTATION_CONTEXT ( 'NONE', 'WORKASPACE' ) );
#2807 = CARTESIAN_POINT ( 'NONE',  ( 10.15000000000000036, 2.681200000000000028, -0.7051314326984390313 ) ) ;
#2808 = CYLINDRICAL_SURFACE ( 'NONE', #335, 0.4000000000000000222 ) ;
#2809 = CARTESIAN_POINT ( 'NONE',  ( 5.950860115170748088, 2.025495375897254036, -0.6958073192129248241 ) ) ;
#2810 = ORIENTED_EDGE ( 'NONE', *, *, #3288, .F. ) ;
#2811 = CARTESIAN_POINT ( 'NONE',  ( -9.433690309967397880, 23.83326218192358326, -3.681535414816535567 ) ) ;
#2812 = AXIS2_PLACEMENT_3D ( 'NONE', #2636, #256, #2401 ) ;
#2813 =( BOUNDED_SURFACE ( )  B_SPLINE_SURFACE ( 3, 2, ( 
 ( #2675, #1654, #575 ),
 ( #3162, #1080, #1009 ),
 ( #1394, #987, #316 ),
 ( #780, #1673, #801 ),
 ( #264, #2920, #1035 ),
 ( #1891, #1873, #2124 ),
 ( #735, #1318, #2435 ),
 ( #343, #2750, #2979 ),
 ( #3204, #2077, #2325 ),
 ( #2406, #35, #2647 ),
 ( #2728, #589, #823 ),
 ( #2904, #3122, #3392 ),
 ( #2960, #1609, #2381 ),
 ( #235, #3180, #760 ),
 ( #3444, #289, #1340 ),
 ( #3144, #8, #517 ) ),
 .UNSPECIFIED., .F., .F., .F. ) 
 B_SPLINE_SURFACE_WITH_KNOTS ( ( 4, 2, 2, 2, 2, 2, 2, 4 ),
 ( 3, 3 ),
 ( 0.000000000000000000, 0.0004135065966789778819, 0.0008270131933579557637, 0.001240519790036933700, 0.001654026386715911527, 0.002067532983394889355, 0.002481039580073867400, 0.003308052773431823055 ),
 ( 0.000000000000000000, 1.000000000000000000 ),
 .UNSPECIFIED. ) 
 GEOMETRIC_REPRESENTATION_ITEM ( )  RATIONAL_B_SPLINE_SURFACE ( (
 ( 1.000000000000000000, 0.7071067811865475727, 1.000000000000000000),
 ( 1.000000000000000000, 0.7108271576544400450, 1.000000000000000000),
 ( 1.000000000000000000, 0.7138550028805736858, 1.000000000000000000),
 ( 1.000000000000000000, 0.7186748326532879094, 1.000000000000000000),
 ( 1.000000000000000000, 0.7204771204230201453, 1.000000000000000000),
 ( 1.000000000000000000, 0.7229061888850382145, 1.000000000000000000),
 ( 1.000000000000000000, 0.7235451244110252533, 1.000000000000000000),
 ( 1.000000000000000000, 0.7239713791384220221, 1.000000000000000000),
 ( 1.000000000000000000, 0.7237477988918751270, 1.000000000000000000),
 ( 1.000000000000000000, 0.7227894564942213274, 1.000000000000000000),
 ( 1.000000000000000000, 0.7220599743509293900, 1.000000000000000000),
 ( 1.000000000000000000, 0.7204368044336458832, 1.000000000000000000),
 ( 1.000000000000000000, 0.7195577562359439794, 1.000000000000000000),
 ( 1.000000000000000000, 0.7172282339469591150, 1.000000000000000000),
 ( 1.000000000000000000, 0.7160795027635966647, 1.000000000000000000),
 ( 1.000000000000000000, 0.7161190340031498014, 1.000000000000000000) ) ) 
 REPRESENTATION_ITEM ( '' )  SURFACE ( )  );
#2814 = PLANE ( 'NONE',  #2104 ) ;
#2815 = EDGE_LOOP ( 'NONE', ( #391, #2957, #1354, #237 ) ) ;
#2816 = CARTESIAN_POINT ( 'NONE',  ( 5.244753131727168061, 2.334400196630903146, -0.9049511753173369311 ) ) ;
#2817 = CARTESIAN_POINT ( 'NONE',  ( 5.172124805497047006, 2.670938823310716081, -1.104999796354468655 ) ) ;
#2818 = CARTESIAN_POINT ( 'NONE',  ( -6.050000000000000711, 0.3000000000000003775, 0.000000000000000000 ) ) ;
#2819 = MECHANICAL_DESIGN_GEOMETRIC_PRESENTATION_REPRESENTATION (  '', ( #2195 ), #3117 ) ;
#2820 = EDGE_CURVE ( 'NONE', #3309, #3243, #108, .T. ) ;
#2821 = EDGE_LOOP ( 'NONE', ( #2190, #1200, #305, #1546 ) ) ;
#2822 = CARTESIAN_POINT ( 'NONE',  ( -10.08462752957369091, 4.136208083672922697, 0.8215123138986129003 ) ) ;
#2823 = CARTESIAN_POINT ( 'NONE',  ( 9.433669981478457700, 23.83328309057124272, 3.681520010406276633 ) ) ;
#2824 = CARTESIAN_POINT ( 'NONE',  ( 5.686572334203730428, 2.437565341602753843, -1.099145864899095493 ) ) ;
#2825 = EDGE_CURVE ( 'NONE', #2368, #1852, #134, .T. ) ;
#2826 = CARTESIAN_POINT ( 'NONE',  ( -9.750000000000000000, 10.86152299504496455, -3.754898146448891083 ) ) ;
#2827 = ORIENTED_EDGE ( 'NONE', *, *, #2398, .F. ) ;
#2828 = CARTESIAN_POINT ( 'NONE',  ( 9.750000000000000000, 10.86152299504496455, 3.754898146448890195 ) ) ;
#2829 = CARTESIAN_POINT ( 'NONE',  ( -9.750000000000001776, 13.43119999999999514, 3.469446951953614189E-15 ) ) ;
#2830 = CARTESIAN_POINT ( 'NONE',  ( 9.827968017814560753, 23.30938813411342636, -4.323837029356977446 ) ) ;
#2831 = DIRECTION ( 'NONE',  ( -0.000000000000000000, -0.000000000000000000, 1.000000000000000000 ) ) ;
#2832 = CARTESIAN_POINT ( 'NONE',  ( -5.550000000000000711, -23.41880000000000095, 0.000000000000000000 ) ) ;
#2833 = ORIENTED_EDGE ( 'NONE', *, *, #3420, .T. ) ;
#2834 = CARTESIAN_POINT ( 'NONE',  ( -5.550000000000001599, 1.981200000000000738, 0.000000000000000000 ) ) ;
#2835 = DIRECTION ( 'NONE',  ( -0.000000000000000000, 1.000000000000000000, 0.000000000000000000 ) ) ;
#2836 = CARTESIAN_POINT ( 'NONE',  ( 7.912655588972758558, 2.683990167151343087, 1.105318681993971541 ) ) ;
#2837 = CARTESIAN_POINT ( 'NONE',  ( -4.750000000000002665, 12.29059999999999775, 9.797174393178818755E-17 ) ) ;
#2838 = CARTESIAN_POINT ( 'NONE',  ( 6.095498949889394780, 2.248250974171080774, 0.5901811343611471639 ) ) ;
#2839 = DIRECTION ( 'NONE',  ( 0.000000000000000000, 0.000000000000000000, -1.000000000000000000 ) ) ;
#2840 = B_SPLINE_CURVE_WITH_KNOTS ( 'NONE', 3,
 ( #452, #2619, #3080, #1175, #3008, #1488 ),
 .UNSPECIFIED., .F., .F.,
 ( 4, 2, 4 ),
 ( 8.940560153363745023E-19, 0.0002529245392343706629, 0.0005058490784687404585 ),
 .UNSPECIFIED. ) ;
#2841 = CARTESIAN_POINT ( 'NONE',  ( 8.714606660997716858, 24.34361996580061671, 3.124732935138037071 ) ) ;
#2842 = CARTESIAN_POINT ( 'NONE',  ( -5.927752808036558463, 2.241909025116751497, 0.7104920344012845002 ) ) ;
#2843 = CARTESIAN_POINT ( 'NONE',  ( 9.029380646748702333, 23.95305718411625051, 3.851145774268730282 ) ) ;
#2844 = AXIS2_PLACEMENT_3D ( 'NONE', #1662, #2155, #1878 ) ;
#2845 = CARTESIAN_POINT ( 'NONE',  ( -5.089489041744733377, 2.318648979585109071, 0.8752460319908128561 ) ) ;
#2846 = CARTESIAN_POINT ( 'NONE',  ( -5.824818323274879361, 2.062763513043849084, -0.7513154392080492183 ) ) ;
#2847 = EDGE_LOOP ( 'NONE', ( #2719, #947, #792, #1958 ) ) ;
#2848 = CARTESIAN_POINT ( 'NONE',  ( -5.275181676720178459, 2.062763513042835228, -0.7513154392062399989 ) ) ;
#2849 = AXIS2_PLACEMENT_3D ( 'NONE', #1456, #1689, #1727 ) ;
#2850 = EDGE_CURVE ( 'NONE', #269, #2029, #122, .T. ) ;
#2851 = ADVANCED_FACE ( 'NONE', ( #151 ), #1392, .F. ) ;
#2852 = CARTESIAN_POINT ( 'NONE',  ( -10.14999999999999858, 2.281199999999999672, -0.7051314326984390313 ) ) ;
#2853 = EDGE_CURVE ( 'NONE', #1698, #2143, #144, .T. ) ;
#2854 = DIRECTION ( 'NONE',  ( -7.779029040254739985E-17, 1.000000000000000000, 0.000000000000000000 ) ) ;
#2855 = DIRECTION ( 'NONE',  ( 0.000000000000000000, 0.000000000000000000, -1.000000000000000000 ) ) ;
#2856 = EDGE_CURVE ( 'NONE', #1066, #1538, #1290, .T. ) ;
#2857 = CARTESIAN_POINT ( 'NONE',  ( 6.248627916351268574, 2.289162844109228878, 0.7907397732568962612 ) ) ;
#2858 = B_SPLINE_CURVE_WITH_KNOTS ( 'NONE', 3,
 ( #3050, #3343, #682, #742, #195, #2624 ),
 .UNSPECIFIED., .F., .F.,
 ( 4, 2, 4 ),
 ( 0.000000000000000000, 0.0003778707376691811497, 0.0007557414753383622993 ),
 .UNSPECIFIED. ) ;
#2859 = CARTESIAN_POINT ( 'NONE',  ( 8.939887863205958851, 24.23839922023967475, 3.301670625908735168 ) ) ;
#2860 = ADVANCED_FACE ( 'NONE', ( #1272 ), #83, .T. ) ;
#2861 = CARTESIAN_POINT ( 'NONE',  ( -10.00964037990163291, 3.948059761033031023, -1.190510359948590446 ) ) ;
#2862 = CARTESIAN_POINT ( 'NONE',  ( -5.927875194502955303, 2.681199999999999140, -0.7051314326984381431 ) ) ;
#2863 = CARTESIAN_POINT ( 'NONE',  ( 7.916176753378131536, 2.684338418649060198, 1.105326857318650102 ) ) ;
#2864 = CARTESIAN_POINT ( 'NONE',  ( 4.768775268268547585, 2.281199999999999672, -0.7482650639605439302 ) ) ;
#2865 = SURFACE_STYLE_USAGE ( .BOTH. , #2586 ) ;
#2866 = SURFACE_SIDE_STYLE ('',( #302 ) ) ;
#2867 =( BOUNDED_SURFACE ( )  B_SPLINE_SURFACE ( 3, 2, ( 
 ( #1995, #486, #1938 ),
 ( #704, #2550, #1787 ),
 ( #2895, #2838, #2570 ),
 ( #3107, #3052, #1974 ),
 ( #2206, #97, #663 ),
 ( #1180, #1493, #1047 ) ),
 .UNSPECIFIED., .F., .F., .F. ) 
 B_SPLINE_SURFACE_WITH_KNOTS ( ( 4, 2, 4 ),
 ( 3, 3 ),
 ( 2.168404344971008868E-19, 0.0002893117355248538006, 0.0005786234710497073844 ),
 ( 0.000000000000000000, 1.000000000000000000 ),
 .UNSPECIFIED. ) 
 GEOMETRIC_REPRESENTATION_ITEM ( )  RATIONAL_B_SPLINE_SURFACE ( (
 ( 1.000000000000000000, 0.7071067811865475727, 1.000000000000000000),
 ( 1.000000000000000000, 0.7316440224687847937, 1.000000000000000000),
 ( 1.000000000000000000, 0.7586247513653359142, 1.000000000000000000),
 ( 1.000000000000000000, 0.8085646020059433781, 1.000000000000000000),
 ( 1.000000000000000000, 0.8314738065356909180, 1.000000000000000000),
 ( 1.000000000000000000, 0.8485159526776631100, 1.000000000000000000) ) ) 
 REPRESENTATION_ITEM ( '' )  SURFACE ( )  );
#2868 = VERTEX_POINT ( 'NONE', #2828 ) ;
#2869 = CARTESIAN_POINT ( 'NONE',  ( 9.466855801676015147, 3.689965216732833841, 1.165033408532825332 ) ) ;
#2870 = B_SPLINE_CURVE_WITH_KNOTS ( 'NONE', 3,
 ( #1953, #1490, #1749, #1972, #614, #2985 ),
 .UNSPECIFIED., .F., .F.,
 ( 4, 2, 4 ),
 ( 0.000000000000000000, 0.0002852764565499152751, 0.0005705529130998305502 ),
 .UNSPECIFIED. ) ;
#2871 = CARTESIAN_POINT ( 'NONE',  ( -5.149139884826256619, 2.025495375896338768, 0.6958073192111141614 ) ) ;
#2872 = ORIENTED_EDGE ( 'NONE', *, *, #169, .T. ) ;
#2873 = CARTESIAN_POINT ( 'NONE',  ( 10.14999999999999858, 2.281200000000000561, -16.29275362318840337 ) ) ;
#2874 = DIRECTION ( 'NONE',  ( -1.000000000000000000, -1.626303258728256059E-15, 4.173319673402040553E-17 ) ) ;
#2875 = VERTEX_POINT ( 'NONE', #1921 ) ;
#2876 = AXIS2_PLACEMENT_3D ( 'NONE', #1933, #2202, #6 ) ;
#2877 = AXIS2_PLACEMENT_3D ( 'NONE', #1559, #1747, #677 ) ;
#2878 = CARTESIAN_POINT ( 'NONE',  ( 5.280255268638262223, 2.318416639385321165, -0.8800792747156780393 ) ) ;
#2879 = CARTESIAN_POINT ( 'NONE',  ( -5.033249203832303564, 1.992961687431021423, -0.6146681036049994606 ) ) ;
#2880 = DIRECTION ( 'NONE',  ( 0.6410285751803992405, -0.000000000000000000, 0.7675170133633438807 ) ) ;
#2881 = ORIENTED_EDGE ( 'NONE', *, *, #153, .T. ) ;
#2882 = CARTESIAN_POINT ( 'NONE',  ( 8.618185077757155810, 24.39801548497006323, -3.206389232061228167 ) ) ;
#2883 = AXIS2_PLACEMENT_3D ( 'NONE', #1948, #1866, #1071 ) ;
#2884 = EDGE_CURVE ( 'NONE', #208, #471, #1178, .T. ) ;
#2885 = CARTESIAN_POINT ( 'NONE',  ( 5.487168218090303640, 2.659745974375946620, 1.104716699339394870 ) ) ;
#2886 = ADVANCED_FACE ( 'NONE', ( #1160 ), #56, .T. ) ;
#2887 = DIRECTION ( 'NONE',  ( 1.000000000000000000, -0.000000000000000000, -0.000000000000000000 ) ) ;
#2888 = ORIENTED_EDGE ( 'NONE', *, *, #3281, .F. ) ;
#2889 = CARTESIAN_POINT ( 'NONE',  ( 6.118600147580902870, 1.981200075297262497, -0.5671973559500494977 ) ) ;
#2890 = B_SPLINE_CURVE_WITH_KNOTS ( 'NONE', 3,
 ( #2047, #549, #314, #1007, #573, #799, #2976, #2349, #1840, #2644, #2902, #3119, #2705, #3387, #2672, #1316 ),
 .UNSPECIFIED., .F., .F.,
 ( 4, 2, 2, 2, 2, 2, 2, 4 ),
 ( 0.000000000000000000, 0.0004914000459731981399, 0.0009828000919463962797, 0.001474200137919594311, 0.001965600183892792559, 0.002457000229865990808, 0.002948400275839188622, 0.003931200367785586854 ),
 .UNSPECIFIED. ) ;
#2891 = CARTESIAN_POINT ( 'NONE',  ( -5.413669974430751708, 2.437581547864550835, -1.099146418178589713 ) ) ;
#2892 = EDGE_CURVE ( 'NONE', #269, #1474, #1205, .T. ) ;
#2893 = ORIENTED_EDGE ( 'NONE', *, *, #3281, .T. ) ;
#2894 = CARTESIAN_POINT ( 'NONE',  ( -5.550000000000001599, 12.29059999999999775, 0.000000000000000000 ) ) ;
#2895 = CARTESIAN_POINT ( 'NONE',  ( 6.066750796167637461, 1.992961687431036744, 0.6146681036050545277 ) ) ;
#2896 = DIRECTION ( 'NONE',  ( 0.000000000000000000, 0.000000000000000000, 1.000000000000000000 ) ) ;
#2897 = DIRECTION ( 'NONE',  ( 0.000000000000000000, 0.000000000000000000, -1.000000000000000000 ) ) ;
#2898 = CARTESIAN_POINT ( 'NONE',  ( -5.280255268638253341, 2.318416639385338485, 0.8800792747157025753 ) ) ;
#2899 = CARTESIAN_POINT ( 'NONE',  ( -8.894837969122871613, 2.611691452629829602, -1.099667562121653619 ) ) ;
#2900 = CARTESIAN_POINT ( 'NONE',  ( -5.172124805497047006, 2.327807721739320268, 0.8925184591056234407 ) ) ;
#2901 = CARTESIAN_POINT ( 'NONE',  ( -7.638888888888889284, 22.07008888888888976, 4.150000000000000355 ) ) ;
#2902 = CARTESIAN_POINT ( 'NONE',  ( -9.636249603812684583, 3.261461932296640498, 0.7476917536861443780 ) ) ;
#2903 = CARTESIAN_POINT ( 'NONE',  ( 5.479754952075067465, 2.327095734726445375, 0.9112726340427528271 ) ) ;
#2904 = CARTESIAN_POINT ( 'NONE',  ( 8.902323223475409719, 2.615892620507931365, -0.7147009277520396386 ) ) ;
#2905 = CARTESIAN_POINT ( 'NONE',  ( 4.935986389309327649, 1.981199999999999850, 0.5128228601443191037 ) ) ;
#2906 = CARTESIAN_POINT ( 'NONE',  ( -5.482346304845670204, 2.440354384372742658, -1.099248592855223583 ) ) ;
#2907 = ADVANCED_FACE ( 'NONE', ( #99 ), #1228, .T. ) ;
#2908 = MECHANICAL_DESIGN_GEOMETRIC_PRESENTATION_REPRESENTATION (  '', ( #2476 ), #1833 ) ;
#2909 = DIRECTION ( 'NONE',  ( -7.779029040254739985E-17, 1.000000000000000000, 0.000000000000000000 ) ) ;
#2910 = CARTESIAN_POINT ( 'NONE',  ( 5.275181676720203328, 2.062763513042533692, 0.7513154392062495468 ) ) ;
#2911 = AXIS2_PLACEMENT_3D ( 'NONE', #2834, #1038, #937 ) ;
#2912 = EDGE_CURVE ( 'NONE', #499, #3291, #1197, .T. ) ;
#2913 = APPLICATION_PROTOCOL_DEFINITION ( 'draft international standard', 'automotive_design', 1998, #1647 ) ;
#2914 =( LENGTH_UNIT ( ) NAMED_UNIT ( * ) SI_UNIT ( .MILLI., .METRE. ) );
#2915 = DIRECTION ( 'NONE',  ( -1.000000000000000000, -0.000000000000000000, -0.000000000000000000 ) ) ;
#2916 = AXIS2_PLACEMENT_3D ( 'NONE', #839, #643, #2222 ) ;
#2917 = EDGE_CURVE ( 'NONE', #3369, #3136, #80, .T. ) ;
#2918 = CARTESIAN_POINT ( 'NONE',  ( 8.732649090494987831, 24.23152298004593774, -3.520693689872818055 ) ) ;
#2919 = CARTESIAN_POINT ( 'NONE',  ( -5.550000000000001599, 1.981200000000000738, 0.000000000000000000 ) ) ;
#2920 = CARTESIAN_POINT ( 'NONE',  ( 10.00964037990163291, 3.948059761032970627, -1.190510359948590446 ) ) ;
#2921 = CARTESIAN_POINT ( 'NONE',  ( -5.424864964676187284, 2.339557814212521070, 0.9307138483107595395 ) ) ;
#2922 = EDGE_CURVE ( 'NONE', #3309, #2572, #2467, .T. ) ;
#2923 = CARTESIAN_POINT ( 'NONE',  ( -5.550000000000000711, 0.000000000000000000, 0.000000000000000000 ) ) ;
#2924 = CARTESIAN_POINT ( 'NONE',  ( -4.935986389309326761, 1.981199999999999850, 0.5128228601443189927 ) ) ;
#2925 = DIRECTION ( 'NONE',  ( -1.141809785771245689E-16, 1.000000000000000000, 0.000000000000000000 ) ) ;
#2926 = CARTESIAN_POINT ( 'NONE',  ( -7.638888888888889284, 24.58119999999999905, 2.275000000000002576 ) ) ;
#2927 = DIRECTION ( 'NONE',  ( 0.000000000000000000, 0.000000000000000000, -1.000000000000000000 ) ) ;
#2928 = CARTESIAN_POINT ( 'NONE',  ( -9.314394601565211929, 23.95099766048398138, 3.859817184002679369 ) ) ;
#2929 = DIRECTION ( 'NONE',  ( 7.779029040254739985E-17, 1.000000000000000000, 0.000000000000000000 ) ) ;
#2930 = DIRECTION ( 'NONE',  ( -0.000000000000000000, -0.000000000000000000, 1.000000000000000000 ) ) ;
#2931 = DIRECTION ( 'NONE',  ( -1.000000000000000000, -7.779029040254739985E-17, 0.000000000000000000 ) ) ;
#2932 = ORIENTED_EDGE ( 'NONE', *, *, #3288, .T. ) ;
#2933 = CARTESIAN_POINT ( 'NONE',  ( -5.172124805497046118, 2.399672224439340251, 1.098038719275326702 ) ) ;
#2934 = CARTESIAN_POINT ( 'NONE',  ( -7.638888888888889284, 24.58119999999999905, -2.275000000000002576 ) ) ;
#2935 = CARTESIAN_POINT ( 'NONE',  ( -7.970083445575700587, 2.281199999999999228, -0.7051314328765484474 ) ) ;
#2936 = CARTESIAN_POINT ( 'NONE',  ( -10.14999999999999858, 4.792311111111110300, 4.549999999999999822 ) ) ;
#2937 = ORIENTED_EDGE ( 'NONE', *, *, #385, .T. ) ;
#2938 = CARTESIAN_POINT ( 'NONE',  ( -10.07331347916696629, 22.71137216961503213, -4.131143177872942829 ) ) ;
#2939 = CARTESIAN_POINT ( 'NONE',  ( 9.749999999999998224, 4.727893724117276264, -1.298306235062703706 ) ) ;
#2940 = STYLED_ITEM ( 'NONE', ( #1328 ), #970 ) ;
#2941 = CARTESIAN_POINT ( 'NONE',  ( 9.736754868084572578, 22.30620000000000047, 4.149999999999999467 ) ) ;
#2942 = CARTESIAN_POINT ( 'NONE',  ( 9.968620049256349702, 23.02281087044626418, 4.068457338386240352 ) ) ;
#2943 = B_SPLINE_CURVE_WITH_KNOTS ( 'NONE', 3,
 ( #399, #3196, #2971, #583, #2742, #1723 ),
 .UNSPECIFIED., .F., .F.,
 ( 4, 2, 4 ),
 ( 0.000000000000000000, 0.0002529245392343772766, 0.0005058490784687545531 ),
 .UNSPECIFIED. ) ;
#2944 = DIRECTION ( 'NONE',  ( -1.000000000000000000, 1.626303258728256059E-15, 4.173319673402040553E-17 ) ) ;
#2945 = CARTESIAN_POINT ( 'NONE',  ( 4.852141949964274836, 2.289245090923315296, 0.7910936982116376637 ) ) ;
#2946 = AXIS2_PLACEMENT_3D ( 'NONE', #838, #1760, #3024 ) ;
#2947 = CARTESIAN_POINT ( 'NONE',  ( -9.953797038860242807, 23.05268453380634242, 4.429854299684595098 ) ) ;
#2948 = CARTESIAN_POINT ( 'NONE',  ( -10.15000000000000036, 22.07008888888888976, -4.149999999999999467 ) ) ;
#2949 = EDGE_CURVE ( 'NONE', #2416, #1978, #26, .T. ) ;
#2950 = CARTESIAN_POINT ( 'NONE',  ( -5.878466293025798706, 2.312984190274971930, -0.8626784025016781543 ) ) ;
#2951 = CARTESIAN_POINT ( 'NONE',  ( -5.890300764858885429, 2.045299928212136020, -0.7273630832987513228 ) ) ;
#2952 = ORIENTED_EDGE ( 'NONE', *, *, #1674, .F. ) ;
#2953 = CARTESIAN_POINT ( 'NONE',  ( -5.285339607714475640, 2.424914268970125519, 1.098738930503745159 ) ) ;
#2954 = PRESENTATION_LAYER_ASSIGNMENT (  '', '', ( #864 ) ) ;
#2955 = EDGE_CURVE ( 'NONE', #1637, #2556, #2365, .T. ) ;
#2956 = DIRECTION ( 'NONE',  ( -1.000000000000000000, 0.000000000000000000, 0.000000000000000000 ) ) ;
#2957 = ORIENTED_EDGE ( 'NONE', *, *, #933, .T. ) ;
#2958 = CARTESIAN_POINT ( 'NONE',  ( 9.750000000000000000, 22.07008888888888976, 4.150000000000000355 ) ) ;
#2959 = CARTESIAN_POINT ( 'NONE',  ( 5.318981912835515580, 2.074444484735797456, -0.7673368156086664005 ) ) ;
#2960 = CARTESIAN_POINT ( 'NONE',  ( 8.756023110916103747, 2.537412296071734463, -0.7120584340946918278 ) ) ;
#2961 = EDGE_CURVE ( 'NONE', #1978, #336, #2414, .T. ) ;
#2962 =( BOUNDED_SURFACE ( )  B_SPLINE_SURFACE ( 3, 2, ( 
 ( #1887, #2677, #1968 ),
 ( #2563, #2294, #238 ),
 ( #914, #519, #736 ),
 ( #3100, #263, #1034 ),
 ( #1265, #2323, #2610 ),
 ( #2885, #1339, #2903 ),
 ( #734, #1232, #986 ),
 ( #3389, #551, #3363 ),
 ( #2673, #3121, #2585 ),
 ( #1287, #1008, #1633 ) ),
 .UNSPECIFIED., .F., .F., .F. ) 
 B_SPLINE_SURFACE_WITH_KNOTS ( ( 4, 2, 2, 2, 4 ),
 ( 3, 3 ),
 ( 0.0007997497218717896554, 0.0009881659409920222001, 0.001176582160112254853, 0.001364998379232487506, 0.001553414598352719942 ),
 ( 0.000000000000000000, 0.7617562719072588084 ),
 .UNSPECIFIED. ) 
 GEOMETRIC_REPRESENTATION_ITEM ( )  RATIONAL_B_SPLINE_SURFACE ( (
 ( 1.000000000000000000, 0.7837518936768020916, 0.8969604899131315978),
 ( 1.000000000000000000, 0.8011768995713088870, 0.9052632866458222294),
 ( 1.000000000000000000, 0.8162750961616482837, 0.9124573879321413727),
 ( 1.000000000000000000, 0.8374332525896155399, 0.9225389840660780383),
 ( 1.000000000000000000, 0.8433446347636410767, 0.9253556835207197295),
 ( 1.000000000000000000, 0.8433646293444510000, 0.9253652106876673056),
 ( 1.000000000000000000, 0.8374636019164996004, 0.9225534451396419922),
 ( 1.000000000000000000, 0.8163052244108915945, 0.9124717436649827373),
 ( 1.000000000000000000, 0.8011976197513627218, 0.9052731595517078400),
 ( 1.000000000000000000, 0.7837518936768015365, 0.8969604899131314868) ) ) 
 REPRESENTATION_ITEM ( '' )  SURFACE ( )  );
#2963 = CARTESIAN_POINT ( 'NONE',  ( 7.638888888888887507, 2.281199999999999672, 4.549999999999999822 ) ) ;
#2964 = CARTESIAN_POINT ( 'NONE',  ( 6.164013610690676437, 1.981199999999999850, -0.5128228601443193257 ) ) ;
#2965 = DIRECTION ( 'NONE',  ( -7.779029040254739985E-17, 1.000000000000000000, 0.000000000000000000 ) ) ;
#2966 = DIRECTION ( 'NONE',  ( 0.000000000000000000, 1.000000000000000000, 0.000000000000000000 ) ) ;
#2967 = CARTESIAN_POINT ( 'NONE',  ( 5.550000000000001599, 12.29059999999999775, 0.000000000000000000 ) ) ;
#2968 = CARTESIAN_POINT ( 'NONE',  ( -9.827968017814560753, 23.30938813411342636, 4.323837029356977446 ) ) ;
#2969 = CARTESIAN_POINT ( 'NONE',  ( 7.638888888888889284, 22.07008888888888976, 4.150000000000000355 ) ) ;
#2970 = CARTESIAN_POINT ( 'NONE',  ( -5.927875194502955303, 2.305862852702011079, -0.8434138461074067727 ) ) ;
#2971 = CARTESIAN_POINT ( 'NONE',  ( -6.248627916351274791, 2.289162844109228878, 0.7907397732568953730 ) ) ;
#2972 = SURFACE_STYLE_USAGE ( .BOTH. , #3153 ) ;
#2973 = CARTESIAN_POINT ( 'NONE',  ( -7.638888888888889284, 24.58119999999999905, -2.275000000000002576 ) ) ;
#2974 = CARTESIAN_POINT ( 'NONE',  ( 9.323502690547600835, 23.57172267228148144, 4.171655359821283326 ) ) ;
#2975 = CARTESIAN_POINT ( 'NONE',  ( 9.897999102242815539, 3.683840329598373931, 0.7796519416317256868 ) ) ;
#2976 = CARTESIAN_POINT ( 'NONE',  ( -8.898382566580337993, 2.613696763105319842, 0.7146242531520802244 ) ) ;
#2977 = CARTESIAN_POINT ( 'NONE',  ( 10.14999999999999858, 2.281199999999999672, 0.7051314326984390313 ) ) ;
#2978 = ADVANCED_FACE ( 'NONE', ( #1259 ), #2962, .T. ) ;
#2979 = CARTESIAN_POINT ( 'NONE',  ( 9.321747451170411480, 3.478676672618755017, -1.146848437953485123 ) ) ;
#2980 = DIRECTION ( 'NONE',  ( -1.000000000000000000, 0.000000000000000000, 0.000000000000000000 ) ) ;
#2981 = CARTESIAN_POINT ( 'NONE',  ( 4.768137467102375737, 2.281199999999999672, 0.7478286976172049405 ) ) ;
#2982 = ORIENTED_EDGE ( 'NONE', *, *, #1631, .T. ) ;
#2983 = CARTESIAN_POINT ( 'NONE',  ( -9.302010813839874714, 2.903765269000624372, 0.7270577223266679878 ) ) ;
#2984 = PRESENTATION_LAYER_ASSIGNMENT (  '', '', ( #234 ) ) ;
#2985 = CARTESIAN_POINT ( 'NONE',  ( -5.824818323274879361, 2.062763513043849084, 0.7513154392080492183 ) ) ;
#2986 = EDGE_CURVE ( 'NONE', #508, #3410, #3315, .T. ) ;
#2987 = CARTESIAN_POINT ( 'NONE',  ( 5.802528750002148961, 2.339185412394078067, -0.9139755903645013779 ) ) ;
#2988 = CARTESIAN_POINT ( 'NONE',  ( -9.302243280366564449, 2.903975122386014629, -0.7270683487129067091 ) ) ;
#2989 = DIRECTION ( 'NONE',  ( -7.779029040254739985E-17, 1.000000000000000000, -0.000000000000000000 ) ) ;
#2990 = CARTESIAN_POINT ( 'NONE',  ( 9.986715576408716544, 22.96529050729744981, -4.078947624738306743 ) ) ;
#2991 = ORIENTED_EDGE ( 'NONE', *, *, #2447, .T. ) ;
#2992 = CARTESIAN_POINT ( 'NONE',  ( 7.638888888888889284, 24.58119999999999905, 2.275000000000002576 ) ) ;
#2993 = DIRECTION ( 'NONE',  ( 1.000000000000000000, -0.000000000000000000, -0.000000000000000000 ) ) ;
#2994 = FILL_AREA_STYLE_COLOUR ( '', #1258 ) ;
#2995 = CIRCLE ( 'NONE', #2911, 0.7999999999999994893 ) ;
#2996 = CARTESIAN_POINT ( 'NONE',  ( -9.298582123740210648, 23.61075405386737813, -4.145010944520529428 ) ) ;
#2997 = ORIENTED_EDGE ( 'NONE', *, *, #639, .T. ) ;
#2998 = CARTESIAN_POINT ( 'NONE',  ( 5.550000000000001599, 1.981200000000000738, 0.000000000000000000 ) ) ;
#2999 = ADVANCED_FACE ( 'NONE', ( #2440 ), #328, .F. ) ;
#3000 = CARTESIAN_POINT ( 'NONE',  ( 5.172124805497047006, 2.327807721739318048, -0.8925184591056147809 ) ) ;
#3001 = CARTESIAN_POINT ( 'NONE',  ( -5.927875194502955303, 2.681199999999999140, 0.7051314326984381431 ) ) ;
#3002 = CARTESIAN_POINT ( 'NONE',  ( -9.750000000000000000, 4.792311111111155597, 0.9035273092664044547 ) ) ;
#3003 = UNCERTAINTY_MEASURE_WITH_UNIT (LENGTH_MEASURE( 1.000000000000000082E-05 ), #435, 'distance_accuracy_value', 'NONE');
#3004 = CARTESIAN_POINT ( 'NONE',  ( -8.135062863251578236, 24.54442948793967361, 2.747701528435388507 ) ) ;
#3005 = CARTESIAN_POINT ( 'NONE',  ( -5.670658938511524916, 2.339079421570330108, 0.9273290876050626075 ) ) ;
#3006 = CARTESIAN_POINT ( 'NONE',  ( 9.782101906324939478, 23.38731751388279534, -4.283879356805615934 ) ) ;
#3007 = CARTESIAN_POINT ( 'NONE',  ( -5.297446606385348034, 2.248068824400848431, -0.7614799414257469312 ) ) ;
#3008 = CARTESIAN_POINT ( 'NONE',  ( -5.089431269010182390, 2.318642576478810557, -0.8752339564039045561 ) ) ;
#3009 = EDGE_CURVE ( 'NONE', #3369, #447, #75, .T. ) ;
#3010 = CARTESIAN_POINT ( 'NONE',  ( 5.650795800236588562, 2.250199233537838683, -0.8000476130384622797 ) ) ;
#3011 = CARTESIAN_POINT ( 'NONE',  ( 8.301420733202288460, 2.348122559560842593, -0.7063169826621599201 ) ) ;
#3012 = CARTESIAN_POINT ( 'NONE',  ( -9.882507719036953020, 3.652894497769293647, 1.160422277323106099 ) ) ;
#3013 = AXIS2_PLACEMENT_3D ( 'NONE', #2025, #2319, #2560 ) ;
#3014 = CARTESIAN_POINT ( 'NONE',  ( 8.965662991172342444, 24.20685812407177906, 3.320972954314341141 ) ) ;
#3015 = EDGE_CURVE ( 'NONE', #69, #555, #1296, .T. ) ;
#3016 = CARTESIAN_POINT ( 'NONE',  ( 9.736754868084572578, 22.30620000000000047, -4.549999999999999822 ) ) ;
#3017 = CARTESIAN_POINT ( 'NONE',  ( -6.164013610690676437, 1.981199999999999850, 0.5128228601443193257 ) ) ;
#3018 = CARTESIAN_POINT ( 'NONE',  ( 5.172124805497047006, 2.305862852704675170, -0.8434138461146371002 ) ) ;
#3019 = CARTESIAN_POINT ( 'NONE',  ( -8.301420733202288460, 2.348122559560842593, -0.7063169826621599201 ) ) ;
#3020 = DIRECTION ( 'NONE',  ( -2.428945146063511808E-17, -1.000000000000000000, -0.000000000000000000 ) ) ;
#3021 = ORIENTED_EDGE ( 'NONE', *, *, #604, .F. ) ;
#3022 = CARTESIAN_POINT ( 'NONE',  ( 9.897211696851362817, 3.682221088027334499, 0.7795130285277354076 ) ) ;
#3023 = CARTESIAN_POINT ( 'NONE',  ( -9.638417641616838338, 23.59717008168462726, -3.835015911021995905 ) ) ;
#3024 = DIRECTION ( 'NONE',  ( 0.000000000000000000, 0.000000000000000000, 1.000000000000000000 ) ) ;
#3025 = DIRECTION ( 'NONE',  ( -2.428945146063511808E-17, -1.000000000000000000, -0.000000000000000000 ) ) ;
#3026 = VECTOR ( 'NONE', #2993, 1000.000000000000000 ) ;
#3027 = CARTESIAN_POINT ( 'NONE',  ( 7.638888888888887507, 4.792311111111110300, 4.549999999999999822 ) ) ;
#3028 = DIRECTION ( 'NONE',  ( -1.224646799147353207E-16, -2.974599898431179939E-33, 1.000000000000000000 ) ) ;
#3029 = CARTESIAN_POINT ( 'NONE',  ( 10.15000000000000036, 2.670938823310716970, 1.104999796354467323 ) ) ;
#3030 = CARTESIAN_POINT ( 'NONE',  ( 10.14999999999999858, 4.627713206223822873, -0.8809475863625356729 ) ) ;
#3031 = DIRECTION ( 'NONE',  ( 0.000000000000000000, 0.000000000000000000, -1.000000000000000000 ) ) ;
#3032 = B_SPLINE_CURVE_WITH_KNOTS ( 'NONE', 3,
 ( #525, #3112, #2597, #749, #225, #999 ),
 .UNSPECIFIED., .F., .F.,
 ( 4, 2, 4 ),
 ( 0.000000000000000000, 0.0002130748471093750506, 0.0004261496942187501013 ),
 .UNSPECIFIED. ) ;
#3033 = CARTESIAN_POINT ( 'NONE',  ( -10.14170710389564078, 4.412928691177331331, 1.246912347409917743 ) ) ;
#3034 = CARTESIAN_POINT ( 'NONE',  ( 9.720341538347659238, 22.48314493617861487, -4.550000000000000711 ) ) ;
#3035 = CARTESIAN_POINT ( 'NONE',  ( -5.927875194502957967, 2.327807721739338476, 0.8925184591056557482 ) ) ;
#3036 = CARTESIAN_POINT ( 'NONE',  ( 5.927875194502953526, 2.670938823310713417, -1.104999796354469543 ) ) ;
#3037 = CARTESIAN_POINT ( 'NONE',  ( -9.538651533310023467, 3.820789744037964564, -1.177692425754111483 ) ) ;
#3038 = CARTESIAN_POINT ( 'NONE',  ( -5.600968282256685526, 2.250195395304916524, 0.7999760585520953038 ) ) ;
#3039 = AXIS2_PLACEMENT_3D ( 'NONE', #321, #1847, #2966 ) ;
#3040 = CARTESIAN_POINT ( 'NONE',  ( 10.06027906005705574, 22.76837250919552247, -4.513562537677294095 ) ) ;
#3041 = ORIENTED_EDGE ( 'NONE', *, *, #533, .T. ) ;
#3042 = CARTESIAN_POINT ( 'NONE',  ( -5.801884208902539974, 2.670938823310716970, 1.104999796354467323 ) ) ;
#3043 = SURFACE_STYLE_FILL_AREA ( #2064 ) ;
#3044 = CARTESIAN_POINT ( 'NONE',  ( 9.750000000000001776, 11.08742866581024344, 3.424797210497339428 ) ) ;
#3045 = CARTESIAN_POINT ( 'NONE',  ( -7.638888888888888395, 2.281199999999999228, -0.7051314326984373659 ) ) ;
#3046 = AXIS2_PLACEMENT_3D ( 'NONE', #1715, #1939, #2772 ) ;
#3047 = EDGE_CURVE ( 'NONE', #2529, #357, #1186, .T. ) ;
#3048 = CARTESIAN_POINT ( 'NONE',  ( 5.550000000000001599, 2.281199999999999672, 0.000000000000000000 ) ) ;
#3049 = ORIENTED_EDGE ( 'NONE', *, *, #115, .F. ) ;
#3050 = CARTESIAN_POINT ( 'NONE',  ( 5.927875194502957079, 2.670938823310716970, 1.104999796354467323 ) ) ;
#3051 = ADVANCED_FACE ( 'NONE', ( #30 ), #2371, .T. ) ;
#3052 = CARTESIAN_POINT ( 'NONE',  ( 5.991389418578381587, 2.239123600493013733, 0.6716249393703677129 ) ) ;
#3053 = AXIS2_PLACEMENT_3D ( 'NONE', #304, #82, #1093 ) ;
#3054 = SURFACE_SIDE_STYLE ('',( #3043 ) ) ;
#3055 = EDGE_CURVE ( 'NONE', #471, #1076, #38, .T. ) ;
#3056 = CARTESIAN_POINT ( 'NONE',  ( -5.824818323274879361, 2.062763513043841979, 0.7513154392080496624 ) ) ;
#3057 = CARTESIAN_POINT ( 'NONE',  ( 9.292842244139864150, 23.96540932722312078, 3.574021241335582300 ) ) ;
#3058 = EDGE_CURVE ( 'NONE', #835, #1954, #1805, .T. ) ;
#3059 = CARTESIAN_POINT ( 'NONE',  ( -5.550000000000000711, 0.000000000000000000, -0.4999999999999995559 ) ) ;
#3060 = CARTESIAN_POINT ( 'NONE',  ( -4.852141949964113188, 2.289245090923298420, 0.7910936982115622795 ) ) ;
#3061 = CARTESIAN_POINT ( 'NONE',  ( 8.898382566580337993, 2.613696763105319842, 0.7146242531520802244 ) ) ;
#3062 = CARTESIAN_POINT ( 'NONE',  ( -5.172124805497047006, 2.681199999999999140, 0.7051314326984390313 ) ) ;
#3063 = ORIENTED_EDGE ( 'NONE', *, *, #3058, .T. ) ;
#3064 = CARTESIAN_POINT ( 'NONE',  ( 9.750000000000007105, 4.455391743313823483, 1.253841182834815271 ) ) ;
#3065 = DIRECTION ( 'NONE',  ( 1.943551128230468624E-14, 0.9869473144907685569, 0.1610434674845901415 ) ) ;
#3066 = CARTESIAN_POINT ( 'NONE',  ( -4.935986389309326761, 1.981200000000000738, 0.5128228601443187706 ) ) ;
#3067 = UNCERTAINTY_MEASURE_WITH_UNIT (LENGTH_MEASURE( 1.000000000000000082E-05 ), #2914, 'distance_accuracy_value', 'NONE');
#3068 = CARTESIAN_POINT ( 'NONE',  ( -5.991389418578302539, 2.239123600493014177, 0.6716249393703456194 ) ) ;
#3069 = AXIS2_PLACEMENT_3D ( 'NONE', #567, #1363, #359 ) ;
#3070 = DIRECTION ( 'NONE',  ( -3.252606517456515274E-15, 0.000000000000000000, 1.000000000000000000 ) ) ;
#3071 = CARTESIAN_POINT ( 'NONE',  ( -4.839467653921458279, 2.287920951287389038, -0.7851527002744079775 ) ) ;
#3072 = AXIS2_PLACEMENT_3D ( 'NONE', #3434, #2744, #306 ) ;
#3073 = CARTESIAN_POINT ( 'NONE',  ( 8.698601293033370041, 2.943769056197469425, 1.114268944760428148 ) ) ;
#3074 = ORIENTED_EDGE ( 'NONE', *, *, #752, .T. ) ;
#3075 = AXIS2_PLACEMENT_3D ( 'NONE', #1165, #441, #1981 ) ;
#3076 = CARTESIAN_POINT ( 'NONE',  ( 5.454880139278510676, 2.091893456023115938, -0.7999493388470636512 ) ) ;
#3077 = AXIS2_PLACEMENT_3D ( 'NONE', #1273, #247, #1593 ) ;
#3078 = CARTESIAN_POINT ( 'NONE',  ( 5.955761811620885915, 2.027842049189194640, 0.7034185532490104809 ) ) ;
#3079 = DIRECTION ( 'NONE',  ( 1.000000000000000000, 7.779029040254752311E-17, 0.000000000000000000 ) ) ;
#3080 = CARTESIAN_POINT ( 'NONE',  ( -4.851372083648728406, 2.289162844109228434, -0.7907397732568933746 ) ) ;
#3081 = ADVANCED_FACE ( 'NONE', ( #2343 ), #3203, .T. ) ;
#3082 = CARTESIAN_POINT ( 'NONE',  ( 7.638888888888887507, 2.670938823310716081, 1.104999796354469543 ) ) ;
#3083 = CARTESIAN_POINT ( 'NONE',  ( -5.927875194502957079, 2.670938823310716970, -1.104999796354467323 ) ) ;
#3084 = CARTESIAN_POINT ( 'NONE',  ( -5.209699235137234652, 2.045299928210915663, 0.7273630832968457360 ) ) ;
#3085 = DIRECTION ( 'NONE',  ( -0.1118421052631602547, 0.9937259901453239230, 0.000000000000000000 ) ) ;
#3086 = DIRECTION ( 'NONE',  ( -0.000000000000000000, -1.000000000000000000, 0.000000000000000000 ) ) ;
#3087 = VERTEX_POINT ( 'NONE', #2768 ) ;
#3088 = DIRECTION ( 'NONE',  ( -1.000000000000000000, 7.779029040254752311E-17, 0.000000000000000000 ) ) ;
#3089 = CARTESIAN_POINT ( 'NONE',  ( -9.641009236874870325, 4.061562709999335219, -1.204150851236789332 ) ) ;
#3090 = CARTESIAN_POINT ( 'NONE',  ( -6.164013610690676437, 2.281199999999999672, -0.5128228601443193257 ) ) ;
#3091 = CARTESIAN_POINT ( 'NONE',  ( 5.235197169396714756, 2.670938756082221754, -1.104999794629292875 ) ) ;
#3092 = CARTESIAN_POINT ( 'NONE',  ( -7.638888888888888395, 2.670938823310716081, -1.104999796354467767 ) ) ;
#3093 = CARTESIAN_POINT ( 'NONE',  ( -4.996167350009560693, 2.306166654405154226, -0.8480363070474208342 ) ) ;
#3094 = DIRECTION ( 'NONE',  ( 0.7675170133633437697, 0.000000000000000000, -0.6410285751803991294 ) ) ;
#3095 = CARTESIAN_POINT ( 'NONE',  ( 8.088227986904527711, 24.53788731159992054, -2.788823549259495493 ) ) ;
#3096 = ORIENTED_EDGE ( 'NONE', *, *, #2196, .T. ) ;
#3097 = COLOUR_RGB ( '',0.7960784313725489669, 0.8235294117647058432, 0.9372549019607843146 ) ;
#3098 = CARTESIAN_POINT ( 'NONE',  ( 5.676151593821318286, 2.659756383862533546, -1.104716958787422154 ) ) ;
#3099 = CARTESIAN_POINT ( 'NONE',  ( -9.750000000000001776, 22.07008888888888976, -4.549999999999999822 ) ) ;
#3100 = CARTESIAN_POINT ( 'NONE',  ( 5.676103274215900996, 2.662063343068831411, 1.104774368559817921 ) ) ;
#3101 = DIRECTION ( 'NONE',  ( 0.6410285751803995735, 8.321436133081232014E-16, 0.7675170133633435476 ) ) ;
#3102 = ORIENTED_EDGE ( 'NONE', *, *, #3157, .T. ) ;
#3103 = CARTESIAN_POINT ( 'NONE',  ( -8.754923505837446385, 2.536793954958205699, 0.7120371861259122692 ) ) ;
#3104 = CARTESIAN_POINT ( 'NONE',  ( -7.638888888888887507, 2.670938823310716081, -1.104999796354468655 ) ) ;
#3105 = CARTESIAN_POINT ( 'NONE',  ( 7.638888888888889284, 22.07008888888888976, 4.150000000000000355 ) ) ;
#3106 = CARTESIAN_POINT ( 'NONE',  ( -7.904775085550787672, 24.58120000000000260, -2.485661889629982912 ) ) ;
#3107 = CARTESIAN_POINT ( 'NONE',  ( 5.952787382791463244, 2.024891622530959445, 0.6947017973154545611 ) ) ;
#3108 = ORIENTED_EDGE ( 'NONE', *, *, #2917, .T. ) ;
#3109 = CARTESIAN_POINT ( 'NONE',  ( -9.750000000000000000, 11.08742866581024167, -3.424797210497339872 ) ) ;
#3110 = EDGE_LOOP ( 'NONE', ( #3264, #449, #1393, #2492, #430, #444, #2106, #1508, #370, #340 ) ) ;
#3111 = ADVANCED_FACE ( 'NONE', ( #44 ), #1926, .F. ) ;
#3112 = CARTESIAN_POINT ( 'NONE',  ( 5.209699235137232876, 2.045299928210914331, 0.7273630832968445148 ) ) ;
#3113 = AXIS2_PLACEMENT_3D ( 'NONE', #634, #1137, #1446 ) ;
#3114 = CARTESIAN_POINT ( 'NONE',  ( -5.298169202171414405, 2.667736817999697863, 1.104917700201171860 ) ) ;
#3115 = CARTESIAN_POINT ( 'NONE',  ( -9.038259225975181721, 3.181910039380257960, -1.126422506825307979 ) ) ;
#3116 = DIRECTION ( 'NONE',  ( 0.000000000000000000, 0.000000000000000000, -1.000000000000000000 ) ) ;
#3117 =( GEOMETRIC_REPRESENTATION_CONTEXT ( 3 ) GLOBAL_UNCERTAINTY_ASSIGNED_CONTEXT ( ( #3458 ) ) GLOBAL_UNIT_ASSIGNED_CONTEXT ( ( #1364, #3217, #64 ) ) REPRESENTATION_CONTEXT ( 'NONE', 'WORKASPACE' ) );
#3118 = EDGE_CURVE ( 'NONE', #3087, #1713, #739, .T. ) ;
#3119 = CARTESIAN_POINT ( 'NONE',  ( -9.819525358464410658, 3.536216520184517265, 0.7676101231416198045 ) ) ;
#3120 = ORIENTED_EDGE ( 'NONE', *, *, #1304, .F. ) ;
#3121 = CARTESIAN_POINT ( 'NONE',  ( 5.224517748915245008, 2.414536808789025546, 1.098420166917243312 ) ) ;
#3122 = CARTESIAN_POINT ( 'NONE',  ( 8.894837969122871613, 2.611691452629829602, -1.099667562121653619 ) ) ;
#3123 =( BOUNDED_SURFACE ( )  B_SPLINE_SURFACE ( 3, 2, ( 
 ( #3172, #1074, #2313 ),
 ( #584, #816, #1386 ),
 ( #254, #279, #1625 ),
 ( #794, #2091, #27 ),
 ( #2370, #2425, #545 ),
 ( #977, #330, #1668 ),
 ( #2634, #3382, #2696 ),
 ( #2898, #2953, #3114 ),
 ( #774, #512, #1028 ),
 ( #527, #2933, #1333 ) ),
 .UNSPECIFIED., .F., .F., .F. ) 
 B_SPLINE_SURFACE_WITH_KNOTS ( ( 4, 2, 2, 2, 4 ),
 ( 3, 3 ),
 ( 0.0007997497218717896554, 0.0009881659409920222001, 0.001176582160112254853, 0.001364998379232487506, 0.001553414598352719942 ),
 ( 0.2382437281051360545, 1.000000000000000000 ),
 .UNSPECIFIED. ) 
 GEOMETRIC_REPRESENTATION_ITEM ( )  RATIONAL_B_SPLINE_SURFACE ( (
 ( 0.8969604899094506534, 0.7837518936803273828, 1.000000000000000000),
 ( 0.9052632866424408231, 0.8011768995745561783, 1.000000000000000000),
 ( 0.9124573879290023282, 0.8162750961646189074, 1.000000000000000000),
 ( 0.9225389840633222427, 0.8374332525922898451, 1.000000000000000000),
 ( 0.9253556835180973827, 0.8433446347662878484, 1.000000000000000000),
 ( 0.9253652106849539205, 0.8433646293469057031, 1.000000000000000000),
 ( 0.9225534451369590272, 0.8374636019193247849, 1.000000000000000000),
 ( 0.9124717436617714172, 0.8163052244137091185, 1.000000000000000000),
 ( 0.9052731595483828331, 0.8011976197547273637, 1.000000000000000000),
 ( 0.8969604899094505424, 0.7837518936803268277, 1.000000000000000000) ) ) 
 REPRESENTATION_ITEM ( '' )  SURFACE ( )  );
#3124 = CARTESIAN_POINT ( 'NONE',  ( -5.298169202171414405, 2.667736817999614818, -1.104917700201169861 ) ) ;
#3125 = CARTESIAN_POINT ( 'NONE',  ( -5.209436270000191271, 2.045229744419875040, 0.7272668951528086234 ) ) ;
#3126 = EDGE_CURVE ( 'NONE', #1650, #863, #2378, .T. ) ;
#3127 = ORIENTED_EDGE ( 'NONE', *, *, #1101, .T. ) ;
#3128 = DIRECTION ( 'NONE',  ( -0.6410285751803995735, 2.773812044360410836E-16, 0.7675170133633435476 ) ) ;
#3129 = CARTESIAN_POINT ( 'NONE',  ( 5.550000000000001599, 0.3000000000000003775, 0.000000000000000000 ) ) ;
#3130 = ADVANCED_FACE ( 'NONE', ( #1395 ), #180, .T. ) ;
#3131 = VERTEX_POINT ( 'NONE', #1567 ) ;
#3132 = CARTESIAN_POINT ( 'NONE',  ( 5.793060591908026247, 2.336251248079132203, 0.9145708850379148380 ) ) ;
#3133 = CARTESIAN_POINT ( 'NONE',  ( -8.567384341665118086, 2.875715332059816109, 1.111551353431172062 ) ) ;
#3134 = CARTESIAN_POINT ( 'NONE',  ( -6.117759731473515927, 1.981199999999999850, -0.5682036038548965440 ) ) ;
#3135 = CARTESIAN_POINT ( 'NONE',  ( 8.758022681623065964, 24.19658253143529691, -3.548278395038600763 ) ) ;
#3136 = VERTEX_POINT ( 'NONE', #2591 ) ;
#3137 = CARTESIAN_POINT ( 'NONE',  ( -9.625940958495466049, 3.248417326605649968, -1.128489601351977178 ) ) ;
#3138 = CARTESIAN_POINT ( 'NONE',  ( -7.638888888888889284, 22.07008888888888976, 4.549999999999999822 ) ) ;
#3139 = EDGE_LOOP ( 'NONE', ( #2181, #416, #149, #2225 ) ) ;
#3140 = CARTESIAN_POINT ( 'NONE',  ( -9.711411239673525486, 23.49788622125737803, -3.888800298421601020 ) ) ;
#3141 = EDGE_LOOP ( 'NONE', ( #2485, #426, #1001, #258 ) ) ;
#3142 = FILL_AREA_STYLE ('',( #3333 ) ) ;
#3143 = CIRCLE ( 'NONE', #1100, 15.59275362318840763 ) ;
#3144 = CARTESIAN_POINT ( 'NONE',  ( 7.638888888888888395, 2.281199999999999228, -0.7051314326984373659 ) ) ;
#3145 = CARTESIAN_POINT ( 'NONE',  ( -5.172124805497047006, 2.327807721739320268, 0.8925184591056234407 ) ) ;
#3146 = CARTESIAN_POINT ( 'NONE',  ( 5.275181676720215762, 2.062763513042532360, 0.7513154392062539877 ) ) ;
#3147 = CARTESIAN_POINT ( 'NONE',  ( 10.13424526414270410, 22.35093684210526632, 4.549999999999998934 ) ) ;
#3148 = CARTESIAN_POINT ( 'NONE',  ( -8.522863400736742534, 24.36237496520767110, 3.283259594044584340 ) ) ;
#3149 = DIRECTION ( 'NONE',  ( -1.000000000000000000, 7.779029040254739985E-17, 0.000000000000000000 ) ) ;
#3150 = AXIS2_PLACEMENT_3D ( 'NONE', #954, #2317, #1553 ) ;
#3151 = AXIS2_PLACEMENT_3D ( 'NONE', #2223, #3065, #365 ) ;
#3152 = CARTESIAN_POINT ( 'NONE',  ( -6.064916021792480016, 1.993414052962685146, -0.6161965172786896261 ) ) ;
#3153 = SURFACE_SIDE_STYLE ('',( #2598 ) ) ;
#3154 = EDGE_LOOP ( 'NONE', ( #2893, #1621, #2008, #2763, #3191, #1967, #2443, #2429 ) ) ;
#3155 = CARTESIAN_POINT ( 'NONE',  ( -7.914126562180646474, 24.58120000000000260, -2.493071074187969138 ) ) ;
#3156 = CARTESIAN_POINT ( 'NONE',  ( -8.756023110916103747, 2.537412296071734463, -0.7120584340946918278 ) ) ;
#3157 = EDGE_CURVE ( 'NONE', #1538, #471, #1370, .T. ) ;
#3158 = CARTESIAN_POINT ( 'NONE',  ( 10.14999999999999858, 4.727893724117328667, 1.298306235062714142 ) ) ;
#3159 = CARTESIAN_POINT ( 'NONE',  ( 5.172124805497047006, 2.327807721739315827, 0.8925184591056156691 ) ) ;
#3160 = ORIENTED_EDGE ( 'NONE', *, *, #350, .T. ) ;
#3161 = ADVANCED_FACE ( 'NONE', ( #1411 ), #1358, .T. ) ;
#3162 = CARTESIAN_POINT ( 'NONE',  ( 10.14999999999999680, 4.628208581072152938, -0.8810155431486598188 ) ) ;
#3163 = CARTESIAN_POINT ( 'NONE',  ( 6.102196157422306477, 2.306378077289981565, -0.8485820119577947018 ) ) ;
#3164 = EDGE_CURVE ( 'NONE', #1650, #797, #2566, .T. ) ;
#3165 = ORIENTED_EDGE ( 'NONE', *, *, #2853, .T. ) ;
#3166 = CARTESIAN_POINT ( 'NONE',  ( -5.280255268638108568, 2.318416639382221422, -0.8800792747093201251 ) ) ;
#3167 = CARTESIAN_POINT ( 'NONE',  ( 9.898132327451548917, 23.17855830741412859, 4.021234332177935578 ) ) ;
#3168 = LINE ( 'NONE', #1666, #3176 ) ;
#3169 = CARTESIAN_POINT ( 'NONE',  ( 9.986715576408716544, 22.96529050729744981, 4.078947624738306743 ) ) ;
#3170 = ORIENTED_EDGE ( 'NONE', *, *, #2112, .F. ) ;
#3171 = DIRECTION ( 'NONE',  ( 7.779029040254739985E-17, 1.000000000000000000, 0.000000000000000000 ) ) ;
#3172 = CARTESIAN_POINT ( 'NONE',  ( -5.927875194502954415, 2.305862852704677834, 0.8434138461146455379 ) ) ;
#3173 = VERTEX_POINT ( 'NONE', #1177 ) ;
#3174 = ORIENTED_EDGE ( 'NONE', *, *, #2390, .F. ) ;
#3175 = CARTESIAN_POINT ( 'NONE',  ( -7.638888888888887507, 2.281199999999999672, 0.7051314326984381431 ) ) ;
#3176 = VECTOR ( 'NONE', #1883, 1000.000000000000000 ) ;
#3177 = DIRECTION ( 'NONE',  ( 0.000000000000000000, 0.000000000000000000, -1.000000000000000000 ) ) ;
#3178 = CARTESIAN_POINT ( 'NONE',  ( -5.550000000000001599, 1.981200000000000738, 0.000000000000000000 ) ) ;
#3179 = CARTESIAN_POINT ( 'NONE',  ( -8.714606660997716858, 24.34361996580061671, 3.124732935138037071 ) ) ;
#3180 = CARTESIAN_POINT ( 'NONE',  ( 8.298605039075011902, 2.347585837064946723, -1.094941056189008721 ) ) ;
#3181 = CARTESIAN_POINT ( 'NONE',  ( -10.15000000000000036, 2.681200000000000028, -0.7051314326984390313 ) ) ;
#3182 = CARTESIAN_POINT ( 'NONE',  ( 6.164013610690676437, 2.281199999999999672, -0.5128228601443193257 ) ) ;
#3183 = STYLED_ITEM ( 'NONE', ( #301 ), #248 ) ;
#3184 = VERTEX_POINT ( 'NONE', #1540 ) ;
#3185 = CARTESIAN_POINT ( 'NONE',  ( -9.749999994578150364, 4.460257529129387777, 1.254635149248494619 ) ) ;
#3186 = CARTESIAN_POINT ( 'NONE',  ( 7.638888888888887507, 2.281199999999999672, -0.7051314326984381431 ) ) ;
#3187 = ORIENTED_EDGE ( 'NONE', *, *, #1670, .F. ) ;
#3188 = DIRECTION ( 'NONE',  ( -2.428945146063511808E-17, 1.000000000000000000, -0.000000000000000000 ) ) ;
#3189 = DIRECTION ( 'NONE',  ( -1.000000000000000000, 0.000000000000000000, 0.000000000000000000 ) ) ;
#3190 = AXIS2_PLACEMENT_3D ( 'NONE', #1917, #1874, #1894 ) ;
#3191 = ORIENTED_EDGE ( 'NONE', *, *, #3229, .T. ) ;
#3192 = CARTESIAN_POINT ( 'NONE',  ( -5.172124805488783394, 2.327807721738591962, 0.8925184591042401028 ) ) ;
#3193 = AXIS2_PLACEMENT_3D ( 'NONE', #2919, #3244, #366 ) ;
#3194 = DIRECTION ( 'NONE',  ( -0.000000000000000000, -0.000000000000000000, 1.000000000000000000 ) ) ;
#3195 = EDGE_LOOP ( 'NONE', ( #2643, #1466, #329, #703, #2215, #3063 ) ) ;
#3196 = CARTESIAN_POINT ( 'NONE',  ( -6.323789614267763426, 2.281199999999999672, 0.7533520677059587500 ) ) ;
#3197 = CARTESIAN_POINT ( 'NONE',  ( 10.15000000000000036, 13.43120000000000047, -4.549999999999997158 ) ) ;
#3198 = ORIENTED_EDGE ( 'NONE', *, *, #2583, .T. ) ;
#3199 = AXIS2_PLACEMENT_3D ( 'NONE', #530, #1671, #2723 ) ;
#3200 = EDGE_CURVE ( 'NONE', #336, #2676, #628, .T. ) ;
#3201 = ORIENTED_EDGE ( 'NONE', *, *, #294, .T. ) ;
#3202 = CARTESIAN_POINT ( 'NONE',  ( 9.599392359093945615, 22.98574583953298145, 4.452795375660052457 ) ) ;
#3203 = PLANE ( 'NONE',  #2876 ) ;
#3204 = CARTESIAN_POINT ( 'NONE',  ( 9.534809292103464173, 3.137597030326381820, -0.7399656893516906031 ) ) ;
#3205 = EDGE_CURVE ( 'NONE', #1888, #1637, #2498, .T. ) ;
#3206 = ORIENTED_EDGE ( 'NONE', *, *, #1154, .F. ) ;
#3207 = CIRCLE ( 'NONE', #509, 0.4999999999999995559 ) ;
#3208 = CARTESIAN_POINT ( 'NONE',  ( -5.856305867380355856, 2.246827277526830535, -0.7397978347192716297 ) ) ;
#3209 = CARTESIAN_POINT ( 'NONE',  ( 5.424864964676187284, 2.339557814212521070, -0.9307138483107593174 ) ) ;
#3210 = CARTESIAN_POINT ( 'NONE',  ( -9.123085948973567838, 23.84828476838664812, 3.954516829090515717 ) ) ;
#3211 = ORIENTED_EDGE ( 'NONE', *, *, #3463, .T. ) ;
#3212 = CARTESIAN_POINT ( 'NONE',  ( -9.639501468012484864, 3.265832345272784654, -0.7479862456886534616 ) ) ;
#3213 = CARTESIAN_POINT ( 'NONE',  ( 5.455734221656376448, 2.091944679236759086, 0.8000504331970575977 ) ) ;
#3214 = CARTESIAN_POINT ( 'NONE',  ( 9.523188466368967653, 23.17814043034070792, -4.378019374335272218 ) ) ;
#3215 = CARTESIAN_POINT ( 'NONE',  ( -5.172124805488741650, 2.327807721738867297, -0.8925184591041780413 ) ) ;
#3216 = ORIENTED_EDGE ( 'NONE', *, *, #533, .F. ) ;
#3217 =( NAMED_UNIT ( * ) PLANE_ANGLE_UNIT ( ) SI_UNIT ( $, .RADIAN. ) );
#3218 = VERTEX_POINT ( 'NONE', #1592 ) ;
#3219 = CARTESIAN_POINT ( 'NONE',  ( 5.275181676720178459, 2.062763513042835228, -0.7513154392062401099 ) ) ;
#3220 = AXIS2_PLACEMENT_3D ( 'NONE', #544, #2931, #227 ) ;
#3221 = CARTESIAN_POINT ( 'NONE',  ( -9.404302230379938621, 23.86269721381876607, -3.659217170442682132 ) ) ;
#3222 = CARTESIAN_POINT ( 'NONE',  ( 10.07086916722794712, 4.146036537539433020, -0.8240700902638018466 ) ) ;
#3223 = CARTESIAN_POINT ( 'NONE',  ( -5.275181676720215762, 2.062763513042532360, -0.7513154392062539877 ) ) ;
#3224 = ORIENTED_EDGE ( 'NONE', *, *, #1870, .F. ) ;
#3225 = CARTESIAN_POINT ( 'NONE',  ( -5.550000000000001599, 2.281199999999999672, 0.000000000000000000 ) ) ;
#3226 = CARTESIAN_POINT ( 'NONE',  ( 9.088766024390926290, 24.12583288003285276, 3.416679699803791159 ) ) ;
#3227 = ORIENTED_EDGE ( 'NONE', *, *, #1362, .T. ) ;
#3228 = AXIS2_PLACEMENT_3D ( 'NONE', #1037, #534, #762 ) ;
#3229 = EDGE_CURVE ( 'NONE', #1828, #1580, #2870, .T. ) ;
#3230 = CARTESIAN_POINT ( 'NONE',  ( 9.685529030395672478, 22.67386529897282088, 4.527120391636054286 ) ) ;
#3231 = CARTESIAN_POINT ( 'NONE',  ( -10.06027906005705574, 22.76837250919552247, 4.513562537677294095 ) ) ;
#3232 = ORIENTED_EDGE ( 'NONE', *, *, #1949, .T. ) ;
#3233 = CARTESIAN_POINT ( 'NONE',  ( -5.644525178473126736, 2.089850767481723270, 0.7957556933840053137 ) ) ;
#3234 = ORIENTED_EDGE ( 'NONE', *, *, #417, .F. ) ;
#3235 = CARTESIAN_POINT ( 'NONE',  ( -6.323973283980562243, 2.281199999999999228, -0.7532264039257970945 ) ) ;
#3236 = CARTESIAN_POINT ( 'NONE',  ( -5.318981912843629978, 2.074444484737513861, -0.7673368156116342487 ) ) ;
#3237 = EDGE_LOOP ( 'NONE', ( #1176, #1263 ) ) ;
#3238 = VECTOR ( 'NONE', #2989, 1000.000000000000000 ) ;
#3239 = DIRECTION ( 'NONE',  ( 2.428945146063511808E-17, 1.000000000000000000, 0.000000000000000000 ) ) ;
#3240 = CARTESIAN_POINT ( 'NONE',  ( -5.927875194502956191, 2.062763513043840646, -1.033058728911068869 ) ) ;
#3241 = EDGE_CURVE ( 'NONE', #2318, #499, #1385, .T. ) ;
#3242 = VERTEX_POINT ( 'NONE', #3423 ) ;
#3243 = VERTEX_POINT ( 'NONE', #580 ) ;
#3244 = DIRECTION ( 'NONE',  ( 0.000000000000000000, 1.000000000000000000, 0.000000000000000000 ) ) ;
#3245 = ORIENTED_EDGE ( 'NONE', *, *, #3274, .T. ) ;
#3246 = CARTESIAN_POINT ( 'NONE',  ( -9.162608847536624523, 2.789705461915580553, 1.105204748884952348 ) ) ;
#3247 = B_SPLINE_CURVE_WITH_KNOTS ( 'NONE', 3,
 ( #841, #1104, #1692, #1914, #2489, #3083 ),
 .UNSPECIFIED., .F., .F.,
 ( 4, 2, 4 ),
 ( 0.000000000000000000, 0.0003783932130955107269, 0.0007567864261910214538 ),
 .UNSPECIFIED. ) ;
#3248 = CARTESIAN_POINT ( 'NONE',  ( -9.693427048926274381, 4.183439927244342549, 1.217479876000928884 ) ) ;
#3249 = ORIENTED_EDGE ( 'NONE', *, *, #2782, .F. ) ;
#3250 = CARTESIAN_POINT ( 'NONE',  ( -5.297471249997969700, 2.339185412390768271, -0.9139755903646092916 ) ) ;
#3251 = CARTESIAN_POINT ( 'NONE',  ( -5.952787382791443704, 2.024891622530980317, 0.6947017973154686610 ) ) ;
#3252 = CARTESIAN_POINT ( 'NONE',  ( 7.638888888888889284, 24.58120000000000260, 2.275000000000002576 ) ) ;
#3253 = CARTESIAN_POINT ( 'NONE',  ( -4.935986389309326761, 1.981200000000000738, -0.5128228601443187706 ) ) ;
#3254 = ORIENTED_EDGE ( 'NONE', *, *, #115, .T. ) ;
#3255 = CARTESIAN_POINT ( 'NONE',  ( -8.755099484608461324, 2.536965307176093809, -0.7120439042736925739 ) ) ;
#3256 = CARTESIAN_POINT ( 'NONE',  ( -5.008913514763515984, 2.307829943643609827, 0.8521449111890193606 ) ) ;
#3257 = ORIENTED_EDGE ( 'NONE', *, *, #1212, .F. ) ;
#3258 = CARTESIAN_POINT ( 'NONE',  ( 5.297471249997969700, 2.339185412390768271, 0.9139755903646092916 ) ) ;
#3259 = EDGE_LOOP ( 'NONE', ( #2724, #3402, #2234, #3435 ) ) ;
#3260 = ORIENTED_EDGE ( 'NONE', *, *, #1622, .F. ) ;
#3261 = DIRECTION ( 'NONE',  ( 7.779029040254739985E-17, 1.000000000000000000, -0.000000000000000000 ) ) ;
#3262 = CARTESIAN_POINT ( 'NONE',  ( 8.714645393272158813, 24.34360150319036009, -3.124763309498643338 ) ) ;
#3263 = MECHANICAL_DESIGN_GEOMETRIC_PRESENTATION_REPRESENTATION (  '', ( #1012 ), #189 ) ;
#3264 = ORIENTED_EDGE ( 'NONE', *, *, #2189, .F. ) ;
#3265 = VERTEX_POINT ( 'NONE', #1042 ) ;
#3266 = CARTESIAN_POINT ( 'NONE',  ( 5.306939408084832444, 2.336251248078874632, -0.9145708850369280718 ) ) ;
#3267 = VECTOR ( 'NONE', #1141, 1000.000000000000000 ) ;
#3268 = CARTESIAN_POINT ( 'NONE',  ( -10.13424526414270233, 22.35093684210526632, -4.149999999999999467 ) ) ;
#3269 = CARTESIAN_POINT ( 'NONE',  ( -5.824818323274879361, 2.062763513043849084, -0.7513154392080492183 ) ) ;
#3270 = ORIENTED_EDGE ( 'NONE', *, *, #1321, .T. ) ;
#3271 = CARTESIAN_POINT ( 'NONE',  ( -10.15000000000000391, 4.465592203300336571, 0.8587076485686744309 ) ) ;
#3272 = AXIS2_PLACEMENT_3D ( 'NONE', #2395, #1156, #1547 ) ;
#3273 = CARTESIAN_POINT ( 'NONE',  ( -9.750000000000001776, 13.43120000000000047, 4.549999999999999822 ) ) ;
#3274 = EDGE_CURVE ( 'NONE', #348, #2667, #2553, .T. ) ;
#3275 = DIRECTION ( 'NONE',  ( 0.000000000000000000, 1.000000000000000000, 0.000000000000000000 ) ) ;
#3276 = CARTESIAN_POINT ( 'NONE',  ( 5.221592865052261168, 2.312992770277507937, -0.8627014000942063721 ) ) ;
#3277 = ORIENTED_EDGE ( 'NONE', *, *, #2335, .F. ) ;
#3278 = CARTESIAN_POINT ( 'NONE',  ( -9.749999999999998224, 4.727893724117276264, -1.298306235062704372 ) ) ;
#3279 = CARTESIAN_POINT ( 'NONE',  ( -5.243694132613425651, 2.246827277526691535, 0.7397978347167615265 ) ) ;
#3280 = FACE_OUTER_BOUND ( 'NONE', #1051, .T. ) ;
#3281 = EDGE_CURVE ( 'NONE', #1511, #81, #222, .T. ) ;
#3282 = CARTESIAN_POINT ( 'NONE',  ( 9.532385144731215121, 23.73236461626231986, -4.060376407213549754 ) ) ;
#3283 = DIRECTION ( 'NONE',  ( 1.000000000000000000, 0.000000000000000000, 0.000000000000000000 ) ) ;
#3284 = DIRECTION ( 'NONE',  ( 0.000000000000000000, 0.000000000000000000, 1.000000000000000000 ) ) ;
#3285 = ORIENTED_EDGE ( 'NONE', *, *, #2743, .T. ) ;
#3286 = PRODUCT_DEFINITION_SHAPE ( 'NONE', 'NONE',  #86 ) ;
#3287 = EDGE_LOOP ( 'NONE', ( #2062, #2804, #2748, #2360 ) ) ;
#3288 = EDGE_CURVE ( 'NONE', #296, #3218, #2507, .T. ) ;
#3289 = DIRECTION ( 'NONE',  ( -0.3435229040935939837, 0.000000000000000000, -0.9391442990100633548 ) ) ;
#3290 = VERTEX_POINT ( 'NONE', #1085 ) ;
#3291 = VERTEX_POINT ( 'NONE', #1347 ) ;
#3292 = CARTESIAN_POINT ( 'NONE',  ( 10.15000000000000036, 24.58119999999999905, -2.275000000000002576 ) ) ;
#3293 = CIRCLE ( 'NONE', #114, 0.7999999999999994893 ) ;
#3294 = DIRECTION ( 'NONE',  ( -2.428945146063511808E-17, 1.000000000000000000, -0.000000000000000000 ) ) ;
#3295 = DIRECTION ( 'NONE',  ( -1.000000000000000000, 0.000000000000000000, 0.000000000000000000 ) ) ;
#3296 = CARTESIAN_POINT ( 'NONE',  ( 5.927875194502933098, 2.327807721739338032, 0.8925184591056580796 ) ) ;
#3297 = ORIENTED_EDGE ( 'NONE', *, *, #3118, .F. ) ;
#3298 = CARTESIAN_POINT ( 'NONE',  ( 10.14999999999999858, 13.43120000000000047, 4.149999999999996803 ) ) ;
#3299 = EDGE_LOOP ( 'NONE', ( #1951, #1993, #2651, #1142 ) ) ;
#3300 = VECTOR ( 'NONE', #1797, 1000.000000000000000 ) ;
#3301 = CARTESIAN_POINT ( 'NONE',  ( -6.331862532896860074, 2.281199999999999672, -0.7478286976176623524 ) ) ;
#3302 = CARTESIAN_POINT ( 'NONE',  ( 8.135062863251578236, 24.54442948793967361, 2.747701528435388507 ) ) ;
#3303 = ORIENTED_EDGE ( 'NONE', *, *, #1952, .T. ) ;
#3304 = CARTESIAN_POINT ( 'NONE',  ( -9.643681210633037182, 4.069476044805981019, -1.205093752628498383 ) ) ;
#3305 = CARTESIAN_POINT ( 'NONE',  ( -8.546516943971015579, 24.33700528740911295, -3.309704726508479133 ) ) ;
#3306 = CIRCLE ( 'NONE', #1435, 0.4000000000000001887 ) ;
#3307 = CARTESIAN_POINT ( 'NONE',  ( 9.292842244139864150, 23.96540932722312078, -3.574021241335582300 ) ) ;
#3308 = CARTESIAN_POINT ( 'NONE',  ( -5.306939408090485699, 2.336251248079082909, -0.9145708850377090027 ) ) ;
#3309 = VERTEX_POINT ( 'NONE', #1018 ) ;
#3310 = VERTEX_POINT ( 'NONE', #2356 ) ;
#3311 = AXIS2_PLACEMENT_3D ( 'NONE', #1858, #802, #2408 ) ;
#3312 = EDGE_CURVE ( 'NONE', #2551, #2661, #255, .T. ) ;
#3313 = CARTESIAN_POINT ( 'NONE',  ( 7.914126562180646474, 24.58120000000000260, -2.493071074187969138 ) ) ;
#3314 = VERTEX_POINT ( 'NONE', #1375 ) ;
#3315 = B_SPLINE_CURVE_WITH_KNOTS ( 'NONE', 3,
 ( #1317, #1608, #2259, #3098, #2646, #2379 ),
 .UNSPECIFIED., .F., .F.,
 ( 4, 2, 4 ),
 ( 0.000000000000000000, 0.0003783932130955107269, 0.0007567864261910214538 ),
 .UNSPECIFIED. ) ;
#3316 = CARTESIAN_POINT ( 'NONE',  ( 9.222717679783704270, 3.361271242221818945, 1.138144051438254367 ) ) ;
#3317 = CARTESIAN_POINT ( 'NONE',  ( -5.550000000000001599, 12.29059999999999775, 0.000000000000000000 ) ) ;
#3318 = AXIS2_PLACEMENT_3D ( 'NONE', #2268, #2589, #2965 ) ;
#3319 = SURFACE_STYLE_USAGE ( .BOTH. , #3054 ) ;
#3320 = CARTESIAN_POINT ( 'NONE',  ( -5.644265778338215966, 2.091944679237082383, -0.8000504331976963091 ) ) ;
#3321 = EDGE_CURVE ( 'NONE', #331, #2416, #1342, .T. ) ;
#3322 = ADVANCED_FACE ( 'NONE', ( #2475 ), #1638, .F. ) ;
#3323 = ORIENTED_EDGE ( 'NONE', *, *, #1590, .F. ) ;
#3324 = CARTESIAN_POINT ( 'NONE',  ( -8.180082139646710715, 2.735247718680470452, 1.106764663593826414 ) ) ;
#3325 = DIRECTION ( 'NONE',  ( 2.428945146063511808E-17, 1.000000000000000000, 0.000000000000000000 ) ) ;
#3326 = CARTESIAN_POINT ( 'NONE',  ( 8.618185077757155810, 24.39801548497006323, 3.206389232061228167 ) ) ;
#3327 = CARTESIAN_POINT ( 'NONE',  ( -5.144473511009962863, 2.027904807641734752, -0.7035046302370973059 ) ) ;
#3328 = ORIENTED_EDGE ( 'NONE', *, *, #828, .F. ) ;
#3329 = CARTESIAN_POINT ( 'NONE',  ( -10.02353659959242194, 3.988521027381817241, -0.8078606977350102358 ) ) ;
#3330 = CARTESIAN_POINT ( 'NONE',  ( -5.108610581421564767, 2.239123600493063471, -0.6716249393702453663 ) ) ;
#3331 = ORIENTED_EDGE ( 'NONE', *, *, #2350, .F. ) ;
#3332 = CARTESIAN_POINT ( 'NONE',  ( 9.162608847536624523, 2.789705461915580553, 1.105204748884952570 ) ) ;
#3333 = FILL_AREA_STYLE_COLOUR ( '', #2455 ) ;
#3334 = CARTESIAN_POINT ( 'NONE',  ( 5.033249203831077878, 1.992961687430730100, -0.6146681036038728063 ) ) ;
#3335 = ORIENTED_EDGE ( 'NONE', *, *, #2231, .T. ) ;
#3336 = CARTESIAN_POINT ( 'NONE',  ( -10.13424526414270233, 22.35093684210526632, -4.149999999999999467 ) ) ;
#3337 = CARTESIAN_POINT ( 'NONE',  ( -5.691174714279674696, 2.325399835095208534, -0.9043183976874651364 ) ) ;
#3338 = CARTESIAN_POINT ( 'NONE',  ( -6.050000000000000711, -1.214472573031753593E-17, 0.000000000000000000 ) ) ;
#3339 = ORIENTED_EDGE ( 'NONE', *, *, #1077, .T. ) ;
#3340 = CARTESIAN_POINT ( 'NONE',  ( 7.638888888888889284, 24.58120000000000260, 4.549999999999999822 ) ) ;
#3341 = LINE ( 'NONE', #2599, #2157 ) ;
#3342 = CARTESIAN_POINT ( 'NONE',  ( -8.438001387066231374, 24.39489469652835396, 3.186670633108279915 ) ) ;
#3343 = CARTESIAN_POINT ( 'NONE',  ( 5.801884208902539974, 2.670938823310716970, 1.104999796354467323 ) ) ;
#3344 = FACE_OUTER_BOUND ( 'NONE', #1861, .T. ) ;
#3345 =( NAMED_UNIT ( * ) SI_UNIT ( $, .STERADIAN. ) SOLID_ANGLE_UNIT ( ) );
#3346 = ORIENTED_EDGE ( 'NONE', *, *, #1036, .F. ) ;
#3347 = CARTESIAN_POINT ( 'NONE',  ( -10.14999999999999858, 4.792311111111110300, -0.9035273092663966832 ) ) ;
#3348 = CARTESIAN_POINT ( 'NONE',  ( -5.550000000000000711, 0.000000000000000000, 0.4999999999999995559 ) ) ;
#3349 = CYLINDRICAL_SURFACE ( 'NONE', #1539, 0.3999999999999993006 ) ;
#3350 = DIRECTION ( 'NONE',  ( -1.000000000000000000, 0.000000000000000000, 0.000000000000000000 ) ) ;
#3351 = CARTESIAN_POINT ( 'NONE',  ( 5.691174714279539693, 2.325399835098522328, -0.9043183976932133161 ) ) ;
#3352 = AXIS2_PLACEMENT_3D ( 'NONE', #659, #2622, #991 ) ;
#3353 = CARTESIAN_POINT ( 'NONE',  ( 10.15000000000000036, 22.30620000000000047, -4.549999999999998934 ) ) ;
#3354 = ADVANCED_FACE ( 'NONE', ( #293 ), #2524, .F. ) ;
#3355 = ORIENTED_EDGE ( 'NONE', *, *, #246, .F. ) ;
#3356 = CARTESIAN_POINT ( 'NONE',  ( -7.638888888888889284, 2.281199999999999228, -1.094998557716582610 ) ) ;
#3357 = CARTESIAN_POINT ( 'NONE',  ( -4.981808515858169528, 1.981200082736742640, -0.5676866572922502074 ) ) ;
#3358 = AXIS2_PLACEMENT_3D ( 'NONE', #632, #1133, #564 ) ;
#3359 = CARTESIAN_POINT ( 'NONE',  ( -4.705731285300323918, 1.981199999999999850, 0.7051314326984380321 ) ) ;
#3360 = CIRCLE ( 'NONE', #146, 15.19275362318840727 ) ;
#3361 = CARTESIAN_POINT ( 'NONE',  ( 8.173365920790327976, 24.53873903611725993, -2.698480947666839658 ) ) ;
#3362 = B_SPLINE_CURVE_WITH_KNOTS ( 'NONE', 3,
 ( #495, #3327, #2251, #3253 ),
 .UNSPECIFIED., .F., .F.,
 ( 4, 4 ),
 ( 0.000000000000000000, 0.0004283766508541291700 ),
 .UNSPECIFIED. ) ;
#3363 = CARTESIAN_POINT ( 'NONE',  ( 5.280255268638121002, 2.318416639382205435, 0.8800792747092839319 ) ) ;
#3364 = ORIENTED_EDGE ( 'NONE', *, *, #1312, .F. ) ;
#3365 = MECHANICAL_DESIGN_GEOMETRIC_PRESENTATION_REPRESENTATION (  '', ( #234 ), #570 ) ;
#3366 = CARTESIAN_POINT ( 'NONE',  ( 6.394268714699679279, 2.281199999999999672, -0.7051314326984390313 ) ) ;
#3367 = AXIS2_PLACEMENT_3D ( 'NONE', #2611, #2887, #1799 ) ;
#3368 = CARTESIAN_POINT ( 'NONE',  ( -8.698601293033370041, 2.943769056197469425, 1.114268944760428148 ) ) ;
#3369 = VERTEX_POINT ( 'NONE', #2211 ) ;
#3370 = AXIS2_PLACEMENT_3D ( 'NONE', #3048, #1729, #1708 ) ;
#3371 = CARTESIAN_POINT ( 'NONE',  ( 8.313015517764766216, 2.774032175538528211, 1.107910282472297503 ) ) ;
#3372 = ADVANCED_FACE ( 'NONE', ( #1325 ), #241, .T. ) ;
#3373 = SURFACE_STYLE_FILL_AREA ( #1782 ) ;
#3374 = FILL_AREA_STYLE_COLOUR ( '', #1830 ) ;
#3375 = DIRECTION ( 'NONE',  ( 0.000000000000000000, -0.8252523398788788045, 0.5647641769131924727 ) ) ;
#3376 = ORIENTED_EDGE ( 'NONE', *, *, #579, .T. ) ;
#3377 = CARTESIAN_POINT ( 'NONE',  ( -8.688339613883396595, 2.938075594027402371, 1.114026776559245757 ) ) ;
#3378 = CIRCLE ( 'NONE', #2877, 0.3000000000000000444 ) ;
#3379 = CYLINDRICAL_SURFACE ( 'NONE', #2581, 0.3999999999999999667 ) ;
#3380 = EDGE_CURVE ( 'NONE', #3242, #3309, #2331, .T. ) ;
#3381 = CIRCLE ( 'NONE', #3075, 0.7999999999999994893 ) ;
#3382 = CARTESIAN_POINT ( 'NONE',  ( -5.413669974430950660, 2.437581547868852727, 1.099146418178646112 ) ) ;
#3383 = ORIENTED_EDGE ( 'NONE', *, *, #513, .F. ) ;
#3384 = CARTESIAN_POINT ( 'NONE',  ( -8.298605039075011902, 2.347585837064946723, -1.094941056189008721 ) ) ;
#3385 = VECTOR ( 'NONE', #135, 1000.000000000000000 ) ;
#3386 = CARTESIAN_POINT ( 'NONE',  ( 7.638888888888887507, 2.670938823310716081, 1.104999796354469543 ) ) ;
#3387 = CARTESIAN_POINT ( 'NONE',  ( -10.08426841728425494, 4.134763407653475831, 0.8213569472984875164 ) ) ;
#3388 = CARTESIAN_POINT ( 'NONE',  ( -5.489319459553907876, 2.339543645872864452, -0.9306297968499943618 ) ) ;
#3389 = CARTESIAN_POINT ( 'NONE',  ( 5.298169202171414405, 2.667736817999418086, 1.104917700201164754 ) ) ;
#3390 = ADVANCED_FACE ( 'NONE', ( #1376 ), #2021, .F. ) ;
#3391 = ORIENTED_EDGE ( 'NONE', *, *, #859, .T. ) ;
#3392 = CARTESIAN_POINT ( 'NONE',  ( 8.701068195489101598, 2.945099384096820483, -1.114323806573865872 ) ) ;
#3393 = CIRCLE ( 'NONE', #2278, 0.4000000000000001332 ) ;
#3394 = CARTESIAN_POINT ( 'NONE',  ( 5.890563729992012831, 2.045229744422144336, -0.7272668951556703343 ) ) ;
#3395 = CARTESIAN_POINT ( 'NONE',  ( -5.285339607714223398, 2.424914268965227215, -1.098738930503566191 ) ) ;
#3396 = EDGE_LOOP ( 'NONE', ( #77, #40, #48, #1149, #2881, #547, #1584, #883 ) ) ;
#3397 = TOROIDAL_SURFACE ( 'NONE', #669, 1.099999999999999423, 0.2999999999999999889 ) ;
#3398 = DIRECTION ( 'NONE',  ( 1.000000000000000000, 0.000000000000000000, 0.000000000000000000 ) ) ;
#3399 = DIRECTION ( 'NONE',  ( 0.7675170133633436587, 0.000000000000000000, 0.6410285751803993515 ) ) ;
#3400 = CARTESIAN_POINT ( 'NONE',  ( -7.638888888888889284, 24.58120000000000260, -2.275000000000002576 ) ) ;
#3401 = CARTESIAN_POINT ( 'NONE',  ( 5.751979292569891378, 2.248882553509024884, 0.7759370843172830323 ) ) ;
#3402 = ORIENTED_EDGE ( 'NONE', *, *, #162, .T. ) ;
#3403 = CARTESIAN_POINT ( 'NONE',  ( -8.930155484868192772, 3.078555042000344688, -1.119753014576159389 ) ) ;
#3404 = VECTOR ( 'NONE', #1856, 1000.000000000000000 ) ;
#3405 = CARTESIAN_POINT ( 'NONE',  ( 8.861762306386031796, 24.11333701537222396, -3.664658150279429982 ) ) ;
#3406 = FACE_OUTER_BOUND ( 'NONE', #2078, .T. ) ;
#3407 = AXIS2_PLACEMENT_3D ( 'NONE', #2500, #107, #395 ) ;
#3408 = DIRECTION ( 'NONE',  ( -1.000000000000000000, 0.000000000000000000, 0.000000000000000000 ) ) ;
#3409 = CARTESIAN_POINT ( 'NONE',  ( -6.164013610690676437, 1.981200000000000738, 0.5128228601443192147 ) ) ;
#3410 = VERTEX_POINT ( 'NONE', #868 ) ;
#3411 = CARTESIAN_POINT ( 'NONE',  ( -9.291969102116208745, 2.895142507327305825, -1.109278201163077737 ) ) ;
#3412 = CARTESIAN_POINT ( 'NONE',  ( 9.749999999999998224, 4.727893724117319785, 1.298306235062712588 ) ) ;
#3413 = STYLED_ITEM ( 'NONE', ( #1884 ), #2324 ) ;
#3414 = EDGE_CURVE ( 'NONE', #3136, #3310, #2573, .T. ) ;
#3415 = CARTESIAN_POINT ( 'NONE',  ( -9.953797038860242807, 23.05268453380634242, -4.429854299684595098 ) ) ;
#3416 = ORIENTED_EDGE ( 'NONE', *, *, #2774, .F. ) ;
#3417 = CARTESIAN_POINT ( 'NONE',  ( 5.927875194502957967, 2.327807721739338476, -0.8925184591056557482 ) ) ;
#3418 = FACE_OUTER_BOUND ( 'NONE', #2126, .T. ) ;
#3419 = DIRECTION ( 'NONE',  ( 0.000000000000000000, -1.000000000000000000, -0.000000000000000000 ) ) ;
#3420 = EDGE_CURVE ( 'NONE', #1719, #2501, #2513, .T. ) ;
#3421 = ADVANCED_FACE ( 'NONE', ( #2545 ), #2487, .T. ) ;
#3422 = ORIENTED_EDGE ( 'NONE', *, *, #1072, .T. ) ;
#3423 = CARTESIAN_POINT ( 'NONE',  ( 5.927875194502956191, 2.327807721739338032, 0.8925184591056563033 ) ) ;
#3424 = CARTESIAN_POINT ( 'NONE',  ( 9.532385144731215121, 23.73236461626231986, 4.060376407213549754 ) ) ;
#3425 = CARTESIAN_POINT ( 'NONE',  ( -9.298582123740210648, 23.61075405386737813, 4.145010944520529428 ) ) ;
#3426 = DIRECTION ( 'NONE',  ( -1.141809785771245689E-16, 1.000000000000000000, 0.000000000000000000 ) ) ;
#3427 = ORIENTED_EDGE ( 'NONE', *, *, #2493, .F. ) ;
#3428 = DIRECTION ( 'NONE',  ( -1.000000000000000000, 0.000000000000000000, 0.000000000000000000 ) ) ;
#3429 = CARTESIAN_POINT ( 'NONE',  ( -5.824818323274879361, 2.062763513043849084, -0.7513154392080492183 ) ) ;
#3430 = LINE ( 'NONE', #722, #1110 ) ;
#3431 = LINE ( 'NONE', #1521, #3449 ) ;
#3432 = DIRECTION ( 'NONE',  ( 0.000000000000000000, 0.000000000000000000, 1.000000000000000000 ) ) ;
#3433 = LINE ( 'NONE', #1601, #85 ) ;
#3434 = CARTESIAN_POINT ( 'NONE',  ( 10.15000000000000036, 2.681200000000000028, -0.7051314326984390313 ) ) ;
#3435 = ORIENTED_EDGE ( 'NONE', *, *, #2061, .T. ) ;
#3436 = CARTESIAN_POINT ( 'NONE',  ( -8.302015732129412129, 2.348245666590818459, -0.7063187753764823551 ) ) ;
#3437 =( BOUNDED_SURFACE ( )  B_SPLINE_SURFACE ( 3, 2, ( 
 ( #829, #3147, #3455 ),
 ( #2084, #2129, #1086 ),
 ( #1640, #1377, #3230 ),
 ( #3169, #1401, #298 ),
 ( #79, #1681, #376 ),
 ( #768, #558, #17 ),
 ( #1043, #615, #1113 ),
 ( #847, #1423, #2359 ),
 ( #2685, #3424, #1863 ),
 ( #1326, #2391, #1793 ),
 ( #3057, #2249, #2843 ),
 ( #2859, #205, #2000 ),
 ( #1443, #3326, #1162 ),
 ( #1718, #3302, #1944 ),
 ( #156, #870, #440 ),
 ( #670, #3252, #907 ) ),
 .UNSPECIFIED., .F., .F., .F. ) 
 B_SPLINE_SURFACE_WITH_KNOTS ( ( 4, 2, 2, 2, 2, 2, 2, 4 ),
 ( 3, 3 ),
 ( 0.000000000000000000, 0.0004593414644910305371, 0.0006890121967365458056, 0.0009186829289820610742, 0.001378024393473091611, 0.001837365857964122148, 0.002756048786946183222, 0.003674731715928244297 ),
 ( 0.000000000000000000, 1.000000000000000000 ),
 .UNSPECIFIED. ) 
 GEOMETRIC_REPRESENTATION_ITEM ( )  RATIONAL_B_SPLINE_SURFACE ( (
 ( 1.000000000000000000, 0.7071067811865475727, 1.000000000000000000),
 ( 1.000000000000000000, 0.7103693998282166744, 1.000000000000000000),
 ( 1.000000000000000000, 0.7199084770831647440, 1.000000000000000000),
 ( 1.000000000000000000, 0.7406137372316665690, 1.000000000000000000),
 ( 1.000000000000000000, 0.7486020725046316215, 1.000000000000000000),
 ( 1.000000000000000000, 0.7656271550149489347, 1.000000000000000000),
 ( 1.000000000000000000, 0.7747163475981632130, 1.000000000000000000),
 ( 1.000000000000000000, 0.8029274175567661098, 1.000000000000000000),
 ( 1.000000000000000000, 0.8229454434391438866, 1.000000000000000000),
 ( 1.000000000000000000, 0.8608682229884780934, 1.000000000000000000),
 ( 1.000000000000000000, 0.8790499206519175601, 1.000000000000000000),
 ( 1.000000000000000000, 0.9292719838564484913, 1.000000000000000000),
 ( 1.000000000000000000, 0.9554857398612365271, 1.000000000000000000),
 ( 1.000000000000000000, 0.9908781234527285209, 1.000000000000000000),
 ( 1.000000000000000000, 1.000077693877291729, 1.000000000000000000),
 ( 1.000000000000000000, 1.000000000000000000, 1.000000000000000000) ) ) 
 REPRESENTATION_ITEM ( '' )  SURFACE ( )  );
#3438 = CIRCLE ( 'NONE', #1438, 2.111111111111110272 ) ;
#3439 = VECTOR ( 'NONE', #2552, 1000.000000000000000 ) ;
#3440 = CARTESIAN_POINT ( 'NONE',  ( 10.14170710389564078, 4.412928691177314455, 1.246912347410034538 ) ) ;
#3441 = CARTESIAN_POINT ( 'NONE',  ( -9.840308066091248307, 23.28108079419256882, -3.980508436793281923 ) ) ;
#3442 = DIRECTION ( 'NONE',  ( 1.000000000000000000, 0.000000000000000000, 0.000000000000000000 ) ) ;
#3443 = EDGE_LOOP ( 'NONE', ( #2639, #2083, #1410, #290, #420, #3277, #1464, #2114 ) ) ;
#3444 = CARTESIAN_POINT ( 'NONE',  ( 7.970083445575700587, 2.281199999999999228, -0.7051314328765484474 ) ) ;
#3445 = B_SPLINE_CURVE_WITH_KNOTS ( 'NONE', 3,
 ( #2762, #3258, #1122, #165, #1481, #1430 ),
 .UNSPECIFIED., .F., .F.,
 ( 4, 2, 4 ),
 ( 2.343181387306740360E-17, 0.0003779572896958374143, 0.0007559145793916514098 ),
 .UNSPECIFIED. ) ;
#3446 = CARTESIAN_POINT ( 'NONE',  ( 4.750000000000002665, 1.981200000000000738, -9.797174393178818755E-17 ) ) ;
#3447 = CARTESIAN_POINT ( 'NONE',  ( 6.065787315603155427, 1.993195793685329731, -0.6154833951352954857 ) ) ;
#3448 = FACE_OUTER_BOUND ( 'NONE', #3154, .T. ) ;
#3449 = VECTOR ( 'NONE', #1778, 1000.000000000000000 ) ;
#3450 = CIRCLE ( 'NONE', #3358, 0.4999999999999987232 ) ;
#3451 = CARTESIAN_POINT ( 'NONE',  ( -5.235197169396716532, 2.670938756082240406, -1.104999794629293097 ) ) ;
#3452 = CARTESIAN_POINT ( 'NONE',  ( -6.350000000000001421, 0.2999999999999999334, 0.000000000000000000 ) ) ;
#3453 = ORIENTED_EDGE ( 'NONE', *, *, #1118, .F. ) ;
#3454 = CARTESIAN_POINT ( 'NONE',  ( 5.550000000000001599, 1.981200000000000738, 0.000000000000000000 ) ) ;
#3455 = CARTESIAN_POINT ( 'NONE',  ( 9.736754868084572578, 22.30620000000000047, 4.549999999999998934 ) ) ;
#3456 = CIRCLE ( 'NONE', #47, 15.19275362318840727 ) ;
#3457 = CARTESIAN_POINT ( 'NONE',  ( -9.523188466368967653, 23.17814043034070792, 4.378019374335272218 ) ) ;
#3458 = UNCERTAINTY_MEASURE_WITH_UNIT (LENGTH_MEASURE( 1.000000000000000082E-05 ), #1364, 'distance_accuracy_value', 'NONE');
#3459 = ADVANCED_FACE ( 'NONE', ( #215 ), #280, .F. ) ;
#3460 = ORIENTED_EDGE ( 'NONE', *, *, #294, .F. ) ;
#3461 = AXIS2_PLACEMENT_3D ( 'NONE', #3001, #2944, #2107 ) ;
#3462 = CARTESIAN_POINT ( 'NONE',  ( -5.864878394926073213, 2.670938753401133514, -1.104999794560492576 ) ) ;
#3463 = EDGE_CURVE ( 'NONE', #3173, #1888, #1389, .T. ) ;
#3464 = CARTESIAN_POINT ( 'NONE',  ( 9.840308066091248307, 23.28108079419256882, -3.980508436793281923 ) ) ;
#3465 = CIRCLE ( 'NONE', #1943, 0.3000000000000007661 ) ;
#3466 = DIRECTION ( 'NONE',  ( -7.779029040254739985E-17, 1.000000000000000000, -0.000000000000000000 ) ) ;
ENDSEC;
END-ISO-10303-21;
