ISO-10303-21;
HEADER;
/* Generated by software containing ST-Developer
 * from STEP Tools, Inc. (www.steptools.com) 
 */
/* OPTION: using custom renumber hook */

FILE_DESCRIPTION(
/* description */ ('STEP AP242',
'CAx-IF Rec.Pracs.---Representation and Presentation of Product Manufa
cturing Information (PMI)---4.0---2014-10-13',
'CAx-IF Rec.Pracs.---3D Tessellated Geometry---0.4---2014-09-14','2;1'),

/* implementation_level */ '2;1');

FILE_NAME(
/* name */ '2604-3302',
/* time_stamp */ '2025-11-15T02:11:13+01:00',
/* author */ ('License CC BY-ND 4.0'),
/* organization */ ('CADENAS'),
/* preprocessor_version */ 'ST-DEVELOPER v20',
/* originating_system */ 'PARTsolutions',
/* authorisation */ '  ');

FILE_SCHEMA (('AP242_MANAGED_MODEL_BASED_3D_ENGINEERING_MIM_LF { 1 0 10303 442 1 1 4 }'));
ENDSEC;

DATA;
#10=SHAPE_REPRESENTATION_RELATIONSHIP('','',#7240,#11);
#11=ADVANCED_BREP_SHAPE_REPRESENTATION('',(#7238),#10866);
#12=CONICAL_SURFACE('',#7446,1.5,0.0949517063427563);
#13=CONICAL_SURFACE('',#7447,1.5,0.0949517063427563);
#14=CONICAL_SURFACE('',#7449,1.7,0.0713074647852903);
#15=CONICAL_SURFACE('',#7450,1.7,0.0713074647852903);
#16=CONICAL_SURFACE('',#7454,1.8,0.260602391747341);
#17=CONICAL_SURFACE('',#7455,1.8,0.260602391747341);
#18=CONICAL_SURFACE('',#7507,1.05,0.523598775598298);
#19=CONICAL_SURFACE('',#7512,1.05,0.523598775598298);
#20=CONICAL_SURFACE('',#7545,0.299999999999999,0.523598775598299);
#21=CONICAL_SURFACE('',#7548,0.200000000000001,0.523598775598299);
#22=CONICAL_SURFACE('',#7550,0.500000000000001,0.523598775598299);
#23=CONICAL_SURFACE('',#7553,0.499999999999993,0.523598775598299);
#24=CONICAL_SURFACE('',#7556,0.5,0.523598775598299);
#25=CONICAL_SURFACE('',#7559,0.5,0.523598775598299);
#26=CONICAL_SURFACE('',#7564,0.499999999999998,0.523598775598299);
#27=CONICAL_SURFACE('',#7567,0.2,0.523598775598299);
#28=CONICAL_SURFACE('',#7570,0.3,0.523598775598299);
#29=CONICAL_SURFACE('',#7602,0.299999999999999,0.523598775598299);
#30=CONICAL_SURFACE('',#7605,0.200000000000001,0.523598775598299);
#31=CONICAL_SURFACE('',#7607,0.500000000000001,0.523598775598299);
#32=CONICAL_SURFACE('',#7610,0.499999999999993,0.523598775598299);
#33=CONICAL_SURFACE('',#7613,0.5,0.523598775598299);
#34=CONICAL_SURFACE('',#7616,0.5,0.523598775598299);
#35=CONICAL_SURFACE('',#7621,0.499999999999998,0.523598775598299);
#36=CONICAL_SURFACE('',#7624,0.2,0.523598775598299);
#37=CONICAL_SURFACE('',#7627,0.3,0.523598775598299);
#38=CONICAL_SURFACE('',#7730,0.8,0.785398163397448);
#39=CONICAL_SURFACE('',#7733,0.4,0.785398163397448);
#40=CONICAL_SURFACE('',#7736,1.,0.785398163397448);
#41=PLANE('',#7246);
#42=PLANE('',#7251);
#43=PLANE('',#7258);
#44=PLANE('',#7262);
#45=PLANE('',#7267);
#46=PLANE('',#7274);
#47=PLANE('',#7277);
#48=PLANE('',#7281);
#49=PLANE('',#7285);
#50=PLANE('',#7289);
#51=PLANE('',#7293);
#52=PLANE('',#7312);
#53=PLANE('',#7316);
#54=PLANE('',#7317);
#55=PLANE('',#7318);
#56=PLANE('',#7319);
#57=PLANE('',#7323);
#58=PLANE('',#7327);
#59=PLANE('',#7328);
#60=PLANE('',#7329);
#61=PLANE('',#7334);
#62=PLANE('',#7336);
#63=PLANE('',#7338);
#64=PLANE('',#7340);
#65=PLANE('',#7343);
#66=PLANE('',#7345);
#67=PLANE('',#7349);
#68=PLANE('',#7350);
#69=PLANE('',#7353);
#70=PLANE('',#7354);
#71=PLANE('',#7357);
#72=PLANE('',#7358);
#73=PLANE('',#7361);
#74=PLANE('',#7362);
#75=PLANE('',#7366);
#76=PLANE('',#7376);
#77=PLANE('',#7379);
#78=PLANE('',#7383);
#79=PLANE('',#7405);
#80=PLANE('',#7413);
#81=PLANE('',#7414);
#82=PLANE('',#7418);
#83=PLANE('',#7428);
#84=PLANE('',#7429);
#85=PLANE('',#7432);
#86=PLANE('',#7440);
#87=PLANE('',#7441);
#88=PLANE('',#7460);
#89=PLANE('',#7462);
#90=PLANE('',#7464);
#91=PLANE('',#7465);
#92=PLANE('',#7466);
#93=PLANE('',#7467);
#94=PLANE('',#7468);
#95=PLANE('',#7471);
#96=PLANE('',#7472);
#97=PLANE('',#7473);
#98=PLANE('',#7474);
#99=PLANE('',#7475);
#100=PLANE('',#7477);
#101=PLANE('',#7479);
#102=PLANE('',#7480);
#103=PLANE('',#7482);
#104=PLANE('',#7483);
#105=PLANE('',#7484);
#106=PLANE('',#7485);
#107=PLANE('',#7486);
#108=PLANE('',#7487);
#109=PLANE('',#7488);
#110=PLANE('',#7489);
#111=PLANE('',#7490);
#112=PLANE('',#7491);
#113=PLANE('',#7492);
#114=PLANE('',#7493);
#115=PLANE('',#7494);
#116=PLANE('',#7495);
#117=PLANE('',#7496);
#118=PLANE('',#7497);
#119=PLANE('',#7498);
#120=PLANE('',#7499);
#121=PLANE('',#7500);
#122=PLANE('',#7501);
#123=PLANE('',#7502);
#124=PLANE('',#7503);
#125=PLANE('',#7508);
#126=PLANE('',#7513);
#127=PLANE('',#7514);
#128=PLANE('',#7515);
#129=PLANE('',#7518);
#130=PLANE('',#7521);
#131=PLANE('',#7524);
#132=PLANE('',#7527);
#133=PLANE('',#7530);
#134=PLANE('',#7533);
#135=PLANE('',#7534);
#136=PLANE('',#7535);
#137=PLANE('',#7536);
#138=PLANE('',#7537);
#139=PLANE('',#7540);
#140=PLANE('',#7543);
#141=PLANE('',#7544);
#142=PLANE('',#7547);
#143=PLANE('',#7552);
#144=PLANE('',#7555);
#145=PLANE('',#7558);
#146=PLANE('',#7561);
#147=PLANE('',#7562);
#148=PLANE('',#7563);
#149=PLANE('',#7566);
#150=PLANE('',#7569);
#151=PLANE('',#7572);
#152=PLANE('',#7583);
#153=PLANE('',#7585);
#154=PLANE('',#7587);
#155=PLANE('',#7588);
#156=PLANE('',#7589);
#157=PLANE('',#7591);
#158=PLANE('',#7593);
#159=PLANE('',#7595);
#160=PLANE('',#7598);
#161=PLANE('',#7600);
#162=PLANE('',#7601);
#163=PLANE('',#7604);
#164=PLANE('',#7609);
#165=PLANE('',#7612);
#166=PLANE('',#7615);
#167=PLANE('',#7618);
#168=PLANE('',#7619);
#169=PLANE('',#7620);
#170=PLANE('',#7623);
#171=PLANE('',#7626);
#172=PLANE('',#7629);
#173=PLANE('',#7640);
#174=PLANE('',#7642);
#175=PLANE('',#7644);
#176=PLANE('',#7645);
#177=PLANE('',#7646);
#178=PLANE('',#7648);
#179=PLANE('',#7650);
#180=PLANE('',#7652);
#181=PLANE('',#7655);
#182=PLANE('',#7657);
#183=PLANE('',#7658);
#184=PLANE('',#7659);
#185=PLANE('',#7660);
#186=PLANE('',#7663);
#187=PLANE('',#7664);
#188=PLANE('',#7665);
#189=PLANE('',#7666);
#190=PLANE('',#7669);
#191=PLANE('',#7670);
#192=PLANE('',#7674);
#193=PLANE('',#7675);
#194=PLANE('',#7678);
#195=PLANE('',#7682);
#196=PLANE('',#7683);
#197=PLANE('',#7689);
#198=PLANE('',#7693);
#199=PLANE('',#7706);
#200=PLANE('',#7709);
#201=PLANE('',#7712);
#202=PLANE('',#7715);
#203=PLANE('',#7718);
#204=PLANE('',#7721);
#205=PLANE('',#7724);
#206=PLANE('',#7727);
#207=PLANE('',#7728);
#208=PLANE('',#7729);
#209=PLANE('',#7732);
#210=PLANE('',#7735);
#211=PLANE('',#7738);
#212=B_SPLINE_CURVE_WITH_KNOTS('',3,(#9267,#9268,#9269,#9270),
 .UNSPECIFIED.,.F.,.F.,(4,4),(0.,0.000184161086791243),.UNSPECIFIED.);
#213=B_SPLINE_CURVE_WITH_KNOTS('',3,(#9272,#9273,#9274,#9275),
 .UNSPECIFIED.,.F.,.F.,(4,4),(1.73472347597681E-18,0.00138492024638013),
 .UNSPECIFIED.);
#214=B_SPLINE_CURVE_WITH_KNOTS('',3,(#9277,#9278,#9279,#9280),
 .UNSPECIFIED.,.F.,.F.,(4,4),(0.,0.00138492031352337),.UNSPECIFIED.);
#215=B_SPLINE_CURVE_WITH_KNOTS('',3,(#9282,#9283,#9284,#9285),
 .UNSPECIFIED.,.F.,.F.,(4,4),(0.,0.000184161020276947),.UNSPECIFIED.);
#216=B_SPLINE_CURVE_WITH_KNOTS('',3,(#9340,#9341,#9342,#9343),
 .UNSPECIFIED.,.F.,.F.,(4,4),(0.,0.000184161086791241),.UNSPECIFIED.);
#217=B_SPLINE_CURVE_WITH_KNOTS('',3,(#9345,#9346,#9347,#9348),
 .UNSPECIFIED.,.F.,.F.,(4,4),(0.,0.00138492024638013),.UNSPECIFIED.);
#218=B_SPLINE_CURVE_WITH_KNOTS('',3,(#9350,#9351,#9352,#9353),
 .UNSPECIFIED.,.F.,.F.,(4,4),(4.33680868994202E-19,0.00138492031352337),
 .UNSPECIFIED.);
#219=B_SPLINE_CURVE_WITH_KNOTS('',3,(#9355,#9356,#9357,#9358),
 .UNSPECIFIED.,.F.,.F.,(4,4),(0.,0.000184161020276947),.UNSPECIFIED.);
#220=B_SPLINE_CURVE_WITH_KNOTS('',3,(#9576,#9577,#9578,#9579),
 .UNSPECIFIED.,.F.,.F.,(4,4),(0.0010864616154886,0.00272615611199528),
 .UNSPECIFIED.);
#221=B_SPLINE_CURVE_WITH_KNOTS('',3,(#9583,#9584,#9585,#9586),
 .UNSPECIFIED.,.F.,.F.,(4,4),(7.05866584370248E-7,0.00424897808782375),
 .UNSPECIFIED.);
#222=B_SPLINE_CURVE_WITH_KNOTS('',3,(#9601,#9602,#9603,#9604),
 .UNSPECIFIED.,.F.,.F.,(4,4),(0.00463136919282175,0.00885064411196865),
 .UNSPECIFIED.);
#223=B_SPLINE_CURVE_WITH_KNOTS('',3,(#9629,#9630,#9631,#9632),
 .UNSPECIFIED.,.F.,.F.,(4,4),(0.00463136919282175,0.00885064411196864),
 .UNSPECIFIED.);
#224=B_SPLINE_CURVE_WITH_KNOTS('',3,(#9649,#9650,#9651,#9652),
 .UNSPECIFIED.,.F.,.F.,(4,4),(0.0010864616154886,0.00272615611199528),
 .UNSPECIFIED.);
#225=B_SPLINE_CURVE_WITH_KNOTS('',3,(#9656,#9657,#9658,#9659),
 .UNSPECIFIED.,.F.,.F.,(4,4),(7.05866584369389E-7,0.00424897808782375),
 .UNSPECIFIED.);
#226=B_SPLINE_CURVE_WITH_KNOTS('',3,(#9771,#9772,#9773,#9774),
 .UNSPECIFIED.,.F.,.F.,(4,4),(0.00167348331652469,0.00322780905171408),
 .UNSPECIFIED.);
#227=B_SPLINE_CURVE_WITH_KNOTS('',3,(#9782,#9783,#9784,#9785),
 .UNSPECIFIED.,.F.,.F.,(4,4),(0.00541860402425917,0.0096297258283341),
 .UNSPECIFIED.);
#228=B_SPLINE_CURVE_WITH_KNOTS('',3,(#9797,#9798,#9799,#9800),
 .UNSPECIFIED.,.F.,.F.,(4,4),(0.00167348331652469,0.00322780905171408),
 .UNSPECIFIED.);
#229=B_SPLINE_CURVE_WITH_KNOTS('',3,(#9806,#9807,#9808,#9809),
 .UNSPECIFIED.,.F.,.F.,(4,4),(0.00541860402425917,0.0096297258283341),
 .UNSPECIFIED.);
#230=B_SPLINE_CURVE_WITH_KNOTS('',3,(#9820,#9821,#9822,#9823),
 .UNSPECIFIED.,.F.,.F.,(4,4),(0.0054180286007819,0.0096291503919685),
 .UNSPECIFIED.);
#231=B_SPLINE_CURVE_WITH_KNOTS('',3,(#9839,#9840,#9841,#9842),
 .UNSPECIFIED.,.F.,.F.,(4,4),(0.00541802860078191,0.0096291503919685),
 .UNSPECIFIED.);
#232=B_SPLINE_CURVE_WITH_KNOTS('',3,(#9913,#9914,#9915,#9916,#9917,#9918,
#9919),.UNSPECIFIED.,.F.,.F.,(4,1,1,1,4),(0.00426190362412917,0.00462190672852798,
0.00498190983292679,0.00534191293732561,0.00570191604172443),
 .UNSPECIFIED.);
#233=B_SPLINE_CURVE_WITH_KNOTS('',3,(#9930,#9931,#9932,#9933,#9934,#9935,
#9936),.UNSPECIFIED.,.F.,.F.,(4,1,1,1,4),(0.00426190362412917,0.00462190672852798,
0.0049819098329268,0.00534191293732561,0.00570191604172443),
 .UNSPECIFIED.);
#234=B_SPLINE_CURVE_WITH_KNOTS('',3,(#10706,#10707,#10708,#10709),
 .UNSPECIFIED.,.F.,.F.,(4,4),(5.28040964334252E-18,0.000965183303668793),
 .UNSPECIFIED.);
#235=B_SPLINE_CURVE_WITH_KNOTS('',3,(#10710,#10711,#10712,#10713),
 .UNSPECIFIED.,.F.,.F.,(4,4),(3.46944695195361E-18,0.000965183303668793),
 .UNSPECIFIED.);
#236=B_SPLINE_CURVE_WITH_KNOTS('',3,(#10731,#10732,#10733,#10734),
 .UNSPECIFIED.,.F.,.F.,(4,4),(3.46944695195361E-18,0.000965183303668792),
 .UNSPECIFIED.);
#237=B_SPLINE_CURVE_WITH_KNOTS('',3,(#10735,#10736,#10737,#10738),
 .UNSPECIFIED.,.F.,.F.,(4,4),(3.46944695195361E-18,0.000965183303668792),
 .UNSPECIFIED.);
#238=CIRCLE('',#7244,0.3);
#239=CIRCLE('',#7247,4.);
#240=CIRCLE('',#7248,1.00000000000001);
#241=CIRCLE('',#7249,1.00000000000002);
#242=CIRCLE('',#7250,3.9999999999999);
#243=CIRCLE('',#7259,0.4);
#244=CIRCLE('',#7260,0.399999999999999);
#245=CIRCLE('',#7263,4.);
#246=CIRCLE('',#7264,1.00000000000001);
#247=CIRCLE('',#7265,1.00000000000002);
#248=CIRCLE('',#7266,3.9999999999999);
#249=CIRCLE('',#7275,0.4);
#250=CIRCLE('',#7276,0.399999999999999);
#251=CIRCLE('',#7278,0.399999999999999);
#252=CIRCLE('',#7279,6.);
#253=CIRCLE('',#7280,1.6);
#254=CIRCLE('',#7282,0.399999999999999);
#255=CIRCLE('',#7283,1.6);
#256=CIRCLE('',#7284,6.);
#257=CIRCLE('',#7286,0.399999999999999);
#258=CIRCLE('',#7287,6.);
#259=CIRCLE('',#7288,1.6);
#260=CIRCLE('',#7290,0.399999999999999);
#261=CIRCLE('',#7291,1.6);
#262=CIRCLE('',#7292,6.);
#263=CIRCLE('',#7294,0.2);
#264=CIRCLE('',#7295,0.200000000000001);
#265=CIRCLE('',#7296,1.22320508075689);
#266=CIRCLE('',#7297,1.22320508075689);
#267=CIRCLE('',#7298,0.2);
#268=CIRCLE('',#7299,0.200000000000002);
#269=CIRCLE('',#7300,0.199999999999999);
#270=CIRCLE('',#7301,0.199999999999999);
#271=CIRCLE('',#7302,0.299999999999999);
#272=CIRCLE('',#7303,0.299999999999999);
#273=CIRCLE('',#7304,0.200000000000001);
#274=CIRCLE('',#7305,0.200000000000001);
#275=CIRCLE('',#7307,0.300000000000003);
#276=CIRCLE('',#7308,0.300000000000003);
#277=CIRCLE('',#7310,0.300000000000003);
#278=CIRCLE('',#7311,0.300000000000003);
#279=CIRCLE('',#7314,0.300000000000003);
#280=CIRCLE('',#7315,0.300000000000003);
#281=CIRCLE('',#7321,1.4);
#282=CIRCLE('',#7322,1.4);
#283=CIRCLE('',#7324,1.5);
#284=CIRCLE('',#7325,1.4);
#285=CIRCLE('',#7326,0.3);
#286=CIRCLE('',#7331,1.5);
#287=CIRCLE('',#7333,0.3);
#288=CIRCLE('',#7335,1.4);
#289=CIRCLE('',#7337,1.4);
#290=CIRCLE('',#7339,1.4);
#291=CIRCLE('',#7341,1.4);
#292=CIRCLE('',#7342,1.5);
#293=CIRCLE('',#7344,1.5);
#294=CIRCLE('',#7346,1.8);
#295=CIRCLE('',#7347,0.3);
#296=CIRCLE('',#7348,1.9);
#297=CIRCLE('',#7351,1.8);
#298=CIRCLE('',#7352,1.9);
#299=CIRCLE('',#7355,1.8);
#300=CIRCLE('',#7356,1.7);
#301=CIRCLE('',#7359,1.8);
#302=CIRCLE('',#7360,1.7);
#303=CIRCLE('',#7363,1.9);
#304=CIRCLE('',#7364,1.4);
#305=CIRCLE('',#7365,0.200000000000007);
#306=CIRCLE('',#7367,1.9);
#307=CIRCLE('',#7368,1.4);
#308=CIRCLE('',#7369,0.200000000000007);
#309=CIRCLE('',#7371,0.3);
#310=CIRCLE('',#7372,0.3);
#311=CIRCLE('',#7374,0.300000000000002);
#312=CIRCLE('',#7375,0.300000000000002);
#313=CIRCLE('',#7378,0.3);
#314=CIRCLE('',#7381,0.500000000000005);
#315=CIRCLE('',#7382,0.500000000000005);
#316=CIRCLE('',#7384,0.473205080756889);
#317=CIRCLE('',#7385,0.026794919243111);
#318=CIRCLE('',#7386,0.673205080756886);
#319=CIRCLE('',#7387,0.673205080756889);
#320=CIRCLE('',#7388,0.673205080756889);
#321=CIRCLE('',#7389,0.673205080756882);
#322=CIRCLE('',#7390,0.67320508075689);
#323=CIRCLE('',#7391,0.0267949192431119);
#324=CIRCLE('',#7392,0.473205080756888);
#325=CIRCLE('',#7393,0.473205080756889);
#326=CIRCLE('',#7394,0.026794919243111);
#327=CIRCLE('',#7395,0.673205080756886);
#328=CIRCLE('',#7396,0.673205080756889);
#329=CIRCLE('',#7397,0.673205080756889);
#330=CIRCLE('',#7398,0.673205080756882);
#331=CIRCLE('',#7399,0.67320508075689);
#332=CIRCLE('',#7400,0.0267949192431119);
#333=CIRCLE('',#7401,0.473205080756888);
#334=CIRCLE('',#7403,0.299999999999991);
#335=CIRCLE('',#7404,0.299999999999991);
#336=CIRCLE('',#7406,0.199999999999994);
#337=CIRCLE('',#7407,0.199999999999998);
#338=CIRCLE('',#7408,0.3);
#339=CIRCLE('',#7409,0.300000000000002);
#340=CIRCLE('',#7410,1.);
#341=CIRCLE('',#7411,0.4);
#342=CIRCLE('',#7412,0.8);
#343=CIRCLE('',#7415,1.7);
#344=CIRCLE('',#7416,1.5);
#345=CIRCLE('',#7417,1.40000000000001);
#346=CIRCLE('',#7419,1.4);
#347=CIRCLE('',#7420,1.5);
#348=CIRCLE('',#7421,0.200000000000007);
#349=CIRCLE('',#7422,1.4);
#350=CIRCLE('',#7423,1.40000000000001);
#351=CIRCLE('',#7424,1.5);
#352=CIRCLE('',#7425,1.4);
#353=CIRCLE('',#7433,1.7);
#354=CIRCLE('',#7434,1.5);
#355=CIRCLE('',#7435,1.40000000000001);
#356=CIRCLE('',#7437,1.40000000000001);
#357=CIRCLE('',#7439,1.5);
#358=CIRCLE('',#7443,0.200000000000007);
#359=CIRCLE('',#7445,1.4);
#360=CIRCLE('',#7448,1.5);
#361=CIRCLE('',#7451,1.4);
#362=CIRCLE('',#7453,1.4);
#363=CIRCLE('',#7456,1.4);
#364=CIRCLE('',#7458,1.4);
#365=CIRCLE('',#7459,1.4);
#366=CIRCLE('',#7461,1.4);
#367=CIRCLE('',#7470,1.5);
#368=CIRCLE('',#7476,0.3);
#369=CIRCLE('',#7478,0.3);
#370=CIRCLE('',#7504,1.05);
#371=CIRCLE('',#7506,1.05);
#372=CIRCLE('',#7509,1.05);
#373=CIRCLE('',#7511,1.05);
#374=CIRCLE('',#7517,0.2);
#375=CIRCLE('',#7520,0.200000000000002);
#376=CIRCLE('',#7523,0.199999999999999);
#377=CIRCLE('',#7526,0.199999999999999);
#378=CIRCLE('',#7529,0.299999999999999);
#379=CIRCLE('',#7532,0.299999999999999);
#380=CIRCLE('',#7539,0.2);
#381=CIRCLE('',#7542,0.200000000000001);
#382=CIRCLE('',#7546,0.299999999999999);
#383=CIRCLE('',#7549,0.200000000000001);
#384=CIRCLE('',#7551,0.500000000000001);
#385=CIRCLE('',#7554,0.499999999999993);
#386=CIRCLE('',#7557,0.5);
#387=CIRCLE('',#7560,0.5);
#388=CIRCLE('',#7565,0.499999999999998);
#389=CIRCLE('',#7568,0.2);
#390=CIRCLE('',#7571,0.3);
#391=CIRCLE('',#7573,0.299999999999999);
#392=CIRCLE('',#7574,0.200000000000003);
#393=CIRCLE('',#7575,0.500000000000002);
#394=CIRCLE('',#7576,0.499999999999993);
#395=CIRCLE('',#7577,0.500000000000001);
#396=CIRCLE('',#7578,0.5);
#397=CIRCLE('',#7579,0.499999999999998);
#398=CIRCLE('',#7580,0.2);
#399=CIRCLE('',#7581,0.3);
#400=CIRCLE('',#7603,0.299999999999999);
#401=CIRCLE('',#7606,0.200000000000001);
#402=CIRCLE('',#7608,0.500000000000001);
#403=CIRCLE('',#7611,0.499999999999993);
#404=CIRCLE('',#7614,0.5);
#405=CIRCLE('',#7617,0.5);
#406=CIRCLE('',#7622,0.499999999999998);
#407=CIRCLE('',#7625,0.2);
#408=CIRCLE('',#7628,0.3);
#409=CIRCLE('',#7630,0.299999999999999);
#410=CIRCLE('',#7631,0.200000000000003);
#411=CIRCLE('',#7632,0.500000000000002);
#412=CIRCLE('',#7633,0.499999999999993);
#413=CIRCLE('',#7634,0.500000000000001);
#414=CIRCLE('',#7635,0.5);
#415=CIRCLE('',#7636,0.499999999999998);
#416=CIRCLE('',#7637,0.2);
#417=CIRCLE('',#7638,0.3);
#418=CIRCLE('',#7661,0.200000000000001);
#419=CIRCLE('',#7667,0.200000000000001);
#420=CIRCLE('',#7677,0.4);
#421=CIRCLE('',#7685,0.4);
#422=CIRCLE('',#7688,0.399999999999999);
#423=CIRCLE('',#7692,0.399999999999999);
#424=CIRCLE('',#7708,0.8);
#425=CIRCLE('',#7711,0.4);
#426=CIRCLE('',#7714,1.);
#427=CIRCLE('',#7731,0.5);
#428=CIRCLE('',#7734,0.0999999999999997);
#429=CIRCLE('',#7737,0.700000000000001);
#430=ELLIPSE('',#7243,0.304627983565724,0.3);
#431=ELLIPSE('',#7252,1.30540728933229,1.00000000000001);
#432=ELLIPSE('',#7253,5.22162915732912,4.);
#433=ELLIPSE('',#7254,5.22162915732898,3.9999999999999);
#434=ELLIPSE('',#7255,1.3054072893323,1.00000000000002);
#435=ELLIPSE('',#7256,6.52703644666143,5.00000000000003);
#436=ELLIPSE('',#7257,6.52703644666143,5.00000000000003);
#437=ELLIPSE('',#7268,1.30540728933229,1.00000000000001);
#438=ELLIPSE('',#7269,5.22162915732912,4.);
#439=ELLIPSE('',#7270,5.22162915732898,3.9999999999999);
#440=ELLIPSE('',#7271,1.3054072893323,1.00000000000002);
#441=ELLIPSE('',#7272,6.52703644666143,5.00000000000003);
#442=ELLIPSE('',#7273,6.52703644666143,5.00000000000003);
#443=ELLIPSE('',#7717,0.203085322377147,0.199999999999998);
#444=ELLIPSE('',#7720,0.203085322377143,0.199999999999994);
#445=ELLIPSE('',#7723,0.304627983565725,0.300000000000002);
#446=ELLIPSE('',#7726,0.304627983565724,0.3);
#447=ORIENTED_EDGE('',*,*,#1953,.F.);
#448=ORIENTED_EDGE('',*,*,#1954,.T.);
#449=ORIENTED_EDGE('',*,*,#1955,.T.);
#450=ORIENTED_EDGE('',*,*,#1956,.T.);
#451=ORIENTED_EDGE('',*,*,#1957,.F.);
#452=ORIENTED_EDGE('',*,*,#1958,.T.);
#453=ORIENTED_EDGE('',*,*,#1959,.T.);
#454=ORIENTED_EDGE('',*,*,#1960,.T.);
#455=ORIENTED_EDGE('',*,*,#1961,.T.);
#456=ORIENTED_EDGE('',*,*,#1962,.F.);
#457=ORIENTED_EDGE('',*,*,#1963,.F.);
#458=ORIENTED_EDGE('',*,*,#1964,.F.);
#459=ORIENTED_EDGE('',*,*,#1957,.T.);
#460=ORIENTED_EDGE('',*,*,#1965,.F.);
#461=ORIENTED_EDGE('',*,*,#1966,.F.);
#462=ORIENTED_EDGE('',*,*,#1967,.T.);
#463=ORIENTED_EDGE('',*,*,#1968,.F.);
#464=ORIENTED_EDGE('',*,*,#1969,.T.);
#465=ORIENTED_EDGE('',*,*,#1970,.F.);
#466=ORIENTED_EDGE('',*,*,#1971,.F.);
#467=ORIENTED_EDGE('',*,*,#1972,.F.);
#468=ORIENTED_EDGE('',*,*,#1973,.T.);
#469=ORIENTED_EDGE('',*,*,#1974,.T.);
#470=ORIENTED_EDGE('',*,*,#1975,.F.);
#471=ORIENTED_EDGE('',*,*,#1976,.T.);
#472=ORIENTED_EDGE('',*,*,#1977,.T.);
#473=ORIENTED_EDGE('',*,*,#1978,.T.);
#474=ORIENTED_EDGE('',*,*,#1979,.T.);
#475=ORIENTED_EDGE('',*,*,#1980,.T.);
#476=ORIENTED_EDGE('',*,*,#1981,.F.);
#477=ORIENTED_EDGE('',*,*,#1982,.T.);
#478=ORIENTED_EDGE('',*,*,#1983,.F.);
#479=ORIENTED_EDGE('',*,*,#1977,.F.);
#480=ORIENTED_EDGE('',*,*,#1984,.F.);
#481=ORIENTED_EDGE('',*,*,#1985,.F.);
#482=ORIENTED_EDGE('',*,*,#1986,.F.);
#483=ORIENTED_EDGE('',*,*,#1967,.F.);
#484=ORIENTED_EDGE('',*,*,#1987,.F.);
#485=ORIENTED_EDGE('',*,*,#1988,.T.);
#486=ORIENTED_EDGE('',*,*,#1989,.T.);
#487=ORIENTED_EDGE('',*,*,#1990,.T.);
#488=ORIENTED_EDGE('',*,*,#1991,.T.);
#489=ORIENTED_EDGE('',*,*,#1992,.F.);
#490=ORIENTED_EDGE('',*,*,#1993,.F.);
#491=ORIENTED_EDGE('',*,*,#1994,.F.);
#492=ORIENTED_EDGE('',*,*,#1987,.T.);
#493=ORIENTED_EDGE('',*,*,#1995,.F.);
#494=ORIENTED_EDGE('',*,*,#1996,.F.);
#495=ORIENTED_EDGE('',*,*,#1997,.T.);
#496=ORIENTED_EDGE('',*,*,#1998,.F.);
#497=ORIENTED_EDGE('',*,*,#1999,.T.);
#498=ORIENTED_EDGE('',*,*,#2000,.F.);
#499=ORIENTED_EDGE('',*,*,#2001,.F.);
#500=ORIENTED_EDGE('',*,*,#2002,.F.);
#501=ORIENTED_EDGE('',*,*,#2003,.T.);
#502=ORIENTED_EDGE('',*,*,#2004,.T.);
#503=ORIENTED_EDGE('',*,*,#2005,.F.);
#504=ORIENTED_EDGE('',*,*,#2006,.T.);
#505=ORIENTED_EDGE('',*,*,#2007,.T.);
#506=ORIENTED_EDGE('',*,*,#2008,.T.);
#507=ORIENTED_EDGE('',*,*,#2009,.T.);
#508=ORIENTED_EDGE('',*,*,#2010,.T.);
#509=ORIENTED_EDGE('',*,*,#2011,.F.);
#510=ORIENTED_EDGE('',*,*,#2012,.T.);
#511=ORIENTED_EDGE('',*,*,#2013,.F.);
#512=ORIENTED_EDGE('',*,*,#2007,.F.);
#513=ORIENTED_EDGE('',*,*,#2014,.F.);
#514=ORIENTED_EDGE('',*,*,#2015,.F.);
#515=ORIENTED_EDGE('',*,*,#2016,.F.);
#516=ORIENTED_EDGE('',*,*,#1997,.F.);
#517=ORIENTED_EDGE('',*,*,#2017,.T.);
#518=ORIENTED_EDGE('',*,*,#2018,.T.);
#519=ORIENTED_EDGE('',*,*,#1971,.T.);
#520=ORIENTED_EDGE('',*,*,#2019,.T.);
#521=ORIENTED_EDGE('',*,*,#2020,.T.);
#522=ORIENTED_EDGE('',*,*,#2021,.F.);
#523=ORIENTED_EDGE('',*,*,#2022,.F.);
#524=ORIENTED_EDGE('',*,*,#2023,.T.);
#525=ORIENTED_EDGE('',*,*,#2024,.F.);
#526=ORIENTED_EDGE('',*,*,#2025,.F.);
#527=ORIENTED_EDGE('',*,*,#2026,.F.);
#528=ORIENTED_EDGE('',*,*,#2027,.T.);
#529=ORIENTED_EDGE('',*,*,#2028,.T.);
#530=ORIENTED_EDGE('',*,*,#2029,.F.);
#531=ORIENTED_EDGE('',*,*,#2030,.F.);
#532=ORIENTED_EDGE('',*,*,#1969,.F.);
#533=ORIENTED_EDGE('',*,*,#2031,.T.);
#534=ORIENTED_EDGE('',*,*,#2032,.T.);
#535=ORIENTED_EDGE('',*,*,#2001,.T.);
#536=ORIENTED_EDGE('',*,*,#2033,.T.);
#537=ORIENTED_EDGE('',*,*,#2034,.T.);
#538=ORIENTED_EDGE('',*,*,#2035,.F.);
#539=ORIENTED_EDGE('',*,*,#2036,.F.);
#540=ORIENTED_EDGE('',*,*,#2037,.T.);
#541=ORIENTED_EDGE('',*,*,#2038,.F.);
#542=ORIENTED_EDGE('',*,*,#2039,.F.);
#543=ORIENTED_EDGE('',*,*,#2040,.F.);
#544=ORIENTED_EDGE('',*,*,#2041,.T.);
#545=ORIENTED_EDGE('',*,*,#2042,.T.);
#546=ORIENTED_EDGE('',*,*,#2043,.F.);
#547=ORIENTED_EDGE('',*,*,#2044,.F.);
#548=ORIENTED_EDGE('',*,*,#1999,.F.);
#549=ORIENTED_EDGE('',*,*,#2045,.T.);
#550=ORIENTED_EDGE('',*,*,#2046,.T.);
#551=ORIENTED_EDGE('',*,*,#2047,.T.);
#552=ORIENTED_EDGE('',*,*,#2048,.T.);
#553=ORIENTED_EDGE('',*,*,#2049,.T.);
#554=ORIENTED_EDGE('',*,*,#2050,.T.);
#555=ORIENTED_EDGE('',*,*,#2051,.F.);
#556=ORIENTED_EDGE('',*,*,#2052,.F.);
#557=ORIENTED_EDGE('',*,*,#2053,.T.);
#558=ORIENTED_EDGE('',*,*,#2054,.T.);
#559=ORIENTED_EDGE('',*,*,#2055,.T.);
#560=ORIENTED_EDGE('',*,*,#2056,.T.);
#561=ORIENTED_EDGE('',*,*,#2057,.T.);
#562=ORIENTED_EDGE('',*,*,#2058,.T.);
#563=ORIENTED_EDGE('',*,*,#2059,.T.);
#564=ORIENTED_EDGE('',*,*,#2060,.T.);
#565=ORIENTED_EDGE('',*,*,#2061,.T.);
#566=ORIENTED_EDGE('',*,*,#2062,.T.);
#567=ORIENTED_EDGE('',*,*,#2063,.T.);
#568=ORIENTED_EDGE('',*,*,#2064,.T.);
#569=ORIENTED_EDGE('',*,*,#2065,.T.);
#570=ORIENTED_EDGE('',*,*,#2066,.T.);
#571=ORIENTED_EDGE('',*,*,#2067,.T.);
#572=ORIENTED_EDGE('',*,*,#2068,.T.);
#573=ORIENTED_EDGE('',*,*,#2069,.T.);
#574=ORIENTED_EDGE('',*,*,#2070,.T.);
#575=ORIENTED_EDGE('',*,*,#2071,.T.);
#576=ORIENTED_EDGE('',*,*,#2072,.T.);
#577=ORIENTED_EDGE('',*,*,#2073,.T.);
#578=ORIENTED_EDGE('',*,*,#2074,.T.);
#579=ORIENTED_EDGE('',*,*,#2075,.T.);
#580=ORIENTED_EDGE('',*,*,#2076,.T.);
#581=ORIENTED_EDGE('',*,*,#2077,.T.);
#582=ORIENTED_EDGE('',*,*,#2078,.F.);
#583=ORIENTED_EDGE('',*,*,#2079,.F.);
#584=ORIENTED_EDGE('',*,*,#2080,.T.);
#585=ORIENTED_EDGE('',*,*,#2081,.F.);
#586=ORIENTED_EDGE('',*,*,#2080,.F.);
#587=ORIENTED_EDGE('',*,*,#2082,.F.);
#588=ORIENTED_EDGE('',*,*,#2083,.T.);
#589=ORIENTED_EDGE('',*,*,#2084,.F.);
#590=ORIENTED_EDGE('',*,*,#2085,.T.);
#591=ORIENTED_EDGE('',*,*,#2086,.F.);
#592=ORIENTED_EDGE('',*,*,#2071,.F.);
#593=ORIENTED_EDGE('',*,*,#2087,.F.);
#594=ORIENTED_EDGE('',*,*,#2083,.F.);
#595=ORIENTED_EDGE('',*,*,#2088,.F.);
#596=ORIENTED_EDGE('',*,*,#2089,.T.);
#597=ORIENTED_EDGE('',*,*,#2090,.T.);
#598=ORIENTED_EDGE('',*,*,#2091,.F.);
#599=ORIENTED_EDGE('',*,*,#2092,.F.);
#600=ORIENTED_EDGE('',*,*,#2093,.T.);
#601=ORIENTED_EDGE('',*,*,#2094,.F.);
#602=ORIENTED_EDGE('',*,*,#2085,.F.);
#603=ORIENTED_EDGE('',*,*,#2095,.F.);
#604=ORIENTED_EDGE('',*,*,#2096,.T.);
#605=ORIENTED_EDGE('',*,*,#2097,.F.);
#606=ORIENTED_EDGE('',*,*,#2091,.T.);
#607=ORIENTED_EDGE('',*,*,#2098,.T.);
#608=ORIENTED_EDGE('',*,*,#2076,.F.);
#609=ORIENTED_EDGE('',*,*,#2099,.T.);
#610=ORIENTED_EDGE('',*,*,#2100,.T.);
#611=ORIENTED_EDGE('',*,*,#2101,.T.);
#612=ORIENTED_EDGE('',*,*,#2102,.T.);
#613=ORIENTED_EDGE('',*,*,#2103,.F.);
#614=ORIENTED_EDGE('',*,*,#2104,.T.);
#615=ORIENTED_EDGE('',*,*,#2105,.T.);
#616=ORIENTED_EDGE('',*,*,#2106,.T.);
#617=ORIENTED_EDGE('',*,*,#2107,.T.);
#618=ORIENTED_EDGE('',*,*,#2108,.F.);
#619=ORIENTED_EDGE('',*,*,#2109,.T.);
#620=ORIENTED_EDGE('',*,*,#2110,.T.);
#621=ORIENTED_EDGE('',*,*,#2111,.T.);
#622=ORIENTED_EDGE('',*,*,#2112,.T.);
#623=ORIENTED_EDGE('',*,*,#2113,.T.);
#624=ORIENTED_EDGE('',*,*,#2114,.F.);
#625=ORIENTED_EDGE('',*,*,#2115,.F.);
#626=ORIENTED_EDGE('',*,*,#2116,.T.);
#627=ORIENTED_EDGE('',*,*,#2117,.T.);
#628=ORIENTED_EDGE('',*,*,#2118,.T.);
#629=ORIENTED_EDGE('',*,*,#2119,.T.);
#630=ORIENTED_EDGE('',*,*,#2120,.F.);
#631=ORIENTED_EDGE('',*,*,#2121,.T.);
#632=ORIENTED_EDGE('',*,*,#2122,.T.);
#633=ORIENTED_EDGE('',*,*,#2123,.T.);
#634=ORIENTED_EDGE('',*,*,#2124,.T.);
#635=ORIENTED_EDGE('',*,*,#2125,.T.);
#636=ORIENTED_EDGE('',*,*,#2126,.T.);
#637=ORIENTED_EDGE('',*,*,#2127,.T.);
#638=ORIENTED_EDGE('',*,*,#2128,.T.);
#639=ORIENTED_EDGE('',*,*,#2129,.T.);
#640=ORIENTED_EDGE('',*,*,#2130,.T.);
#641=ORIENTED_EDGE('',*,*,#2131,.T.);
#642=ORIENTED_EDGE('',*,*,#2132,.F.);
#643=ORIENTED_EDGE('',*,*,#2133,.T.);
#644=ORIENTED_EDGE('',*,*,#2134,.T.);
#645=ORIENTED_EDGE('',*,*,#2135,.T.);
#646=ORIENTED_EDGE('',*,*,#2136,.T.);
#647=ORIENTED_EDGE('',*,*,#2137,.T.);
#648=ORIENTED_EDGE('',*,*,#2138,.T.);
#649=ORIENTED_EDGE('',*,*,#2139,.F.);
#650=ORIENTED_EDGE('',*,*,#2140,.T.);
#651=ORIENTED_EDGE('',*,*,#2141,.F.);
#652=ORIENTED_EDGE('',*,*,#2137,.F.);
#653=ORIENTED_EDGE('',*,*,#2142,.T.);
#654=ORIENTED_EDGE('',*,*,#2143,.T.);
#655=ORIENTED_EDGE('',*,*,#2144,.T.);
#656=ORIENTED_EDGE('',*,*,#2145,.F.);
#657=ORIENTED_EDGE('',*,*,#2146,.T.);
#658=ORIENTED_EDGE('',*,*,#2114,.T.);
#659=ORIENTED_EDGE('',*,*,#2147,.T.);
#660=ORIENTED_EDGE('',*,*,#2148,.F.);
#661=ORIENTED_EDGE('',*,*,#2149,.T.);
#662=ORIENTED_EDGE('',*,*,#2150,.T.);
#663=ORIENTED_EDGE('',*,*,#2151,.T.);
#664=ORIENTED_EDGE('',*,*,#2140,.F.);
#665=ORIENTED_EDGE('',*,*,#2152,.T.);
#666=ORIENTED_EDGE('',*,*,#2153,.T.);
#667=ORIENTED_EDGE('',*,*,#2142,.F.);
#668=ORIENTED_EDGE('',*,*,#2153,.F.);
#669=ORIENTED_EDGE('',*,*,#2154,.T.);
#670=ORIENTED_EDGE('',*,*,#2155,.T.);
#671=ORIENTED_EDGE('',*,*,#2143,.F.);
#672=ORIENTED_EDGE('',*,*,#2155,.F.);
#673=ORIENTED_EDGE('',*,*,#2156,.T.);
#674=ORIENTED_EDGE('',*,*,#2157,.T.);
#675=ORIENTED_EDGE('',*,*,#2144,.F.);
#676=ORIENTED_EDGE('',*,*,#2158,.F.);
#677=ORIENTED_EDGE('',*,*,#2159,.T.);
#678=ORIENTED_EDGE('',*,*,#2145,.T.);
#679=ORIENTED_EDGE('',*,*,#2157,.F.);
#680=ORIENTED_EDGE('',*,*,#2150,.F.);
#681=ORIENTED_EDGE('',*,*,#2160,.T.);
#682=ORIENTED_EDGE('',*,*,#2161,.T.);
#683=ORIENTED_EDGE('',*,*,#2162,.F.);
#684=ORIENTED_EDGE('',*,*,#2163,.T.);
#685=ORIENTED_EDGE('',*,*,#2164,.F.);
#686=ORIENTED_EDGE('',*,*,#2165,.T.);
#687=ORIENTED_EDGE('',*,*,#2166,.T.);
#688=ORIENTED_EDGE('',*,*,#2167,.F.);
#689=ORIENTED_EDGE('',*,*,#2168,.T.);
#690=ORIENTED_EDGE('',*,*,#2169,.T.);
#691=ORIENTED_EDGE('',*,*,#2170,.F.);
#692=ORIENTED_EDGE('',*,*,#2171,.T.);
#693=ORIENTED_EDGE('',*,*,#2172,.F.);
#694=ORIENTED_EDGE('',*,*,#2173,.F.);
#695=ORIENTED_EDGE('',*,*,#2174,.T.);
#696=ORIENTED_EDGE('',*,*,#2103,.T.);
#697=ORIENTED_EDGE('',*,*,#2175,.F.);
#698=ORIENTED_EDGE('',*,*,#2176,.F.);
#699=ORIENTED_EDGE('',*,*,#2108,.T.);
#700=ORIENTED_EDGE('',*,*,#2177,.F.);
#701=ORIENTED_EDGE('',*,*,#2178,.F.);
#702=ORIENTED_EDGE('',*,*,#2101,.F.);
#703=ORIENTED_EDGE('',*,*,#2179,.F.);
#704=ORIENTED_EDGE('',*,*,#2180,.F.);
#705=ORIENTED_EDGE('',*,*,#2181,.F.);
#706=ORIENTED_EDGE('',*,*,#2182,.F.);
#707=ORIENTED_EDGE('',*,*,#2183,.T.);
#708=ORIENTED_EDGE('',*,*,#2184,.T.);
#709=ORIENTED_EDGE('',*,*,#2185,.T.);
#710=ORIENTED_EDGE('',*,*,#2186,.T.);
#711=ORIENTED_EDGE('',*,*,#2171,.F.);
#712=ORIENTED_EDGE('',*,*,#2187,.T.);
#713=ORIENTED_EDGE('',*,*,#2188,.F.);
#714=ORIENTED_EDGE('',*,*,#2189,.F.);
#715=ORIENTED_EDGE('',*,*,#2166,.F.);
#716=ORIENTED_EDGE('',*,*,#2190,.T.);
#717=ORIENTED_EDGE('',*,*,#2130,.F.);
#718=ORIENTED_EDGE('',*,*,#2191,.F.);
#719=ORIENTED_EDGE('',*,*,#2192,.F.);
#720=ORIENTED_EDGE('',*,*,#2161,.F.);
#721=ORIENTED_EDGE('',*,*,#2193,.F.);
#722=ORIENTED_EDGE('',*,*,#2194,.T.);
#723=ORIENTED_EDGE('',*,*,#2195,.T.);
#724=ORIENTED_EDGE('',*,*,#2196,.T.);
#725=ORIENTED_EDGE('',*,*,#2197,.T.);
#726=ORIENTED_EDGE('',*,*,#2198,.F.);
#727=ORIENTED_EDGE('',*,*,#2199,.T.);
#728=ORIENTED_EDGE('',*,*,#2200,.F.);
#729=ORIENTED_EDGE('',*,*,#2184,.F.);
#730=ORIENTED_EDGE('',*,*,#2201,.F.);
#731=ORIENTED_EDGE('',*,*,#2202,.F.);
#732=ORIENTED_EDGE('',*,*,#2203,.T.);
#733=ORIENTED_EDGE('',*,*,#2204,.T.);
#734=ORIENTED_EDGE('',*,*,#2165,.F.);
#735=ORIENTED_EDGE('',*,*,#2205,.T.);
#736=ORIENTED_EDGE('',*,*,#2206,.F.);
#737=ORIENTED_EDGE('',*,*,#2207,.F.);
#738=ORIENTED_EDGE('',*,*,#2208,.F.);
#739=ORIENTED_EDGE('',*,*,#2195,.F.);
#740=ORIENTED_EDGE('',*,*,#2209,.F.);
#741=ORIENTED_EDGE('',*,*,#2210,.F.);
#742=ORIENTED_EDGE('',*,*,#2211,.T.);
#743=ORIENTED_EDGE('',*,*,#2212,.T.);
#744=ORIENTED_EDGE('',*,*,#2213,.F.);
#745=ORIENTED_EDGE('',*,*,#2214,.F.);
#746=ORIENTED_EDGE('',*,*,#2215,.T.);
#747=ORIENTED_EDGE('',*,*,#2216,.F.);
#748=ORIENTED_EDGE('',*,*,#2217,.T.);
#749=ORIENTED_EDGE('',*,*,#2218,.F.);
#750=ORIENTED_EDGE('',*,*,#2219,.F.);
#751=ORIENTED_EDGE('',*,*,#2220,.F.);
#752=ORIENTED_EDGE('',*,*,#2110,.F.);
#753=ORIENTED_EDGE('',*,*,#2221,.T.);
#754=ORIENTED_EDGE('',*,*,#2222,.F.);
#755=ORIENTED_EDGE('',*,*,#2223,.T.);
#756=ORIENTED_EDGE('',*,*,#2224,.F.);
#757=ORIENTED_EDGE('',*,*,#2225,.F.);
#758=ORIENTED_EDGE('',*,*,#2226,.F.);
#759=ORIENTED_EDGE('',*,*,#2122,.F.);
#760=ORIENTED_EDGE('',*,*,#2227,.F.);
#761=ORIENTED_EDGE('',*,*,#2228,.T.);
#762=ORIENTED_EDGE('',*,*,#2229,.T.);
#763=ORIENTED_EDGE('',*,*,#2230,.F.);
#764=ORIENTED_EDGE('',*,*,#2078,.T.);
#765=ORIENTED_EDGE('',*,*,#2231,.T.);
#766=ORIENTED_EDGE('',*,*,#2232,.F.);
#767=ORIENTED_EDGE('',*,*,#2233,.F.);
#768=ORIENTED_EDGE('',*,*,#2232,.T.);
#769=ORIENTED_EDGE('',*,*,#2234,.T.);
#770=ORIENTED_EDGE('',*,*,#2228,.F.);
#771=ORIENTED_EDGE('',*,*,#2235,.F.);
#772=ORIENTED_EDGE('',*,*,#2236,.F.);
#773=ORIENTED_EDGE('',*,*,#2222,.T.);
#774=ORIENTED_EDGE('',*,*,#2193,.T.);
#775=ORIENTED_EDGE('',*,*,#2160,.F.);
#776=ORIENTED_EDGE('',*,*,#2149,.F.);
#777=ORIENTED_EDGE('',*,*,#2237,.F.);
#778=ORIENTED_EDGE('',*,*,#2216,.T.);
#779=ORIENTED_EDGE('',*,*,#2182,.T.);
#780=ORIENTED_EDGE('',*,*,#2238,.F.);
#781=ORIENTED_EDGE('',*,*,#2239,.F.);
#782=ORIENTED_EDGE('',*,*,#2238,.T.);
#783=ORIENTED_EDGE('',*,*,#2181,.T.);
#784=ORIENTED_EDGE('',*,*,#2240,.F.);
#785=ORIENTED_EDGE('',*,*,#2241,.F.);
#786=ORIENTED_EDGE('',*,*,#2202,.T.);
#787=ORIENTED_EDGE('',*,*,#2242,.T.);
#788=ORIENTED_EDGE('',*,*,#2243,.T.);
#789=ORIENTED_EDGE('',*,*,#2244,.F.);
#790=ORIENTED_EDGE('',*,*,#2245,.T.);
#791=ORIENTED_EDGE('',*,*,#2246,.F.);
#792=ORIENTED_EDGE('',*,*,#2247,.F.);
#793=ORIENTED_EDGE('',*,*,#2248,.T.);
#794=ORIENTED_EDGE('',*,*,#2249,.T.);
#795=ORIENTED_EDGE('',*,*,#2151,.F.);
#796=ORIENTED_EDGE('',*,*,#2162,.T.);
#797=ORIENTED_EDGE('',*,*,#2192,.T.);
#798=ORIENTED_EDGE('',*,*,#2250,.T.);
#799=ORIENTED_EDGE('',*,*,#2210,.T.);
#800=ORIENTED_EDGE('',*,*,#2251,.T.);
#801=ORIENTED_EDGE('',*,*,#2252,.T.);
#802=ORIENTED_EDGE('',*,*,#2253,.F.);
#803=ORIENTED_EDGE('',*,*,#2230,.T.);
#804=ORIENTED_EDGE('',*,*,#2254,.T.);
#805=ORIENTED_EDGE('',*,*,#2255,.F.);
#806=ORIENTED_EDGE('',*,*,#2256,.F.);
#807=ORIENTED_EDGE('',*,*,#2240,.T.);
#808=ORIENTED_EDGE('',*,*,#2180,.T.);
#809=ORIENTED_EDGE('',*,*,#2257,.T.);
#810=ORIENTED_EDGE('',*,*,#2255,.T.);
#811=ORIENTED_EDGE('',*,*,#2258,.T.);
#812=ORIENTED_EDGE('',*,*,#2259,.F.);
#813=ORIENTED_EDGE('',*,*,#2260,.F.);
#814=ORIENTED_EDGE('',*,*,#2261,.F.);
#815=ORIENTED_EDGE('',*,*,#2262,.F.);
#816=ORIENTED_EDGE('',*,*,#2263,.F.);
#817=ORIENTED_EDGE('',*,*,#2264,.T.);
#818=ORIENTED_EDGE('',*,*,#2265,.F.);
#819=ORIENTED_EDGE('',*,*,#2266,.F.);
#820=ORIENTED_EDGE('',*,*,#2267,.F.);
#821=ORIENTED_EDGE('',*,*,#2268,.F.);
#822=ORIENTED_EDGE('',*,*,#2269,.F.);
#823=ORIENTED_EDGE('',*,*,#2270,.F.);
#824=ORIENTED_EDGE('',*,*,#2271,.F.);
#825=ORIENTED_EDGE('',*,*,#2272,.F.);
#826=ORIENTED_EDGE('',*,*,#2273,.F.);
#827=ORIENTED_EDGE('',*,*,#2274,.F.);
#828=ORIENTED_EDGE('',*,*,#2275,.F.);
#829=ORIENTED_EDGE('',*,*,#2276,.F.);
#830=ORIENTED_EDGE('',*,*,#2277,.T.);
#831=ORIENTED_EDGE('',*,*,#2278,.F.);
#832=ORIENTED_EDGE('',*,*,#2279,.F.);
#833=ORIENTED_EDGE('',*,*,#2280,.F.);
#834=ORIENTED_EDGE('',*,*,#2281,.F.);
#835=ORIENTED_EDGE('',*,*,#2282,.F.);
#836=ORIENTED_EDGE('',*,*,#2283,.T.);
#837=ORIENTED_EDGE('',*,*,#2284,.F.);
#838=ORIENTED_EDGE('',*,*,#2285,.F.);
#839=ORIENTED_EDGE('',*,*,#2286,.F.);
#840=ORIENTED_EDGE('',*,*,#2287,.F.);
#841=ORIENTED_EDGE('',*,*,#2288,.F.);
#842=ORIENTED_EDGE('',*,*,#2289,.F.);
#843=ORIENTED_EDGE('',*,*,#2290,.F.);
#844=ORIENTED_EDGE('',*,*,#2291,.F.);
#845=ORIENTED_EDGE('',*,*,#2292,.F.);
#846=ORIENTED_EDGE('',*,*,#2293,.F.);
#847=ORIENTED_EDGE('',*,*,#2294,.F.);
#848=ORIENTED_EDGE('',*,*,#2295,.F.);
#849=ORIENTED_EDGE('',*,*,#2296,.T.);
#850=ORIENTED_EDGE('',*,*,#2297,.F.);
#851=ORIENTED_EDGE('',*,*,#2298,.F.);
#852=ORIENTED_EDGE('',*,*,#2259,.T.);
#853=ORIENTED_EDGE('',*,*,#2299,.T.);
#854=ORIENTED_EDGE('',*,*,#2300,.F.);
#855=ORIENTED_EDGE('',*,*,#2301,.F.);
#856=ORIENTED_EDGE('',*,*,#2300,.T.);
#857=ORIENTED_EDGE('',*,*,#2302,.T.);
#858=ORIENTED_EDGE('',*,*,#2089,.F.);
#859=ORIENTED_EDGE('',*,*,#2303,.F.);
#860=ORIENTED_EDGE('',*,*,#2304,.F.);
#861=ORIENTED_EDGE('',*,*,#2305,.F.);
#862=ORIENTED_EDGE('',*,*,#2306,.F.);
#863=ORIENTED_EDGE('',*,*,#2307,.F.);
#864=ORIENTED_EDGE('',*,*,#1956,.F.);
#865=ORIENTED_EDGE('',*,*,#2308,.T.);
#866=ORIENTED_EDGE('',*,*,#2309,.F.);
#867=ORIENTED_EDGE('',*,*,#2310,.F.);
#868=ORIENTED_EDGE('',*,*,#2311,.F.);
#869=ORIENTED_EDGE('',*,*,#2312,.F.);
#870=ORIENTED_EDGE('',*,*,#2313,.F.);
#871=ORIENTED_EDGE('',*,*,#2314,.F.);
#872=ORIENTED_EDGE('',*,*,#2315,.F.);
#873=ORIENTED_EDGE('',*,*,#2316,.F.);
#874=ORIENTED_EDGE('',*,*,#2317,.F.);
#875=ORIENTED_EDGE('',*,*,#2318,.F.);
#876=ORIENTED_EDGE('',*,*,#2082,.T.);
#877=ORIENTED_EDGE('',*,*,#2079,.T.);
#878=ORIENTED_EDGE('',*,*,#2233,.T.);
#879=ORIENTED_EDGE('',*,*,#2239,.T.);
#880=ORIENTED_EDGE('',*,*,#2241,.T.);
#881=ORIENTED_EDGE('',*,*,#2256,.T.);
#882=ORIENTED_EDGE('',*,*,#2260,.T.);
#883=ORIENTED_EDGE('',*,*,#2301,.T.);
#884=ORIENTED_EDGE('',*,*,#2303,.T.);
#885=ORIENTED_EDGE('',*,*,#2088,.T.);
#886=ORIENTED_EDGE('',*,*,#2098,.F.);
#887=ORIENTED_EDGE('',*,*,#2090,.F.);
#888=ORIENTED_EDGE('',*,*,#2302,.F.);
#889=ORIENTED_EDGE('',*,*,#2299,.F.);
#890=ORIENTED_EDGE('',*,*,#2258,.F.);
#891=ORIENTED_EDGE('',*,*,#2254,.F.);
#892=ORIENTED_EDGE('',*,*,#2229,.F.);
#893=ORIENTED_EDGE('',*,*,#2234,.F.);
#894=ORIENTED_EDGE('',*,*,#2231,.F.);
#895=ORIENTED_EDGE('',*,*,#2077,.F.);
#896=ORIENTED_EDGE('',*,*,#2319,.F.);
#897=ORIENTED_EDGE('',*,*,#2211,.F.);
#898=ORIENTED_EDGE('',*,*,#2320,.F.);
#899=ORIENTED_EDGE('',*,*,#2321,.T.);
#900=ORIENTED_EDGE('',*,*,#2251,.F.);
#901=ORIENTED_EDGE('',*,*,#2322,.T.);
#902=ORIENTED_EDGE('',*,*,#2132,.T.);
#903=ORIENTED_EDGE('',*,*,#2323,.F.);
#904=ORIENTED_EDGE('',*,*,#2120,.T.);
#905=ORIENTED_EDGE('',*,*,#2324,.T.);
#906=ORIENTED_EDGE('',*,*,#2325,.T.);
#907=ORIENTED_EDGE('',*,*,#2326,.T.);
#908=ORIENTED_EDGE('',*,*,#2327,.F.);
#909=ORIENTED_EDGE('',*,*,#2235,.T.);
#910=ORIENTED_EDGE('',*,*,#2227,.T.);
#911=ORIENTED_EDGE('',*,*,#2253,.T.);
#912=ORIENTED_EDGE('',*,*,#2328,.F.);
#913=ORIENTED_EDGE('',*,*,#2329,.T.);
#914=ORIENTED_EDGE('',*,*,#2213,.T.);
#915=ORIENTED_EDGE('',*,*,#2330,.T.);
#916=ORIENTED_EDGE('',*,*,#2198,.T.);
#917=ORIENTED_EDGE('',*,*,#2328,.T.);
#918=ORIENTED_EDGE('',*,*,#2252,.F.);
#919=ORIENTED_EDGE('',*,*,#2321,.F.);
#920=ORIENTED_EDGE('',*,*,#2331,.T.);
#921=ORIENTED_EDGE('',*,*,#2329,.F.);
#922=ORIENTED_EDGE('',*,*,#2331,.F.);
#923=ORIENTED_EDGE('',*,*,#2320,.T.);
#924=ORIENTED_EDGE('',*,*,#2214,.T.);
#925=ORIENTED_EDGE('',*,*,#2324,.F.);
#926=ORIENTED_EDGE('',*,*,#2123,.F.);
#927=ORIENTED_EDGE('',*,*,#2226,.T.);
#928=ORIENTED_EDGE('',*,*,#2332,.T.);
#929=ORIENTED_EDGE('',*,*,#2325,.F.);
#930=ORIENTED_EDGE('',*,*,#2332,.F.);
#931=ORIENTED_EDGE('',*,*,#2225,.T.);
#932=ORIENTED_EDGE('',*,*,#2333,.T.);
#933=ORIENTED_EDGE('',*,*,#2326,.F.);
#934=ORIENTED_EDGE('',*,*,#2333,.F.);
#935=ORIENTED_EDGE('',*,*,#2224,.T.);
#936=ORIENTED_EDGE('',*,*,#2334,.T.);
#937=ORIENTED_EDGE('',*,*,#2327,.T.);
#938=ORIENTED_EDGE('',*,*,#2334,.F.);
#939=ORIENTED_EDGE('',*,*,#2223,.F.);
#940=ORIENTED_EDGE('',*,*,#2236,.T.);
#941=ORIENTED_EDGE('',*,*,#2335,.F.);
#942=ORIENTED_EDGE('',*,*,#2203,.F.);
#943=ORIENTED_EDGE('',*,*,#2336,.F.);
#944=ORIENTED_EDGE('',*,*,#2337,.T.);
#945=ORIENTED_EDGE('',*,*,#2242,.F.);
#946=ORIENTED_EDGE('',*,*,#2338,.T.);
#947=ORIENTED_EDGE('',*,*,#2339,.T.);
#948=ORIENTED_EDGE('',*,*,#2243,.F.);
#949=ORIENTED_EDGE('',*,*,#2337,.F.);
#950=ORIENTED_EDGE('',*,*,#2207,.T.);
#951=ORIENTED_EDGE('',*,*,#2340,.F.);
#952=ORIENTED_EDGE('',*,*,#2338,.F.);
#953=ORIENTED_EDGE('',*,*,#2336,.T.);
#954=ORIENTED_EDGE('',*,*,#2341,.F.);
#955=ORIENTED_EDGE('',*,*,#2111,.F.);
#956=ORIENTED_EDGE('',*,*,#2220,.T.);
#957=ORIENTED_EDGE('',*,*,#2342,.T.);
#958=ORIENTED_EDGE('',*,*,#2343,.F.);
#959=ORIENTED_EDGE('',*,*,#2342,.F.);
#960=ORIENTED_EDGE('',*,*,#2219,.T.);
#961=ORIENTED_EDGE('',*,*,#2344,.T.);
#962=ORIENTED_EDGE('',*,*,#2345,.F.);
#963=ORIENTED_EDGE('',*,*,#2344,.F.);
#964=ORIENTED_EDGE('',*,*,#2218,.T.);
#965=ORIENTED_EDGE('',*,*,#2346,.T.);
#966=ORIENTED_EDGE('',*,*,#2237,.T.);
#967=ORIENTED_EDGE('',*,*,#2148,.T.);
#968=ORIENTED_EDGE('',*,*,#2347,.F.);
#969=ORIENTED_EDGE('',*,*,#2348,.F.);
#970=ORIENTED_EDGE('',*,*,#2346,.F.);
#971=ORIENTED_EDGE('',*,*,#2217,.F.);
#972=ORIENTED_EDGE('',*,*,#2131,.F.);
#973=ORIENTED_EDGE('',*,*,#2194,.F.);
#974=ORIENTED_EDGE('',*,*,#2221,.F.);
#975=ORIENTED_EDGE('',*,*,#2121,.F.);
#976=ORIENTED_EDGE('',*,*,#2323,.T.);
#977=ORIENTED_EDGE('',*,*,#2102,.F.);
#978=ORIENTED_EDGE('',*,*,#2183,.F.);
#979=ORIENTED_EDGE('',*,*,#2215,.F.);
#980=ORIENTED_EDGE('',*,*,#2109,.F.);
#981=ORIENTED_EDGE('',*,*,#2178,.T.);
#982=ORIENTED_EDGE('',*,*,#2349,.T.);
#983=ORIENTED_EDGE('',*,*,#2175,.T.);
#984=ORIENTED_EDGE('',*,*,#2212,.F.);
#985=ORIENTED_EDGE('',*,*,#2319,.T.);
#986=ORIENTED_EDGE('',*,*,#2209,.T.);
#987=ORIENTED_EDGE('',*,*,#2199,.F.);
#988=ORIENTED_EDGE('',*,*,#2330,.F.);
#989=ORIENTED_EDGE('',*,*,#2204,.F.);
#990=ORIENTED_EDGE('',*,*,#2335,.T.);
#991=ORIENTED_EDGE('',*,*,#2201,.T.);
#992=ORIENTED_EDGE('',*,*,#2190,.F.);
#993=ORIENTED_EDGE('',*,*,#2168,.F.);
#994=ORIENTED_EDGE('',*,*,#2350,.T.);
#995=ORIENTED_EDGE('',*,*,#2163,.F.);
#996=ORIENTED_EDGE('',*,*,#2197,.F.);
#997=ORIENTED_EDGE('',*,*,#2351,.T.);
#998=ORIENTED_EDGE('',*,*,#2128,.F.);
#999=ORIENTED_EDGE('',*,*,#2322,.F.);
#1000=ORIENTED_EDGE('',*,*,#2129,.F.);
#1001=ORIENTED_EDGE('',*,*,#2351,.F.);
#1002=ORIENTED_EDGE('',*,*,#2196,.F.);
#1003=ORIENTED_EDGE('',*,*,#2208,.T.);
#1004=ORIENTED_EDGE('',*,*,#2250,.F.);
#1005=ORIENTED_EDGE('',*,*,#2191,.T.);
#1006=ORIENTED_EDGE('',*,*,#2100,.F.);
#1007=ORIENTED_EDGE('',*,*,#2352,.F.);
#1008=ORIENTED_EDGE('',*,*,#2185,.F.);
#1009=ORIENTED_EDGE('',*,*,#2200,.T.);
#1010=ORIENTED_EDGE('',*,*,#2257,.F.);
#1011=ORIENTED_EDGE('',*,*,#2179,.T.);
#1012=ORIENTED_EDGE('',*,*,#2099,.F.);
#1013=ORIENTED_EDGE('',*,*,#2174,.F.);
#1014=ORIENTED_EDGE('',*,*,#2353,.T.);
#1015=ORIENTED_EDGE('',*,*,#2354,.T.);
#1016=ORIENTED_EDGE('',*,*,#2355,.T.);
#1017=ORIENTED_EDGE('',*,*,#2356,.T.);
#1018=ORIENTED_EDGE('',*,*,#2357,.F.);
#1019=ORIENTED_EDGE('',*,*,#2169,.F.);
#1020=ORIENTED_EDGE('',*,*,#2186,.F.);
#1021=ORIENTED_EDGE('',*,*,#2352,.T.);
#1022=ORIENTED_EDGE('',*,*,#2358,.F.);
#1023=ORIENTED_EDGE('',*,*,#2244,.T.);
#1024=ORIENTED_EDGE('',*,*,#2339,.F.);
#1025=ORIENTED_EDGE('',*,*,#2340,.T.);
#1026=ORIENTED_EDGE('',*,*,#2206,.T.);
#1027=ORIENTED_EDGE('',*,*,#2359,.T.);
#1028=ORIENTED_EDGE('',*,*,#2360,.F.);
#1029=ORIENTED_EDGE('',*,*,#2361,.T.);
#1030=ORIENTED_EDGE('',*,*,#2188,.T.);
#1031=ORIENTED_EDGE('',*,*,#2362,.T.);
#1032=ORIENTED_EDGE('',*,*,#2356,.F.);
#1033=ORIENTED_EDGE('',*,*,#2359,.F.);
#1034=ORIENTED_EDGE('',*,*,#2205,.F.);
#1035=ORIENTED_EDGE('',*,*,#2164,.T.);
#1036=ORIENTED_EDGE('',*,*,#2363,.T.);
#1037=ORIENTED_EDGE('',*,*,#2360,.T.);
#1038=ORIENTED_EDGE('',*,*,#2363,.F.);
#1039=ORIENTED_EDGE('',*,*,#2350,.F.);
#1040=ORIENTED_EDGE('',*,*,#2364,.T.);
#1041=ORIENTED_EDGE('',*,*,#2361,.F.);
#1042=ORIENTED_EDGE('',*,*,#2364,.F.);
#1043=ORIENTED_EDGE('',*,*,#2167,.T.);
#1044=ORIENTED_EDGE('',*,*,#2189,.T.);
#1045=ORIENTED_EDGE('',*,*,#2362,.F.);
#1046=ORIENTED_EDGE('',*,*,#2187,.F.);
#1047=ORIENTED_EDGE('',*,*,#2170,.T.);
#1048=ORIENTED_EDGE('',*,*,#2357,.T.);
#1049=ORIENTED_EDGE('',*,*,#2365,.F.);
#1050=ORIENTED_EDGE('',*,*,#2353,.F.);
#1051=ORIENTED_EDGE('',*,*,#2173,.T.);
#1052=ORIENTED_EDGE('',*,*,#2366,.T.);
#1053=ORIENTED_EDGE('',*,*,#2367,.F.);
#1054=ORIENTED_EDGE('',*,*,#2366,.F.);
#1055=ORIENTED_EDGE('',*,*,#2172,.T.);
#1056=ORIENTED_EDGE('',*,*,#2368,.T.);
#1057=ORIENTED_EDGE('',*,*,#2369,.F.);
#1058=ORIENTED_EDGE('',*,*,#2368,.F.);
#1059=ORIENTED_EDGE('',*,*,#2176,.T.);
#1060=ORIENTED_EDGE('',*,*,#2370,.T.);
#1061=ORIENTED_EDGE('',*,*,#2371,.T.);
#1062=ORIENTED_EDGE('',*,*,#2372,.T.);
#1063=ORIENTED_EDGE('',*,*,#2370,.F.);
#1064=ORIENTED_EDGE('',*,*,#2349,.F.);
#1065=ORIENTED_EDGE('',*,*,#2115,.T.);
#1066=ORIENTED_EDGE('',*,*,#2146,.F.);
#1067=ORIENTED_EDGE('',*,*,#2159,.F.);
#1068=ORIENTED_EDGE('',*,*,#2373,.T.);
#1069=ORIENTED_EDGE('',*,*,#2374,.T.);
#1070=ORIENTED_EDGE('',*,*,#2375,.F.);
#1071=ORIENTED_EDGE('',*,*,#2371,.F.);
#1072=ORIENTED_EDGE('',*,*,#2177,.T.);
#1073=ORIENTED_EDGE('',*,*,#2147,.F.);
#1074=ORIENTED_EDGE('',*,*,#2113,.F.);
#1075=ORIENTED_EDGE('',*,*,#2376,.T.);
#1076=ORIENTED_EDGE('',*,*,#2347,.T.);
#1077=ORIENTED_EDGE('',*,*,#2341,.T.);
#1078=ORIENTED_EDGE('',*,*,#2343,.T.);
#1079=ORIENTED_EDGE('',*,*,#2345,.T.);
#1080=ORIENTED_EDGE('',*,*,#2348,.T.);
#1081=ORIENTED_EDGE('',*,*,#2376,.F.);
#1082=ORIENTED_EDGE('',*,*,#2112,.F.);
#1083=ORIENTED_EDGE('',*,*,#2355,.F.);
#1084=ORIENTED_EDGE('',*,*,#2377,.F.);
#1085=ORIENTED_EDGE('',*,*,#2245,.F.);
#1086=ORIENTED_EDGE('',*,*,#2358,.T.);
#1087=ORIENTED_EDGE('',*,*,#2139,.T.);
#1088=ORIENTED_EDGE('',*,*,#2378,.T.);
#1089=ORIENTED_EDGE('',*,*,#2248,.F.);
#1090=ORIENTED_EDGE('',*,*,#2379,.F.);
#1091=ORIENTED_EDGE('',*,*,#2380,.F.);
#1092=ORIENTED_EDGE('',*,*,#2381,.F.);
#1093=ORIENTED_EDGE('',*,*,#2373,.F.);
#1094=ORIENTED_EDGE('',*,*,#2158,.T.);
#1095=ORIENTED_EDGE('',*,*,#2156,.F.);
#1096=ORIENTED_EDGE('',*,*,#2154,.F.);
#1097=ORIENTED_EDGE('',*,*,#2152,.F.);
#1098=ORIENTED_EDGE('',*,*,#2246,.T.);
#1099=ORIENTED_EDGE('',*,*,#2377,.T.);
#1100=ORIENTED_EDGE('',*,*,#2354,.F.);
#1101=ORIENTED_EDGE('',*,*,#2365,.T.);
#1102=ORIENTED_EDGE('',*,*,#2367,.T.);
#1103=ORIENTED_EDGE('',*,*,#2369,.T.);
#1104=ORIENTED_EDGE('',*,*,#2372,.F.);
#1105=ORIENTED_EDGE('',*,*,#2375,.T.);
#1106=ORIENTED_EDGE('',*,*,#2382,.T.);
#1107=ORIENTED_EDGE('',*,*,#2383,.T.);
#1108=ORIENTED_EDGE('',*,*,#2384,.T.);
#1109=ORIENTED_EDGE('',*,*,#2382,.F.);
#1110=ORIENTED_EDGE('',*,*,#2374,.F.);
#1111=ORIENTED_EDGE('',*,*,#2381,.T.);
#1112=ORIENTED_EDGE('',*,*,#2385,.T.);
#1113=ORIENTED_EDGE('',*,*,#2383,.F.);
#1114=ORIENTED_EDGE('',*,*,#2385,.F.);
#1115=ORIENTED_EDGE('',*,*,#2380,.T.);
#1116=ORIENTED_EDGE('',*,*,#2386,.T.);
#1117=ORIENTED_EDGE('',*,*,#2384,.F.);
#1118=ORIENTED_EDGE('',*,*,#2386,.F.);
#1119=ORIENTED_EDGE('',*,*,#2379,.T.);
#1120=ORIENTED_EDGE('',*,*,#2247,.T.);
#1121=ORIENTED_EDGE('',*,*,#2138,.F.);
#1122=ORIENTED_EDGE('',*,*,#2141,.T.);
#1123=ORIENTED_EDGE('',*,*,#2249,.F.);
#1124=ORIENTED_EDGE('',*,*,#2378,.F.);
#1125=ORIENTED_EDGE('',*,*,#2134,.F.);
#1126=ORIENTED_EDGE('',*,*,#2387,.T.);
#1127=ORIENTED_EDGE('',*,*,#2388,.T.);
#1128=ORIENTED_EDGE('',*,*,#2389,.F.);
#1129=ORIENTED_EDGE('',*,*,#2135,.F.);
#1130=ORIENTED_EDGE('',*,*,#2389,.T.);
#1131=ORIENTED_EDGE('',*,*,#2390,.T.);
#1132=ORIENTED_EDGE('',*,*,#2391,.F.);
#1133=ORIENTED_EDGE('',*,*,#2136,.F.);
#1134=ORIENTED_EDGE('',*,*,#2391,.T.);
#1135=ORIENTED_EDGE('',*,*,#2392,.T.);
#1136=ORIENTED_EDGE('',*,*,#2393,.F.);
#1137=ORIENTED_EDGE('',*,*,#2133,.F.);
#1138=ORIENTED_EDGE('',*,*,#2393,.T.);
#1139=ORIENTED_EDGE('',*,*,#2394,.T.);
#1140=ORIENTED_EDGE('',*,*,#2387,.F.);
#1141=ORIENTED_EDGE('',*,*,#2388,.F.);
#1142=ORIENTED_EDGE('',*,*,#2394,.F.);
#1143=ORIENTED_EDGE('',*,*,#2392,.F.);
#1144=ORIENTED_EDGE('',*,*,#2390,.F.);
#1145=ORIENTED_EDGE('',*,*,#2125,.F.);
#1146=ORIENTED_EDGE('',*,*,#2395,.T.);
#1147=ORIENTED_EDGE('',*,*,#2396,.T.);
#1148=ORIENTED_EDGE('',*,*,#2397,.F.);
#1149=ORIENTED_EDGE('',*,*,#2126,.F.);
#1150=ORIENTED_EDGE('',*,*,#2397,.T.);
#1151=ORIENTED_EDGE('',*,*,#2398,.T.);
#1152=ORIENTED_EDGE('',*,*,#2399,.F.);
#1153=ORIENTED_EDGE('',*,*,#2127,.F.);
#1154=ORIENTED_EDGE('',*,*,#2399,.T.);
#1155=ORIENTED_EDGE('',*,*,#2400,.T.);
#1156=ORIENTED_EDGE('',*,*,#2401,.F.);
#1157=ORIENTED_EDGE('',*,*,#2124,.F.);
#1158=ORIENTED_EDGE('',*,*,#2401,.T.);
#1159=ORIENTED_EDGE('',*,*,#2402,.T.);
#1160=ORIENTED_EDGE('',*,*,#2395,.F.);
#1161=ORIENTED_EDGE('',*,*,#2396,.F.);
#1162=ORIENTED_EDGE('',*,*,#2402,.F.);
#1163=ORIENTED_EDGE('',*,*,#2400,.F.);
#1164=ORIENTED_EDGE('',*,*,#2398,.F.);
#1165=ORIENTED_EDGE('',*,*,#2117,.F.);
#1166=ORIENTED_EDGE('',*,*,#2403,.T.);
#1167=ORIENTED_EDGE('',*,*,#2404,.T.);
#1168=ORIENTED_EDGE('',*,*,#2405,.F.);
#1169=ORIENTED_EDGE('',*,*,#2118,.F.);
#1170=ORIENTED_EDGE('',*,*,#2405,.T.);
#1171=ORIENTED_EDGE('',*,*,#2406,.T.);
#1172=ORIENTED_EDGE('',*,*,#2407,.F.);
#1173=ORIENTED_EDGE('',*,*,#2119,.F.);
#1174=ORIENTED_EDGE('',*,*,#2407,.T.);
#1175=ORIENTED_EDGE('',*,*,#2408,.T.);
#1176=ORIENTED_EDGE('',*,*,#2409,.F.);
#1177=ORIENTED_EDGE('',*,*,#2116,.F.);
#1178=ORIENTED_EDGE('',*,*,#2409,.T.);
#1179=ORIENTED_EDGE('',*,*,#2410,.T.);
#1180=ORIENTED_EDGE('',*,*,#2403,.F.);
#1181=ORIENTED_EDGE('',*,*,#2404,.F.);
#1182=ORIENTED_EDGE('',*,*,#2410,.F.);
#1183=ORIENTED_EDGE('',*,*,#2408,.F.);
#1184=ORIENTED_EDGE('',*,*,#2406,.F.);
#1185=ORIENTED_EDGE('',*,*,#2105,.F.);
#1186=ORIENTED_EDGE('',*,*,#2411,.T.);
#1187=ORIENTED_EDGE('',*,*,#2412,.T.);
#1188=ORIENTED_EDGE('',*,*,#2413,.F.);
#1189=ORIENTED_EDGE('',*,*,#2106,.F.);
#1190=ORIENTED_EDGE('',*,*,#2413,.T.);
#1191=ORIENTED_EDGE('',*,*,#2414,.T.);
#1192=ORIENTED_EDGE('',*,*,#2415,.F.);
#1193=ORIENTED_EDGE('',*,*,#2107,.F.);
#1194=ORIENTED_EDGE('',*,*,#2415,.T.);
#1195=ORIENTED_EDGE('',*,*,#2416,.T.);
#1196=ORIENTED_EDGE('',*,*,#2417,.F.);
#1197=ORIENTED_EDGE('',*,*,#2104,.F.);
#1198=ORIENTED_EDGE('',*,*,#2417,.T.);
#1199=ORIENTED_EDGE('',*,*,#2418,.T.);
#1200=ORIENTED_EDGE('',*,*,#2411,.F.);
#1201=ORIENTED_EDGE('',*,*,#2412,.F.);
#1202=ORIENTED_EDGE('',*,*,#2418,.F.);
#1203=ORIENTED_EDGE('',*,*,#2416,.F.);
#1204=ORIENTED_EDGE('',*,*,#2414,.F.);
#1205=ORIENTED_EDGE('',*,*,#2419,.T.);
#1206=ORIENTED_EDGE('',*,*,#2420,.T.);
#1207=ORIENTED_EDGE('',*,*,#2419,.F.);
#1208=ORIENTED_EDGE('',*,*,#2051,.T.);
#1209=ORIENTED_EDGE('',*,*,#2420,.F.);
#1210=ORIENTED_EDGE('',*,*,#2421,.T.);
#1211=ORIENTED_EDGE('',*,*,#2422,.T.);
#1212=ORIENTED_EDGE('',*,*,#2421,.F.);
#1213=ORIENTED_EDGE('',*,*,#2052,.T.);
#1214=ORIENTED_EDGE('',*,*,#2422,.F.);
#1215=ORIENTED_EDGE('',*,*,#2053,.F.);
#1216=ORIENTED_EDGE('',*,*,#2423,.F.);
#1217=ORIENTED_EDGE('',*,*,#2424,.T.);
#1218=ORIENTED_EDGE('',*,*,#2425,.T.);
#1219=ORIENTED_EDGE('',*,*,#2054,.F.);
#1220=ORIENTED_EDGE('',*,*,#2425,.F.);
#1221=ORIENTED_EDGE('',*,*,#2426,.T.);
#1222=ORIENTED_EDGE('',*,*,#2427,.T.);
#1223=ORIENTED_EDGE('',*,*,#2055,.F.);
#1224=ORIENTED_EDGE('',*,*,#2427,.F.);
#1225=ORIENTED_EDGE('',*,*,#2428,.T.);
#1226=ORIENTED_EDGE('',*,*,#2429,.T.);
#1227=ORIENTED_EDGE('',*,*,#2056,.F.);
#1228=ORIENTED_EDGE('',*,*,#2429,.F.);
#1229=ORIENTED_EDGE('',*,*,#2430,.T.);
#1230=ORIENTED_EDGE('',*,*,#2431,.T.);
#1231=ORIENTED_EDGE('',*,*,#2057,.F.);
#1232=ORIENTED_EDGE('',*,*,#2431,.F.);
#1233=ORIENTED_EDGE('',*,*,#2432,.T.);
#1234=ORIENTED_EDGE('',*,*,#2433,.T.);
#1235=ORIENTED_EDGE('',*,*,#2058,.F.);
#1236=ORIENTED_EDGE('',*,*,#2433,.F.);
#1237=ORIENTED_EDGE('',*,*,#2434,.T.);
#1238=ORIENTED_EDGE('',*,*,#2423,.T.);
#1239=ORIENTED_EDGE('',*,*,#2424,.F.);
#1240=ORIENTED_EDGE('',*,*,#2434,.F.);
#1241=ORIENTED_EDGE('',*,*,#2432,.F.);
#1242=ORIENTED_EDGE('',*,*,#2430,.F.);
#1243=ORIENTED_EDGE('',*,*,#2428,.F.);
#1244=ORIENTED_EDGE('',*,*,#2426,.F.);
#1245=ORIENTED_EDGE('',*,*,#2059,.F.);
#1246=ORIENTED_EDGE('',*,*,#2435,.F.);
#1247=ORIENTED_EDGE('',*,*,#2436,.T.);
#1248=ORIENTED_EDGE('',*,*,#2437,.T.);
#1249=ORIENTED_EDGE('',*,*,#2060,.F.);
#1250=ORIENTED_EDGE('',*,*,#2437,.F.);
#1251=ORIENTED_EDGE('',*,*,#2438,.T.);
#1252=ORIENTED_EDGE('',*,*,#2439,.T.);
#1253=ORIENTED_EDGE('',*,*,#2061,.F.);
#1254=ORIENTED_EDGE('',*,*,#2439,.F.);
#1255=ORIENTED_EDGE('',*,*,#2440,.T.);
#1256=ORIENTED_EDGE('',*,*,#2441,.T.);
#1257=ORIENTED_EDGE('',*,*,#2062,.F.);
#1258=ORIENTED_EDGE('',*,*,#2441,.F.);
#1259=ORIENTED_EDGE('',*,*,#2442,.T.);
#1260=ORIENTED_EDGE('',*,*,#2443,.T.);
#1261=ORIENTED_EDGE('',*,*,#2063,.F.);
#1262=ORIENTED_EDGE('',*,*,#2443,.F.);
#1263=ORIENTED_EDGE('',*,*,#2444,.T.);
#1264=ORIENTED_EDGE('',*,*,#2445,.T.);
#1265=ORIENTED_EDGE('',*,*,#2064,.F.);
#1266=ORIENTED_EDGE('',*,*,#2445,.F.);
#1267=ORIENTED_EDGE('',*,*,#2446,.T.);
#1268=ORIENTED_EDGE('',*,*,#2447,.T.);
#1269=ORIENTED_EDGE('',*,*,#2065,.F.);
#1270=ORIENTED_EDGE('',*,*,#2447,.F.);
#1271=ORIENTED_EDGE('',*,*,#2448,.T.);
#1272=ORIENTED_EDGE('',*,*,#2449,.T.);
#1273=ORIENTED_EDGE('',*,*,#2066,.F.);
#1274=ORIENTED_EDGE('',*,*,#2449,.F.);
#1275=ORIENTED_EDGE('',*,*,#2450,.T.);
#1276=ORIENTED_EDGE('',*,*,#2435,.T.);
#1277=ORIENTED_EDGE('',*,*,#2436,.F.);
#1278=ORIENTED_EDGE('',*,*,#2450,.F.);
#1279=ORIENTED_EDGE('',*,*,#2448,.F.);
#1280=ORIENTED_EDGE('',*,*,#2446,.F.);
#1281=ORIENTED_EDGE('',*,*,#2444,.F.);
#1282=ORIENTED_EDGE('',*,*,#2442,.F.);
#1283=ORIENTED_EDGE('',*,*,#2440,.F.);
#1284=ORIENTED_EDGE('',*,*,#2438,.F.);
#1285=ORIENTED_EDGE('',*,*,#2045,.F.);
#1286=ORIENTED_EDGE('',*,*,#2451,.F.);
#1287=ORIENTED_EDGE('',*,*,#2452,.T.);
#1288=ORIENTED_EDGE('',*,*,#2453,.T.);
#1289=ORIENTED_EDGE('',*,*,#2046,.F.);
#1290=ORIENTED_EDGE('',*,*,#2453,.F.);
#1291=ORIENTED_EDGE('',*,*,#2454,.T.);
#1292=ORIENTED_EDGE('',*,*,#2455,.T.);
#1293=ORIENTED_EDGE('',*,*,#2047,.F.);
#1294=ORIENTED_EDGE('',*,*,#2455,.F.);
#1295=ORIENTED_EDGE('',*,*,#2456,.T.);
#1296=ORIENTED_EDGE('',*,*,#2457,.T.);
#1297=ORIENTED_EDGE('',*,*,#2048,.F.);
#1298=ORIENTED_EDGE('',*,*,#2457,.F.);
#1299=ORIENTED_EDGE('',*,*,#2458,.T.);
#1300=ORIENTED_EDGE('',*,*,#2459,.T.);
#1301=ORIENTED_EDGE('',*,*,#2049,.F.);
#1302=ORIENTED_EDGE('',*,*,#2459,.F.);
#1303=ORIENTED_EDGE('',*,*,#2460,.T.);
#1304=ORIENTED_EDGE('',*,*,#2461,.T.);
#1305=ORIENTED_EDGE('',*,*,#2050,.F.);
#1306=ORIENTED_EDGE('',*,*,#2461,.F.);
#1307=ORIENTED_EDGE('',*,*,#2462,.T.);
#1308=ORIENTED_EDGE('',*,*,#2451,.T.);
#1309=ORIENTED_EDGE('',*,*,#2452,.F.);
#1310=ORIENTED_EDGE('',*,*,#2462,.F.);
#1311=ORIENTED_EDGE('',*,*,#2460,.F.);
#1312=ORIENTED_EDGE('',*,*,#2458,.F.);
#1313=ORIENTED_EDGE('',*,*,#2456,.F.);
#1314=ORIENTED_EDGE('',*,*,#2454,.F.);
#1315=ORIENTED_EDGE('',*,*,#2463,.F.);
#1316=ORIENTED_EDGE('',*,*,#2464,.F.);
#1317=ORIENTED_EDGE('',*,*,#2280,.T.);
#1318=ORIENTED_EDGE('',*,*,#2465,.T.);
#1319=ORIENTED_EDGE('',*,*,#2466,.F.);
#1320=ORIENTED_EDGE('',*,*,#2465,.F.);
#1321=ORIENTED_EDGE('',*,*,#2298,.T.);
#1322=ORIENTED_EDGE('',*,*,#2467,.T.);
#1323=ORIENTED_EDGE('',*,*,#2468,.F.);
#1324=ORIENTED_EDGE('',*,*,#2467,.F.);
#1325=ORIENTED_EDGE('',*,*,#2297,.T.);
#1326=ORIENTED_EDGE('',*,*,#2469,.T.);
#1327=ORIENTED_EDGE('',*,*,#2470,.T.);
#1328=ORIENTED_EDGE('',*,*,#2469,.F.);
#1329=ORIENTED_EDGE('',*,*,#2296,.F.);
#1330=ORIENTED_EDGE('',*,*,#2471,.T.);
#1331=ORIENTED_EDGE('',*,*,#2472,.F.);
#1332=ORIENTED_EDGE('',*,*,#2471,.F.);
#1333=ORIENTED_EDGE('',*,*,#2295,.T.);
#1334=ORIENTED_EDGE('',*,*,#2473,.T.);
#1335=ORIENTED_EDGE('',*,*,#2474,.F.);
#1336=ORIENTED_EDGE('',*,*,#2473,.F.);
#1337=ORIENTED_EDGE('',*,*,#2294,.T.);
#1338=ORIENTED_EDGE('',*,*,#2475,.T.);
#1339=ORIENTED_EDGE('',*,*,#2476,.F.);
#1340=ORIENTED_EDGE('',*,*,#2475,.F.);
#1341=ORIENTED_EDGE('',*,*,#2293,.T.);
#1342=ORIENTED_EDGE('',*,*,#2477,.T.);
#1343=ORIENTED_EDGE('',*,*,#2478,.F.);
#1344=ORIENTED_EDGE('',*,*,#2477,.F.);
#1345=ORIENTED_EDGE('',*,*,#2292,.T.);
#1346=ORIENTED_EDGE('',*,*,#2479,.T.);
#1347=ORIENTED_EDGE('',*,*,#2480,.F.);
#1348=ORIENTED_EDGE('',*,*,#2479,.F.);
#1349=ORIENTED_EDGE('',*,*,#2291,.T.);
#1350=ORIENTED_EDGE('',*,*,#2481,.T.);
#1351=ORIENTED_EDGE('',*,*,#2482,.F.);
#1352=ORIENTED_EDGE('',*,*,#2481,.F.);
#1353=ORIENTED_EDGE('',*,*,#2290,.T.);
#1354=ORIENTED_EDGE('',*,*,#2483,.T.);
#1355=ORIENTED_EDGE('',*,*,#2484,.F.);
#1356=ORIENTED_EDGE('',*,*,#2483,.F.);
#1357=ORIENTED_EDGE('',*,*,#2289,.T.);
#1358=ORIENTED_EDGE('',*,*,#2485,.T.);
#1359=ORIENTED_EDGE('',*,*,#2486,.F.);
#1360=ORIENTED_EDGE('',*,*,#2485,.F.);
#1361=ORIENTED_EDGE('',*,*,#2288,.T.);
#1362=ORIENTED_EDGE('',*,*,#2487,.T.);
#1363=ORIENTED_EDGE('',*,*,#2488,.F.);
#1364=ORIENTED_EDGE('',*,*,#2487,.F.);
#1365=ORIENTED_EDGE('',*,*,#2287,.T.);
#1366=ORIENTED_EDGE('',*,*,#2489,.T.);
#1367=ORIENTED_EDGE('',*,*,#2490,.F.);
#1368=ORIENTED_EDGE('',*,*,#2489,.F.);
#1369=ORIENTED_EDGE('',*,*,#2286,.T.);
#1370=ORIENTED_EDGE('',*,*,#2491,.T.);
#1371=ORIENTED_EDGE('',*,*,#2492,.F.);
#1372=ORIENTED_EDGE('',*,*,#2491,.F.);
#1373=ORIENTED_EDGE('',*,*,#2285,.T.);
#1374=ORIENTED_EDGE('',*,*,#2493,.T.);
#1375=ORIENTED_EDGE('',*,*,#2494,.F.);
#1376=ORIENTED_EDGE('',*,*,#2493,.F.);
#1377=ORIENTED_EDGE('',*,*,#2284,.T.);
#1378=ORIENTED_EDGE('',*,*,#2495,.T.);
#1379=ORIENTED_EDGE('',*,*,#2496,.T.);
#1380=ORIENTED_EDGE('',*,*,#2495,.F.);
#1381=ORIENTED_EDGE('',*,*,#2283,.F.);
#1382=ORIENTED_EDGE('',*,*,#2497,.T.);
#1383=ORIENTED_EDGE('',*,*,#2498,.F.);
#1384=ORIENTED_EDGE('',*,*,#2497,.F.);
#1385=ORIENTED_EDGE('',*,*,#2282,.T.);
#1386=ORIENTED_EDGE('',*,*,#2499,.T.);
#1387=ORIENTED_EDGE('',*,*,#2500,.F.);
#1388=ORIENTED_EDGE('',*,*,#2499,.F.);
#1389=ORIENTED_EDGE('',*,*,#2281,.T.);
#1390=ORIENTED_EDGE('',*,*,#2464,.T.);
#1391=ORIENTED_EDGE('',*,*,#2501,.T.);
#1392=ORIENTED_EDGE('',*,*,#2502,.T.);
#1393=ORIENTED_EDGE('',*,*,#2503,.T.);
#1394=ORIENTED_EDGE('',*,*,#2504,.F.);
#1395=ORIENTED_EDGE('',*,*,#2505,.T.);
#1396=ORIENTED_EDGE('',*,*,#2506,.T.);
#1397=ORIENTED_EDGE('',*,*,#2507,.T.);
#1398=ORIENTED_EDGE('',*,*,#2508,.T.);
#1399=ORIENTED_EDGE('',*,*,#2509,.T.);
#1400=ORIENTED_EDGE('',*,*,#2510,.T.);
#1401=ORIENTED_EDGE('',*,*,#2511,.T.);
#1402=ORIENTED_EDGE('',*,*,#2512,.T.);
#1403=ORIENTED_EDGE('',*,*,#2513,.T.);
#1404=ORIENTED_EDGE('',*,*,#2514,.T.);
#1405=ORIENTED_EDGE('',*,*,#2515,.T.);
#1406=ORIENTED_EDGE('',*,*,#2516,.T.);
#1407=ORIENTED_EDGE('',*,*,#2517,.F.);
#1408=ORIENTED_EDGE('',*,*,#2518,.T.);
#1409=ORIENTED_EDGE('',*,*,#2519,.T.);
#1410=ORIENTED_EDGE('',*,*,#2520,.F.);
#1411=ORIENTED_EDGE('',*,*,#2500,.T.);
#1412=ORIENTED_EDGE('',*,*,#2521,.T.);
#1413=ORIENTED_EDGE('',*,*,#2519,.F.);
#1414=ORIENTED_EDGE('',*,*,#2522,.F.);
#1415=ORIENTED_EDGE('',*,*,#2498,.T.);
#1416=ORIENTED_EDGE('',*,*,#2520,.T.);
#1417=ORIENTED_EDGE('',*,*,#2518,.F.);
#1418=ORIENTED_EDGE('',*,*,#2496,.F.);
#1419=ORIENTED_EDGE('',*,*,#2522,.T.);
#1420=ORIENTED_EDGE('',*,*,#2517,.T.);
#1421=ORIENTED_EDGE('',*,*,#2523,.F.);
#1422=ORIENTED_EDGE('',*,*,#2524,.F.);
#1423=ORIENTED_EDGE('',*,*,#2494,.T.);
#1424=ORIENTED_EDGE('',*,*,#2523,.T.);
#1425=ORIENTED_EDGE('',*,*,#2516,.F.);
#1426=ORIENTED_EDGE('',*,*,#2525,.F.);
#1427=ORIENTED_EDGE('',*,*,#2492,.T.);
#1428=ORIENTED_EDGE('',*,*,#2524,.T.);
#1429=ORIENTED_EDGE('',*,*,#2515,.F.);
#1430=ORIENTED_EDGE('',*,*,#2526,.F.);
#1431=ORIENTED_EDGE('',*,*,#2490,.T.);
#1432=ORIENTED_EDGE('',*,*,#2525,.T.);
#1433=ORIENTED_EDGE('',*,*,#2514,.F.);
#1434=ORIENTED_EDGE('',*,*,#2527,.F.);
#1435=ORIENTED_EDGE('',*,*,#2488,.T.);
#1436=ORIENTED_EDGE('',*,*,#2526,.T.);
#1437=ORIENTED_EDGE('',*,*,#2513,.F.);
#1438=ORIENTED_EDGE('',*,*,#2528,.F.);
#1439=ORIENTED_EDGE('',*,*,#2486,.T.);
#1440=ORIENTED_EDGE('',*,*,#2527,.T.);
#1441=ORIENTED_EDGE('',*,*,#2512,.F.);
#1442=ORIENTED_EDGE('',*,*,#2529,.F.);
#1443=ORIENTED_EDGE('',*,*,#2484,.T.);
#1444=ORIENTED_EDGE('',*,*,#2528,.T.);
#1445=ORIENTED_EDGE('',*,*,#2511,.F.);
#1446=ORIENTED_EDGE('',*,*,#2530,.F.);
#1447=ORIENTED_EDGE('',*,*,#2482,.T.);
#1448=ORIENTED_EDGE('',*,*,#2529,.T.);
#1449=ORIENTED_EDGE('',*,*,#2510,.F.);
#1450=ORIENTED_EDGE('',*,*,#2531,.F.);
#1451=ORIENTED_EDGE('',*,*,#2480,.T.);
#1452=ORIENTED_EDGE('',*,*,#2530,.T.);
#1453=ORIENTED_EDGE('',*,*,#2509,.F.);
#1454=ORIENTED_EDGE('',*,*,#2532,.F.);
#1455=ORIENTED_EDGE('',*,*,#2478,.T.);
#1456=ORIENTED_EDGE('',*,*,#2531,.T.);
#1457=ORIENTED_EDGE('',*,*,#2508,.F.);
#1458=ORIENTED_EDGE('',*,*,#2533,.F.);
#1459=ORIENTED_EDGE('',*,*,#2476,.T.);
#1460=ORIENTED_EDGE('',*,*,#2532,.T.);
#1461=ORIENTED_EDGE('',*,*,#2507,.F.);
#1462=ORIENTED_EDGE('',*,*,#2534,.F.);
#1463=ORIENTED_EDGE('',*,*,#2474,.T.);
#1464=ORIENTED_EDGE('',*,*,#2533,.T.);
#1465=ORIENTED_EDGE('',*,*,#2506,.F.);
#1466=ORIENTED_EDGE('',*,*,#2535,.F.);
#1467=ORIENTED_EDGE('',*,*,#2472,.T.);
#1468=ORIENTED_EDGE('',*,*,#2534,.T.);
#1469=ORIENTED_EDGE('',*,*,#2505,.F.);
#1470=ORIENTED_EDGE('',*,*,#2470,.F.);
#1471=ORIENTED_EDGE('',*,*,#2535,.T.);
#1472=ORIENTED_EDGE('',*,*,#2504,.T.);
#1473=ORIENTED_EDGE('',*,*,#2536,.F.);
#1474=ORIENTED_EDGE('',*,*,#2537,.F.);
#1475=ORIENTED_EDGE('',*,*,#2468,.T.);
#1476=ORIENTED_EDGE('',*,*,#2536,.T.);
#1477=ORIENTED_EDGE('',*,*,#2503,.F.);
#1478=ORIENTED_EDGE('',*,*,#2538,.F.);
#1479=ORIENTED_EDGE('',*,*,#2466,.T.);
#1480=ORIENTED_EDGE('',*,*,#2537,.T.);
#1481=ORIENTED_EDGE('',*,*,#2502,.F.);
#1482=ORIENTED_EDGE('',*,*,#2521,.F.);
#1483=ORIENTED_EDGE('',*,*,#2463,.T.);
#1484=ORIENTED_EDGE('',*,*,#2538,.T.);
#1485=ORIENTED_EDGE('',*,*,#2501,.F.);
#1486=ORIENTED_EDGE('',*,*,#2539,.F.);
#1487=ORIENTED_EDGE('',*,*,#2540,.F.);
#1488=ORIENTED_EDGE('',*,*,#2261,.T.);
#1489=ORIENTED_EDGE('',*,*,#2541,.T.);
#1490=ORIENTED_EDGE('',*,*,#2542,.F.);
#1491=ORIENTED_EDGE('',*,*,#2541,.F.);
#1492=ORIENTED_EDGE('',*,*,#2279,.T.);
#1493=ORIENTED_EDGE('',*,*,#2543,.T.);
#1494=ORIENTED_EDGE('',*,*,#2544,.F.);
#1495=ORIENTED_EDGE('',*,*,#2543,.F.);
#1496=ORIENTED_EDGE('',*,*,#2278,.T.);
#1497=ORIENTED_EDGE('',*,*,#2545,.T.);
#1498=ORIENTED_EDGE('',*,*,#2546,.T.);
#1499=ORIENTED_EDGE('',*,*,#2545,.F.);
#1500=ORIENTED_EDGE('',*,*,#2277,.F.);
#1501=ORIENTED_EDGE('',*,*,#2547,.T.);
#1502=ORIENTED_EDGE('',*,*,#2548,.F.);
#1503=ORIENTED_EDGE('',*,*,#2547,.F.);
#1504=ORIENTED_EDGE('',*,*,#2276,.T.);
#1505=ORIENTED_EDGE('',*,*,#2549,.T.);
#1506=ORIENTED_EDGE('',*,*,#2550,.F.);
#1507=ORIENTED_EDGE('',*,*,#2549,.F.);
#1508=ORIENTED_EDGE('',*,*,#2275,.T.);
#1509=ORIENTED_EDGE('',*,*,#2551,.T.);
#1510=ORIENTED_EDGE('',*,*,#2552,.F.);
#1511=ORIENTED_EDGE('',*,*,#2551,.F.);
#1512=ORIENTED_EDGE('',*,*,#2274,.T.);
#1513=ORIENTED_EDGE('',*,*,#2553,.T.);
#1514=ORIENTED_EDGE('',*,*,#2554,.F.);
#1515=ORIENTED_EDGE('',*,*,#2553,.F.);
#1516=ORIENTED_EDGE('',*,*,#2273,.T.);
#1517=ORIENTED_EDGE('',*,*,#2555,.T.);
#1518=ORIENTED_EDGE('',*,*,#2556,.F.);
#1519=ORIENTED_EDGE('',*,*,#2555,.F.);
#1520=ORIENTED_EDGE('',*,*,#2272,.T.);
#1521=ORIENTED_EDGE('',*,*,#2557,.T.);
#1522=ORIENTED_EDGE('',*,*,#2558,.F.);
#1523=ORIENTED_EDGE('',*,*,#2557,.F.);
#1524=ORIENTED_EDGE('',*,*,#2271,.T.);
#1525=ORIENTED_EDGE('',*,*,#2559,.T.);
#1526=ORIENTED_EDGE('',*,*,#2560,.F.);
#1527=ORIENTED_EDGE('',*,*,#2559,.F.);
#1528=ORIENTED_EDGE('',*,*,#2270,.T.);
#1529=ORIENTED_EDGE('',*,*,#2561,.T.);
#1530=ORIENTED_EDGE('',*,*,#2562,.F.);
#1531=ORIENTED_EDGE('',*,*,#2561,.F.);
#1532=ORIENTED_EDGE('',*,*,#2269,.T.);
#1533=ORIENTED_EDGE('',*,*,#2563,.T.);
#1534=ORIENTED_EDGE('',*,*,#2564,.F.);
#1535=ORIENTED_EDGE('',*,*,#2563,.F.);
#1536=ORIENTED_EDGE('',*,*,#2268,.T.);
#1537=ORIENTED_EDGE('',*,*,#2565,.T.);
#1538=ORIENTED_EDGE('',*,*,#2566,.F.);
#1539=ORIENTED_EDGE('',*,*,#2565,.F.);
#1540=ORIENTED_EDGE('',*,*,#2267,.T.);
#1541=ORIENTED_EDGE('',*,*,#2567,.T.);
#1542=ORIENTED_EDGE('',*,*,#2568,.F.);
#1543=ORIENTED_EDGE('',*,*,#2567,.F.);
#1544=ORIENTED_EDGE('',*,*,#2266,.T.);
#1545=ORIENTED_EDGE('',*,*,#2569,.T.);
#1546=ORIENTED_EDGE('',*,*,#2570,.F.);
#1547=ORIENTED_EDGE('',*,*,#2569,.F.);
#1548=ORIENTED_EDGE('',*,*,#2265,.T.);
#1549=ORIENTED_EDGE('',*,*,#2571,.T.);
#1550=ORIENTED_EDGE('',*,*,#2572,.T.);
#1551=ORIENTED_EDGE('',*,*,#2571,.F.);
#1552=ORIENTED_EDGE('',*,*,#2264,.F.);
#1553=ORIENTED_EDGE('',*,*,#2573,.T.);
#1554=ORIENTED_EDGE('',*,*,#2574,.F.);
#1555=ORIENTED_EDGE('',*,*,#2573,.F.);
#1556=ORIENTED_EDGE('',*,*,#2263,.T.);
#1557=ORIENTED_EDGE('',*,*,#2575,.T.);
#1558=ORIENTED_EDGE('',*,*,#2576,.F.);
#1559=ORIENTED_EDGE('',*,*,#2575,.F.);
#1560=ORIENTED_EDGE('',*,*,#2262,.T.);
#1561=ORIENTED_EDGE('',*,*,#2540,.T.);
#1562=ORIENTED_EDGE('',*,*,#2577,.T.);
#1563=ORIENTED_EDGE('',*,*,#2578,.T.);
#1564=ORIENTED_EDGE('',*,*,#2579,.T.);
#1565=ORIENTED_EDGE('',*,*,#2580,.F.);
#1566=ORIENTED_EDGE('',*,*,#2581,.T.);
#1567=ORIENTED_EDGE('',*,*,#2582,.T.);
#1568=ORIENTED_EDGE('',*,*,#2583,.T.);
#1569=ORIENTED_EDGE('',*,*,#2584,.T.);
#1570=ORIENTED_EDGE('',*,*,#2585,.T.);
#1571=ORIENTED_EDGE('',*,*,#2586,.T.);
#1572=ORIENTED_EDGE('',*,*,#2587,.T.);
#1573=ORIENTED_EDGE('',*,*,#2588,.T.);
#1574=ORIENTED_EDGE('',*,*,#2589,.T.);
#1575=ORIENTED_EDGE('',*,*,#2590,.T.);
#1576=ORIENTED_EDGE('',*,*,#2591,.T.);
#1577=ORIENTED_EDGE('',*,*,#2592,.T.);
#1578=ORIENTED_EDGE('',*,*,#2593,.F.);
#1579=ORIENTED_EDGE('',*,*,#2594,.T.);
#1580=ORIENTED_EDGE('',*,*,#2595,.T.);
#1581=ORIENTED_EDGE('',*,*,#2596,.F.);
#1582=ORIENTED_EDGE('',*,*,#2576,.T.);
#1583=ORIENTED_EDGE('',*,*,#2597,.T.);
#1584=ORIENTED_EDGE('',*,*,#2595,.F.);
#1585=ORIENTED_EDGE('',*,*,#2598,.F.);
#1586=ORIENTED_EDGE('',*,*,#2574,.T.);
#1587=ORIENTED_EDGE('',*,*,#2596,.T.);
#1588=ORIENTED_EDGE('',*,*,#2594,.F.);
#1589=ORIENTED_EDGE('',*,*,#2572,.F.);
#1590=ORIENTED_EDGE('',*,*,#2598,.T.);
#1591=ORIENTED_EDGE('',*,*,#2593,.T.);
#1592=ORIENTED_EDGE('',*,*,#2599,.F.);
#1593=ORIENTED_EDGE('',*,*,#2600,.F.);
#1594=ORIENTED_EDGE('',*,*,#2570,.T.);
#1595=ORIENTED_EDGE('',*,*,#2599,.T.);
#1596=ORIENTED_EDGE('',*,*,#2592,.F.);
#1597=ORIENTED_EDGE('',*,*,#2601,.F.);
#1598=ORIENTED_EDGE('',*,*,#2568,.T.);
#1599=ORIENTED_EDGE('',*,*,#2600,.T.);
#1600=ORIENTED_EDGE('',*,*,#2591,.F.);
#1601=ORIENTED_EDGE('',*,*,#2602,.F.);
#1602=ORIENTED_EDGE('',*,*,#2566,.T.);
#1603=ORIENTED_EDGE('',*,*,#2601,.T.);
#1604=ORIENTED_EDGE('',*,*,#2590,.F.);
#1605=ORIENTED_EDGE('',*,*,#2603,.F.);
#1606=ORIENTED_EDGE('',*,*,#2564,.T.);
#1607=ORIENTED_EDGE('',*,*,#2602,.T.);
#1608=ORIENTED_EDGE('',*,*,#2589,.F.);
#1609=ORIENTED_EDGE('',*,*,#2604,.F.);
#1610=ORIENTED_EDGE('',*,*,#2562,.T.);
#1611=ORIENTED_EDGE('',*,*,#2603,.T.);
#1612=ORIENTED_EDGE('',*,*,#2588,.F.);
#1613=ORIENTED_EDGE('',*,*,#2605,.F.);
#1614=ORIENTED_EDGE('',*,*,#2560,.T.);
#1615=ORIENTED_EDGE('',*,*,#2604,.T.);
#1616=ORIENTED_EDGE('',*,*,#2587,.F.);
#1617=ORIENTED_EDGE('',*,*,#2606,.F.);
#1618=ORIENTED_EDGE('',*,*,#2558,.T.);
#1619=ORIENTED_EDGE('',*,*,#2605,.T.);
#1620=ORIENTED_EDGE('',*,*,#2586,.F.);
#1621=ORIENTED_EDGE('',*,*,#2607,.F.);
#1622=ORIENTED_EDGE('',*,*,#2556,.T.);
#1623=ORIENTED_EDGE('',*,*,#2606,.T.);
#1624=ORIENTED_EDGE('',*,*,#2585,.F.);
#1625=ORIENTED_EDGE('',*,*,#2608,.F.);
#1626=ORIENTED_EDGE('',*,*,#2554,.T.);
#1627=ORIENTED_EDGE('',*,*,#2607,.T.);
#1628=ORIENTED_EDGE('',*,*,#2584,.F.);
#1629=ORIENTED_EDGE('',*,*,#2609,.F.);
#1630=ORIENTED_EDGE('',*,*,#2552,.T.);
#1631=ORIENTED_EDGE('',*,*,#2608,.T.);
#1632=ORIENTED_EDGE('',*,*,#2583,.F.);
#1633=ORIENTED_EDGE('',*,*,#2610,.F.);
#1634=ORIENTED_EDGE('',*,*,#2550,.T.);
#1635=ORIENTED_EDGE('',*,*,#2609,.T.);
#1636=ORIENTED_EDGE('',*,*,#2582,.F.);
#1637=ORIENTED_EDGE('',*,*,#2611,.F.);
#1638=ORIENTED_EDGE('',*,*,#2548,.T.);
#1639=ORIENTED_EDGE('',*,*,#2610,.T.);
#1640=ORIENTED_EDGE('',*,*,#2581,.F.);
#1641=ORIENTED_EDGE('',*,*,#2546,.F.);
#1642=ORIENTED_EDGE('',*,*,#2611,.T.);
#1643=ORIENTED_EDGE('',*,*,#2580,.T.);
#1644=ORIENTED_EDGE('',*,*,#2612,.F.);
#1645=ORIENTED_EDGE('',*,*,#2613,.F.);
#1646=ORIENTED_EDGE('',*,*,#2544,.T.);
#1647=ORIENTED_EDGE('',*,*,#2612,.T.);
#1648=ORIENTED_EDGE('',*,*,#2579,.F.);
#1649=ORIENTED_EDGE('',*,*,#2614,.F.);
#1650=ORIENTED_EDGE('',*,*,#2542,.T.);
#1651=ORIENTED_EDGE('',*,*,#2613,.T.);
#1652=ORIENTED_EDGE('',*,*,#2578,.F.);
#1653=ORIENTED_EDGE('',*,*,#2597,.F.);
#1654=ORIENTED_EDGE('',*,*,#2539,.T.);
#1655=ORIENTED_EDGE('',*,*,#2614,.T.);
#1656=ORIENTED_EDGE('',*,*,#2577,.F.);
#1657=ORIENTED_EDGE('',*,*,#2086,.T.);
#1658=ORIENTED_EDGE('',*,*,#2094,.T.);
#1659=ORIENTED_EDGE('',*,*,#2615,.T.);
#1660=ORIENTED_EDGE('',*,*,#2616,.T.);
#1661=ORIENTED_EDGE('',*,*,#2072,.F.);
#1662=ORIENTED_EDGE('',*,*,#2097,.T.);
#1663=ORIENTED_EDGE('',*,*,#2075,.F.);
#1664=ORIENTED_EDGE('',*,*,#2617,.F.);
#1665=ORIENTED_EDGE('',*,*,#2618,.T.);
#1666=ORIENTED_EDGE('',*,*,#2092,.T.);
#1667=ORIENTED_EDGE('',*,*,#2619,.T.);
#1668=ORIENTED_EDGE('',*,*,#2035,.T.);
#1669=ORIENTED_EDGE('',*,*,#2620,.F.);
#1670=ORIENTED_EDGE('',*,*,#2042,.F.);
#1671=ORIENTED_EDGE('',*,*,#2618,.F.);
#1672=ORIENTED_EDGE('',*,*,#2621,.F.);
#1673=ORIENTED_EDGE('',*,*,#2622,.F.);
#1674=ORIENTED_EDGE('',*,*,#2615,.F.);
#1675=ORIENTED_EDGE('',*,*,#2093,.F.);
#1676=ORIENTED_EDGE('',*,*,#2073,.F.);
#1677=ORIENTED_EDGE('',*,*,#2616,.F.);
#1678=ORIENTED_EDGE('',*,*,#2622,.T.);
#1679=ORIENTED_EDGE('',*,*,#2623,.T.);
#1680=ORIENTED_EDGE('',*,*,#2074,.F.);
#1681=ORIENTED_EDGE('',*,*,#2623,.F.);
#1682=ORIENTED_EDGE('',*,*,#2621,.T.);
#1683=ORIENTED_EDGE('',*,*,#2617,.T.);
#1684=ORIENTED_EDGE('',*,*,#2081,.T.);
#1685=ORIENTED_EDGE('',*,*,#2087,.T.);
#1686=ORIENTED_EDGE('',*,*,#2624,.T.);
#1687=ORIENTED_EDGE('',*,*,#2625,.T.);
#1688=ORIENTED_EDGE('',*,*,#2067,.F.);
#1689=ORIENTED_EDGE('',*,*,#2084,.T.);
#1690=ORIENTED_EDGE('',*,*,#2070,.F.);
#1691=ORIENTED_EDGE('',*,*,#2626,.F.);
#1692=ORIENTED_EDGE('',*,*,#2627,.T.);
#1693=ORIENTED_EDGE('',*,*,#2095,.T.);
#1694=ORIENTED_EDGE('',*,*,#2628,.T.);
#1695=ORIENTED_EDGE('',*,*,#2021,.T.);
#1696=ORIENTED_EDGE('',*,*,#2629,.F.);
#1697=ORIENTED_EDGE('',*,*,#2028,.F.);
#1698=ORIENTED_EDGE('',*,*,#2627,.F.);
#1699=ORIENTED_EDGE('',*,*,#2630,.F.);
#1700=ORIENTED_EDGE('',*,*,#2631,.F.);
#1701=ORIENTED_EDGE('',*,*,#2624,.F.);
#1702=ORIENTED_EDGE('',*,*,#2096,.F.);
#1703=ORIENTED_EDGE('',*,*,#2068,.F.);
#1704=ORIENTED_EDGE('',*,*,#2625,.F.);
#1705=ORIENTED_EDGE('',*,*,#2631,.T.);
#1706=ORIENTED_EDGE('',*,*,#2632,.T.);
#1707=ORIENTED_EDGE('',*,*,#2069,.F.);
#1708=ORIENTED_EDGE('',*,*,#2632,.F.);
#1709=ORIENTED_EDGE('',*,*,#2630,.T.);
#1710=ORIENTED_EDGE('',*,*,#2626,.T.);
#1711=ORIENTED_EDGE('',*,*,#2043,.T.);
#1712=ORIENTED_EDGE('',*,*,#2620,.T.);
#1713=ORIENTED_EDGE('',*,*,#2034,.F.);
#1714=ORIENTED_EDGE('',*,*,#2633,.T.);
#1715=ORIENTED_EDGE('',*,*,#2619,.F.);
#1716=ORIENTED_EDGE('',*,*,#2041,.F.);
#1717=ORIENTED_EDGE('',*,*,#2634,.F.);
#1718=ORIENTED_EDGE('',*,*,#2036,.T.);
#1719=ORIENTED_EDGE('',*,*,#2011,.T.);
#1720=ORIENTED_EDGE('',*,*,#2635,.T.);
#1721=ORIENTED_EDGE('',*,*,#2636,.T.);
#1722=ORIENTED_EDGE('',*,*,#2044,.T.);
#1723=ORIENTED_EDGE('',*,*,#2633,.F.);
#1724=ORIENTED_EDGE('',*,*,#2033,.F.);
#1725=ORIENTED_EDGE('',*,*,#2000,.T.);
#1726=ORIENTED_EDGE('',*,*,#2040,.T.);
#1727=ORIENTED_EDGE('',*,*,#2637,.F.);
#1728=ORIENTED_EDGE('',*,*,#2037,.F.);
#1729=ORIENTED_EDGE('',*,*,#2634,.T.);
#1730=ORIENTED_EDGE('',*,*,#2637,.T.);
#1731=ORIENTED_EDGE('',*,*,#2039,.T.);
#1732=ORIENTED_EDGE('',*,*,#2638,.T.);
#1733=ORIENTED_EDGE('',*,*,#2015,.T.);
#1734=ORIENTED_EDGE('',*,*,#2639,.F.);
#1735=ORIENTED_EDGE('',*,*,#2640,.F.);
#1736=ORIENTED_EDGE('',*,*,#2641,.T.);
#1737=ORIENTED_EDGE('',*,*,#2031,.F.);
#1738=ORIENTED_EDGE('',*,*,#2639,.T.);
#1739=ORIENTED_EDGE('',*,*,#2014,.T.);
#1740=ORIENTED_EDGE('',*,*,#2006,.F.);
#1741=ORIENTED_EDGE('',*,*,#2642,.F.);
#1742=ORIENTED_EDGE('',*,*,#2029,.T.);
#1743=ORIENTED_EDGE('',*,*,#2629,.T.);
#1744=ORIENTED_EDGE('',*,*,#2020,.F.);
#1745=ORIENTED_EDGE('',*,*,#2643,.T.);
#1746=ORIENTED_EDGE('',*,*,#2628,.F.);
#1747=ORIENTED_EDGE('',*,*,#2027,.F.);
#1748=ORIENTED_EDGE('',*,*,#2644,.F.);
#1749=ORIENTED_EDGE('',*,*,#2022,.T.);
#1750=ORIENTED_EDGE('',*,*,#1981,.T.);
#1751=ORIENTED_EDGE('',*,*,#2645,.T.);
#1752=ORIENTED_EDGE('',*,*,#2646,.T.);
#1753=ORIENTED_EDGE('',*,*,#2030,.T.);
#1754=ORIENTED_EDGE('',*,*,#2643,.F.);
#1755=ORIENTED_EDGE('',*,*,#2019,.F.);
#1756=ORIENTED_EDGE('',*,*,#1970,.T.);
#1757=ORIENTED_EDGE('',*,*,#2026,.T.);
#1758=ORIENTED_EDGE('',*,*,#2647,.F.);
#1759=ORIENTED_EDGE('',*,*,#2023,.F.);
#1760=ORIENTED_EDGE('',*,*,#2644,.T.);
#1761=ORIENTED_EDGE('',*,*,#2647,.T.);
#1762=ORIENTED_EDGE('',*,*,#2025,.T.);
#1763=ORIENTED_EDGE('',*,*,#2648,.T.);
#1764=ORIENTED_EDGE('',*,*,#1985,.T.);
#1765=ORIENTED_EDGE('',*,*,#2649,.F.);
#1766=ORIENTED_EDGE('',*,*,#2650,.F.);
#1767=ORIENTED_EDGE('',*,*,#2651,.T.);
#1768=ORIENTED_EDGE('',*,*,#2017,.F.);
#1769=ORIENTED_EDGE('',*,*,#2649,.T.);
#1770=ORIENTED_EDGE('',*,*,#1984,.T.);
#1771=ORIENTED_EDGE('',*,*,#1976,.F.);
#1772=ORIENTED_EDGE('',*,*,#2652,.F.);
#1773=ORIENTED_EDGE('',*,*,#2638,.F.);
#1774=ORIENTED_EDGE('',*,*,#2038,.T.);
#1775=ORIENTED_EDGE('',*,*,#1998,.T.);
#1776=ORIENTED_EDGE('',*,*,#2016,.T.);
#1777=ORIENTED_EDGE('',*,*,#2032,.F.);
#1778=ORIENTED_EDGE('',*,*,#2641,.F.);
#1779=ORIENTED_EDGE('',*,*,#2653,.F.);
#1780=ORIENTED_EDGE('',*,*,#2002,.T.);
#1781=ORIENTED_EDGE('',*,*,#2654,.F.);
#1782=ORIENTED_EDGE('',*,*,#1992,.T.);
#1783=ORIENTED_EDGE('',*,*,#2653,.T.);
#1784=ORIENTED_EDGE('',*,*,#2640,.T.);
#1785=ORIENTED_EDGE('',*,*,#2642,.T.);
#1786=ORIENTED_EDGE('',*,*,#2005,.T.);
#1787=ORIENTED_EDGE('',*,*,#2648,.F.);
#1788=ORIENTED_EDGE('',*,*,#2024,.T.);
#1789=ORIENTED_EDGE('',*,*,#1968,.T.);
#1790=ORIENTED_EDGE('',*,*,#1986,.T.);
#1791=ORIENTED_EDGE('',*,*,#2018,.F.);
#1792=ORIENTED_EDGE('',*,*,#2651,.F.);
#1793=ORIENTED_EDGE('',*,*,#2655,.F.);
#1794=ORIENTED_EDGE('',*,*,#1972,.T.);
#1795=ORIENTED_EDGE('',*,*,#2656,.F.);
#1796=ORIENTED_EDGE('',*,*,#1962,.T.);
#1797=ORIENTED_EDGE('',*,*,#2655,.T.);
#1798=ORIENTED_EDGE('',*,*,#2650,.T.);
#1799=ORIENTED_EDGE('',*,*,#2652,.T.);
#1800=ORIENTED_EDGE('',*,*,#1975,.T.);
#1801=ORIENTED_EDGE('',*,*,#2657,.T.);
#1802=ORIENTED_EDGE('',*,*,#1993,.T.);
#1803=ORIENTED_EDGE('',*,*,#2654,.T.);
#1804=ORIENTED_EDGE('',*,*,#2004,.F.);
#1805=ORIENTED_EDGE('',*,*,#2658,.F.);
#1806=ORIENTED_EDGE('',*,*,#2012,.F.);
#1807=ORIENTED_EDGE('',*,*,#2636,.F.);
#1808=ORIENTED_EDGE('',*,*,#1989,.F.);
#1809=ORIENTED_EDGE('',*,*,#1994,.T.);
#1810=ORIENTED_EDGE('',*,*,#2657,.F.);
#1811=ORIENTED_EDGE('',*,*,#2003,.F.);
#1812=ORIENTED_EDGE('',*,*,#2658,.T.);
#1813=ORIENTED_EDGE('',*,*,#1988,.F.);
#1814=ORIENTED_EDGE('',*,*,#2635,.F.);
#1815=ORIENTED_EDGE('',*,*,#2010,.F.);
#1816=ORIENTED_EDGE('',*,*,#2659,.T.);
#1817=ORIENTED_EDGE('',*,*,#1990,.F.);
#1818=ORIENTED_EDGE('',*,*,#2659,.F.);
#1819=ORIENTED_EDGE('',*,*,#2009,.F.);
#1820=ORIENTED_EDGE('',*,*,#2660,.T.);
#1821=ORIENTED_EDGE('',*,*,#1995,.T.);
#1822=ORIENTED_EDGE('',*,*,#1991,.F.);
#1823=ORIENTED_EDGE('',*,*,#2013,.T.);
#1824=ORIENTED_EDGE('',*,*,#1996,.T.);
#1825=ORIENTED_EDGE('',*,*,#2660,.F.);
#1826=ORIENTED_EDGE('',*,*,#2008,.F.);
#1827=ORIENTED_EDGE('',*,*,#2661,.T.);
#1828=ORIENTED_EDGE('',*,*,#1963,.T.);
#1829=ORIENTED_EDGE('',*,*,#2656,.T.);
#1830=ORIENTED_EDGE('',*,*,#1974,.F.);
#1831=ORIENTED_EDGE('',*,*,#2662,.F.);
#1832=ORIENTED_EDGE('',*,*,#1982,.F.);
#1833=ORIENTED_EDGE('',*,*,#2646,.F.);
#1834=ORIENTED_EDGE('',*,*,#1959,.F.);
#1835=ORIENTED_EDGE('',*,*,#1964,.T.);
#1836=ORIENTED_EDGE('',*,*,#2661,.F.);
#1837=ORIENTED_EDGE('',*,*,#1973,.F.);
#1838=ORIENTED_EDGE('',*,*,#2662,.T.);
#1839=ORIENTED_EDGE('',*,*,#1958,.F.);
#1840=ORIENTED_EDGE('',*,*,#2645,.F.);
#1841=ORIENTED_EDGE('',*,*,#1980,.F.);
#1842=ORIENTED_EDGE('',*,*,#2663,.T.);
#1843=ORIENTED_EDGE('',*,*,#1960,.F.);
#1844=ORIENTED_EDGE('',*,*,#2663,.F.);
#1845=ORIENTED_EDGE('',*,*,#1979,.F.);
#1846=ORIENTED_EDGE('',*,*,#2664,.T.);
#1847=ORIENTED_EDGE('',*,*,#1965,.T.);
#1848=ORIENTED_EDGE('',*,*,#1961,.F.);
#1849=ORIENTED_EDGE('',*,*,#1983,.T.);
#1850=ORIENTED_EDGE('',*,*,#1966,.T.);
#1851=ORIENTED_EDGE('',*,*,#2664,.F.);
#1852=ORIENTED_EDGE('',*,*,#1978,.F.);
#1853=ORIENTED_EDGE('',*,*,#2313,.T.);
#1854=ORIENTED_EDGE('',*,*,#2665,.F.);
#1855=ORIENTED_EDGE('',*,*,#2666,.F.);
#1856=ORIENTED_EDGE('',*,*,#2667,.T.);
#1857=ORIENTED_EDGE('',*,*,#2318,.T.);
#1858=ORIENTED_EDGE('',*,*,#2668,.F.);
#1859=ORIENTED_EDGE('',*,*,#2669,.F.);
#1860=ORIENTED_EDGE('',*,*,#2665,.T.);
#1861=ORIENTED_EDGE('',*,*,#2317,.T.);
#1862=ORIENTED_EDGE('',*,*,#2670,.F.);
#1863=ORIENTED_EDGE('',*,*,#2671,.F.);
#1864=ORIENTED_EDGE('',*,*,#2668,.T.);
#1865=ORIENTED_EDGE('',*,*,#2316,.T.);
#1866=ORIENTED_EDGE('',*,*,#2672,.F.);
#1867=ORIENTED_EDGE('',*,*,#2673,.F.);
#1868=ORIENTED_EDGE('',*,*,#2670,.T.);
#1869=ORIENTED_EDGE('',*,*,#2315,.T.);
#1870=ORIENTED_EDGE('',*,*,#2674,.F.);
#1871=ORIENTED_EDGE('',*,*,#2675,.F.);
#1872=ORIENTED_EDGE('',*,*,#2672,.T.);
#1873=ORIENTED_EDGE('',*,*,#2314,.T.);
#1874=ORIENTED_EDGE('',*,*,#2667,.F.);
#1875=ORIENTED_EDGE('',*,*,#2676,.F.);
#1876=ORIENTED_EDGE('',*,*,#2674,.T.);
#1877=ORIENTED_EDGE('',*,*,#2677,.F.);
#1878=ORIENTED_EDGE('',*,*,#2678,.T.);
#1879=ORIENTED_EDGE('',*,*,#1953,.T.);
#1880=ORIENTED_EDGE('',*,*,#2307,.T.);
#1881=ORIENTED_EDGE('',*,*,#2679,.F.);
#1882=ORIENTED_EDGE('',*,*,#2680,.T.);
#1883=ORIENTED_EDGE('',*,*,#2677,.T.);
#1884=ORIENTED_EDGE('',*,*,#2306,.T.);
#1885=ORIENTED_EDGE('',*,*,#2305,.T.);
#1886=ORIENTED_EDGE('',*,*,#2681,.F.);
#1887=ORIENTED_EDGE('',*,*,#2682,.F.);
#1888=ORIENTED_EDGE('',*,*,#2679,.T.);
#1889=ORIENTED_EDGE('',*,*,#2683,.F.);
#1890=ORIENTED_EDGE('',*,*,#2684,.T.);
#1891=ORIENTED_EDGE('',*,*,#2681,.T.);
#1892=ORIENTED_EDGE('',*,*,#2304,.T.);
#1893=ORIENTED_EDGE('',*,*,#2685,.F.);
#1894=ORIENTED_EDGE('',*,*,#2686,.T.);
#1895=ORIENTED_EDGE('',*,*,#2683,.T.);
#1896=ORIENTED_EDGE('',*,*,#2312,.T.);
#1897=ORIENTED_EDGE('',*,*,#2687,.F.);
#1898=ORIENTED_EDGE('',*,*,#2688,.T.);
#1899=ORIENTED_EDGE('',*,*,#2685,.T.);
#1900=ORIENTED_EDGE('',*,*,#2311,.T.);
#1901=ORIENTED_EDGE('',*,*,#2689,.F.);
#1902=ORIENTED_EDGE('',*,*,#2690,.T.);
#1903=ORIENTED_EDGE('',*,*,#2687,.T.);
#1904=ORIENTED_EDGE('',*,*,#2310,.T.);
#1905=ORIENTED_EDGE('',*,*,#2691,.T.);
#1906=ORIENTED_EDGE('',*,*,#2692,.T.);
#1907=ORIENTED_EDGE('',*,*,#2689,.T.);
#1908=ORIENTED_EDGE('',*,*,#2309,.T.);
#1909=ORIENTED_EDGE('',*,*,#2693,.T.);
#1910=ORIENTED_EDGE('',*,*,#2691,.F.);
#1911=ORIENTED_EDGE('',*,*,#2308,.F.);
#1912=ORIENTED_EDGE('',*,*,#1955,.F.);
#1913=ORIENTED_EDGE('',*,*,#2686,.F.);
#1914=ORIENTED_EDGE('',*,*,#2688,.F.);
#1915=ORIENTED_EDGE('',*,*,#2690,.F.);
#1916=ORIENTED_EDGE('',*,*,#2692,.F.);
#1917=ORIENTED_EDGE('',*,*,#2693,.F.);
#1918=ORIENTED_EDGE('',*,*,#1954,.F.);
#1919=ORIENTED_EDGE('',*,*,#2678,.F.);
#1920=ORIENTED_EDGE('',*,*,#2680,.F.);
#1921=ORIENTED_EDGE('',*,*,#2682,.T.);
#1922=ORIENTED_EDGE('',*,*,#2684,.F.);
#1923=ORIENTED_EDGE('',*,*,#2666,.T.);
#1924=ORIENTED_EDGE('',*,*,#2694,.F.);
#1925=ORIENTED_EDGE('',*,*,#2695,.F.);
#1926=ORIENTED_EDGE('',*,*,#2696,.T.);
#1927=ORIENTED_EDGE('',*,*,#2669,.T.);
#1928=ORIENTED_EDGE('',*,*,#2697,.F.);
#1929=ORIENTED_EDGE('',*,*,#2698,.F.);
#1930=ORIENTED_EDGE('',*,*,#2694,.T.);
#1931=ORIENTED_EDGE('',*,*,#2671,.T.);
#1932=ORIENTED_EDGE('',*,*,#2699,.F.);
#1933=ORIENTED_EDGE('',*,*,#2700,.F.);
#1934=ORIENTED_EDGE('',*,*,#2697,.T.);
#1935=ORIENTED_EDGE('',*,*,#2673,.T.);
#1936=ORIENTED_EDGE('',*,*,#2701,.F.);
#1937=ORIENTED_EDGE('',*,*,#2702,.F.);
#1938=ORIENTED_EDGE('',*,*,#2699,.T.);
#1939=ORIENTED_EDGE('',*,*,#2675,.T.);
#1940=ORIENTED_EDGE('',*,*,#2703,.F.);
#1941=ORIENTED_EDGE('',*,*,#2704,.F.);
#1942=ORIENTED_EDGE('',*,*,#2701,.T.);
#1943=ORIENTED_EDGE('',*,*,#2676,.T.);
#1944=ORIENTED_EDGE('',*,*,#2696,.F.);
#1945=ORIENTED_EDGE('',*,*,#2705,.F.);
#1946=ORIENTED_EDGE('',*,*,#2703,.T.);
#1947=ORIENTED_EDGE('',*,*,#2695,.T.);
#1948=ORIENTED_EDGE('',*,*,#2698,.T.);
#1949=ORIENTED_EDGE('',*,*,#2700,.T.);
#1950=ORIENTED_EDGE('',*,*,#2702,.T.);
#1951=ORIENTED_EDGE('',*,*,#2704,.T.);
#1952=ORIENTED_EDGE('',*,*,#2705,.T.);
#1953=EDGE_CURVE('',#2706,#2707,#3192,.T.);
#1954=EDGE_CURVE('',#2706,#2708,#430,.T.);
#1955=EDGE_CURVE('',#2708,#2709,#3193,.T.);
#1956=EDGE_CURVE('',#2709,#2707,#238,.T.);
#1957=EDGE_CURVE('',#2710,#2711,#3194,.T.);
#1958=EDGE_CURVE('',#2710,#2712,#212,.T.);
#1959=EDGE_CURVE('',#2712,#2713,#213,.T.);
#1960=EDGE_CURVE('',#2713,#2714,#214,.F.);
#1961=EDGE_CURVE('',#2714,#2711,#215,.T.);
#1962=EDGE_CURVE('',#2715,#2716,#3195,.T.);
#1963=EDGE_CURVE('',#2717,#2715,#239,.T.);
#1964=EDGE_CURVE('',#2710,#2717,#240,.T.);
#1965=EDGE_CURVE('',#2718,#2711,#241,.T.);
#1966=EDGE_CURVE('',#2719,#2718,#242,.T.);
#1967=EDGE_CURVE('',#2719,#2720,#3196,.T.);
#1968=EDGE_CURVE('',#2721,#2720,#3197,.T.);
#1969=EDGE_CURVE('',#2721,#2722,#3198,.T.);
#1970=EDGE_CURVE('',#2723,#2722,#3199,.T.);
#1971=EDGE_CURVE('',#2724,#2723,#3200,.T.);
#1972=EDGE_CURVE('',#2716,#2724,#3201,.T.);
#1973=EDGE_CURVE('',#2725,#2726,#431,.F.);
#1974=EDGE_CURVE('',#2726,#2727,#432,.F.);
#1975=EDGE_CURVE('',#2728,#2727,#3202,.T.);
#1976=EDGE_CURVE('',#2728,#2729,#3203,.T.);
#1977=EDGE_CURVE('',#2729,#2730,#3204,.T.);
#1978=EDGE_CURVE('',#2730,#2731,#433,.F.);
#1979=EDGE_CURVE('',#2731,#2732,#434,.F.);
#1980=EDGE_CURVE('',#2732,#2733,#435,.F.);
#1981=EDGE_CURVE('',#2734,#2733,#3205,.T.);
#1982=EDGE_CURVE('',#2734,#2725,#436,.F.);
#1983=EDGE_CURVE('',#2730,#2719,#3206,.T.);
#1984=EDGE_CURVE('',#2735,#2729,#243,.T.);
#1985=EDGE_CURVE('',#2736,#2735,#3207,.T.);
#1986=EDGE_CURVE('',#2720,#2736,#244,.T.);
#1987=EDGE_CURVE('',#2737,#2738,#3208,.T.);
#1988=EDGE_CURVE('',#2737,#2739,#216,.T.);
#1989=EDGE_CURVE('',#2739,#2740,#217,.T.);
#1990=EDGE_CURVE('',#2740,#2741,#218,.F.);
#1991=EDGE_CURVE('',#2741,#2738,#219,.T.);
#1992=EDGE_CURVE('',#2742,#2743,#3209,.T.);
#1993=EDGE_CURVE('',#2744,#2742,#245,.T.);
#1994=EDGE_CURVE('',#2737,#2744,#246,.T.);
#1995=EDGE_CURVE('',#2745,#2738,#247,.T.);
#1996=EDGE_CURVE('',#2746,#2745,#248,.T.);
#1997=EDGE_CURVE('',#2746,#2747,#3210,.T.);
#1998=EDGE_CURVE('',#2748,#2747,#3211,.T.);
#1999=EDGE_CURVE('',#2748,#2749,#3212,.T.);
#2000=EDGE_CURVE('',#2750,#2749,#3213,.T.);
#2001=EDGE_CURVE('',#2751,#2750,#3214,.T.);
#2002=EDGE_CURVE('',#2743,#2751,#3215,.T.);
#2003=EDGE_CURVE('',#2752,#2753,#437,.F.);
#2004=EDGE_CURVE('',#2753,#2754,#438,.F.);
#2005=EDGE_CURVE('',#2755,#2754,#3216,.T.);
#2006=EDGE_CURVE('',#2755,#2756,#3217,.T.);
#2007=EDGE_CURVE('',#2756,#2757,#3218,.T.);
#2008=EDGE_CURVE('',#2757,#2758,#439,.F.);
#2009=EDGE_CURVE('',#2758,#2759,#440,.F.);
#2010=EDGE_CURVE('',#2759,#2760,#441,.F.);
#2011=EDGE_CURVE('',#2761,#2760,#3219,.T.);
#2012=EDGE_CURVE('',#2761,#2752,#442,.F.);
#2013=EDGE_CURVE('',#2757,#2746,#3220,.T.);
#2014=EDGE_CURVE('',#2762,#2756,#249,.T.);
#2015=EDGE_CURVE('',#2763,#2762,#3221,.T.);
#2016=EDGE_CURVE('',#2747,#2763,#250,.T.);
#2017=EDGE_CURVE('',#2764,#2765,#3222,.T.);
#2018=EDGE_CURVE('',#2765,#2724,#251,.F.);
#2019=EDGE_CURVE('',#2723,#2766,#252,.T.);
#2020=EDGE_CURVE('',#2766,#2767,#3223,.T.);
#2021=EDGE_CURVE('',#2768,#2767,#3224,.T.);
#2022=EDGE_CURVE('',#2769,#2768,#253,.T.);
#2023=EDGE_CURVE('',#2769,#2764,#3225,.T.);
#2024=EDGE_CURVE('',#2770,#2721,#254,.F.);
#2025=EDGE_CURVE('',#2771,#2770,#3226,.T.);
#2026=EDGE_CURVE('',#2772,#2771,#3227,.T.);
#2027=EDGE_CURVE('',#2772,#2773,#255,.T.);
#2028=EDGE_CURVE('',#2773,#2774,#3228,.T.);
#2029=EDGE_CURVE('',#2775,#2774,#3229,.T.);
#2030=EDGE_CURVE('',#2722,#2775,#256,.T.);
#2031=EDGE_CURVE('',#2776,#2777,#3230,.T.);
#2032=EDGE_CURVE('',#2777,#2751,#257,.F.);
#2033=EDGE_CURVE('',#2750,#2778,#258,.T.);
#2034=EDGE_CURVE('',#2778,#2779,#3231,.T.);
#2035=EDGE_CURVE('',#2780,#2779,#3232,.T.);
#2036=EDGE_CURVE('',#2781,#2780,#259,.T.);
#2037=EDGE_CURVE('',#2781,#2776,#3233,.T.);
#2038=EDGE_CURVE('',#2782,#2748,#260,.F.);
#2039=EDGE_CURVE('',#2783,#2782,#3234,.T.);
#2040=EDGE_CURVE('',#2784,#2783,#3235,.T.);
#2041=EDGE_CURVE('',#2784,#2785,#261,.T.);
#2042=EDGE_CURVE('',#2785,#2786,#3236,.T.);
#2043=EDGE_CURVE('',#2787,#2786,#3237,.T.);
#2044=EDGE_CURVE('',#2749,#2787,#262,.T.);
#2045=EDGE_CURVE('',#2788,#2789,#3238,.T.);
#2046=EDGE_CURVE('',#2789,#2790,#3239,.T.);
#2047=EDGE_CURVE('',#2790,#2791,#3240,.T.);
#2048=EDGE_CURVE('',#2791,#2792,#263,.T.);
#2049=EDGE_CURVE('',#2792,#2793,#3241,.T.);
#2050=EDGE_CURVE('',#2793,#2788,#264,.T.);
#2051=EDGE_CURVE('',#2794,#2794,#265,.T.);
#2052=EDGE_CURVE('',#2795,#2795,#266,.T.);
#2053=EDGE_CURVE('',#2796,#2797,#3242,.T.);
#2054=EDGE_CURVE('',#2797,#2798,#3243,.T.);
#2055=EDGE_CURVE('',#2798,#2799,#3244,.T.);
#2056=EDGE_CURVE('',#2799,#2800,#267,.T.);
#2057=EDGE_CURVE('',#2800,#2801,#3245,.T.);
#2058=EDGE_CURVE('',#2801,#2796,#268,.T.);
#2059=EDGE_CURVE('',#2802,#2803,#269,.T.);
#2060=EDGE_CURVE('',#2803,#2804,#3246,.T.);
#2061=EDGE_CURVE('',#2804,#2805,#270,.T.);
#2062=EDGE_CURVE('',#2805,#2806,#3247,.T.);
#2063=EDGE_CURVE('',#2806,#2807,#271,.T.);
#2064=EDGE_CURVE('',#2807,#2808,#3248,.T.);
#2065=EDGE_CURVE('',#2808,#2809,#272,.T.);
#2066=EDGE_CURVE('',#2809,#2802,#3249,.T.);
#2067=EDGE_CURVE('',#2810,#2811,#3250,.T.);
#2068=EDGE_CURVE('',#2811,#2812,#273,.T.);
#2069=EDGE_CURVE('',#2812,#2813,#3251,.T.);
#2070=EDGE_CURVE('',#2813,#2814,#3252,.T.);
#2071=EDGE_CURVE('',#2814,#2815,#3253,.T.);
#2072=EDGE_CURVE('',#2815,#2816,#3254,.T.);
#2073=EDGE_CURVE('',#2816,#2817,#274,.T.);
#2074=EDGE_CURVE('',#2817,#2818,#3255,.T.);
#2075=EDGE_CURVE('',#2818,#2819,#3256,.T.);
#2076=EDGE_CURVE('',#2819,#2820,#3257,.T.);
#2077=EDGE_CURVE('',#2820,#2821,#3258,.T.);
#2078=EDGE_CURVE('',#2822,#2821,#3259,.T.);
#2079=EDGE_CURVE('',#2823,#2822,#3260,.T.);
#2080=EDGE_CURVE('',#2823,#2810,#3261,.T.);
#2081=EDGE_CURVE('',#2810,#2824,#275,.T.);
#2082=EDGE_CURVE('',#2825,#2823,#276,.T.);
#2083=EDGE_CURVE('',#2825,#2824,#3262,.T.);
#2084=EDGE_CURVE('',#2826,#2814,#277,.T.);
#2085=EDGE_CURVE('',#2826,#2827,#3263,.T.);
#2086=EDGE_CURVE('',#2815,#2827,#278,.T.);
#2087=EDGE_CURVE('',#2824,#2828,#3264,.T.);
#2088=EDGE_CURVE('',#2829,#2825,#3265,.T.);
#2089=EDGE_CURVE('',#2829,#2830,#3266,.T.);
#2090=EDGE_CURVE('',#2830,#2831,#3267,.T.);
#2091=EDGE_CURVE('',#2832,#2831,#3268,.T.);
#2092=EDGE_CURVE('',#2833,#2832,#3269,.T.);
#2093=EDGE_CURVE('',#2833,#2834,#3270,.T.);
#2094=EDGE_CURVE('',#2827,#2834,#3271,.T.);
#2095=EDGE_CURVE('',#2835,#2826,#3272,.T.);
#2096=EDGE_CURVE('',#2835,#2828,#3273,.T.);
#2097=EDGE_CURVE('',#2832,#2819,#279,.T.);
#2098=EDGE_CURVE('',#2831,#2820,#280,.T.);
#2099=EDGE_CURVE('',#2836,#2837,#3274,.F.);
#2100=EDGE_CURVE('',#2837,#2838,#220,.T.);
#2101=EDGE_CURVE('',#2838,#2839,#3275,.T.);
#2102=EDGE_CURVE('',#2839,#2840,#221,.T.);
#2103=EDGE_CURVE('',#2836,#2840,#3276,.T.);
#2104=EDGE_CURVE('',#2841,#2842,#3277,.T.);
#2105=EDGE_CURVE('',#2842,#2843,#3278,.T.);
#2106=EDGE_CURVE('',#2843,#2844,#3279,.T.);
#2107=EDGE_CURVE('',#2844,#2841,#3280,.T.);
#2108=EDGE_CURVE('',#2845,#2846,#3281,.T.);
#2109=EDGE_CURVE('',#2845,#2847,#222,.T.);
#2110=EDGE_CURVE('',#2847,#2848,#3282,.T.);
#2111=EDGE_CURVE('',#2848,#2849,#3283,.T.);
#2112=EDGE_CURVE('',#2849,#2850,#3284,.T.);
#2113=EDGE_CURVE('',#2850,#2851,#3285,.T.);
#2114=EDGE_CURVE('',#2852,#2851,#3286,.T.);
#2115=EDGE_CURVE('',#2846,#2852,#3287,.T.);
#2116=EDGE_CURVE('',#2853,#2854,#3288,.T.);
#2117=EDGE_CURVE('',#2854,#2855,#3289,.T.);
#2118=EDGE_CURVE('',#2855,#2856,#3290,.T.);
#2119=EDGE_CURVE('',#2856,#2853,#3291,.T.);
#2120=EDGE_CURVE('',#2857,#2858,#3292,.T.);
#2121=EDGE_CURVE('',#2857,#2859,#223,.T.);
#2122=EDGE_CURVE('',#2859,#2860,#3293,.T.);
#2123=EDGE_CURVE('',#2860,#2858,#3294,.T.);
#2124=EDGE_CURVE('',#2861,#2862,#3295,.T.);
#2125=EDGE_CURVE('',#2862,#2863,#3296,.T.);
#2126=EDGE_CURVE('',#2863,#2864,#3297,.T.);
#2127=EDGE_CURVE('',#2864,#2861,#3298,.T.);
#2128=EDGE_CURVE('',#2865,#2866,#3299,.F.);
#2129=EDGE_CURVE('',#2866,#2867,#224,.T.);
#2130=EDGE_CURVE('',#2867,#2868,#3300,.T.);
#2131=EDGE_CURVE('',#2868,#2869,#225,.T.);
#2132=EDGE_CURVE('',#2865,#2869,#3301,.T.);
#2133=EDGE_CURVE('',#2870,#2871,#3302,.T.);
#2134=EDGE_CURVE('',#2871,#2872,#3303,.T.);
#2135=EDGE_CURVE('',#2872,#2873,#3304,.T.);
#2136=EDGE_CURVE('',#2873,#2870,#3305,.T.);
#2137=EDGE_CURVE('',#2874,#2875,#281,.T.);
#2138=EDGE_CURVE('',#2875,#2876,#3306,.F.);
#2139=EDGE_CURVE('',#2877,#2876,#282,.T.);
#2140=EDGE_CURVE('',#2877,#2874,#3307,.T.);
#2141=EDGE_CURVE('',#2875,#2878,#3308,.T.);
#2142=EDGE_CURVE('',#2874,#2879,#3309,.T.);
#2143=EDGE_CURVE('',#2879,#2880,#3310,.T.);
#2144=EDGE_CURVE('',#2880,#2881,#3311,.T.);
#2145=EDGE_CURVE('',#2882,#2881,#283,.T.);
#2146=EDGE_CURVE('',#2882,#2852,#3312,.T.);
#2147=EDGE_CURVE('',#2851,#2883,#3313,.T.);
#2148=EDGE_CURVE('',#2884,#2883,#284,.T.);
#2149=EDGE_CURVE('',#2884,#2885,#3314,.T.);
#2150=EDGE_CURVE('',#2885,#2886,#285,.T.);
#2151=EDGE_CURVE('',#2886,#2878,#3315,.T.);
#2152=EDGE_CURVE('',#2877,#2887,#3316,.T.);
#2153=EDGE_CURVE('',#2887,#2879,#3317,.T.);
#2154=EDGE_CURVE('',#2887,#2888,#3318,.T.);
#2155=EDGE_CURVE('',#2888,#2880,#3319,.T.);
#2156=EDGE_CURVE('',#2888,#2889,#3320,.T.);
#2157=EDGE_CURVE('',#2889,#2881,#3321,.T.);
#2158=EDGE_CURVE('',#2890,#2889,#286,.T.);
#2159=EDGE_CURVE('',#2890,#2882,#3322,.T.);
#2160=EDGE_CURVE('',#2885,#2891,#3323,.T.);
#2161=EDGE_CURVE('',#2891,#2892,#287,.T.);
#2162=EDGE_CURVE('',#2886,#2892,#3324,.T.);
#2163=EDGE_CURVE('',#2893,#2894,#288,.T.);
#2164=EDGE_CURVE('',#2895,#2894,#3325,.T.);
#2165=EDGE_CURVE('',#2895,#2893,#3326,.T.);
#2166=EDGE_CURVE('',#2896,#2897,#3327,.T.);
#2167=EDGE_CURVE('',#2898,#2897,#3328,.T.);
#2168=EDGE_CURVE('',#2898,#2896,#289,.T.);
#2169=EDGE_CURVE('',#2899,#2900,#290,.F.);
#2170=EDGE_CURVE('',#2901,#2900,#3329,.T.);
#2171=EDGE_CURVE('',#2901,#2899,#3330,.T.);
#2172=EDGE_CURVE('',#2902,#2903,#3331,.T.);
#2173=EDGE_CURVE('',#2904,#2902,#3332,.T.);
#2174=EDGE_CURVE('',#2904,#2836,#291,.T.);
#2175=EDGE_CURVE('',#2905,#2840,#292,.T.);
#2176=EDGE_CURVE('',#2903,#2905,#3333,.T.);
#2177=EDGE_CURVE('',#2906,#2846,#3334,.T.);
#2178=EDGE_CURVE('',#2845,#2906,#293,.T.);
#2179=EDGE_CURVE('',#2907,#2838,#294,.T.);
#2180=EDGE_CURVE('',#2908,#2907,#3335,.T.);
#2181=EDGE_CURVE('',#2909,#2908,#295,.T.);
#2182=EDGE_CURVE('',#2910,#2909,#3336,.T.);
#2183=EDGE_CURVE('',#2910,#2839,#296,.T.);
#2184=EDGE_CURVE('',#2911,#2912,#3337,.T.);
#2185=EDGE_CURVE('',#2912,#2913,#226,.T.);
#2186=EDGE_CURVE('',#2913,#2899,#3338,.T.);
#2187=EDGE_CURVE('',#2901,#2914,#3339,.T.);
#2188=EDGE_CURVE('',#2915,#2914,#3340,.T.);
#2189=EDGE_CURVE('',#2897,#2915,#3341,.T.);
#2190=EDGE_CURVE('',#2896,#2911,#227,.T.);
#2191=EDGE_CURVE('',#2916,#2867,#297,.T.);
#2192=EDGE_CURVE('',#2892,#2916,#3342,.T.);
#2193=EDGE_CURVE('',#2917,#2891,#3343,.T.);
#2194=EDGE_CURVE('',#2917,#2868,#298,.T.);
#2195=EDGE_CURVE('',#2918,#2919,#3344,.T.);
#2196=EDGE_CURVE('',#2919,#2920,#228,.T.);
#2197=EDGE_CURVE('',#2920,#2921,#3345,.T.);
#2198=EDGE_CURVE('',#2922,#2921,#3346,.T.);
#2199=EDGE_CURVE('',#2922,#2918,#229,.T.);
#2200=EDGE_CURVE('',#2912,#2923,#299,.T.);
#2201=EDGE_CURVE('',#2924,#2911,#300,.T.);
#2202=EDGE_CURVE('',#2923,#2924,#3347,.T.);
#2203=EDGE_CURVE('',#2925,#2926,#3348,.T.);
#2204=EDGE_CURVE('',#2926,#2893,#230,.T.);
#2205=EDGE_CURVE('',#2895,#2927,#3349,.T.);
#2206=EDGE_CURVE('',#2928,#2927,#3350,.T.);
#2207=EDGE_CURVE('',#2925,#2928,#3351,.T.);
#2208=EDGE_CURVE('',#2919,#2929,#301,.T.);
#2209=EDGE_CURVE('',#2930,#2918,#302,.T.);
#2210=EDGE_CURVE('',#2929,#2930,#3352,.T.);
#2211=EDGE_CURVE('',#2931,#2932,#3353,.T.);
#2212=EDGE_CURVE('',#2932,#2933,#231,.T.);
#2213=EDGE_CURVE('',#2934,#2933,#3354,.T.);
#2214=EDGE_CURVE('',#2931,#2934,#3355,.T.);
#2215=EDGE_CURVE('',#2847,#2910,#303,.T.);
#2216=EDGE_CURVE('',#2935,#2910,#3356,.T.);
#2217=EDGE_CURVE('',#2935,#2936,#304,.T.);
#2218=EDGE_CURVE('',#2937,#2936,#305,.T.);
#2219=EDGE_CURVE('',#2938,#2937,#3357,.T.);
#2220=EDGE_CURVE('',#2848,#2938,#3358,.T.);
#2221=EDGE_CURVE('',#2859,#2917,#306,.T.);
#2222=EDGE_CURVE('',#2939,#2917,#3359,.T.);
#2223=EDGE_CURVE('',#2939,#2940,#307,.T.);
#2224=EDGE_CURVE('',#2941,#2940,#308,.T.);
#2225=EDGE_CURVE('',#2942,#2941,#3360,.T.);
#2226=EDGE_CURVE('',#2860,#2942,#3361,.T.);
#2227=EDGE_CURVE('',#2943,#2944,#309,.T.);
#2228=EDGE_CURVE('',#2943,#2945,#3362,.T.);
#2229=EDGE_CURVE('',#2945,#2946,#310,.T.);
#2230=EDGE_CURVE('',#2944,#2946,#3363,.T.);
#2231=EDGE_CURVE('',#2821,#2947,#311,.T.);
#2232=EDGE_CURVE('',#2948,#2947,#3364,.T.);
#2233=EDGE_CURVE('',#2822,#2948,#312,.T.);
#2234=EDGE_CURVE('',#2947,#2945,#3365,.T.);
#2235=EDGE_CURVE('',#2949,#2943,#3366,.T.);
#2236=EDGE_CURVE('',#2939,#2949,#3367,.T.);
#2237=EDGE_CURVE('',#2935,#2884,#3368,.T.);
#2238=EDGE_CURVE('',#2950,#2909,#3369,.T.);
#2239=EDGE_CURVE('',#2948,#2950,#3370,.T.);
#2240=EDGE_CURVE('',#2951,#2908,#3371,.T.);
#2241=EDGE_CURVE('',#2950,#2951,#313,.T.);
#2242=EDGE_CURVE('',#2924,#2952,#3372,.T.);
#2243=EDGE_CURVE('',#2952,#2953,#3373,.T.);
#2244=EDGE_CURVE('',#2954,#2953,#3374,.T.);
#2245=EDGE_CURVE('',#2954,#2955,#3375,.T.);
#2246=EDGE_CURVE('',#2956,#2955,#3376,.T.);
#2247=EDGE_CURVE('',#2957,#2956,#3377,.T.);
#2248=EDGE_CURVE('',#2957,#2958,#3378,.T.);
#2249=EDGE_CURVE('',#2958,#2878,#3379,.T.);
#2250=EDGE_CURVE('',#2916,#2929,#232,.T.);
#2251=EDGE_CURVE('',#2930,#2959,#3380,.T.);
#2252=EDGE_CURVE('',#2959,#2960,#3381,.T.);
#2253=EDGE_CURVE('',#2944,#2960,#3382,.T.);
#2254=EDGE_CURVE('',#2946,#2961,#3383,.T.);
#2255=EDGE_CURVE('',#2962,#2961,#3384,.T.);
#2256=EDGE_CURVE('',#2951,#2962,#3385,.T.);
#2257=EDGE_CURVE('',#2907,#2923,#233,.T.);
#2258=EDGE_CURVE('',#2961,#2963,#314,.T.);
#2259=EDGE_CURVE('',#2964,#2963,#3386,.T.);
#2260=EDGE_CURVE('',#2962,#2964,#315,.T.);
#2261=EDGE_CURVE('',#2965,#2966,#3387,.T.);
#2262=EDGE_CURVE('',#2967,#2965,#316,.T.);
#2263=EDGE_CURVE('',#2968,#2967,#3388,.T.);
#2264=EDGE_CURVE('',#2968,#2969,#317,.T.);
#2265=EDGE_CURVE('',#2970,#2969,#3389,.T.);
#2266=EDGE_CURVE('',#2971,#2970,#318,.T.);
#2267=EDGE_CURVE('',#2972,#2971,#3390,.T.);
#2268=EDGE_CURVE('',#2973,#2972,#3391,.T.);
#2269=EDGE_CURVE('',#2974,#2973,#3392,.T.);
#2270=EDGE_CURVE('',#2975,#2974,#319,.T.);
#2271=EDGE_CURVE('',#2976,#2975,#3393,.T.);
#2272=EDGE_CURVE('',#2977,#2976,#320,.T.);
#2273=EDGE_CURVE('',#2978,#2977,#3394,.T.);
#2274=EDGE_CURVE('',#2979,#2978,#321,.T.);
#2275=EDGE_CURVE('',#2980,#2979,#3395,.T.);
#2276=EDGE_CURVE('',#2981,#2980,#322,.T.);
#2277=EDGE_CURVE('',#2981,#2982,#323,.T.);
#2278=EDGE_CURVE('',#2983,#2982,#3396,.T.);
#2279=EDGE_CURVE('',#2966,#2983,#324,.T.);
#2280=EDGE_CURVE('',#2984,#2985,#3397,.T.);
#2281=EDGE_CURVE('',#2986,#2984,#325,.T.);
#2282=EDGE_CURVE('',#2987,#2986,#3398,.T.);
#2283=EDGE_CURVE('',#2987,#2988,#326,.T.);
#2284=EDGE_CURVE('',#2989,#2988,#3399,.T.);
#2285=EDGE_CURVE('',#2990,#2989,#327,.T.);
#2286=EDGE_CURVE('',#2991,#2990,#3400,.T.);
#2287=EDGE_CURVE('',#2992,#2991,#3401,.T.);
#2288=EDGE_CURVE('',#2993,#2992,#3402,.T.);
#2289=EDGE_CURVE('',#2994,#2993,#328,.T.);
#2290=EDGE_CURVE('',#2995,#2994,#3403,.T.);
#2291=EDGE_CURVE('',#2996,#2995,#329,.T.);
#2292=EDGE_CURVE('',#2997,#2996,#3404,.T.);
#2293=EDGE_CURVE('',#2998,#2997,#330,.T.);
#2294=EDGE_CURVE('',#2999,#2998,#3405,.T.);
#2295=EDGE_CURVE('',#3000,#2999,#331,.T.);
#2296=EDGE_CURVE('',#3000,#3001,#332,.T.);
#2297=EDGE_CURVE('',#3002,#3001,#3406,.T.);
#2298=EDGE_CURVE('',#2985,#3002,#333,.T.);
#2299=EDGE_CURVE('',#2963,#3003,#3407,.T.);
#2300=EDGE_CURVE('',#3004,#3003,#3408,.T.);
#2301=EDGE_CURVE('',#2964,#3004,#3409,.T.);
#2302=EDGE_CURVE('',#3003,#2830,#334,.T.);
#2303=EDGE_CURVE('',#3004,#2829,#335,.T.);
#2304=EDGE_CURVE('',#3005,#3006,#336,.T.);
#2305=EDGE_CURVE('',#3007,#3005,#3410,.T.);
#2306=EDGE_CURVE('',#3008,#3007,#337,.T.);
#2307=EDGE_CURVE('',#2707,#3008,#3411,.T.);
#2308=EDGE_CURVE('',#2709,#3009,#3412,.T.);
#2309=EDGE_CURVE('',#3010,#3009,#338,.T.);
#2310=EDGE_CURVE('',#3011,#3010,#3413,.T.);
#2311=EDGE_CURVE('',#3012,#3011,#339,.T.);
#2312=EDGE_CURVE('',#3006,#3012,#3414,.T.);
#2313=EDGE_CURVE('',#3013,#3014,#3415,.T.);
#2314=EDGE_CURVE('',#3015,#3013,#340,.T.);
#2315=EDGE_CURVE('',#3016,#3015,#3416,.T.);
#2316=EDGE_CURVE('',#3017,#3016,#341,.T.);
#2317=EDGE_CURVE('',#3018,#3017,#3417,.T.);
#2318=EDGE_CURVE('',#3014,#3018,#342,.T.);
#2319=EDGE_CURVE('',#2932,#2930,#343,.T.);
#2320=EDGE_CURVE('',#3019,#2931,#344,.T.);
#2321=EDGE_CURVE('',#3019,#2959,#345,.T.);
#2322=EDGE_CURVE('',#2921,#2865,#346,.F.);
#2323=EDGE_CURVE('',#2857,#2869,#347,.T.);
#2324=EDGE_CURVE('',#2858,#3020,#3418,.T.);
#2325=EDGE_CURVE('',#3020,#3021,#3419,.T.);
#2326=EDGE_CURVE('',#3021,#3022,#348,.T.);
#2327=EDGE_CURVE('',#2949,#3022,#349,.T.);
#2328=EDGE_CURVE('',#3023,#2960,#350,.T.);
#2329=EDGE_CURVE('',#3023,#2934,#351,.T.);
#2330=EDGE_CURVE('',#2933,#2922,#352,.T.);
#2331=EDGE_CURVE('',#3019,#3023,#3420,.T.);
#2332=EDGE_CURVE('',#2942,#3020,#3421,.T.);
#2333=EDGE_CURVE('',#2941,#3021,#3422,.T.);
#2334=EDGE_CURVE('',#2940,#3022,#3423,.T.);
#2335=EDGE_CURVE('',#2926,#2924,#353,.T.);
#2336=EDGE_CURVE('',#3024,#2925,#354,.T.);
#2337=EDGE_CURVE('',#3024,#2952,#355,.T.);
#2338=EDGE_CURVE('',#3024,#3025,#3424,.T.);
#2339=EDGE_CURVE('',#3025,#2953,#356,.T.);
#2340=EDGE_CURVE('',#3025,#2928,#357,.T.);
#2341=EDGE_CURVE('',#2849,#3026,#3425,.T.);
#2342=EDGE_CURVE('',#2938,#3026,#3426,.T.);
#2343=EDGE_CURVE('',#3026,#3027,#3427,.T.);
#2344=EDGE_CURVE('',#2937,#3027,#3428,.T.);
#2345=EDGE_CURVE('',#3027,#3028,#358,.T.);
#2346=EDGE_CURVE('',#2936,#3028,#3429,.T.);
#2347=EDGE_CURVE('',#3029,#2883,#3430,.T.);
#2348=EDGE_CURVE('',#3028,#3029,#359,.T.);
#2349=EDGE_CURVE('',#2906,#2905,#360,.T.);
#2350=EDGE_CURVE('',#2898,#2894,#361,.T.);
#2351=EDGE_CURVE('',#2920,#2866,#362,.T.);
#2352=EDGE_CURVE('',#2913,#2837,#363,.T.);
#2353=EDGE_CURVE('',#2904,#3030,#3431,.T.);
#2354=EDGE_CURVE('',#3030,#3031,#364,.T.);
#2355=EDGE_CURVE('',#3031,#3032,#3432,.T.);
#2356=EDGE_CURVE('',#3032,#3033,#365,.T.);
#2357=EDGE_CURVE('',#2900,#3033,#3433,.T.);
#2358=EDGE_CURVE('',#2954,#3032,#3434,.T.);
#2359=EDGE_CURVE('',#2927,#3034,#3435,.T.);
#2360=EDGE_CURVE('',#3035,#3034,#366,.T.);
#2361=EDGE_CURVE('',#3035,#2915,#3436,.T.);
#2362=EDGE_CURVE('',#2914,#3033,#3437,.T.);
#2363=EDGE_CURVE('',#2894,#3034,#3438,.T.);
#2364=EDGE_CURVE('',#2898,#3035,#3439,.T.);
#2365=EDGE_CURVE('',#3030,#3036,#3440,.T.);
#2366=EDGE_CURVE('',#2902,#3036,#3441,.T.);
#2367=EDGE_CURVE('',#3036,#3037,#3442,.T.);
#2368=EDGE_CURVE('',#2903,#3037,#3443,.T.);
#2369=EDGE_CURVE('',#3037,#3038,#3444,.T.);
#2370=EDGE_CURVE('',#2905,#3038,#3445,.T.);
#2371=EDGE_CURVE('',#2906,#3039,#3446,.T.);
#2372=EDGE_CURVE('',#3039,#3038,#367,.T.);
#2373=EDGE_CURVE('',#2890,#3040,#3447,.T.);
#2374=EDGE_CURVE('',#3040,#3041,#3448,.T.);
#2375=EDGE_CURVE('',#3039,#3041,#3449,.T.);
#2376=EDGE_CURVE('',#2850,#3029,#3450,.T.);
#2377=EDGE_CURVE('',#2955,#3031,#3451,.T.);
#2378=EDGE_CURVE('',#2876,#2958,#3452,.T.);
#2379=EDGE_CURVE('',#3042,#2957,#368,.T.);
#2380=EDGE_CURVE('',#3043,#3042,#3453,.T.);
#2381=EDGE_CURVE('',#3040,#3043,#3454,.T.);
#2382=EDGE_CURVE('',#3041,#3044,#3455,.T.);
#2383=EDGE_CURVE('',#3044,#3045,#3456,.T.);
#2384=EDGE_CURVE('',#3045,#2956,#369,.T.);
#2385=EDGE_CURVE('',#3043,#3044,#3457,.T.);
#2386=EDGE_CURVE('',#3042,#3045,#3458,.T.);
#2387=EDGE_CURVE('',#2871,#3046,#3459,.T.);
#2388=EDGE_CURVE('',#3046,#3047,#3460,.T.);
#2389=EDGE_CURVE('',#2872,#3047,#3461,.T.);
#2390=EDGE_CURVE('',#3047,#3048,#3462,.T.);
#2391=EDGE_CURVE('',#2873,#3048,#3463,.T.);
#2392=EDGE_CURVE('',#3048,#3049,#3464,.T.);
#2393=EDGE_CURVE('',#2870,#3049,#3465,.T.);
#2394=EDGE_CURVE('',#3049,#3046,#3466,.T.);
#2395=EDGE_CURVE('',#2862,#3050,#3467,.T.);
#2396=EDGE_CURVE('',#3050,#3051,#3468,.T.);
#2397=EDGE_CURVE('',#2863,#3051,#3469,.T.);
#2398=EDGE_CURVE('',#3051,#3052,#3470,.T.);
#2399=EDGE_CURVE('',#2864,#3052,#3471,.T.);
#2400=EDGE_CURVE('',#3052,#3053,#3472,.T.);
#2401=EDGE_CURVE('',#2861,#3053,#3473,.T.);
#2402=EDGE_CURVE('',#3053,#3050,#3474,.T.);
#2403=EDGE_CURVE('',#2854,#3054,#3475,.T.);
#2404=EDGE_CURVE('',#3054,#3055,#3476,.T.);
#2405=EDGE_CURVE('',#2855,#3055,#3477,.T.);
#2406=EDGE_CURVE('',#3055,#3056,#3478,.T.);
#2407=EDGE_CURVE('',#2856,#3056,#3479,.T.);
#2408=EDGE_CURVE('',#3056,#3057,#3480,.T.);
#2409=EDGE_CURVE('',#2853,#3057,#3481,.T.);
#2410=EDGE_CURVE('',#3057,#3054,#3482,.T.);
#2411=EDGE_CURVE('',#2842,#3058,#3483,.T.);
#2412=EDGE_CURVE('',#3058,#3059,#3484,.T.);
#2413=EDGE_CURVE('',#2843,#3059,#3485,.T.);
#2414=EDGE_CURVE('',#3059,#3060,#3486,.T.);
#2415=EDGE_CURVE('',#2844,#3060,#3487,.T.);
#2416=EDGE_CURVE('',#3060,#3061,#3488,.T.);
#2417=EDGE_CURVE('',#2841,#3061,#3489,.T.);
#2418=EDGE_CURVE('',#3061,#3058,#3490,.T.);
#2419=EDGE_CURVE('',#3062,#3062,#370,.T.);
#2420=EDGE_CURVE('',#3063,#3063,#371,.T.);
#2421=EDGE_CURVE('',#3064,#3064,#372,.T.);
#2422=EDGE_CURVE('',#3065,#3065,#373,.T.);
#2423=EDGE_CURVE('',#3066,#2796,#3491,.T.);
#2424=EDGE_CURVE('',#3066,#3067,#3492,.T.);
#2425=EDGE_CURVE('',#3067,#2797,#3493,.T.);
#2426=EDGE_CURVE('',#3067,#3068,#3494,.T.);
#2427=EDGE_CURVE('',#3068,#2798,#3495,.T.);
#2428=EDGE_CURVE('',#3068,#3069,#3496,.T.);
#2429=EDGE_CURVE('',#3069,#2799,#3497,.T.);
#2430=EDGE_CURVE('',#3069,#3070,#374,.T.);
#2431=EDGE_CURVE('',#3070,#2800,#3498,.T.);
#2432=EDGE_CURVE('',#3070,#3071,#3499,.T.);
#2433=EDGE_CURVE('',#3071,#2801,#3500,.T.);
#2434=EDGE_CURVE('',#3071,#3066,#375,.T.);
#2435=EDGE_CURVE('',#3072,#2802,#3501,.T.);
#2436=EDGE_CURVE('',#3072,#3073,#376,.T.);
#2437=EDGE_CURVE('',#3073,#2803,#3502,.T.);
#2438=EDGE_CURVE('',#3073,#3074,#3503,.T.);
#2439=EDGE_CURVE('',#3074,#2804,#3504,.T.);
#2440=EDGE_CURVE('',#3074,#3075,#377,.T.);
#2441=EDGE_CURVE('',#3075,#2805,#3505,.T.);
#2442=EDGE_CURVE('',#3075,#3076,#3506,.T.);
#2443=EDGE_CURVE('',#3076,#2806,#3507,.T.);
#2444=EDGE_CURVE('',#3076,#3077,#378,.T.);
#2445=EDGE_CURVE('',#3077,#2807,#3508,.T.);
#2446=EDGE_CURVE('',#3077,#3078,#3509,.T.);
#2447=EDGE_CURVE('',#3078,#2808,#3510,.T.);
#2448=EDGE_CURVE('',#3078,#3079,#379,.T.);
#2449=EDGE_CURVE('',#3079,#2809,#3511,.T.);
#2450=EDGE_CURVE('',#3079,#3072,#3512,.T.);
#2451=EDGE_CURVE('',#3080,#2788,#3513,.T.);
#2452=EDGE_CURVE('',#3080,#3081,#3514,.T.);
#2453=EDGE_CURVE('',#3081,#2789,#3515,.T.);
#2454=EDGE_CURVE('',#3081,#3082,#3516,.T.);
#2455=EDGE_CURVE('',#3082,#2790,#3517,.T.);
#2456=EDGE_CURVE('',#3082,#3083,#3518,.T.);
#2457=EDGE_CURVE('',#3083,#2791,#3519,.T.);
#2458=EDGE_CURVE('',#3083,#3084,#380,.T.);
#2459=EDGE_CURVE('',#3084,#2792,#3520,.T.);
#2460=EDGE_CURVE('',#3084,#3085,#3521,.T.);
#2461=EDGE_CURVE('',#3085,#2793,#3522,.T.);
#2462=EDGE_CURVE('',#3085,#3080,#381,.T.);
#2463=EDGE_CURVE('',#3086,#3087,#3523,.T.);
#2464=EDGE_CURVE('',#2984,#3086,#3524,.T.);
#2465=EDGE_CURVE('',#2985,#3087,#3525,.T.);
#2466=EDGE_CURVE('',#3087,#3088,#382,.T.);
#2467=EDGE_CURVE('',#3002,#3088,#3526,.T.);
#2468=EDGE_CURVE('',#3088,#3089,#3527,.T.);
#2469=EDGE_CURVE('',#3001,#3089,#3528,.T.);
#2470=EDGE_CURVE('',#3090,#3089,#383,.T.);
#2471=EDGE_CURVE('',#3000,#3090,#3529,.T.);
#2472=EDGE_CURVE('',#3090,#3091,#384,.T.);
#2473=EDGE_CURVE('',#2999,#3091,#3530,.T.);
#2474=EDGE_CURVE('',#3091,#3092,#3531,.T.);
#2475=EDGE_CURVE('',#2998,#3092,#3532,.T.);
#2476=EDGE_CURVE('',#3092,#3093,#385,.T.);
#2477=EDGE_CURVE('',#2997,#3093,#3533,.T.);
#2478=EDGE_CURVE('',#3093,#3094,#3534,.T.);
#2479=EDGE_CURVE('',#2996,#3094,#3535,.T.);
#2480=EDGE_CURVE('',#3094,#3095,#386,.T.);
#2481=EDGE_CURVE('',#2995,#3095,#3536,.T.);
#2482=EDGE_CURVE('',#3095,#3096,#3537,.T.);
#2483=EDGE_CURVE('',#2994,#3096,#3538,.T.);
#2484=EDGE_CURVE('',#3096,#3097,#387,.T.);
#2485=EDGE_CURVE('',#2993,#3097,#3539,.T.);
#2486=EDGE_CURVE('',#3097,#3098,#3540,.T.);
#2487=EDGE_CURVE('',#2992,#3098,#3541,.T.);
#2488=EDGE_CURVE('',#3098,#3099,#3542,.T.);
#2489=EDGE_CURVE('',#2991,#3099,#3543,.T.);
#2490=EDGE_CURVE('',#3099,#3100,#3544,.T.);
#2491=EDGE_CURVE('',#2990,#3100,#3545,.T.);
#2492=EDGE_CURVE('',#3100,#3101,#388,.T.);
#2493=EDGE_CURVE('',#2989,#3101,#3546,.T.);
#2494=EDGE_CURVE('',#3101,#3102,#3547,.T.);
#2495=EDGE_CURVE('',#2988,#3102,#3548,.T.);
#2496=EDGE_CURVE('',#3103,#3102,#389,.T.);
#2497=EDGE_CURVE('',#2987,#3103,#3549,.T.);
#2498=EDGE_CURVE('',#3103,#3104,#3550,.T.);
#2499=EDGE_CURVE('',#2986,#3104,#3551,.T.);
#2500=EDGE_CURVE('',#3104,#3086,#390,.T.);
#2501=EDGE_CURVE('',#3105,#3106,#3552,.T.);
#2502=EDGE_CURVE('',#3106,#3107,#391,.T.);
#2503=EDGE_CURVE('',#3107,#3108,#3553,.T.);
#2504=EDGE_CURVE('',#3109,#3108,#392,.T.);
#2505=EDGE_CURVE('',#3109,#3110,#393,.T.);
#2506=EDGE_CURVE('',#3110,#3111,#3554,.T.);
#2507=EDGE_CURVE('',#3111,#3112,#394,.T.);
#2508=EDGE_CURVE('',#3112,#3113,#3555,.T.);
#2509=EDGE_CURVE('',#3113,#3114,#395,.T.);
#2510=EDGE_CURVE('',#3114,#3115,#3556,.T.);
#2511=EDGE_CURVE('',#3115,#3116,#396,.T.);
#2512=EDGE_CURVE('',#3116,#3117,#3557,.T.);
#2513=EDGE_CURVE('',#3117,#3118,#3558,.T.);
#2514=EDGE_CURVE('',#3118,#3119,#3559,.T.);
#2515=EDGE_CURVE('',#3119,#3120,#397,.T.);
#2516=EDGE_CURVE('',#3120,#3121,#3560,.T.);
#2517=EDGE_CURVE('',#3122,#3121,#398,.T.);
#2518=EDGE_CURVE('',#3122,#3123,#3561,.T.);
#2519=EDGE_CURVE('',#3123,#3105,#399,.T.);
#2520=EDGE_CURVE('',#3104,#3123,#3562,.T.);
#2521=EDGE_CURVE('',#3086,#3105,#3563,.T.);
#2522=EDGE_CURVE('',#3103,#3122,#3564,.T.);
#2523=EDGE_CURVE('',#3102,#3121,#3565,.T.);
#2524=EDGE_CURVE('',#3101,#3120,#3566,.T.);
#2525=EDGE_CURVE('',#3100,#3119,#3567,.T.);
#2526=EDGE_CURVE('',#3099,#3118,#3568,.T.);
#2527=EDGE_CURVE('',#3098,#3117,#3569,.T.);
#2528=EDGE_CURVE('',#3097,#3116,#3570,.T.);
#2529=EDGE_CURVE('',#3096,#3115,#3571,.T.);
#2530=EDGE_CURVE('',#3095,#3114,#3572,.T.);
#2531=EDGE_CURVE('',#3094,#3113,#3573,.T.);
#2532=EDGE_CURVE('',#3093,#3112,#3574,.T.);
#2533=EDGE_CURVE('',#3092,#3111,#3575,.T.);
#2534=EDGE_CURVE('',#3091,#3110,#3576,.T.);
#2535=EDGE_CURVE('',#3090,#3109,#3577,.T.);
#2536=EDGE_CURVE('',#3089,#3108,#3578,.T.);
#2537=EDGE_CURVE('',#3088,#3107,#3579,.T.);
#2538=EDGE_CURVE('',#3087,#3106,#3580,.T.);
#2539=EDGE_CURVE('',#3124,#3125,#3581,.T.);
#2540=EDGE_CURVE('',#2965,#3124,#3582,.T.);
#2541=EDGE_CURVE('',#2966,#3125,#3583,.T.);
#2542=EDGE_CURVE('',#3125,#3126,#400,.T.);
#2543=EDGE_CURVE('',#2983,#3126,#3584,.T.);
#2544=EDGE_CURVE('',#3126,#3127,#3585,.T.);
#2545=EDGE_CURVE('',#2982,#3127,#3586,.T.);
#2546=EDGE_CURVE('',#3128,#3127,#401,.T.);
#2547=EDGE_CURVE('',#2981,#3128,#3587,.T.);
#2548=EDGE_CURVE('',#3128,#3129,#402,.T.);
#2549=EDGE_CURVE('',#2980,#3129,#3588,.T.);
#2550=EDGE_CURVE('',#3129,#3130,#3589,.T.);
#2551=EDGE_CURVE('',#2979,#3130,#3590,.T.);
#2552=EDGE_CURVE('',#3130,#3131,#403,.T.);
#2553=EDGE_CURVE('',#2978,#3131,#3591,.T.);
#2554=EDGE_CURVE('',#3131,#3132,#3592,.T.);
#2555=EDGE_CURVE('',#2977,#3132,#3593,.T.);
#2556=EDGE_CURVE('',#3132,#3133,#404,.T.);
#2557=EDGE_CURVE('',#2976,#3133,#3594,.T.);
#2558=EDGE_CURVE('',#3133,#3134,#3595,.T.);
#2559=EDGE_CURVE('',#2975,#3134,#3596,.T.);
#2560=EDGE_CURVE('',#3134,#3135,#405,.T.);
#2561=EDGE_CURVE('',#2974,#3135,#3597,.T.);
#2562=EDGE_CURVE('',#3135,#3136,#3598,.T.);
#2563=EDGE_CURVE('',#2973,#3136,#3599,.T.);
#2564=EDGE_CURVE('',#3136,#3137,#3600,.T.);
#2565=EDGE_CURVE('',#2972,#3137,#3601,.T.);
#2566=EDGE_CURVE('',#3137,#3138,#3602,.T.);
#2567=EDGE_CURVE('',#2971,#3138,#3603,.T.);
#2568=EDGE_CURVE('',#3138,#3139,#406,.T.);
#2569=EDGE_CURVE('',#2970,#3139,#3604,.T.);
#2570=EDGE_CURVE('',#3139,#3140,#3605,.T.);
#2571=EDGE_CURVE('',#2969,#3140,#3606,.T.);
#2572=EDGE_CURVE('',#3141,#3140,#407,.T.);
#2573=EDGE_CURVE('',#2968,#3141,#3607,.T.);
#2574=EDGE_CURVE('',#3141,#3142,#3608,.T.);
#2575=EDGE_CURVE('',#2967,#3142,#3609,.T.);
#2576=EDGE_CURVE('',#3142,#3124,#408,.T.);
#2577=EDGE_CURVE('',#3143,#3144,#3610,.T.);
#2578=EDGE_CURVE('',#3144,#3145,#409,.T.);
#2579=EDGE_CURVE('',#3145,#3146,#3611,.T.);
#2580=EDGE_CURVE('',#3147,#3146,#410,.T.);
#2581=EDGE_CURVE('',#3147,#3148,#411,.T.);
#2582=EDGE_CURVE('',#3148,#3149,#3612,.T.);
#2583=EDGE_CURVE('',#3149,#3150,#412,.T.);
#2584=EDGE_CURVE('',#3150,#3151,#3613,.T.);
#2585=EDGE_CURVE('',#3151,#3152,#413,.T.);
#2586=EDGE_CURVE('',#3152,#3153,#3614,.T.);
#2587=EDGE_CURVE('',#3153,#3154,#414,.T.);
#2588=EDGE_CURVE('',#3154,#3155,#3615,.T.);
#2589=EDGE_CURVE('',#3155,#3156,#3616,.T.);
#2590=EDGE_CURVE('',#3156,#3157,#3617,.T.);
#2591=EDGE_CURVE('',#3157,#3158,#415,.T.);
#2592=EDGE_CURVE('',#3158,#3159,#3618,.T.);
#2593=EDGE_CURVE('',#3160,#3159,#416,.T.);
#2594=EDGE_CURVE('',#3160,#3161,#3619,.T.);
#2595=EDGE_CURVE('',#3161,#3143,#417,.T.);
#2596=EDGE_CURVE('',#3142,#3161,#3620,.T.);
#2597=EDGE_CURVE('',#3124,#3143,#3621,.T.);
#2598=EDGE_CURVE('',#3141,#3160,#3622,.T.);
#2599=EDGE_CURVE('',#3140,#3159,#3623,.T.);
#2600=EDGE_CURVE('',#3139,#3158,#3624,.T.);
#2601=EDGE_CURVE('',#3138,#3157,#3625,.T.);
#2602=EDGE_CURVE('',#3137,#3156,#3626,.T.);
#2603=EDGE_CURVE('',#3136,#3155,#3627,.T.);
#2604=EDGE_CURVE('',#3135,#3154,#3628,.T.);
#2605=EDGE_CURVE('',#3134,#3153,#3629,.T.);
#2606=EDGE_CURVE('',#3133,#3152,#3630,.T.);
#2607=EDGE_CURVE('',#3132,#3151,#3631,.T.);
#2608=EDGE_CURVE('',#3131,#3150,#3632,.T.);
#2609=EDGE_CURVE('',#3130,#3149,#3633,.T.);
#2610=EDGE_CURVE('',#3129,#3148,#3634,.T.);
#2611=EDGE_CURVE('',#3128,#3147,#3635,.T.);
#2612=EDGE_CURVE('',#3127,#3146,#3636,.T.);
#2613=EDGE_CURVE('',#3126,#3145,#3637,.T.);
#2614=EDGE_CURVE('',#3125,#3144,#3638,.T.);
#2615=EDGE_CURVE('',#2834,#3162,#3639,.T.);
#2616=EDGE_CURVE('',#3162,#2816,#3640,.T.);
#2617=EDGE_CURVE('',#3163,#2818,#3641,.T.);
#2618=EDGE_CURVE('',#3163,#2833,#3642,.T.);
#2619=EDGE_CURVE('',#2785,#2780,#3643,.F.);
#2620=EDGE_CURVE('',#2786,#2779,#3644,.T.);
#2621=EDGE_CURVE('',#3164,#3163,#3645,.T.);
#2622=EDGE_CURVE('',#3162,#3164,#418,.T.);
#2623=EDGE_CURVE('',#3164,#2817,#3646,.T.);
#2624=EDGE_CURVE('',#2828,#3165,#3647,.T.);
#2625=EDGE_CURVE('',#3165,#2811,#3648,.T.);
#2626=EDGE_CURVE('',#3166,#2813,#3649,.T.);
#2627=EDGE_CURVE('',#3166,#2835,#3650,.T.);
#2628=EDGE_CURVE('',#2773,#2768,#3651,.F.);
#2629=EDGE_CURVE('',#2774,#2767,#3652,.T.);
#2630=EDGE_CURVE('',#3167,#3166,#3653,.T.);
#2631=EDGE_CURVE('',#3165,#3167,#419,.T.);
#2632=EDGE_CURVE('',#3167,#2812,#3654,.T.);
#2633=EDGE_CURVE('',#2778,#2787,#3655,.T.);
#2634=EDGE_CURVE('',#2781,#2784,#3656,.T.);
#2635=EDGE_CURVE('',#2760,#2740,#234,.T.);
#2636=EDGE_CURVE('',#2740,#2761,#235,.F.);
#2637=EDGE_CURVE('',#2776,#2783,#3657,.T.);
#2638=EDGE_CURVE('',#2782,#2763,#3658,.T.);
#2639=EDGE_CURVE('',#3168,#2762,#3659,.T.);
#2640=EDGE_CURVE('',#3169,#3168,#3660,.T.);
#2641=EDGE_CURVE('',#3169,#2777,#3661,.T.);
#2642=EDGE_CURVE('',#3168,#2755,#420,.T.);
#2643=EDGE_CURVE('',#2766,#2775,#3662,.T.);
#2644=EDGE_CURVE('',#2769,#2772,#3663,.T.);
#2645=EDGE_CURVE('',#2733,#2713,#236,.T.);
#2646=EDGE_CURVE('',#2713,#2734,#237,.F.);
#2647=EDGE_CURVE('',#2764,#2771,#3664,.T.);
#2648=EDGE_CURVE('',#2770,#2736,#3665,.T.);
#2649=EDGE_CURVE('',#3170,#2735,#3666,.T.);
#2650=EDGE_CURVE('',#3171,#3170,#3667,.T.);
#2651=EDGE_CURVE('',#3171,#2765,#3668,.T.);
#2652=EDGE_CURVE('',#3170,#2728,#421,.T.);
#2653=EDGE_CURVE('',#2743,#3169,#422,.T.);
#2654=EDGE_CURVE('',#2742,#2754,#3669,.F.);
#2655=EDGE_CURVE('',#2716,#3171,#423,.T.);
#2656=EDGE_CURVE('',#2715,#2727,#3670,.F.);
#2657=EDGE_CURVE('',#2753,#2744,#3671,.T.);
#2658=EDGE_CURVE('',#2752,#2739,#3672,.T.);
#2659=EDGE_CURVE('',#2759,#2741,#3673,.T.);
#2660=EDGE_CURVE('',#2758,#2745,#3674,.T.);
#2661=EDGE_CURVE('',#2726,#2717,#3675,.T.);
#2662=EDGE_CURVE('',#2725,#2712,#3676,.T.);
#2663=EDGE_CURVE('',#2732,#2714,#3677,.T.);
#2664=EDGE_CURVE('',#2731,#2718,#3678,.T.);
#2665=EDGE_CURVE('',#3172,#3014,#3679,.T.);
#2666=EDGE_CURVE('',#3173,#3172,#3680,.T.);
#2667=EDGE_CURVE('',#3173,#3013,#3681,.T.);
#2668=EDGE_CURVE('',#3174,#3018,#3682,.T.);
#2669=EDGE_CURVE('',#3172,#3174,#424,.T.);
#2670=EDGE_CURVE('',#3175,#3017,#3683,.T.);
#2671=EDGE_CURVE('',#3174,#3175,#3684,.T.);
#2672=EDGE_CURVE('',#3176,#3016,#3685,.T.);
#2673=EDGE_CURVE('',#3175,#3176,#425,.T.);
#2674=EDGE_CURVE('',#3177,#3015,#3686,.T.);
#2675=EDGE_CURVE('',#3176,#3177,#3687,.T.);
#2676=EDGE_CURVE('',#3177,#3173,#426,.T.);
#2677=EDGE_CURVE('',#3178,#3008,#3688,.T.);
#2678=EDGE_CURVE('',#3178,#2706,#3689,.T.);
#2679=EDGE_CURVE('',#3179,#3007,#3690,.T.);
#2680=EDGE_CURVE('',#3179,#3178,#443,.T.);
#2681=EDGE_CURVE('',#3180,#3005,#3691,.T.);
#2682=EDGE_CURVE('',#3179,#3180,#3692,.T.);
#2683=EDGE_CURVE('',#3181,#3006,#3693,.T.);
#2684=EDGE_CURVE('',#3181,#3180,#444,.T.);
#2685=EDGE_CURVE('',#3182,#3012,#3694,.T.);
#2686=EDGE_CURVE('',#3182,#3181,#3695,.T.);
#2687=EDGE_CURVE('',#3183,#3011,#3696,.T.);
#2688=EDGE_CURVE('',#3183,#3182,#445,.T.);
#2689=EDGE_CURVE('',#3184,#3010,#3697,.T.);
#2690=EDGE_CURVE('',#3184,#3183,#3698,.T.);
#2691=EDGE_CURVE('',#3009,#3185,#3699,.F.);
#2692=EDGE_CURVE('',#3185,#3184,#446,.T.);
#2693=EDGE_CURVE('',#2708,#3185,#3700,.T.);
#2694=EDGE_CURVE('',#3186,#3172,#3701,.T.);
#2695=EDGE_CURVE('',#3187,#3186,#3702,.F.);
#2696=EDGE_CURVE('',#3187,#3173,#3703,.T.);
#2697=EDGE_CURVE('',#3188,#3174,#3704,.T.);
#2698=EDGE_CURVE('',#3186,#3188,#427,.T.);
#2699=EDGE_CURVE('',#3189,#3175,#3705,.T.);
#2700=EDGE_CURVE('',#3188,#3189,#3706,.F.);
#2701=EDGE_CURVE('',#3190,#3176,#3707,.T.);
#2702=EDGE_CURVE('',#3189,#3190,#428,.T.);
#2703=EDGE_CURVE('',#3191,#3177,#3708,.T.);
#2704=EDGE_CURVE('',#3190,#3191,#3709,.F.);
#2705=EDGE_CURVE('',#3191,#3187,#429,.T.);
#2706=VERTEX_POINT('',#9256);
#2707=VERTEX_POINT('',#9257);
#2708=VERTEX_POINT('',#9259);
#2709=VERTEX_POINT('',#9261);
#2710=VERTEX_POINT('',#9265);
#2711=VERTEX_POINT('',#9266);
#2712=VERTEX_POINT('',#9271);
#2713=VERTEX_POINT('',#9276);
#2714=VERTEX_POINT('',#9281);
#2715=VERTEX_POINT('',#9288);
#2716=VERTEX_POINT('',#9289);
#2717=VERTEX_POINT('',#9291);
#2718=VERTEX_POINT('',#9294);
#2719=VERTEX_POINT('',#9296);
#2720=VERTEX_POINT('',#9298);
#2721=VERTEX_POINT('',#9300);
#2722=VERTEX_POINT('',#9302);
#2723=VERTEX_POINT('',#9304);
#2724=VERTEX_POINT('',#9306);
#2725=VERTEX_POINT('',#9310);
#2726=VERTEX_POINT('',#9311);
#2727=VERTEX_POINT('',#9313);
#2728=VERTEX_POINT('',#9315);
#2729=VERTEX_POINT('',#9317);
#2730=VERTEX_POINT('',#9319);
#2731=VERTEX_POINT('',#9321);
#2732=VERTEX_POINT('',#9323);
#2733=VERTEX_POINT('',#9325);
#2734=VERTEX_POINT('',#9327);
#2735=VERTEX_POINT('',#9332);
#2736=VERTEX_POINT('',#9334);
#2737=VERTEX_POINT('',#9338);
#2738=VERTEX_POINT('',#9339);
#2739=VERTEX_POINT('',#9344);
#2740=VERTEX_POINT('',#9349);
#2741=VERTEX_POINT('',#9354);
#2742=VERTEX_POINT('',#9361);
#2743=VERTEX_POINT('',#9362);
#2744=VERTEX_POINT('',#9364);
#2745=VERTEX_POINT('',#9367);
#2746=VERTEX_POINT('',#9369);
#2747=VERTEX_POINT('',#9371);
#2748=VERTEX_POINT('',#9373);
#2749=VERTEX_POINT('',#9375);
#2750=VERTEX_POINT('',#9377);
#2751=VERTEX_POINT('',#9379);
#2752=VERTEX_POINT('',#9383);
#2753=VERTEX_POINT('',#9384);
#2754=VERTEX_POINT('',#9386);
#2755=VERTEX_POINT('',#9388);
#2756=VERTEX_POINT('',#9390);
#2757=VERTEX_POINT('',#9392);
#2758=VERTEX_POINT('',#9394);
#2759=VERTEX_POINT('',#9396);
#2760=VERTEX_POINT('',#9398);
#2761=VERTEX_POINT('',#9400);
#2762=VERTEX_POINT('',#9405);
#2763=VERTEX_POINT('',#9407);
#2764=VERTEX_POINT('',#9411);
#2765=VERTEX_POINT('',#9412);
#2766=VERTEX_POINT('',#9415);
#2767=VERTEX_POINT('',#9417);
#2768=VERTEX_POINT('',#9419);
#2769=VERTEX_POINT('',#9421);
#2770=VERTEX_POINT('',#9425);
#2771=VERTEX_POINT('',#9427);
#2772=VERTEX_POINT('',#9429);
#2773=VERTEX_POINT('',#9431);
#2774=VERTEX_POINT('',#9433);
#2775=VERTEX_POINT('',#9435);
#2776=VERTEX_POINT('',#9439);
#2777=VERTEX_POINT('',#9440);
#2778=VERTEX_POINT('',#9443);
#2779=VERTEX_POINT('',#9445);
#2780=VERTEX_POINT('',#9447);
#2781=VERTEX_POINT('',#9449);
#2782=VERTEX_POINT('',#9453);
#2783=VERTEX_POINT('',#9455);
#2784=VERTEX_POINT('',#9457);
#2785=VERTEX_POINT('',#9459);
#2786=VERTEX_POINT('',#9461);
#2787=VERTEX_POINT('',#9463);
#2788=VERTEX_POINT('',#9467);
#2789=VERTEX_POINT('',#9468);
#2790=VERTEX_POINT('',#9470);
#2791=VERTEX_POINT('',#9472);
#2792=VERTEX_POINT('',#9474);
#2793=VERTEX_POINT('',#9476);
#2794=VERTEX_POINT('',#9479);
#2795=VERTEX_POINT('',#9481);
#2796=VERTEX_POINT('',#9483);
#2797=VERTEX_POINT('',#9484);
#2798=VERTEX_POINT('',#9486);
#2799=VERTEX_POINT('',#9488);
#2800=VERTEX_POINT('',#9490);
#2801=VERTEX_POINT('',#9492);
#2802=VERTEX_POINT('',#9495);
#2803=VERTEX_POINT('',#9496);
#2804=VERTEX_POINT('',#9498);
#2805=VERTEX_POINT('',#9500);
#2806=VERTEX_POINT('',#9502);
#2807=VERTEX_POINT('',#9504);
#2808=VERTEX_POINT('',#9506);
#2809=VERTEX_POINT('',#9508);
#2810=VERTEX_POINT('',#9511);
#2811=VERTEX_POINT('',#9512);
#2812=VERTEX_POINT('',#9514);
#2813=VERTEX_POINT('',#9516);
#2814=VERTEX_POINT('',#9518);
#2815=VERTEX_POINT('',#9520);
#2816=VERTEX_POINT('',#9522);
#2817=VERTEX_POINT('',#9524);
#2818=VERTEX_POINT('',#9526);
#2819=VERTEX_POINT('',#9528);
#2820=VERTEX_POINT('',#9530);
#2821=VERTEX_POINT('',#9532);
#2822=VERTEX_POINT('',#9534);
#2823=VERTEX_POINT('',#9536);
#2824=VERTEX_POINT('',#9540);
#2825=VERTEX_POINT('',#9542);
#2826=VERTEX_POINT('',#9546);
#2827=VERTEX_POINT('',#9548);
#2828=VERTEX_POINT('',#9552);
#2829=VERTEX_POINT('',#9554);
#2830=VERTEX_POINT('',#9556);
#2831=VERTEX_POINT('',#9558);
#2832=VERTEX_POINT('',#9560);
#2833=VERTEX_POINT('',#9562);
#2834=VERTEX_POINT('',#9564);
#2835=VERTEX_POINT('',#9567);
#2836=VERTEX_POINT('',#9574);
#2837=VERTEX_POINT('',#9575);
#2838=VERTEX_POINT('',#9580);
#2839=VERTEX_POINT('',#9582);
#2840=VERTEX_POINT('',#9587);
#2841=VERTEX_POINT('',#9590);
#2842=VERTEX_POINT('',#9591);
#2843=VERTEX_POINT('',#9593);
#2844=VERTEX_POINT('',#9595);
#2845=VERTEX_POINT('',#9599);
#2846=VERTEX_POINT('',#9600);
#2847=VERTEX_POINT('',#9605);
#2848=VERTEX_POINT('',#9607);
#2849=VERTEX_POINT('',#9609);
#2850=VERTEX_POINT('',#9611);
#2851=VERTEX_POINT('',#9613);
#2852=VERTEX_POINT('',#9615);
#2853=VERTEX_POINT('',#9618);
#2854=VERTEX_POINT('',#9619);
#2855=VERTEX_POINT('',#9621);
#2856=VERTEX_POINT('',#9623);
#2857=VERTEX_POINT('',#9627);
#2858=VERTEX_POINT('',#9628);
#2859=VERTEX_POINT('',#9633);
#2860=VERTEX_POINT('',#9635);
#2861=VERTEX_POINT('',#9638);
#2862=VERTEX_POINT('',#9639);
#2863=VERTEX_POINT('',#9641);
#2864=VERTEX_POINT('',#9643);
#2865=VERTEX_POINT('',#9647);
#2866=VERTEX_POINT('',#9648);
#2867=VERTEX_POINT('',#9653);
#2868=VERTEX_POINT('',#9655);
#2869=VERTEX_POINT('',#9660);
#2870=VERTEX_POINT('',#9663);
#2871=VERTEX_POINT('',#9664);
#2872=VERTEX_POINT('',#9666);
#2873=VERTEX_POINT('',#9668);
#2874=VERTEX_POINT('',#9672);
#2875=VERTEX_POINT('',#9673);
#2876=VERTEX_POINT('',#9675);
#2877=VERTEX_POINT('',#9677);
#2878=VERTEX_POINT('',#9681);
#2879=VERTEX_POINT('',#9683);
#2880=VERTEX_POINT('',#9685);
#2881=VERTEX_POINT('',#9687);
#2882=VERTEX_POINT('',#9689);
#2883=VERTEX_POINT('',#9692);
#2884=VERTEX_POINT('',#9694);
#2885=VERTEX_POINT('',#9696);
#2886=VERTEX_POINT('',#9698);
#2887=VERTEX_POINT('',#9702);
#2888=VERTEX_POINT('',#9706);
#2889=VERTEX_POINT('',#9710);
#2890=VERTEX_POINT('',#9714);
#2891=VERTEX_POINT('',#9718);
#2892=VERTEX_POINT('',#9720);
#2893=VERTEX_POINT('',#9724);
#2894=VERTEX_POINT('',#9725);
#2895=VERTEX_POINT('',#9727);
#2896=VERTEX_POINT('',#9731);
#2897=VERTEX_POINT('',#9732);
#2898=VERTEX_POINT('',#9734);
#2899=VERTEX_POINT('',#9738);
#2900=VERTEX_POINT('',#9739);
#2901=VERTEX_POINT('',#9741);
#2902=VERTEX_POINT('',#9745);
#2903=VERTEX_POINT('',#9746);
#2904=VERTEX_POINT('',#9748);
#2905=VERTEX_POINT('',#9751);
#2906=VERTEX_POINT('',#9755);
#2907=VERTEX_POINT('',#9759);
#2908=VERTEX_POINT('',#9761);
#2909=VERTEX_POINT('',#9763);
#2910=VERTEX_POINT('',#9765);
#2911=VERTEX_POINT('',#9769);
#2912=VERTEX_POINT('',#9770);
#2913=VERTEX_POINT('',#9775);
#2914=VERTEX_POINT('',#9778);
#2915=VERTEX_POINT('',#9780);
#2916=VERTEX_POINT('',#9788);
#2917=VERTEX_POINT('',#9791);
#2918=VERTEX_POINT('',#9795);
#2919=VERTEX_POINT('',#9796);
#2920=VERTEX_POINT('',#9801);
#2921=VERTEX_POINT('',#9803);
#2922=VERTEX_POINT('',#9805);
#2923=VERTEX_POINT('',#9812);
#2924=VERTEX_POINT('',#9814);
#2925=VERTEX_POINT('',#9818);
#2926=VERTEX_POINT('',#9819);
#2927=VERTEX_POINT('',#9825);
#2928=VERTEX_POINT('',#9827);
#2929=VERTEX_POINT('',#9831);
#2930=VERTEX_POINT('',#9833);
#2931=VERTEX_POINT('',#9837);
#2932=VERTEX_POINT('',#9838);
#2933=VERTEX_POINT('',#9843);
#2934=VERTEX_POINT('',#9845);
#2935=VERTEX_POINT('',#9850);
#2936=VERTEX_POINT('',#9852);
#2937=VERTEX_POINT('',#9854);
#2938=VERTEX_POINT('',#9856);
#2939=VERTEX_POINT('',#9861);
#2940=VERTEX_POINT('',#9863);
#2941=VERTEX_POINT('',#9865);
#2942=VERTEX_POINT('',#9867);
#2943=VERTEX_POINT('',#9871);
#2944=VERTEX_POINT('',#9872);
#2945=VERTEX_POINT('',#9874);
#2946=VERTEX_POINT('',#9876);
#2947=VERTEX_POINT('',#9880);
#2948=VERTEX_POINT('',#9882);
#2949=VERTEX_POINT('',#9887);
#2950=VERTEX_POINT('',#9891);
#2951=VERTEX_POINT('',#9895);
#2952=VERTEX_POINT('',#9899);
#2953=VERTEX_POINT('',#9901);
#2954=VERTEX_POINT('',#9903);
#2955=VERTEX_POINT('',#9905);
#2956=VERTEX_POINT('',#9907);
#2957=VERTEX_POINT('',#9909);
#2958=VERTEX_POINT('',#9911);
#2959=VERTEX_POINT('',#9921);
#2960=VERTEX_POINT('',#9923);
#2961=VERTEX_POINT('',#9926);
#2962=VERTEX_POINT('',#9928);
#2963=VERTEX_POINT('',#9939);
#2964=VERTEX_POINT('',#9941);
#2965=VERTEX_POINT('',#9945);
#2966=VERTEX_POINT('',#9946);
#2967=VERTEX_POINT('',#9948);
#2968=VERTEX_POINT('',#9950);
#2969=VERTEX_POINT('',#9952);
#2970=VERTEX_POINT('',#9954);
#2971=VERTEX_POINT('',#9956);
#2972=VERTEX_POINT('',#9958);
#2973=VERTEX_POINT('',#9960);
#2974=VERTEX_POINT('',#9962);
#2975=VERTEX_POINT('',#9964);
#2976=VERTEX_POINT('',#9966);
#2977=VERTEX_POINT('',#9968);
#2978=VERTEX_POINT('',#9970);
#2979=VERTEX_POINT('',#9972);
#2980=VERTEX_POINT('',#9974);
#2981=VERTEX_POINT('',#9976);
#2982=VERTEX_POINT('',#9978);
#2983=VERTEX_POINT('',#9980);
#2984=VERTEX_POINT('',#9983);
#2985=VERTEX_POINT('',#9984);
#2986=VERTEX_POINT('',#9986);
#2987=VERTEX_POINT('',#9988);
#2988=VERTEX_POINT('',#9990);
#2989=VERTEX_POINT('',#9992);
#2990=VERTEX_POINT('',#9994);
#2991=VERTEX_POINT('',#9996);
#2992=VERTEX_POINT('',#9998);
#2993=VERTEX_POINT('',#10000);
#2994=VERTEX_POINT('',#10002);
#2995=VERTEX_POINT('',#10004);
#2996=VERTEX_POINT('',#10006);
#2997=VERTEX_POINT('',#10008);
#2998=VERTEX_POINT('',#10010);
#2999=VERTEX_POINT('',#10012);
#3000=VERTEX_POINT('',#10014);
#3001=VERTEX_POINT('',#10016);
#3002=VERTEX_POINT('',#10018);
#3003=VERTEX_POINT('',#10021);
#3004=VERTEX_POINT('',#10023);
#3005=VERTEX_POINT('',#10030);
#3006=VERTEX_POINT('',#10031);
#3007=VERTEX_POINT('',#10033);
#3008=VERTEX_POINT('',#10035);
#3009=VERTEX_POINT('',#10038);
#3010=VERTEX_POINT('',#10040);
#3011=VERTEX_POINT('',#10042);
#3012=VERTEX_POINT('',#10044);
#3013=VERTEX_POINT('',#10047);
#3014=VERTEX_POINT('',#10048);
#3015=VERTEX_POINT('',#10050);
#3016=VERTEX_POINT('',#10052);
#3017=VERTEX_POINT('',#10054);
#3018=VERTEX_POINT('',#10056);
#3019=VERTEX_POINT('',#10062);
#3020=VERTEX_POINT('',#10068);
#3021=VERTEX_POINT('',#10070);
#3022=VERTEX_POINT('',#10072);
#3023=VERTEX_POINT('',#10075);
#3024=VERTEX_POINT('',#10091);
#3025=VERTEX_POINT('',#10095);
#3026=VERTEX_POINT('',#10101);
#3027=VERTEX_POINT('',#10105);
#3028=VERTEX_POINT('',#10109);
#3029=VERTEX_POINT('',#10113);
#3030=VERTEX_POINT('',#10128);
#3031=VERTEX_POINT('',#10130);
#3032=VERTEX_POINT('',#10132);
#3033=VERTEX_POINT('',#10134);
#3034=VERTEX_POINT('',#10139);
#3035=VERTEX_POINT('',#10141);
#3036=VERTEX_POINT('',#10152);
#3037=VERTEX_POINT('',#10156);
#3038=VERTEX_POINT('',#10160);
#3039=VERTEX_POINT('',#10164);
#3040=VERTEX_POINT('',#10168);
#3041=VERTEX_POINT('',#10170);
#3042=VERTEX_POINT('',#10180);
#3043=VERTEX_POINT('',#10182);
#3044=VERTEX_POINT('',#10186);
#3045=VERTEX_POINT('',#10188);
#3046=VERTEX_POINT('',#10198);
#3047=VERTEX_POINT('',#10200);
#3048=VERTEX_POINT('',#10204);
#3049=VERTEX_POINT('',#10208);
#3050=VERTEX_POINT('',#10215);
#3051=VERTEX_POINT('',#10217);
#3052=VERTEX_POINT('',#10221);
#3053=VERTEX_POINT('',#10225);
#3054=VERTEX_POINT('',#10232);
#3055=VERTEX_POINT('',#10234);
#3056=VERTEX_POINT('',#10238);
#3057=VERTEX_POINT('',#10242);
#3058=VERTEX_POINT('',#10249);
#3059=VERTEX_POINT('',#10251);
#3060=VERTEX_POINT('',#10255);
#3061=VERTEX_POINT('',#10259);
#3062=VERTEX_POINT('',#10266);
#3063=VERTEX_POINT('',#10269);
#3064=VERTEX_POINT('',#10273);
#3065=VERTEX_POINT('',#10276);
#3066=VERTEX_POINT('',#10280);
#3067=VERTEX_POINT('',#10282);
#3068=VERTEX_POINT('',#10286);
#3069=VERTEX_POINT('',#10290);
#3070=VERTEX_POINT('',#10294);
#3071=VERTEX_POINT('',#10298);
#3072=VERTEX_POINT('',#10305);
#3073=VERTEX_POINT('',#10307);
#3074=VERTEX_POINT('',#10311);
#3075=VERTEX_POINT('',#10315);
#3076=VERTEX_POINT('',#10319);
#3077=VERTEX_POINT('',#10323);
#3078=VERTEX_POINT('',#10327);
#3079=VERTEX_POINT('',#10331);
#3080=VERTEX_POINT('',#10338);
#3081=VERTEX_POINT('',#10340);
#3082=VERTEX_POINT('',#10344);
#3083=VERTEX_POINT('',#10348);
#3084=VERTEX_POINT('',#10352);
#3085=VERTEX_POINT('',#10356);
#3086=VERTEX_POINT('',#10363);
#3087=VERTEX_POINT('',#10364);
#3088=VERTEX_POINT('',#10369);
#3089=VERTEX_POINT('',#10373);
#3090=VERTEX_POINT('',#10377);
#3091=VERTEX_POINT('',#10381);
#3092=VERTEX_POINT('',#10385);
#3093=VERTEX_POINT('',#10389);
#3094=VERTEX_POINT('',#10393);
#3095=VERTEX_POINT('',#10397);
#3096=VERTEX_POINT('',#10401);
#3097=VERTEX_POINT('',#10405);
#3098=VERTEX_POINT('',#10409);
#3099=VERTEX_POINT('',#10413);
#3100=VERTEX_POINT('',#10417);
#3101=VERTEX_POINT('',#10421);
#3102=VERTEX_POINT('',#10425);
#3103=VERTEX_POINT('',#10429);
#3104=VERTEX_POINT('',#10433);
#3105=VERTEX_POINT('',#10439);
#3106=VERTEX_POINT('',#10440);
#3107=VERTEX_POINT('',#10442);
#3108=VERTEX_POINT('',#10444);
#3109=VERTEX_POINT('',#10446);
#3110=VERTEX_POINT('',#10448);
#3111=VERTEX_POINT('',#10450);
#3112=VERTEX_POINT('',#10452);
#3113=VERTEX_POINT('',#10454);
#3114=VERTEX_POINT('',#10456);
#3115=VERTEX_POINT('',#10458);
#3116=VERTEX_POINT('',#10460);
#3117=VERTEX_POINT('',#10462);
#3118=VERTEX_POINT('',#10464);
#3119=VERTEX_POINT('',#10466);
#3120=VERTEX_POINT('',#10468);
#3121=VERTEX_POINT('',#10470);
#3122=VERTEX_POINT('',#10472);
#3123=VERTEX_POINT('',#10474);
#3124=VERTEX_POINT('',#10516);
#3125=VERTEX_POINT('',#10517);
#3126=VERTEX_POINT('',#10522);
#3127=VERTEX_POINT('',#10526);
#3128=VERTEX_POINT('',#10530);
#3129=VERTEX_POINT('',#10534);
#3130=VERTEX_POINT('',#10538);
#3131=VERTEX_POINT('',#10542);
#3132=VERTEX_POINT('',#10546);
#3133=VERTEX_POINT('',#10550);
#3134=VERTEX_POINT('',#10554);
#3135=VERTEX_POINT('',#10558);
#3136=VERTEX_POINT('',#10562);
#3137=VERTEX_POINT('',#10566);
#3138=VERTEX_POINT('',#10570);
#3139=VERTEX_POINT('',#10574);
#3140=VERTEX_POINT('',#10578);
#3141=VERTEX_POINT('',#10582);
#3142=VERTEX_POINT('',#10586);
#3143=VERTEX_POINT('',#10592);
#3144=VERTEX_POINT('',#10593);
#3145=VERTEX_POINT('',#10595);
#3146=VERTEX_POINT('',#10597);
#3147=VERTEX_POINT('',#10599);
#3148=VERTEX_POINT('',#10601);
#3149=VERTEX_POINT('',#10603);
#3150=VERTEX_POINT('',#10605);
#3151=VERTEX_POINT('',#10607);
#3152=VERTEX_POINT('',#10609);
#3153=VERTEX_POINT('',#10611);
#3154=VERTEX_POINT('',#10613);
#3155=VERTEX_POINT('',#10615);
#3156=VERTEX_POINT('',#10617);
#3157=VERTEX_POINT('',#10619);
#3158=VERTEX_POINT('',#10621);
#3159=VERTEX_POINT('',#10623);
#3160=VERTEX_POINT('',#10625);
#3161=VERTEX_POINT('',#10627);
#3162=VERTEX_POINT('',#10669);
#3163=VERTEX_POINT('',#10673);
#3164=VERTEX_POINT('',#10679);
#3165=VERTEX_POINT('',#10686);
#3166=VERTEX_POINT('',#10690);
#3167=VERTEX_POINT('',#10696);
#3168=VERTEX_POINT('',#10720);
#3169=VERTEX_POINT('',#10722);
#3170=VERTEX_POINT('',#10745);
#3171=VERTEX_POINT('',#10747);
#3172=VERTEX_POINT('',#10783);
#3173=VERTEX_POINT('',#10785);
#3174=VERTEX_POINT('',#10789);
#3175=VERTEX_POINT('',#10793);
#3176=VERTEX_POINT('',#10797);
#3177=VERTEX_POINT('',#10801);
#3178=VERTEX_POINT('',#10807);
#3179=VERTEX_POINT('',#10811);
#3180=VERTEX_POINT('',#10815);
#3181=VERTEX_POINT('',#10819);
#3182=VERTEX_POINT('',#10823);
#3183=VERTEX_POINT('',#10827);
#3184=VERTEX_POINT('',#10831);
#3185=VERTEX_POINT('',#10835);
#3186=VERTEX_POINT('',#10842);
#3187=VERTEX_POINT('',#10844);
#3188=VERTEX_POINT('',#10848);
#3189=VERTEX_POINT('',#10852);
#3190=VERTEX_POINT('',#10856);
#3191=VERTEX_POINT('',#10860);
#3192=LINE('',#9255,#3710);
#3193=LINE('',#9260,#3711);
#3194=LINE('',#9264,#3712);
#3195=LINE('',#9287,#3713);
#3196=LINE('',#9297,#3714);
#3197=LINE('',#9299,#3715);
#3198=LINE('',#9301,#3716);
#3199=LINE('',#9303,#3717);
#3200=LINE('',#9305,#3718);
#3201=LINE('',#9307,#3719);
#3202=LINE('',#9314,#3720);
#3203=LINE('',#9316,#3721);
#3204=LINE('',#9318,#3722);
#3205=LINE('',#9326,#3723);
#3206=LINE('',#9330,#3724);
#3207=LINE('',#9333,#3725);
#3208=LINE('',#9337,#3726);
#3209=LINE('',#9360,#3727);
#3210=LINE('',#9370,#3728);
#3211=LINE('',#9372,#3729);
#3212=LINE('',#9374,#3730);
#3213=LINE('',#9376,#3731);
#3214=LINE('',#9378,#3732);
#3215=LINE('',#9380,#3733);
#3216=LINE('',#9387,#3734);
#3217=LINE('',#9389,#3735);
#3218=LINE('',#9391,#3736);
#3219=LINE('',#9399,#3737);
#3220=LINE('',#9403,#3738);
#3221=LINE('',#9406,#3739);
#3222=LINE('',#9410,#3740);
#3223=LINE('',#9416,#3741);
#3224=LINE('',#9418,#3742);
#3225=LINE('',#9422,#3743);
#3226=LINE('',#9426,#3744);
#3227=LINE('',#9428,#3745);
#3228=LINE('',#9432,#3746);
#3229=LINE('',#9434,#3747);
#3230=LINE('',#9438,#3748);
#3231=LINE('',#9444,#3749);
#3232=LINE('',#9446,#3750);
#3233=LINE('',#9450,#3751);
#3234=LINE('',#9454,#3752);
#3235=LINE('',#9456,#3753);
#3236=LINE('',#9460,#3754);
#3237=LINE('',#9462,#3755);
#3238=LINE('',#9466,#3756);
#3239=LINE('',#9469,#3757);
#3240=LINE('',#9471,#3758);
#3241=LINE('',#9475,#3759);
#3242=LINE('',#9482,#3760);
#3243=LINE('',#9485,#3761);
#3244=LINE('',#9487,#3762);
#3245=LINE('',#9491,#3763);
#3246=LINE('',#9497,#3764);
#3247=LINE('',#9501,#3765);
#3248=LINE('',#9505,#3766);
#3249=LINE('',#9509,#3767);
#3250=LINE('',#9510,#3768);
#3251=LINE('',#9515,#3769);
#3252=LINE('',#9517,#3770);
#3253=LINE('',#9519,#3771);
#3254=LINE('',#9521,#3772);
#3255=LINE('',#9525,#3773);
#3256=LINE('',#9527,#3774);
#3257=LINE('',#9529,#3775);
#3258=LINE('',#9531,#3776);
#3259=LINE('',#9533,#3777);
#3260=LINE('',#9535,#3778);
#3261=LINE('',#9537,#3779);
#3262=LINE('',#9543,#3780);
#3263=LINE('',#9547,#3781);
#3264=LINE('',#9551,#3782);
#3265=LINE('',#9553,#3783);
#3266=LINE('',#9555,#3784);
#3267=LINE('',#9557,#3785);
#3268=LINE('',#9559,#3786);
#3269=LINE('',#9561,#3787);
#3270=LINE('',#9563,#3788);
#3271=LINE('',#9565,#3789);
#3272=LINE('',#9566,#3790);
#3273=LINE('',#9568,#3791);
#3274=LINE('',#9573,#3792);
#3275=LINE('',#9581,#3793);
#3276=LINE('',#9588,#3794);
#3277=LINE('',#9589,#3795);
#3278=LINE('',#9592,#3796);
#3279=LINE('',#9594,#3797);
#3280=LINE('',#9596,#3798);
#3281=LINE('',#9598,#3799);
#3282=LINE('',#9606,#3800);
#3283=LINE('',#9608,#3801);
#3284=LINE('',#9610,#3802);
#3285=LINE('',#9612,#3803);
#3286=LINE('',#9614,#3804);
#3287=LINE('',#9616,#3805);
#3288=LINE('',#9617,#3806);
#3289=LINE('',#9620,#3807);
#3290=LINE('',#9622,#3808);
#3291=LINE('',#9624,#3809);
#3292=LINE('',#9626,#3810);
#3293=LINE('',#9634,#3811);
#3294=LINE('',#9636,#3812);
#3295=LINE('',#9637,#3813);
#3296=LINE('',#9640,#3814);
#3297=LINE('',#9642,#3815);
#3298=LINE('',#9644,#3816);
#3299=LINE('',#9646,#3817);
#3300=LINE('',#9654,#3818);
#3301=LINE('',#9661,#3819);
#3302=LINE('',#9662,#3820);
#3303=LINE('',#9665,#3821);
#3304=LINE('',#9667,#3822);
#3305=LINE('',#9669,#3823);
#3306=LINE('',#9674,#3824);
#3307=LINE('',#9678,#3825);
#3308=LINE('',#9680,#3826);
#3309=LINE('',#9682,#3827);
#3310=LINE('',#9684,#3828);
#3311=LINE('',#9686,#3829);
#3312=LINE('',#9690,#3830);
#3313=LINE('',#9691,#3831);
#3314=LINE('',#9695,#3832);
#3315=LINE('',#9699,#3833);
#3316=LINE('',#9701,#3834);
#3317=LINE('',#9703,#3835);
#3318=LINE('',#9705,#3836);
#3319=LINE('',#9707,#3837);
#3320=LINE('',#9709,#3838);
#3321=LINE('',#9711,#3839);
#3322=LINE('',#9715,#3840);
#3323=LINE('',#9717,#3841);
#3324=LINE('',#9721,#3842);
#3325=LINE('',#9726,#3843);
#3326=LINE('',#9728,#3844);
#3327=LINE('',#9730,#3845);
#3328=LINE('',#9733,#3846);
#3329=LINE('',#9740,#3847);
#3330=LINE('',#9742,#3848);
#3331=LINE('',#9744,#3849);
#3332=LINE('',#9747,#3850);
#3333=LINE('',#9752,#3851);
#3334=LINE('',#9754,#3852);
#3335=LINE('',#9760,#3853);
#3336=LINE('',#9764,#3854);
#3337=LINE('',#9768,#3855);
#3338=LINE('',#9776,#3856);
#3339=LINE('',#9777,#3857);
#3340=LINE('',#9779,#3858);
#3341=LINE('',#9781,#3859);
#3342=LINE('',#9789,#3860);
#3343=LINE('',#9790,#3861);
#3344=LINE('',#9794,#3862);
#3345=LINE('',#9802,#3863);
#3346=LINE('',#9804,#3864);
#3347=LINE('',#9815,#3865);
#3348=LINE('',#9817,#3866);
#3349=LINE('',#9824,#3867);
#3350=LINE('',#9826,#3868);
#3351=LINE('',#9828,#3869);
#3352=LINE('',#9834,#3870);
#3353=LINE('',#9836,#3871);
#3354=LINE('',#9844,#3872);
#3355=LINE('',#9846,#3873);
#3356=LINE('',#9849,#3874);
#3357=LINE('',#9855,#3875);
#3358=LINE('',#9857,#3876);
#3359=LINE('',#9860,#3877);
#3360=LINE('',#9866,#3878);
#3361=LINE('',#9868,#3879);
#3362=LINE('',#9873,#3880);
#3363=LINE('',#9877,#3881);
#3364=LINE('',#9881,#3882);
#3365=LINE('',#9885,#3883);
#3366=LINE('',#9886,#3884);
#3367=LINE('',#9888,#3885);
#3368=LINE('',#9889,#3886);
#3369=LINE('',#9890,#3887);
#3370=LINE('',#9892,#3888);
#3371=LINE('',#9894,#3889);
#3372=LINE('',#9898,#3890);
#3373=LINE('',#9900,#3891);
#3374=LINE('',#9902,#3892);
#3375=LINE('',#9904,#3893);
#3376=LINE('',#9906,#3894);
#3377=LINE('',#9908,#3895);
#3378=LINE('',#9910,#3896);
#3379=LINE('',#9912,#3897);
#3380=LINE('',#9920,#3898);
#3381=LINE('',#9922,#3899);
#3382=LINE('',#9924,#3900);
#3383=LINE('',#9925,#3901);
#3384=LINE('',#9927,#3902);
#3385=LINE('',#9929,#3903);
#3386=LINE('',#9940,#3904);
#3387=LINE('',#9944,#3905);
#3388=LINE('',#9949,#3906);
#3389=LINE('',#9953,#3907);
#3390=LINE('',#9957,#3908);
#3391=LINE('',#9959,#3909);
#3392=LINE('',#9961,#3910);
#3393=LINE('',#9965,#3911);
#3394=LINE('',#9969,#3912);
#3395=LINE('',#9973,#3913);
#3396=LINE('',#9979,#3914);
#3397=LINE('',#9982,#3915);
#3398=LINE('',#9987,#3916);
#3399=LINE('',#9991,#3917);
#3400=LINE('',#9995,#3918);
#3401=LINE('',#9997,#3919);
#3402=LINE('',#9999,#3920);
#3403=LINE('',#10003,#3921);
#3404=LINE('',#10007,#3922);
#3405=LINE('',#10011,#3923);
#3406=LINE('',#10017,#3924);
#3407=LINE('',#10020,#3925);
#3408=LINE('',#10022,#3926);
#3409=LINE('',#10024,#3927);
#3410=LINE('',#10032,#3928);
#3411=LINE('',#10036,#3929);
#3412=LINE('',#10037,#3930);
#3413=LINE('',#10041,#3931);
#3414=LINE('',#10045,#3932);
#3415=LINE('',#10046,#3933);
#3416=LINE('',#10051,#3934);
#3417=LINE('',#10055,#3935);
#3418=LINE('',#10067,#3936);
#3419=LINE('',#10069,#3937);
#3420=LINE('',#10079,#3938);
#3421=LINE('',#10082,#3939);
#3422=LINE('',#10084,#3940);
#3423=LINE('',#10086,#3941);
#3424=LINE('',#10094,#3942);
#3425=LINE('',#10100,#3943);
#3426=LINE('',#10102,#3944);
#3427=LINE('',#10104,#3945);
#3428=LINE('',#10106,#3946);
#3429=LINE('',#10110,#3947);
#3430=LINE('',#10112,#3948);
#3431=LINE('',#10127,#3949);
#3432=LINE('',#10131,#3950);
#3433=LINE('',#10135,#3951);
#3434=LINE('',#10137,#3952);
#3435=LINE('',#10138,#3953);
#3436=LINE('',#10142,#3954);
#3437=LINE('',#10143,#3955);
#3438=LINE('',#10145,#3956);
#3439=LINE('',#10147,#3957);
#3440=LINE('',#10151,#3958);
#3441=LINE('',#10153,#3959);
#3442=LINE('',#10155,#3960);
#3443=LINE('',#10157,#3961);
#3444=LINE('',#10159,#3962);
#3445=LINE('',#10161,#3963);
#3446=LINE('',#10163,#3964);
#3447=LINE('',#10167,#3965);
#3448=LINE('',#10169,#3966);
#3449=LINE('',#10171,#3967);
#3450=LINE('',#10173,#3968);
#3451=LINE('',#10176,#3969);
#3452=LINE('',#10178,#3970);
#3453=LINE('',#10181,#3971);
#3454=LINE('',#10183,#3972);
#3455=LINE('',#10185,#3973);
#3456=LINE('',#10187,#3974);
#3457=LINE('',#10191,#3975);
#3458=LINE('',#10193,#3976);
#3459=LINE('',#10197,#3977);
#3460=LINE('',#10199,#3978);
#3461=LINE('',#10201,#3979);
#3462=LINE('',#10203,#3980);
#3463=LINE('',#10205,#3981);
#3464=LINE('',#10207,#3982);
#3465=LINE('',#10209,#3983);
#3466=LINE('',#10211,#3984);
#3467=LINE('',#10214,#3985);
#3468=LINE('',#10216,#3986);
#3469=LINE('',#10218,#3987);
#3470=LINE('',#10220,#3988);
#3471=LINE('',#10222,#3989);
#3472=LINE('',#10224,#3990);
#3473=LINE('',#10226,#3991);
#3474=LINE('',#10228,#3992);
#3475=LINE('',#10231,#3993);
#3476=LINE('',#10233,#3994);
#3477=LINE('',#10235,#3995);
#3478=LINE('',#10237,#3996);
#3479=LINE('',#10239,#3997);
#3480=LINE('',#10241,#3998);
#3481=LINE('',#10243,#3999);
#3482=LINE('',#10245,#4000);
#3483=LINE('',#10248,#4001);
#3484=LINE('',#10250,#4002);
#3485=LINE('',#10252,#4003);
#3486=LINE('',#10254,#4004);
#3487=LINE('',#10256,#4005);
#3488=LINE('',#10258,#4006);
#3489=LINE('',#10260,#4007);
#3490=LINE('',#10262,#4008);
#3491=LINE('',#10279,#4009);
#3492=LINE('',#10281,#4010);
#3493=LINE('',#10283,#4011);
#3494=LINE('',#10285,#4012);
#3495=LINE('',#10287,#4013);
#3496=LINE('',#10289,#4014);
#3497=LINE('',#10291,#4015);
#3498=LINE('',#10295,#4016);
#3499=LINE('',#10297,#4017);
#3500=LINE('',#10299,#4018);
#3501=LINE('',#10304,#4019);
#3502=LINE('',#10308,#4020);
#3503=LINE('',#10310,#4021);
#3504=LINE('',#10312,#4022);
#3505=LINE('',#10316,#4023);
#3506=LINE('',#10318,#4024);
#3507=LINE('',#10320,#4025);
#3508=LINE('',#10324,#4026);
#3509=LINE('',#10326,#4027);
#3510=LINE('',#10328,#4028);
#3511=LINE('',#10332,#4029);
#3512=LINE('',#10334,#4030);
#3513=LINE('',#10337,#4031);
#3514=LINE('',#10339,#4032);
#3515=LINE('',#10341,#4033);
#3516=LINE('',#10343,#4034);
#3517=LINE('',#10345,#4035);
#3518=LINE('',#10347,#4036);
#3519=LINE('',#10349,#4037);
#3520=LINE('',#10353,#4038);
#3521=LINE('',#10355,#4039);
#3522=LINE('',#10357,#4040);
#3523=LINE('',#10362,#4041);
#3524=LINE('',#10365,#4042);
#3525=LINE('',#10366,#4043);
#3526=LINE('',#10370,#4044);
#3527=LINE('',#10372,#4045);
#3528=LINE('',#10374,#4046);
#3529=LINE('',#10378,#4047);
#3530=LINE('',#10382,#4048);
#3531=LINE('',#10384,#4049);
#3532=LINE('',#10386,#4050);
#3533=LINE('',#10390,#4051);
#3534=LINE('',#10392,#4052);
#3535=LINE('',#10394,#4053);
#3536=LINE('',#10398,#4054);
#3537=LINE('',#10400,#4055);
#3538=LINE('',#10402,#4056);
#3539=LINE('',#10406,#4057);
#3540=LINE('',#10408,#4058);
#3541=LINE('',#10410,#4059);
#3542=LINE('',#10412,#4060);
#3543=LINE('',#10414,#4061);
#3544=LINE('',#10416,#4062);
#3545=LINE('',#10418,#4063);
#3546=LINE('',#10422,#4064);
#3547=LINE('',#10424,#4065);
#3548=LINE('',#10426,#4066);
#3549=LINE('',#10430,#4067);
#3550=LINE('',#10432,#4068);
#3551=LINE('',#10434,#4069);
#3552=LINE('',#10438,#4070);
#3553=LINE('',#10443,#4071);
#3554=LINE('',#10449,#4072);
#3555=LINE('',#10453,#4073);
#3556=LINE('',#10457,#4074);
#3557=LINE('',#10461,#4075);
#3558=LINE('',#10463,#4076);
#3559=LINE('',#10465,#4077);
#3560=LINE('',#10469,#4078);
#3561=LINE('',#10473,#4079);
#3562=LINE('',#10477,#4080);
#3563=LINE('',#10478,#4081);
#3564=LINE('',#10480,#4082);
#3565=LINE('',#10482,#4083);
#3566=LINE('',#10484,#4084);
#3567=LINE('',#10486,#4085);
#3568=LINE('',#10488,#4086);
#3569=LINE('',#10490,#4087);
#3570=LINE('',#10492,#4088);
#3571=LINE('',#10494,#4089);
#3572=LINE('',#10496,#4090);
#3573=LINE('',#10498,#4091);
#3574=LINE('',#10500,#4092);
#3575=LINE('',#10502,#4093);
#3576=LINE('',#10504,#4094);
#3577=LINE('',#10506,#4095);
#3578=LINE('',#10508,#4096);
#3579=LINE('',#10510,#4097);
#3580=LINE('',#10512,#4098);
#3581=LINE('',#10515,#4099);
#3582=LINE('',#10518,#4100);
#3583=LINE('',#10519,#4101);
#3584=LINE('',#10523,#4102);
#3585=LINE('',#10525,#4103);
#3586=LINE('',#10527,#4104);
#3587=LINE('',#10531,#4105);
#3588=LINE('',#10535,#4106);
#3589=LINE('',#10537,#4107);
#3590=LINE('',#10539,#4108);
#3591=LINE('',#10543,#4109);
#3592=LINE('',#10545,#4110);
#3593=LINE('',#10547,#4111);
#3594=LINE('',#10551,#4112);
#3595=LINE('',#10553,#4113);
#3596=LINE('',#10555,#4114);
#3597=LINE('',#10559,#4115);
#3598=LINE('',#10561,#4116);
#3599=LINE('',#10563,#4117);
#3600=LINE('',#10565,#4118);
#3601=LINE('',#10567,#4119);
#3602=LINE('',#10569,#4120);
#3603=LINE('',#10571,#4121);
#3604=LINE('',#10575,#4122);
#3605=LINE('',#10577,#4123);
#3606=LINE('',#10579,#4124);
#3607=LINE('',#10583,#4125);
#3608=LINE('',#10585,#4126);
#3609=LINE('',#10587,#4127);
#3610=LINE('',#10591,#4128);
#3611=LINE('',#10596,#4129);
#3612=LINE('',#10602,#4130);
#3613=LINE('',#10606,#4131);
#3614=LINE('',#10610,#4132);
#3615=LINE('',#10614,#4133);
#3616=LINE('',#10616,#4134);
#3617=LINE('',#10618,#4135);
#3618=LINE('',#10622,#4136);
#3619=LINE('',#10626,#4137);
#3620=LINE('',#10630,#4138);
#3621=LINE('',#10631,#4139);
#3622=LINE('',#10633,#4140);
#3623=LINE('',#10635,#4141);
#3624=LINE('',#10637,#4142);
#3625=LINE('',#10639,#4143);
#3626=LINE('',#10641,#4144);
#3627=LINE('',#10643,#4145);
#3628=LINE('',#10645,#4146);
#3629=LINE('',#10647,#4147);
#3630=LINE('',#10649,#4148);
#3631=LINE('',#10651,#4149);
#3632=LINE('',#10653,#4150);
#3633=LINE('',#10655,#4151);
#3634=LINE('',#10657,#4152);
#3635=LINE('',#10659,#4153);
#3636=LINE('',#10661,#4154);
#3637=LINE('',#10663,#4155);
#3638=LINE('',#10665,#4156);
#3639=LINE('',#10668,#4157);
#3640=LINE('',#10670,#4158);
#3641=LINE('',#10672,#4159);
#3642=LINE('',#10674,#4160);
#3643=LINE('',#10676,#4161);
#3644=LINE('',#10677,#4162);
#3645=LINE('',#10678,#4163);
#3646=LINE('',#10682,#4164);
#3647=LINE('',#10685,#4165);
#3648=LINE('',#10687,#4166);
#3649=LINE('',#10689,#4167);
#3650=LINE('',#10691,#4168);
#3651=LINE('',#10693,#4169);
#3652=LINE('',#10694,#4170);
#3653=LINE('',#10695,#4171);
#3654=LINE('',#10699,#4172);
#3655=LINE('',#10702,#4173);
#3656=LINE('',#10704,#4174);
#3657=LINE('',#10716,#4175);
#3658=LINE('',#10718,#4176);
#3659=LINE('',#10719,#4177);
#3660=LINE('',#10721,#4178);
#3661=LINE('',#10723,#4179);
#3662=LINE('',#10727,#4180);
#3663=LINE('',#10729,#4181);
#3664=LINE('',#10741,#4182);
#3665=LINE('',#10743,#4183);
#3666=LINE('',#10744,#4184);
#3667=LINE('',#10746,#4185);
#3668=LINE('',#10748,#4186);
#3669=LINE('',#10755,#4187);
#3670=LINE('',#10760,#4188);
#3671=LINE('',#10762,#4189);
#3672=LINE('',#10764,#4190);
#3673=LINE('',#10767,#4191);
#3674=LINE('',#10769,#4192);
#3675=LINE('',#10772,#4193);
#3676=LINE('',#10774,#4194);
#3677=LINE('',#10777,#4195);
#3678=LINE('',#10779,#4196);
#3679=LINE('',#10782,#4197);
#3680=LINE('',#10784,#4198);
#3681=LINE('',#10786,#4199);
#3682=LINE('',#10788,#4200);
#3683=LINE('',#10792,#4201);
#3684=LINE('',#10794,#4202);
#3685=LINE('',#10796,#4203);
#3686=LINE('',#10800,#4204);
#3687=LINE('',#10802,#4205);
#3688=LINE('',#10806,#4206);
#3689=LINE('',#10808,#4207);
#3690=LINE('',#10810,#4208);
#3691=LINE('',#10814,#4209);
#3692=LINE('',#10816,#4210);
#3693=LINE('',#10818,#4211);
#3694=LINE('',#10822,#4212);
#3695=LINE('',#10824,#4213);
#3696=LINE('',#10826,#4214);
#3697=LINE('',#10830,#4215);
#3698=LINE('',#10832,#4216);
#3699=LINE('',#10834,#4217);
#3700=LINE('',#10838,#4218);
#3701=LINE('',#10841,#4219);
#3702=LINE('',#10843,#4220);
#3703=LINE('',#10845,#4221);
#3704=LINE('',#10847,#4222);
#3705=LINE('',#10851,#4223);
#3706=LINE('',#10853,#4224);
#3707=LINE('',#10855,#4225);
#3708=LINE('',#10859,#4226);
#3709=LINE('',#10861,#4227);
#3710=VECTOR('',#7743,1000.);
#3711=VECTOR('',#7746,1000.);
#3712=VECTOR('',#7751,1000.);
#3713=VECTOR('',#7754,1000.);
#3714=VECTOR('',#7763,1000.);
#3715=VECTOR('',#7764,1000.);
#3716=VECTOR('',#7765,1000.);
#3717=VECTOR('',#7766,1000.);
#3718=VECTOR('',#7767,1000.);
#3719=VECTOR('',#7768,1000.);
#3720=VECTOR('',#7775,1000.);
#3721=VECTOR('',#7776,1000.);
#3722=VECTOR('',#7777,1000.);
#3723=VECTOR('',#7784,1000.);
#3724=VECTOR('',#7789,1000.);
#3725=VECTOR('',#7792,1000.);
#3726=VECTOR('',#7797,1000.);
#3727=VECTOR('',#7800,1000.);
#3728=VECTOR('',#7809,1000.);
#3729=VECTOR('',#7810,1000.);
#3730=VECTOR('',#7811,1000.);
#3731=VECTOR('',#7812,1000.);
#3732=VECTOR('',#7813,1000.);
#3733=VECTOR('',#7814,1000.);
#3734=VECTOR('',#7821,1000.);
#3735=VECTOR('',#7822,1000.);
#3736=VECTOR('',#7823,1000.);
#3737=VECTOR('',#7830,1000.);
#3738=VECTOR('',#7835,1000.);
#3739=VECTOR('',#7838,1000.);
#3740=VECTOR('',#7843,1000.);
#3741=VECTOR('',#7848,1000.);
#3742=VECTOR('',#7849,1000.);
#3743=VECTOR('',#7852,1000.);
#3744=VECTOR('',#7857,1000.);
#3745=VECTOR('',#7858,1000.);
#3746=VECTOR('',#7861,1000.);
#3747=VECTOR('',#7862,1000.);
#3748=VECTOR('',#7867,1000.);
#3749=VECTOR('',#7872,1000.);
#3750=VECTOR('',#7873,1000.);
#3751=VECTOR('',#7876,1000.);
#3752=VECTOR('',#7881,1000.);
#3753=VECTOR('',#7882,1000.);
#3754=VECTOR('',#7885,1000.);
#3755=VECTOR('',#7886,1000.);
#3756=VECTOR('',#7891,1000.);
#3757=VECTOR('',#7892,1000.);
#3758=VECTOR('',#7893,1000.);
#3759=VECTOR('',#7896,1000.);
#3760=VECTOR('',#7903,1000.);
#3761=VECTOR('',#7904,1000.);
#3762=VECTOR('',#7905,1000.);
#3763=VECTOR('',#7908,1000.);
#3764=VECTOR('',#7913,1000.);
#3765=VECTOR('',#7916,1000.);
#3766=VECTOR('',#7919,1000.);
#3767=VECTOR('',#7922,1000.);
#3768=VECTOR('',#7923,1000.);
#3769=VECTOR('',#7926,1000.);
#3770=VECTOR('',#7927,1000.);
#3771=VECTOR('',#7928,1000.);
#3772=VECTOR('',#7929,1000.);
#3773=VECTOR('',#7932,1000.);
#3774=VECTOR('',#7933,1000.);
#3775=VECTOR('',#7934,1000.);
#3776=VECTOR('',#7935,1000.);
#3777=VECTOR('',#7936,1000.);
#3778=VECTOR('',#7937,1000.);
#3779=VECTOR('',#7938,1000.);
#3780=VECTOR('',#7945,1000.);
#3781=VECTOR('',#7950,1000.);
#3782=VECTOR('',#7955,1000.);
#3783=VECTOR('',#7956,1000.);
#3784=VECTOR('',#7957,1000.);
#3785=VECTOR('',#7958,1000.);
#3786=VECTOR('',#7959,1000.);
#3787=VECTOR('',#7960,1000.);
#3788=VECTOR('',#7961,1000.);
#3789=VECTOR('',#7962,1000.);
#3790=VECTOR('',#7963,1000.);
#3791=VECTOR('',#7964,1000.);
#3792=VECTOR('',#7973,1000.);
#3793=VECTOR('',#7974,1000.);
#3794=VECTOR('',#7975,1000.);
#3795=VECTOR('',#7976,1000.);
#3796=VECTOR('',#7977,1000.);
#3797=VECTOR('',#7978,1000.);
#3798=VECTOR('',#7979,1000.);
#3799=VECTOR('',#7982,1000.);
#3800=VECTOR('',#7983,1000.);
#3801=VECTOR('',#7984,1000.);
#3802=VECTOR('',#7985,1000.);
#3803=VECTOR('',#7986,1000.);
#3804=VECTOR('',#7987,1000.);
#3805=VECTOR('',#7988,1000.);
#3806=VECTOR('',#7989,1000.);
#3807=VECTOR('',#7990,1000.);
#3808=VECTOR('',#7991,1000.);
#3809=VECTOR('',#7992,1000.);
#3810=VECTOR('',#7995,1000.);
#3811=VECTOR('',#7996,1000.);
#3812=VECTOR('',#7997,1000.);
#3813=VECTOR('',#7998,1000.);
#3814=VECTOR('',#7999,1000.);
#3815=VECTOR('',#8000,1000.);
#3816=VECTOR('',#8001,1000.);
#3817=VECTOR('',#8004,1000.);
#3818=VECTOR('',#8005,1000.);
#3819=VECTOR('',#8006,1000.);
#3820=VECTOR('',#8007,1000.);
#3821=VECTOR('',#8008,1000.);
#3822=VECTOR('',#8009,1000.);
#3823=VECTOR('',#8010,1000.);
#3824=VECTOR('',#8015,1000.);
#3825=VECTOR('',#8018,1000.);
#3826=VECTOR('',#8021,1000.);
#3827=VECTOR('',#8022,1000.);
#3828=VECTOR('',#8023,1000.);
#3829=VECTOR('',#8024,1000.);
#3830=VECTOR('',#8027,1000.);
#3831=VECTOR('',#8028,1000.);
#3832=VECTOR('',#8031,1000.);
#3833=VECTOR('',#8034,1000.);
#3834=VECTOR('',#8037,1000.);
#3835=VECTOR('',#8038,1000.);
#3836=VECTOR('',#8041,1000.);
#3837=VECTOR('',#8042,1000.);
#3838=VECTOR('',#8045,1000.);
#3839=VECTOR('',#8046,1000.);
#3840=VECTOR('',#8051,1000.);
#3841=VECTOR('',#8054,1000.);
#3842=VECTOR('',#8057,1000.);
#3843=VECTOR('',#8062,1000.);
#3844=VECTOR('',#8063,1000.);
#3845=VECTOR('',#8066,1000.);
#3846=VECTOR('',#8067,1000.);
#3847=VECTOR('',#8074,1000.);
#3848=VECTOR('',#8075,1000.);
#3849=VECTOR('',#8078,1000.);
#3850=VECTOR('',#8079,1000.);
#3851=VECTOR('',#8084,1000.);
#3852=VECTOR('',#8087,1000.);
#3853=VECTOR('',#8094,1000.);
#3854=VECTOR('',#8097,1000.);
#3855=VECTOR('',#8102,1000.);
#3856=VECTOR('',#8103,1000.);
#3857=VECTOR('',#8104,1000.);
#3858=VECTOR('',#8105,1000.);
#3859=VECTOR('',#8106,1000.);
#3860=VECTOR('',#8111,1000.);
#3861=VECTOR('',#8112,1000.);
#3862=VECTOR('',#8117,1000.);
#3863=VECTOR('',#8118,1000.);
#3864=VECTOR('',#8119,1000.);
#3865=VECTOR('',#8126,1000.);
#3866=VECTOR('',#8129,1000.);
#3867=VECTOR('',#8130,1000.);
#3868=VECTOR('',#8131,1000.);
#3869=VECTOR('',#8132,1000.);
#3870=VECTOR('',#8139,1000.);
#3871=VECTOR('',#8142,1000.);
#3872=VECTOR('',#8143,1000.);
#3873=VECTOR('',#8144,1000.);
#3874=VECTOR('',#8149,1000.);
#3875=VECTOR('',#8154,1000.);
#3876=VECTOR('',#8155,1000.);
#3877=VECTOR('',#8160,1000.);
#3878=VECTOR('',#8165,1000.);
#3879=VECTOR('',#8166,1000.);
#3880=VECTOR('',#8171,1000.);
#3881=VECTOR('',#8174,1000.);
#3882=VECTOR('',#8179,1000.);
#3883=VECTOR('',#8184,1000.);
#3884=VECTOR('',#8185,1000.);
#3885=VECTOR('',#8186,1000.);
#3886=VECTOR('',#8187,1000.);
#3887=VECTOR('',#8188,1000.);
#3888=VECTOR('',#8189,1000.);
#3889=VECTOR('',#8192,1000.);
#3890=VECTOR('',#8197,1000.);
#3891=VECTOR('',#8198,1000.);
#3892=VECTOR('',#8199,1000.);
#3893=VECTOR('',#8200,1000.);
#3894=VECTOR('',#8201,1000.);
#3895=VECTOR('',#8202,1000.);
#3896=VECTOR('',#8203,1000.);
#3897=VECTOR('',#8204,1000.);
#3898=VECTOR('',#8205,1000.);
#3899=VECTOR('',#8206,1000.);
#3900=VECTOR('',#8207,1000.);
#3901=VECTOR('',#8208,1000.);
#3902=VECTOR('',#8209,1000.);
#3903=VECTOR('',#8210,1000.);
#3904=VECTOR('',#8215,1000.);
#3905=VECTOR('',#8220,1000.);
#3906=VECTOR('',#8223,1000.);
#3907=VECTOR('',#8226,1000.);
#3908=VECTOR('',#8229,1000.);
#3909=VECTOR('',#8230,1000.);
#3910=VECTOR('',#8231,1000.);
#3911=VECTOR('',#8234,1000.);
#3912=VECTOR('',#8237,1000.);
#3913=VECTOR('',#8240,1000.);
#3914=VECTOR('',#8245,1000.);
#3915=VECTOR('',#8248,1000.);
#3916=VECTOR('',#8251,1000.);
#3917=VECTOR('',#8254,1000.);
#3918=VECTOR('',#8257,1000.);
#3919=VECTOR('',#8258,1000.);
#3920=VECTOR('',#8259,1000.);
#3921=VECTOR('',#8262,1000.);
#3922=VECTOR('',#8265,1000.);
#3923=VECTOR('',#8268,1000.);
#3924=VECTOR('',#8273,1000.);
#3925=VECTOR('',#8276,1000.);
#3926=VECTOR('',#8277,1000.);
#3927=VECTOR('',#8278,1000.);
#3928=VECTOR('',#8289,1000.);
#3929=VECTOR('',#8292,1000.);
#3930=VECTOR('',#8293,1000.);
#3931=VECTOR('',#8296,1000.);
#3932=VECTOR('',#8299,1000.);
#3933=VECTOR('',#8300,1000.);
#3934=VECTOR('',#8303,1000.);
#3935=VECTOR('',#8306,1000.);
#3936=VECTOR('',#8325,1000.);
#3937=VECTOR('',#8326,1000.);
#3938=VECTOR('',#8339,1000.);
#3939=VECTOR('',#8344,1000.);
#3940=VECTOR('',#8347,1000.);
#3941=VECTOR('',#8350,1000.);
#3942=VECTOR('',#8363,1000.);
#3943=VECTOR('',#8372,1000.);
#3944=VECTOR('',#8373,1000.);
#3945=VECTOR('',#8376,1000.);
#3946=VECTOR('',#8377,1000.);
#3947=VECTOR('',#8382,1000.);
#3948=VECTOR('',#8385,1000.);
#3949=VECTOR('',#8412,1000.);
#3950=VECTOR('',#8415,1000.);
#3951=VECTOR('',#8418,1000.);
#3952=VECTOR('',#8421,1000.);
#3953=VECTOR('',#8422,1000.);
#3954=VECTOR('',#8425,1000.);
#3955=VECTOR('',#8426,1000.);
#3956=VECTOR('',#8429,1000.);
#3957=VECTOR('',#8432,1000.);
#3958=VECTOR('',#8439,1000.);
#3959=VECTOR('',#8440,1000.);
#3960=VECTOR('',#8443,1000.);
#3961=VECTOR('',#8444,1000.);
#3962=VECTOR('',#8447,1000.);
#3963=VECTOR('',#8448,1000.);
#3964=VECTOR('',#8451,1000.);
#3965=VECTOR('',#8456,1000.);
#3966=VECTOR('',#8457,1000.);
#3967=VECTOR('',#8458,1000.);
#3968=VECTOR('',#8461,1000.);
#3969=VECTOR('',#8466,1000.);
#3970=VECTOR('',#8469,1000.);
#3971=VECTOR('',#8472,1000.);
#3972=VECTOR('',#8473,1000.);
#3973=VECTOR('',#8476,1000.);
#3974=VECTOR('',#8477,1000.);
#3975=VECTOR('',#8482,1000.);
#3976=VECTOR('',#8485,1000.);
#3977=VECTOR('',#8492,1000.);
#3978=VECTOR('',#8493,1000.);
#3979=VECTOR('',#8494,1000.);
#3980=VECTOR('',#8497,1000.);
#3981=VECTOR('',#8498,1000.);
#3982=VECTOR('',#8501,1000.);
#3983=VECTOR('',#8502,1000.);
#3984=VECTOR('',#8505,1000.);
#3985=VECTOR('',#8510,1000.);
#3986=VECTOR('',#8511,1000.);
#3987=VECTOR('',#8512,1000.);
#3988=VECTOR('',#8515,1000.);
#3989=VECTOR('',#8516,1000.);
#3990=VECTOR('',#8519,1000.);
#3991=VECTOR('',#8520,1000.);
#3992=VECTOR('',#8523,1000.);
#3993=VECTOR('',#8528,1000.);
#3994=VECTOR('',#8529,1000.);
#3995=VECTOR('',#8530,1000.);
#3996=VECTOR('',#8533,1000.);
#3997=VECTOR('',#8534,1000.);
#3998=VECTOR('',#8537,1000.);
#3999=VECTOR('',#8538,1000.);
#4000=VECTOR('',#8541,1000.);
#4001=VECTOR('',#8546,1000.);
#4002=VECTOR('',#8547,1000.);
#4003=VECTOR('',#8548,1000.);
#4004=VECTOR('',#8551,1000.);
#4005=VECTOR('',#8552,1000.);
#4006=VECTOR('',#8555,1000.);
#4007=VECTOR('',#8556,1000.);
#4008=VECTOR('',#8559,1000.);
#4009=VECTOR('',#8584,1000.);
#4010=VECTOR('',#8585,1000.);
#4011=VECTOR('',#8586,1000.);
#4012=VECTOR('',#8589,1000.);
#4013=VECTOR('',#8590,1000.);
#4014=VECTOR('',#8593,1000.);
#4015=VECTOR('',#8594,1000.);
#4016=VECTOR('',#8599,1000.);
#4017=VECTOR('',#8602,1000.);
#4018=VECTOR('',#8603,1000.);
#4019=VECTOR('',#8612,1000.);
#4020=VECTOR('',#8615,1000.);
#4021=VECTOR('',#8618,1000.);
#4022=VECTOR('',#8619,1000.);
#4023=VECTOR('',#8624,1000.);
#4024=VECTOR('',#8627,1000.);
#4025=VECTOR('',#8628,1000.);
#4026=VECTOR('',#8633,1000.);
#4027=VECTOR('',#8636,1000.);
#4028=VECTOR('',#8637,1000.);
#4029=VECTOR('',#8642,1000.);
#4030=VECTOR('',#8645,1000.);
#4031=VECTOR('',#8650,1000.);
#4032=VECTOR('',#8651,1000.);
#4033=VECTOR('',#8652,1000.);
#4034=VECTOR('',#8655,1000.);
#4035=VECTOR('',#8656,1000.);
#4036=VECTOR('',#8659,1000.);
#4037=VECTOR('',#8660,1000.);
#4038=VECTOR('',#8665,1000.);
#4039=VECTOR('',#8668,1000.);
#4040=VECTOR('',#8669,1000.);
#4041=VECTOR('',#8678,1000.);
#4042=VECTOR('',#8679,1000.);
#4043=VECTOR('',#8680,1000.);
#4044=VECTOR('',#8685,1000.);
#4045=VECTOR('',#8688,1000.);
#4046=VECTOR('',#8689,1000.);
#4047=VECTOR('',#8694,1000.);
#4048=VECTOR('',#8699,1000.);
#4049=VECTOR('',#8702,1000.);
#4050=VECTOR('',#8703,1000.);
#4051=VECTOR('',#8708,1000.);
#4052=VECTOR('',#8711,1000.);
#4053=VECTOR('',#8712,1000.);
#4054=VECTOR('',#8717,1000.);
#4055=VECTOR('',#8720,1000.);
#4056=VECTOR('',#8721,1000.);
#4057=VECTOR('',#8726,1000.);
#4058=VECTOR('',#8729,1000.);
#4059=VECTOR('',#8730,1000.);
#4060=VECTOR('',#8733,1000.);
#4061=VECTOR('',#8734,1000.);
#4062=VECTOR('',#8737,1000.);
#4063=VECTOR('',#8738,1000.);
#4064=VECTOR('',#8743,1000.);
#4065=VECTOR('',#8746,1000.);
#4066=VECTOR('',#8747,1000.);
#4067=VECTOR('',#8752,1000.);
#4068=VECTOR('',#8755,1000.);
#4069=VECTOR('',#8756,1000.);
#4070=VECTOR('',#8763,1000.);
#4071=VECTOR('',#8766,1000.);
#4072=VECTOR('',#8771,1000.);
#4073=VECTOR('',#8774,1000.);
#4074=VECTOR('',#8777,1000.);
#4075=VECTOR('',#8780,1000.);
#4076=VECTOR('',#8781,1000.);
#4077=VECTOR('',#8782,1000.);
#4078=VECTOR('',#8785,1000.);
#4079=VECTOR('',#8788,1000.);
#4080=VECTOR('',#8793,1000.);
#4081=VECTOR('',#8794,1000.);
#4082=VECTOR('',#8797,1000.);
#4083=VECTOR('',#8800,1000.);
#4084=VECTOR('',#8803,1000.);
#4085=VECTOR('',#8806,1000.);
#4086=VECTOR('',#8809,1000.);
#4087=VECTOR('',#8812,1000.);
#4088=VECTOR('',#8815,1000.);
#4089=VECTOR('',#8818,1000.);
#4090=VECTOR('',#8821,1000.);
#4091=VECTOR('',#8824,1000.);
#4092=VECTOR('',#8827,1000.);
#4093=VECTOR('',#8830,1000.);
#4094=VECTOR('',#8833,1000.);
#4095=VECTOR('',#8836,1000.);
#4096=VECTOR('',#8839,1000.);
#4097=VECTOR('',#8842,1000.);
#4098=VECTOR('',#8845,1000.);
#4099=VECTOR('',#8850,1000.);
#4100=VECTOR('',#8851,1000.);
#4101=VECTOR('',#8852,1000.);
#4102=VECTOR('',#8857,1000.);
#4103=VECTOR('',#8860,1000.);
#4104=VECTOR('',#8861,1000.);
#4105=VECTOR('',#8866,1000.);
#4106=VECTOR('',#8871,1000.);
#4107=VECTOR('',#8874,1000.);
#4108=VECTOR('',#8875,1000.);
#4109=VECTOR('',#8880,1000.);
#4110=VECTOR('',#8883,1000.);
#4111=VECTOR('',#8884,1000.);
#4112=VECTOR('',#8889,1000.);
#4113=VECTOR('',#8892,1000.);
#4114=VECTOR('',#8893,1000.);
#4115=VECTOR('',#8898,1000.);
#4116=VECTOR('',#8901,1000.);
#4117=VECTOR('',#8902,1000.);
#4118=VECTOR('',#8905,1000.);
#4119=VECTOR('',#8906,1000.);
#4120=VECTOR('',#8909,1000.);
#4121=VECTOR('',#8910,1000.);
#4122=VECTOR('',#8915,1000.);
#4123=VECTOR('',#8918,1000.);
#4124=VECTOR('',#8919,1000.);
#4125=VECTOR('',#8924,1000.);
#4126=VECTOR('',#8927,1000.);
#4127=VECTOR('',#8928,1000.);
#4128=VECTOR('',#8935,1000.);
#4129=VECTOR('',#8938,1000.);
#4130=VECTOR('',#8943,1000.);
#4131=VECTOR('',#8946,1000.);
#4132=VECTOR('',#8949,1000.);
#4133=VECTOR('',#8952,1000.);
#4134=VECTOR('',#8953,1000.);
#4135=VECTOR('',#8954,1000.);
#4136=VECTOR('',#8957,1000.);
#4137=VECTOR('',#8960,1000.);
#4138=VECTOR('',#8965,1000.);
#4139=VECTOR('',#8966,1000.);
#4140=VECTOR('',#8969,1000.);
#4141=VECTOR('',#8972,1000.);
#4142=VECTOR('',#8975,1000.);
#4143=VECTOR('',#8978,1000.);
#4144=VECTOR('',#8981,1000.);
#4145=VECTOR('',#8984,1000.);
#4146=VECTOR('',#8987,1000.);
#4147=VECTOR('',#8990,1000.);
#4148=VECTOR('',#8993,1000.);
#4149=VECTOR('',#8996,1000.);
#4150=VECTOR('',#8999,1000.);
#4151=VECTOR('',#9002,1000.);
#4152=VECTOR('',#9005,1000.);
#4153=VECTOR('',#9008,1000.);
#4154=VECTOR('',#9011,1000.);
#4155=VECTOR('',#9014,1000.);
#4156=VECTOR('',#9017,1000.);
#4157=VECTOR('',#9022,1000.);
#4158=VECTOR('',#9023,1000.);
#4159=VECTOR('',#9026,1000.);
#4160=VECTOR('',#9027,1000.);
#4161=VECTOR('',#9030,1000.);
#4162=VECTOR('',#9031,1000.);
#4163=VECTOR('',#9032,1000.);
#4164=VECTOR('',#9037,1000.);
#4165=VECTOR('',#9042,1000.);
#4166=VECTOR('',#9043,1000.);
#4167=VECTOR('',#9046,1000.);
#4168=VECTOR('',#9047,1000.);
#4169=VECTOR('',#9050,1000.);
#4170=VECTOR('',#9051,1000.);
#4171=VECTOR('',#9052,1000.);
#4172=VECTOR('',#9057,1000.);
#4173=VECTOR('',#9062,1000.);
#4174=VECTOR('',#9065,1000.);
#4175=VECTOR('',#9072,1000.);
#4176=VECTOR('',#9075,1000.);
#4177=VECTOR('',#9076,1000.);
#4178=VECTOR('',#9077,1000.);
#4179=VECTOR('',#9078,1000.);
#4180=VECTOR('',#9085,1000.);
#4181=VECTOR('',#9088,1000.);
#4182=VECTOR('',#9095,1000.);
#4183=VECTOR('',#9098,1000.);
#4184=VECTOR('',#9099,1000.);
#4185=VECTOR('',#9100,1000.);
#4186=VECTOR('',#9101,1000.);
#4187=VECTOR('',#9114,1000.);
#4188=VECTOR('',#9123,1000.);
#4189=VECTOR('',#9126,1000.);
#4190=VECTOR('',#9129,1000.);
#4191=VECTOR('',#9134,1000.);
#4192=VECTOR('',#9137,1000.);
#4193=VECTOR('',#9142,1000.);
#4194=VECTOR('',#9145,1000.);
#4195=VECTOR('',#9150,1000.);
#4196=VECTOR('',#9153,1000.);
#4197=VECTOR('',#9158,1000.);
#4198=VECTOR('',#9159,1000.);
#4199=VECTOR('',#9160,1000.);
#4200=VECTOR('',#9163,1000.);
#4201=VECTOR('',#9168,1000.);
#4202=VECTOR('',#9169,1000.);
#4203=VECTOR('',#9172,1000.);
#4204=VECTOR('',#9177,1000.);
#4205=VECTOR('',#9178,1000.);
#4206=VECTOR('',#9185,1000.);
#4207=VECTOR('',#9186,1000.);
#4208=VECTOR('',#9189,1000.);
#4209=VECTOR('',#9194,1000.);
#4210=VECTOR('',#9195,1000.);
#4211=VECTOR('',#9198,1000.);
#4212=VECTOR('',#9203,1000.);
#4213=VECTOR('',#9204,1000.);
#4214=VECTOR('',#9207,1000.);
#4215=VECTOR('',#9212,1000.);
#4216=VECTOR('',#9213,1000.);
#4217=VECTOR('',#9216,1000.);
#4218=VECTOR('',#9221,1000.);
#4219=VECTOR('',#9226,1000.);
#4220=VECTOR('',#9227,1000.);
#4221=VECTOR('',#9228,1000.);
#4222=VECTOR('',#9231,1000.);
#4223=VECTOR('',#9236,1000.);
#4224=VECTOR('',#9237,1000.);
#4225=VECTOR('',#9240,1000.);
#4226=VECTOR('',#9245,1000.);
#4227=VECTOR('',#9246,1000.);
#4228=EDGE_LOOP('',(#447,#448,#449,#450));
#4229=EDGE_LOOP('',(#451,#452,#453,#454,#455));
#4230=EDGE_LOOP('',(#456,#457,#458,#459,#460,#461,#462,#463,#464,#465,#466,
#467));
#4231=EDGE_LOOP('',(#468,#469,#470,#471,#472,#473,#474,#475,#476,#477));
#4232=EDGE_LOOP('',(#478,#479,#480,#481,#482,#483));
#4233=EDGE_LOOP('',(#484,#485,#486,#487,#488));
#4234=EDGE_LOOP('',(#489,#490,#491,#492,#493,#494,#495,#496,#497,#498,#499,
#500));
#4235=EDGE_LOOP('',(#501,#502,#503,#504,#505,#506,#507,#508,#509,#510));
#4236=EDGE_LOOP('',(#511,#512,#513,#514,#515,#516));
#4237=EDGE_LOOP('',(#517,#518,#519,#520,#521,#522,#523,#524));
#4238=EDGE_LOOP('',(#525,#526,#527,#528,#529,#530,#531,#532));
#4239=EDGE_LOOP('',(#533,#534,#535,#536,#537,#538,#539,#540));
#4240=EDGE_LOOP('',(#541,#542,#543,#544,#545,#546,#547,#548));
#4241=EDGE_LOOP('',(#549,#550,#551,#552,#553,#554));
#4242=EDGE_LOOP('',(#555));
#4243=EDGE_LOOP('',(#556));
#4244=EDGE_LOOP('',(#557,#558,#559,#560,#561,#562));
#4245=EDGE_LOOP('',(#563,#564,#565,#566,#567,#568,#569,#570));
#4246=EDGE_LOOP('',(#571,#572,#573,#574,#575,#576,#577,#578,#579,#580,#581,
#582,#583,#584));
#4247=EDGE_LOOP('',(#585,#586,#587,#588));
#4248=EDGE_LOOP('',(#589,#590,#591,#592));
#4249=EDGE_LOOP('',(#593,#594,#595,#596,#597,#598,#599,#600,#601,#602,#603,
#604));
#4250=EDGE_LOOP('',(#605,#606,#607,#608));
#4251=EDGE_LOOP('',(#609,#610,#611,#612,#613));
#4252=EDGE_LOOP('',(#614,#615,#616,#617));
#4253=EDGE_LOOP('',(#618,#619,#620,#621,#622,#623,#624,#625));
#4254=EDGE_LOOP('',(#626,#627,#628,#629));
#4255=EDGE_LOOP('',(#630,#631,#632,#633));
#4256=EDGE_LOOP('',(#634,#635,#636,#637));
#4257=EDGE_LOOP('',(#638,#639,#640,#641,#642));
#4258=EDGE_LOOP('',(#643,#644,#645,#646));
#4259=EDGE_LOOP('',(#647,#648,#649,#650));
#4260=EDGE_LOOP('',(#651,#652,#653,#654,#655,#656,#657,#658,#659,#660,#661,
#662,#663));
#4261=EDGE_LOOP('',(#664,#665,#666,#667));
#4262=EDGE_LOOP('',(#668,#669,#670,#671));
#4263=EDGE_LOOP('',(#672,#673,#674,#675));
#4264=EDGE_LOOP('',(#676,#677,#678,#679));
#4265=EDGE_LOOP('',(#680,#681,#682,#683));
#4266=EDGE_LOOP('',(#684,#685,#686));
#4267=EDGE_LOOP('',(#687,#688,#689));
#4268=EDGE_LOOP('',(#690,#691,#692));
#4269=EDGE_LOOP('',(#693,#694,#695,#696,#697,#698));
#4270=EDGE_LOOP('',(#699,#700,#701));
#4271=EDGE_LOOP('',(#702,#703,#704,#705,#706,#707));
#4272=EDGE_LOOP('',(#708,#709,#710,#711,#712,#713,#714,#715,#716));
#4273=EDGE_LOOP('',(#717,#718,#719,#720,#721,#722));
#4274=EDGE_LOOP('',(#723,#724,#725,#726,#727));
#4275=EDGE_LOOP('',(#728,#729,#730,#731));
#4276=EDGE_LOOP('',(#732,#733,#734,#735,#736,#737));
#4277=EDGE_LOOP('',(#738,#739,#740,#741));
#4278=EDGE_LOOP('',(#742,#743,#744,#745));
#4279=EDGE_LOOP('',(#746,#747,#748,#749,#750,#751,#752));
#4280=EDGE_LOOP('',(#753,#754,#755,#756,#757,#758,#759));
#4281=EDGE_LOOP('',(#760,#761,#762,#763));
#4282=EDGE_LOOP('',(#764,#765,#766,#767));
#4283=EDGE_LOOP('',(#768,#769,#770,#771,#772,#773,#774,#775,#776,#777,#778,
#779,#780,#781));
#4284=EDGE_LOOP('',(#782,#783,#784,#785));
#4285=EDGE_LOOP('',(#786,#787,#788,#789,#790,#791,#792,#793,#794,#795,#796,
#797,#798,#799,#800,#801,#802,#803,#804,#805,#806,#807,#808,#809));
#4286=EDGE_LOOP('',(#810,#811,#812,#813));
#4287=EDGE_LOOP('',(#814,#815,#816,#817,#818,#819,#820,#821,#822,#823,#824,
#825,#826,#827,#828,#829,#830,#831,#832));
#4288=EDGE_LOOP('',(#833,#834,#835,#836,#837,#838,#839,#840,#841,#842,#843,
#844,#845,#846,#847,#848,#849,#850,#851));
#4289=EDGE_LOOP('',(#852,#853,#854,#855));
#4290=EDGE_LOOP('',(#856,#857,#858,#859));
#4291=EDGE_LOOP('',(#860,#861,#862,#863,#864,#865,#866,#867,#868,#869));
#4292=EDGE_LOOP('',(#870,#871,#872,#873,#874,#875));
#4293=EDGE_LOOP('',(#876,#877,#878,#879,#880,#881,#882,#883,#884,#885));
#4294=EDGE_LOOP('',(#886,#887,#888,#889,#890,#891,#892,#893,#894,#895));
#4295=EDGE_LOOP('',(#896,#897,#898,#899,#900));
#4296=EDGE_LOOP('',(#901,#902,#903,#904,#905,#906,#907,#908,#909,#910,#911,
#912,#913,#914,#915,#916));
#4297=EDGE_LOOP('',(#917,#918,#919,#920));
#4298=EDGE_LOOP('',(#921,#922,#923,#924));
#4299=EDGE_LOOP('',(#925,#926,#927,#928));
#4300=EDGE_LOOP('',(#929,#930,#931,#932));
#4301=EDGE_LOOP('',(#933,#934,#935,#936));
#4302=EDGE_LOOP('',(#937,#938,#939,#940));
#4303=EDGE_LOOP('',(#941,#942,#943,#944,#945));
#4304=EDGE_LOOP('',(#946,#947,#948,#949));
#4305=EDGE_LOOP('',(#950,#951,#952,#953));
#4306=EDGE_LOOP('',(#954,#955,#956,#957));
#4307=EDGE_LOOP('',(#958,#959,#960,#961));
#4308=EDGE_LOOP('',(#962,#963,#964,#965));
#4309=EDGE_LOOP('',(#966,#967,#968,#969,#970,#971));
#4310=EDGE_LOOP('',(#972,#973,#974,#975,#976));
#4311=EDGE_LOOP('',(#977,#978,#979,#980,#981,#982,#983));
#4312=EDGE_LOOP('',(#984,#985,#986,#987,#988));
#4313=EDGE_LOOP('',(#989,#990,#991,#992,#993,#994,#995));
#4314=EDGE_LOOP('',(#996,#997,#998,#999));
#4315=EDGE_LOOP('',(#1000,#1001,#1002,#1003,#1004,#1005));
#4316=EDGE_LOOP('',(#1006,#1007,#1008,#1009,#1010,#1011));
#4317=EDGE_LOOP('',(#1012,#1013,#1014,#1015,#1016,#1017,#1018,#1019,#1020,
#1021));
#4318=EDGE_LOOP('',(#1022,#1023,#1024,#1025,#1026,#1027,#1028,#1029,#1030,
#1031,#1032));
#4319=EDGE_LOOP('',(#1033,#1034,#1035,#1036));
#4320=EDGE_LOOP('',(#1037,#1038,#1039,#1040));
#4321=EDGE_LOOP('',(#1041,#1042,#1043,#1044));
#4322=EDGE_LOOP('',(#1045,#1046,#1047,#1048));
#4323=EDGE_LOOP('',(#1049,#1050,#1051,#1052));
#4324=EDGE_LOOP('',(#1053,#1054,#1055,#1056));
#4325=EDGE_LOOP('',(#1057,#1058,#1059,#1060));
#4326=EDGE_LOOP('',(#1061,#1062,#1063,#1064));
#4327=EDGE_LOOP('',(#1065,#1066,#1067,#1068,#1069,#1070,#1071,#1072));
#4328=EDGE_LOOP('',(#1073,#1074,#1075,#1076));
#4329=EDGE_LOOP('',(#1077,#1078,#1079,#1080,#1081,#1082));
#4330=EDGE_LOOP('',(#1083,#1084,#1085,#1086));
#4331=EDGE_LOOP('',(#1087,#1088,#1089,#1090,#1091,#1092,#1093,#1094,#1095,
#1096,#1097));
#4332=EDGE_LOOP('',(#1098,#1099,#1100,#1101,#1102,#1103,#1104,#1105,#1106,
#1107,#1108));
#4333=EDGE_LOOP('',(#1109,#1110,#1111,#1112));
#4334=EDGE_LOOP('',(#1113,#1114,#1115,#1116));
#4335=EDGE_LOOP('',(#1117,#1118,#1119,#1120));
#4336=EDGE_LOOP('',(#1121,#1122,#1123,#1124));
#4337=EDGE_LOOP('',(#1125,#1126,#1127,#1128));
#4338=EDGE_LOOP('',(#1129,#1130,#1131,#1132));
#4339=EDGE_LOOP('',(#1133,#1134,#1135,#1136));
#4340=EDGE_LOOP('',(#1137,#1138,#1139,#1140));
#4341=EDGE_LOOP('',(#1141,#1142,#1143,#1144));
#4342=EDGE_LOOP('',(#1145,#1146,#1147,#1148));
#4343=EDGE_LOOP('',(#1149,#1150,#1151,#1152));
#4344=EDGE_LOOP('',(#1153,#1154,#1155,#1156));
#4345=EDGE_LOOP('',(#1157,#1158,#1159,#1160));
#4346=EDGE_LOOP('',(#1161,#1162,#1163,#1164));
#4347=EDGE_LOOP('',(#1165,#1166,#1167,#1168));
#4348=EDGE_LOOP('',(#1169,#1170,#1171,#1172));
#4349=EDGE_LOOP('',(#1173,#1174,#1175,#1176));
#4350=EDGE_LOOP('',(#1177,#1178,#1179,#1180));
#4351=EDGE_LOOP('',(#1181,#1182,#1183,#1184));
#4352=EDGE_LOOP('',(#1185,#1186,#1187,#1188));
#4353=EDGE_LOOP('',(#1189,#1190,#1191,#1192));
#4354=EDGE_LOOP('',(#1193,#1194,#1195,#1196));
#4355=EDGE_LOOP('',(#1197,#1198,#1199,#1200));
#4356=EDGE_LOOP('',(#1201,#1202,#1203,#1204));
#4357=EDGE_LOOP('',(#1205));
#4358=EDGE_LOOP('',(#1206));
#4359=EDGE_LOOP('',(#1207));
#4360=EDGE_LOOP('',(#1208));
#4361=EDGE_LOOP('',(#1209));
#4362=EDGE_LOOP('',(#1210));
#4363=EDGE_LOOP('',(#1211));
#4364=EDGE_LOOP('',(#1212));
#4365=EDGE_LOOP('',(#1213));
#4366=EDGE_LOOP('',(#1214));
#4367=EDGE_LOOP('',(#1215,#1216,#1217,#1218));
#4368=EDGE_LOOP('',(#1219,#1220,#1221,#1222));
#4369=EDGE_LOOP('',(#1223,#1224,#1225,#1226));
#4370=EDGE_LOOP('',(#1227,#1228,#1229,#1230));
#4371=EDGE_LOOP('',(#1231,#1232,#1233,#1234));
#4372=EDGE_LOOP('',(#1235,#1236,#1237,#1238));
#4373=EDGE_LOOP('',(#1239,#1240,#1241,#1242,#1243,#1244));
#4374=EDGE_LOOP('',(#1245,#1246,#1247,#1248));
#4375=EDGE_LOOP('',(#1249,#1250,#1251,#1252));
#4376=EDGE_LOOP('',(#1253,#1254,#1255,#1256));
#4377=EDGE_LOOP('',(#1257,#1258,#1259,#1260));
#4378=EDGE_LOOP('',(#1261,#1262,#1263,#1264));
#4379=EDGE_LOOP('',(#1265,#1266,#1267,#1268));
#4380=EDGE_LOOP('',(#1269,#1270,#1271,#1272));
#4381=EDGE_LOOP('',(#1273,#1274,#1275,#1276));
#4382=EDGE_LOOP('',(#1277,#1278,#1279,#1280,#1281,#1282,#1283,#1284));
#4383=EDGE_LOOP('',(#1285,#1286,#1287,#1288));
#4384=EDGE_LOOP('',(#1289,#1290,#1291,#1292));
#4385=EDGE_LOOP('',(#1293,#1294,#1295,#1296));
#4386=EDGE_LOOP('',(#1297,#1298,#1299,#1300));
#4387=EDGE_LOOP('',(#1301,#1302,#1303,#1304));
#4388=EDGE_LOOP('',(#1305,#1306,#1307,#1308));
#4389=EDGE_LOOP('',(#1309,#1310,#1311,#1312,#1313,#1314));
#4390=EDGE_LOOP('',(#1315,#1316,#1317,#1318));
#4391=EDGE_LOOP('',(#1319,#1320,#1321,#1322));
#4392=EDGE_LOOP('',(#1323,#1324,#1325,#1326));
#4393=EDGE_LOOP('',(#1327,#1328,#1329,#1330));
#4394=EDGE_LOOP('',(#1331,#1332,#1333,#1334));
#4395=EDGE_LOOP('',(#1335,#1336,#1337,#1338));
#4396=EDGE_LOOP('',(#1339,#1340,#1341,#1342));
#4397=EDGE_LOOP('',(#1343,#1344,#1345,#1346));
#4398=EDGE_LOOP('',(#1347,#1348,#1349,#1350));
#4399=EDGE_LOOP('',(#1351,#1352,#1353,#1354));
#4400=EDGE_LOOP('',(#1355,#1356,#1357,#1358));
#4401=EDGE_LOOP('',(#1359,#1360,#1361,#1362));
#4402=EDGE_LOOP('',(#1363,#1364,#1365,#1366));
#4403=EDGE_LOOP('',(#1367,#1368,#1369,#1370));
#4404=EDGE_LOOP('',(#1371,#1372,#1373,#1374));
#4405=EDGE_LOOP('',(#1375,#1376,#1377,#1378));
#4406=EDGE_LOOP('',(#1379,#1380,#1381,#1382));
#4407=EDGE_LOOP('',(#1383,#1384,#1385,#1386));
#4408=EDGE_LOOP('',(#1387,#1388,#1389,#1390));
#4409=EDGE_LOOP('',(#1391,#1392,#1393,#1394,#1395,#1396,#1397,#1398,#1399,
#1400,#1401,#1402,#1403,#1404,#1405,#1406,#1407,#1408,#1409));
#4410=EDGE_LOOP('',(#1410,#1411,#1412,#1413));
#4411=EDGE_LOOP('',(#1414,#1415,#1416,#1417));
#4412=EDGE_LOOP('',(#1418,#1419,#1420,#1421));
#4413=EDGE_LOOP('',(#1422,#1423,#1424,#1425));
#4414=EDGE_LOOP('',(#1426,#1427,#1428,#1429));
#4415=EDGE_LOOP('',(#1430,#1431,#1432,#1433));
#4416=EDGE_LOOP('',(#1434,#1435,#1436,#1437));
#4417=EDGE_LOOP('',(#1438,#1439,#1440,#1441));
#4418=EDGE_LOOP('',(#1442,#1443,#1444,#1445));
#4419=EDGE_LOOP('',(#1446,#1447,#1448,#1449));
#4420=EDGE_LOOP('',(#1450,#1451,#1452,#1453));
#4421=EDGE_LOOP('',(#1454,#1455,#1456,#1457));
#4422=EDGE_LOOP('',(#1458,#1459,#1460,#1461));
#4423=EDGE_LOOP('',(#1462,#1463,#1464,#1465));
#4424=EDGE_LOOP('',(#1466,#1467,#1468,#1469));
#4425=EDGE_LOOP('',(#1470,#1471,#1472,#1473));
#4426=EDGE_LOOP('',(#1474,#1475,#1476,#1477));
#4427=EDGE_LOOP('',(#1478,#1479,#1480,#1481));
#4428=EDGE_LOOP('',(#1482,#1483,#1484,#1485));
#4429=EDGE_LOOP('',(#1486,#1487,#1488,#1489));
#4430=EDGE_LOOP('',(#1490,#1491,#1492,#1493));
#4431=EDGE_LOOP('',(#1494,#1495,#1496,#1497));
#4432=EDGE_LOOP('',(#1498,#1499,#1500,#1501));
#4433=EDGE_LOOP('',(#1502,#1503,#1504,#1505));
#4434=EDGE_LOOP('',(#1506,#1507,#1508,#1509));
#4435=EDGE_LOOP('',(#1510,#1511,#1512,#1513));
#4436=EDGE_LOOP('',(#1514,#1515,#1516,#1517));
#4437=EDGE_LOOP('',(#1518,#1519,#1520,#1521));
#4438=EDGE_LOOP('',(#1522,#1523,#1524,#1525));
#4439=EDGE_LOOP('',(#1526,#1527,#1528,#1529));
#4440=EDGE_LOOP('',(#1530,#1531,#1532,#1533));
#4441=EDGE_LOOP('',(#1534,#1535,#1536,#1537));
#4442=EDGE_LOOP('',(#1538,#1539,#1540,#1541));
#4443=EDGE_LOOP('',(#1542,#1543,#1544,#1545));
#4444=EDGE_LOOP('',(#1546,#1547,#1548,#1549));
#4445=EDGE_LOOP('',(#1550,#1551,#1552,#1553));
#4446=EDGE_LOOP('',(#1554,#1555,#1556,#1557));
#4447=EDGE_LOOP('',(#1558,#1559,#1560,#1561));
#4448=EDGE_LOOP('',(#1562,#1563,#1564,#1565,#1566,#1567,#1568,#1569,#1570,
#1571,#1572,#1573,#1574,#1575,#1576,#1577,#1578,#1579,#1580));
#4449=EDGE_LOOP('',(#1581,#1582,#1583,#1584));
#4450=EDGE_LOOP('',(#1585,#1586,#1587,#1588));
#4451=EDGE_LOOP('',(#1589,#1590,#1591,#1592));
#4452=EDGE_LOOP('',(#1593,#1594,#1595,#1596));
#4453=EDGE_LOOP('',(#1597,#1598,#1599,#1600));
#4454=EDGE_LOOP('',(#1601,#1602,#1603,#1604));
#4455=EDGE_LOOP('',(#1605,#1606,#1607,#1608));
#4456=EDGE_LOOP('',(#1609,#1610,#1611,#1612));
#4457=EDGE_LOOP('',(#1613,#1614,#1615,#1616));
#4458=EDGE_LOOP('',(#1617,#1618,#1619,#1620));
#4459=EDGE_LOOP('',(#1621,#1622,#1623,#1624));
#4460=EDGE_LOOP('',(#1625,#1626,#1627,#1628));
#4461=EDGE_LOOP('',(#1629,#1630,#1631,#1632));
#4462=EDGE_LOOP('',(#1633,#1634,#1635,#1636));
#4463=EDGE_LOOP('',(#1637,#1638,#1639,#1640));
#4464=EDGE_LOOP('',(#1641,#1642,#1643,#1644));
#4465=EDGE_LOOP('',(#1645,#1646,#1647,#1648));
#4466=EDGE_LOOP('',(#1649,#1650,#1651,#1652));
#4467=EDGE_LOOP('',(#1653,#1654,#1655,#1656));
#4468=EDGE_LOOP('',(#1657,#1658,#1659,#1660,#1661));
#4469=EDGE_LOOP('',(#1662,#1663,#1664,#1665,#1666));
#4470=EDGE_LOOP('',(#1667,#1668,#1669,#1670));
#4471=EDGE_LOOP('',(#1671,#1672,#1673,#1674,#1675));
#4472=EDGE_LOOP('',(#1676,#1677,#1678,#1679));
#4473=EDGE_LOOP('',(#1680,#1681,#1682,#1683));
#4474=EDGE_LOOP('',(#1684,#1685,#1686,#1687,#1688));
#4475=EDGE_LOOP('',(#1689,#1690,#1691,#1692,#1693));
#4476=EDGE_LOOP('',(#1694,#1695,#1696,#1697));
#4477=EDGE_LOOP('',(#1698,#1699,#1700,#1701,#1702));
#4478=EDGE_LOOP('',(#1703,#1704,#1705,#1706));
#4479=EDGE_LOOP('',(#1707,#1708,#1709,#1710));
#4480=EDGE_LOOP('',(#1711,#1712,#1713,#1714));
#4481=EDGE_LOOP('',(#1715,#1716,#1717,#1718));
#4482=EDGE_LOOP('',(#1719,#1720,#1721));
#4483=EDGE_LOOP('',(#1722,#1723,#1724,#1725));
#4484=EDGE_LOOP('',(#1726,#1727,#1728,#1729));
#4485=EDGE_LOOP('',(#1730,#1731,#1732,#1733,#1734,#1735,#1736,#1737));
#4486=EDGE_LOOP('',(#1738,#1739,#1740,#1741));
#4487=EDGE_LOOP('',(#1742,#1743,#1744,#1745));
#4488=EDGE_LOOP('',(#1746,#1747,#1748,#1749));
#4489=EDGE_LOOP('',(#1750,#1751,#1752));
#4490=EDGE_LOOP('',(#1753,#1754,#1755,#1756));
#4491=EDGE_LOOP('',(#1757,#1758,#1759,#1760));
#4492=EDGE_LOOP('',(#1761,#1762,#1763,#1764,#1765,#1766,#1767,#1768));
#4493=EDGE_LOOP('',(#1769,#1770,#1771,#1772));
#4494=EDGE_LOOP('',(#1773,#1774,#1775,#1776));
#4495=EDGE_LOOP('',(#1777,#1778,#1779,#1780));
#4496=EDGE_LOOP('',(#1781,#1782,#1783,#1784,#1785,#1786));
#4497=EDGE_LOOP('',(#1787,#1788,#1789,#1790));
#4498=EDGE_LOOP('',(#1791,#1792,#1793,#1794));
#4499=EDGE_LOOP('',(#1795,#1796,#1797,#1798,#1799,#1800));
#4500=EDGE_LOOP('',(#1801,#1802,#1803,#1804));
#4501=EDGE_LOOP('',(#1805,#1806,#1807,#1808));
#4502=EDGE_LOOP('',(#1809,#1810,#1811,#1812,#1813));
#4503=EDGE_LOOP('',(#1814,#1815,#1816,#1817));
#4504=EDGE_LOOP('',(#1818,#1819,#1820,#1821,#1822));
#4505=EDGE_LOOP('',(#1823,#1824,#1825,#1826));
#4506=EDGE_LOOP('',(#1827,#1828,#1829,#1830));
#4507=EDGE_LOOP('',(#1831,#1832,#1833,#1834));
#4508=EDGE_LOOP('',(#1835,#1836,#1837,#1838,#1839));
#4509=EDGE_LOOP('',(#1840,#1841,#1842,#1843));
#4510=EDGE_LOOP('',(#1844,#1845,#1846,#1847,#1848));
#4511=EDGE_LOOP('',(#1849,#1850,#1851,#1852));
#4512=EDGE_LOOP('',(#1853,#1854,#1855,#1856));
#4513=EDGE_LOOP('',(#1857,#1858,#1859,#1860));
#4514=EDGE_LOOP('',(#1861,#1862,#1863,#1864));
#4515=EDGE_LOOP('',(#1865,#1866,#1867,#1868));
#4516=EDGE_LOOP('',(#1869,#1870,#1871,#1872));
#4517=EDGE_LOOP('',(#1873,#1874,#1875,#1876));
#4518=EDGE_LOOP('',(#1877,#1878,#1879,#1880));
#4519=EDGE_LOOP('',(#1881,#1882,#1883,#1884));
#4520=EDGE_LOOP('',(#1885,#1886,#1887,#1888));
#4521=EDGE_LOOP('',(#1889,#1890,#1891,#1892));
#4522=EDGE_LOOP('',(#1893,#1894,#1895,#1896));
#4523=EDGE_LOOP('',(#1897,#1898,#1899,#1900));
#4524=EDGE_LOOP('',(#1901,#1902,#1903,#1904));
#4525=EDGE_LOOP('',(#1905,#1906,#1907,#1908));
#4526=EDGE_LOOP('',(#1909,#1910,#1911,#1912));
#4527=EDGE_LOOP('',(#1913,#1914,#1915,#1916,#1917,#1918,#1919,#1920,#1921,
#1922));
#4528=EDGE_LOOP('',(#1923,#1924,#1925,#1926));
#4529=EDGE_LOOP('',(#1927,#1928,#1929,#1930));
#4530=EDGE_LOOP('',(#1931,#1932,#1933,#1934));
#4531=EDGE_LOOP('',(#1935,#1936,#1937,#1938));
#4532=EDGE_LOOP('',(#1939,#1940,#1941,#1942));
#4533=EDGE_LOOP('',(#1943,#1944,#1945,#1946));
#4534=EDGE_LOOP('',(#1947,#1948,#1949,#1950,#1951,#1952));
#4535=FACE_BOUND('',#4228,.T.);
#4536=FACE_BOUND('',#4229,.T.);
#4537=FACE_BOUND('',#4230,.T.);
#4538=FACE_BOUND('',#4231,.T.);
#4539=FACE_BOUND('',#4232,.T.);
#4540=FACE_BOUND('',#4233,.T.);
#4541=FACE_BOUND('',#4234,.T.);
#4542=FACE_BOUND('',#4235,.T.);
#4543=FACE_BOUND('',#4236,.T.);
#4544=FACE_BOUND('',#4237,.T.);
#4545=FACE_BOUND('',#4238,.T.);
#4546=FACE_BOUND('',#4239,.T.);
#4547=FACE_BOUND('',#4240,.T.);
#4548=FACE_BOUND('',#4241,.T.);
#4549=FACE_BOUND('',#4242,.T.);
#4550=FACE_BOUND('',#4243,.T.);
#4551=FACE_BOUND('',#4244,.T.);
#4552=FACE_BOUND('',#4245,.T.);
#4553=FACE_BOUND('',#4246,.T.);
#4554=FACE_BOUND('',#4247,.T.);
#4555=FACE_BOUND('',#4248,.T.);
#4556=FACE_BOUND('',#4249,.T.);
#4557=FACE_BOUND('',#4250,.T.);
#4558=FACE_BOUND('',#4251,.T.);
#4559=FACE_BOUND('',#4252,.T.);
#4560=FACE_BOUND('',#4253,.T.);
#4561=FACE_BOUND('',#4254,.T.);
#4562=FACE_BOUND('',#4255,.T.);
#4563=FACE_BOUND('',#4256,.T.);
#4564=FACE_BOUND('',#4257,.T.);
#4565=FACE_BOUND('',#4258,.T.);
#4566=FACE_BOUND('',#4259,.T.);
#4567=FACE_BOUND('',#4260,.T.);
#4568=FACE_BOUND('',#4261,.T.);
#4569=FACE_BOUND('',#4262,.T.);
#4570=FACE_BOUND('',#4263,.T.);
#4571=FACE_BOUND('',#4264,.T.);
#4572=FACE_BOUND('',#4265,.T.);
#4573=FACE_BOUND('',#4266,.T.);
#4574=FACE_BOUND('',#4267,.T.);
#4575=FACE_BOUND('',#4268,.T.);
#4576=FACE_BOUND('',#4269,.T.);
#4577=FACE_BOUND('',#4270,.T.);
#4578=FACE_BOUND('',#4271,.T.);
#4579=FACE_BOUND('',#4272,.T.);
#4580=FACE_BOUND('',#4273,.T.);
#4581=FACE_BOUND('',#4274,.T.);
#4582=FACE_BOUND('',#4275,.T.);
#4583=FACE_BOUND('',#4276,.T.);
#4584=FACE_BOUND('',#4277,.T.);
#4585=FACE_BOUND('',#4278,.T.);
#4586=FACE_BOUND('',#4279,.T.);
#4587=FACE_BOUND('',#4280,.T.);
#4588=FACE_BOUND('',#4281,.T.);
#4589=FACE_BOUND('',#4282,.T.);
#4590=FACE_BOUND('',#4283,.T.);
#4591=FACE_BOUND('',#4284,.T.);
#4592=FACE_BOUND('',#4285,.T.);
#4593=FACE_BOUND('',#4286,.T.);
#4594=FACE_BOUND('',#4287,.T.);
#4595=FACE_BOUND('',#4288,.T.);
#4596=FACE_BOUND('',#4289,.T.);
#4597=FACE_BOUND('',#4290,.T.);
#4598=FACE_BOUND('',#4291,.T.);
#4599=FACE_BOUND('',#4292,.T.);
#4600=FACE_BOUND('',#4293,.T.);
#4601=FACE_BOUND('',#4294,.T.);
#4602=FACE_BOUND('',#4295,.T.);
#4603=FACE_BOUND('',#4296,.T.);
#4604=FACE_BOUND('',#4297,.T.);
#4605=FACE_BOUND('',#4298,.T.);
#4606=FACE_BOUND('',#4299,.T.);
#4607=FACE_BOUND('',#4300,.T.);
#4608=FACE_BOUND('',#4301,.T.);
#4609=FACE_BOUND('',#4302,.T.);
#4610=FACE_BOUND('',#4303,.T.);
#4611=FACE_BOUND('',#4304,.T.);
#4612=FACE_BOUND('',#4305,.T.);
#4613=FACE_BOUND('',#4306,.T.);
#4614=FACE_BOUND('',#4307,.T.);
#4615=FACE_BOUND('',#4308,.T.);
#4616=FACE_BOUND('',#4309,.T.);
#4617=FACE_BOUND('',#4310,.T.);
#4618=FACE_BOUND('',#4311,.T.);
#4619=FACE_BOUND('',#4312,.T.);
#4620=FACE_BOUND('',#4313,.T.);
#4621=FACE_BOUND('',#4314,.T.);
#4622=FACE_BOUND('',#4315,.T.);
#4623=FACE_BOUND('',#4316,.T.);
#4624=FACE_BOUND('',#4317,.T.);
#4625=FACE_BOUND('',#4318,.T.);
#4626=FACE_BOUND('',#4319,.T.);
#4627=FACE_BOUND('',#4320,.T.);
#4628=FACE_BOUND('',#4321,.T.);
#4629=FACE_BOUND('',#4322,.T.);
#4630=FACE_BOUND('',#4323,.T.);
#4631=FACE_BOUND('',#4324,.T.);
#4632=FACE_BOUND('',#4325,.T.);
#4633=FACE_BOUND('',#4326,.T.);
#4634=FACE_BOUND('',#4327,.T.);
#4635=FACE_BOUND('',#4328,.T.);
#4636=FACE_BOUND('',#4329,.T.);
#4637=FACE_BOUND('',#4330,.T.);
#4638=FACE_BOUND('',#4331,.T.);
#4639=FACE_BOUND('',#4332,.T.);
#4640=FACE_BOUND('',#4333,.T.);
#4641=FACE_BOUND('',#4334,.T.);
#4642=FACE_BOUND('',#4335,.T.);
#4643=FACE_BOUND('',#4336,.T.);
#4644=FACE_BOUND('',#4337,.T.);
#4645=FACE_BOUND('',#4338,.T.);
#4646=FACE_BOUND('',#4339,.T.);
#4647=FACE_BOUND('',#4340,.T.);
#4648=FACE_BOUND('',#4341,.T.);
#4649=FACE_BOUND('',#4342,.T.);
#4650=FACE_BOUND('',#4343,.T.);
#4651=FACE_BOUND('',#4344,.T.);
#4652=FACE_BOUND('',#4345,.T.);
#4653=FACE_BOUND('',#4346,.T.);
#4654=FACE_BOUND('',#4347,.T.);
#4655=FACE_BOUND('',#4348,.T.);
#4656=FACE_BOUND('',#4349,.T.);
#4657=FACE_BOUND('',#4350,.T.);
#4658=FACE_BOUND('',#4351,.T.);
#4659=FACE_BOUND('',#4352,.T.);
#4660=FACE_BOUND('',#4353,.T.);
#4661=FACE_BOUND('',#4354,.T.);
#4662=FACE_BOUND('',#4355,.T.);
#4663=FACE_BOUND('',#4356,.T.);
#4664=FACE_BOUND('',#4357,.T.);
#4665=FACE_BOUND('',#4358,.T.);
#4666=FACE_BOUND('',#4359,.T.);
#4667=FACE_BOUND('',#4360,.T.);
#4668=FACE_BOUND('',#4361,.T.);
#4669=FACE_BOUND('',#4362,.T.);
#4670=FACE_BOUND('',#4363,.T.);
#4671=FACE_BOUND('',#4364,.T.);
#4672=FACE_BOUND('',#4365,.T.);
#4673=FACE_BOUND('',#4366,.T.);
#4674=FACE_BOUND('',#4367,.T.);
#4675=FACE_BOUND('',#4368,.T.);
#4676=FACE_BOUND('',#4369,.T.);
#4677=FACE_BOUND('',#4370,.T.);
#4678=FACE_BOUND('',#4371,.T.);
#4679=FACE_BOUND('',#4372,.T.);
#4680=FACE_BOUND('',#4373,.T.);
#4681=FACE_BOUND('',#4374,.T.);
#4682=FACE_BOUND('',#4375,.T.);
#4683=FACE_BOUND('',#4376,.T.);
#4684=FACE_BOUND('',#4377,.T.);
#4685=FACE_BOUND('',#4378,.T.);
#4686=FACE_BOUND('',#4379,.T.);
#4687=FACE_BOUND('',#4380,.T.);
#4688=FACE_BOUND('',#4381,.T.);
#4689=FACE_BOUND('',#4382,.T.);
#4690=FACE_BOUND('',#4383,.T.);
#4691=FACE_BOUND('',#4384,.T.);
#4692=FACE_BOUND('',#4385,.T.);
#4693=FACE_BOUND('',#4386,.T.);
#4694=FACE_BOUND('',#4387,.T.);
#4695=FACE_BOUND('',#4388,.T.);
#4696=FACE_BOUND('',#4389,.T.);
#4697=FACE_BOUND('',#4390,.T.);
#4698=FACE_BOUND('',#4391,.T.);
#4699=FACE_BOUND('',#4392,.T.);
#4700=FACE_BOUND('',#4393,.T.);
#4701=FACE_BOUND('',#4394,.T.);
#4702=FACE_BOUND('',#4395,.T.);
#4703=FACE_BOUND('',#4396,.T.);
#4704=FACE_BOUND('',#4397,.T.);
#4705=FACE_BOUND('',#4398,.T.);
#4706=FACE_BOUND('',#4399,.T.);
#4707=FACE_BOUND('',#4400,.T.);
#4708=FACE_BOUND('',#4401,.T.);
#4709=FACE_BOUND('',#4402,.T.);
#4710=FACE_BOUND('',#4403,.T.);
#4711=FACE_BOUND('',#4404,.T.);
#4712=FACE_BOUND('',#4405,.T.);
#4713=FACE_BOUND('',#4406,.T.);
#4714=FACE_BOUND('',#4407,.T.);
#4715=FACE_BOUND('',#4408,.T.);
#4716=FACE_BOUND('',#4409,.T.);
#4717=FACE_BOUND('',#4410,.T.);
#4718=FACE_BOUND('',#4411,.T.);
#4719=FACE_BOUND('',#4412,.T.);
#4720=FACE_BOUND('',#4413,.T.);
#4721=FACE_BOUND('',#4414,.T.);
#4722=FACE_BOUND('',#4415,.T.);
#4723=FACE_BOUND('',#4416,.T.);
#4724=FACE_BOUND('',#4417,.T.);
#4725=FACE_BOUND('',#4418,.T.);
#4726=FACE_BOUND('',#4419,.T.);
#4727=FACE_BOUND('',#4420,.T.);
#4728=FACE_BOUND('',#4421,.T.);
#4729=FACE_BOUND('',#4422,.T.);
#4730=FACE_BOUND('',#4423,.T.);
#4731=FACE_BOUND('',#4424,.T.);
#4732=FACE_BOUND('',#4425,.T.);
#4733=FACE_BOUND('',#4426,.T.);
#4734=FACE_BOUND('',#4427,.T.);
#4735=FACE_BOUND('',#4428,.T.);
#4736=FACE_BOUND('',#4429,.T.);
#4737=FACE_BOUND('',#4430,.T.);
#4738=FACE_BOUND('',#4431,.T.);
#4739=FACE_BOUND('',#4432,.T.);
#4740=FACE_BOUND('',#4433,.T.);
#4741=FACE_BOUND('',#4434,.T.);
#4742=FACE_BOUND('',#4435,.T.);
#4743=FACE_BOUND('',#4436,.T.);
#4744=FACE_BOUND('',#4437,.T.);
#4745=FACE_BOUND('',#4438,.T.);
#4746=FACE_BOUND('',#4439,.T.);
#4747=FACE_BOUND('',#4440,.T.);
#4748=FACE_BOUND('',#4441,.T.);
#4749=FACE_BOUND('',#4442,.T.);
#4750=FACE_BOUND('',#4443,.T.);
#4751=FACE_BOUND('',#4444,.T.);
#4752=FACE_BOUND('',#4445,.T.);
#4753=FACE_BOUND('',#4446,.T.);
#4754=FACE_BOUND('',#4447,.T.);
#4755=FACE_BOUND('',#4448,.T.);
#4756=FACE_BOUND('',#4449,.T.);
#4757=FACE_BOUND('',#4450,.T.);
#4758=FACE_BOUND('',#4451,.T.);
#4759=FACE_BOUND('',#4452,.T.);
#4760=FACE_BOUND('',#4453,.T.);
#4761=FACE_BOUND('',#4454,.T.);
#4762=FACE_BOUND('',#4455,.T.);
#4763=FACE_BOUND('',#4456,.T.);
#4764=FACE_BOUND('',#4457,.T.);
#4765=FACE_BOUND('',#4458,.T.);
#4766=FACE_BOUND('',#4459,.T.);
#4767=FACE_BOUND('',#4460,.T.);
#4768=FACE_BOUND('',#4461,.T.);
#4769=FACE_BOUND('',#4462,.T.);
#4770=FACE_BOUND('',#4463,.T.);
#4771=FACE_BOUND('',#4464,.T.);
#4772=FACE_BOUND('',#4465,.T.);
#4773=FACE_BOUND('',#4466,.T.);
#4774=FACE_BOUND('',#4467,.T.);
#4775=FACE_BOUND('',#4468,.T.);
#4776=FACE_BOUND('',#4469,.T.);
#4777=FACE_BOUND('',#4470,.T.);
#4778=FACE_BOUND('',#4471,.T.);
#4779=FACE_BOUND('',#4472,.T.);
#4780=FACE_BOUND('',#4473,.T.);
#4781=FACE_BOUND('',#4474,.T.);
#4782=FACE_BOUND('',#4475,.T.);
#4783=FACE_BOUND('',#4476,.T.);
#4784=FACE_BOUND('',#4477,.T.);
#4785=FACE_BOUND('',#4478,.T.);
#4786=FACE_BOUND('',#4479,.T.);
#4787=FACE_BOUND('',#4480,.T.);
#4788=FACE_BOUND('',#4481,.T.);
#4789=FACE_BOUND('',#4482,.T.);
#4790=FACE_BOUND('',#4483,.T.);
#4791=FACE_BOUND('',#4484,.T.);
#4792=FACE_BOUND('',#4485,.T.);
#4793=FACE_BOUND('',#4486,.T.);
#4794=FACE_BOUND('',#4487,.T.);
#4795=FACE_BOUND('',#4488,.T.);
#4796=FACE_BOUND('',#4489,.T.);
#4797=FACE_BOUND('',#4490,.T.);
#4798=FACE_BOUND('',#4491,.T.);
#4799=FACE_BOUND('',#4492,.T.);
#4800=FACE_BOUND('',#4493,.T.);
#4801=FACE_BOUND('',#4494,.T.);
#4802=FACE_BOUND('',#4495,.T.);
#4803=FACE_BOUND('',#4496,.T.);
#4804=FACE_BOUND('',#4497,.T.);
#4805=FACE_BOUND('',#4498,.T.);
#4806=FACE_BOUND('',#4499,.T.);
#4807=FACE_BOUND('',#4500,.T.);
#4808=FACE_BOUND('',#4501,.T.);
#4809=FACE_BOUND('',#4502,.T.);
#4810=FACE_BOUND('',#4503,.T.);
#4811=FACE_BOUND('',#4504,.T.);
#4812=FACE_BOUND('',#4505,.T.);
#4813=FACE_BOUND('',#4506,.T.);
#4814=FACE_BOUND('',#4507,.T.);
#4815=FACE_BOUND('',#4508,.T.);
#4816=FACE_BOUND('',#4509,.T.);
#4817=FACE_BOUND('',#4510,.T.);
#4818=FACE_BOUND('',#4511,.T.);
#4819=FACE_BOUND('',#4512,.T.);
#4820=FACE_BOUND('',#4513,.T.);
#4821=FACE_BOUND('',#4514,.T.);
#4822=FACE_BOUND('',#4515,.T.);
#4823=FACE_BOUND('',#4516,.T.);
#4824=FACE_BOUND('',#4517,.T.);
#4825=FACE_BOUND('',#4518,.T.);
#4826=FACE_BOUND('',#4519,.T.);
#4827=FACE_BOUND('',#4520,.T.);
#4828=FACE_BOUND('',#4521,.T.);
#4829=FACE_BOUND('',#4522,.T.);
#4830=FACE_BOUND('',#4523,.T.);
#4831=FACE_BOUND('',#4524,.T.);
#4832=FACE_BOUND('',#4525,.T.);
#4833=FACE_BOUND('',#4526,.T.);
#4834=FACE_BOUND('',#4527,.T.);
#4835=FACE_BOUND('',#4528,.T.);
#4836=FACE_BOUND('',#4529,.T.);
#4837=FACE_BOUND('',#4530,.T.);
#4838=FACE_BOUND('',#4531,.T.);
#4839=FACE_BOUND('',#4532,.T.);
#4840=FACE_BOUND('',#4533,.T.);
#4841=FACE_BOUND('',#4534,.T.);
#4842=CYLINDRICAL_SURFACE('',#7242,0.3);
#4843=CYLINDRICAL_SURFACE('',#7245,0.250000000000002);
#4844=CYLINDRICAL_SURFACE('',#7261,0.250000000000002);
#4845=CYLINDRICAL_SURFACE('',#7306,0.300000000000003);
#4846=CYLINDRICAL_SURFACE('',#7309,0.300000000000003);
#4847=CYLINDRICAL_SURFACE('',#7313,0.300000000000003);
#4848=CYLINDRICAL_SURFACE('',#7320,1.4);
#4849=CYLINDRICAL_SURFACE('',#7330,1.5);
#4850=CYLINDRICAL_SURFACE('',#7332,0.3);
#4851=CYLINDRICAL_SURFACE('',#7370,0.3);
#4852=CYLINDRICAL_SURFACE('',#7373,0.300000000000002);
#4853=CYLINDRICAL_SURFACE('',#7377,0.3);
#4854=CYLINDRICAL_SURFACE('',#7380,0.500000000000005);
#4855=CYLINDRICAL_SURFACE('',#7402,0.299999999999991);
#4856=CYLINDRICAL_SURFACE('',#7426,1.40000000000001);
#4857=CYLINDRICAL_SURFACE('',#7427,1.5);
#4858=CYLINDRICAL_SURFACE('',#7430,0.200000000000007);
#4859=CYLINDRICAL_SURFACE('',#7431,1.4);
#4860=CYLINDRICAL_SURFACE('',#7436,1.40000000000001);
#4861=CYLINDRICAL_SURFACE('',#7438,1.5);
#4862=CYLINDRICAL_SURFACE('',#7442,0.200000000000007);
#4863=CYLINDRICAL_SURFACE('',#7444,1.4);
#4864=CYLINDRICAL_SURFACE('',#7452,1.4);
#4865=CYLINDRICAL_SURFACE('',#7457,1.4);
#4866=CYLINDRICAL_SURFACE('',#7463,1.4);
#4867=CYLINDRICAL_SURFACE('',#7469,1.5);
#4868=CYLINDRICAL_SURFACE('',#7481,0.3);
#4869=CYLINDRICAL_SURFACE('',#7505,1.05);
#4870=CYLINDRICAL_SURFACE('',#7510,1.05);
#4871=CYLINDRICAL_SURFACE('',#7516,0.2);
#4872=CYLINDRICAL_SURFACE('',#7519,0.200000000000002);
#4873=CYLINDRICAL_SURFACE('',#7522,0.199999999999999);
#4874=CYLINDRICAL_SURFACE('',#7525,0.199999999999999);
#4875=CYLINDRICAL_SURFACE('',#7528,0.299999999999999);
#4876=CYLINDRICAL_SURFACE('',#7531,0.299999999999999);
#4877=CYLINDRICAL_SURFACE('',#7538,0.2);
#4878=CYLINDRICAL_SURFACE('',#7541,0.200000000000001);
#4879=CYLINDRICAL_SURFACE('',#7582,0.3);
#4880=CYLINDRICAL_SURFACE('',#7584,0.2);
#4881=CYLINDRICAL_SURFACE('',#7586,0.499999999999998);
#4882=CYLINDRICAL_SURFACE('',#7590,0.5);
#4883=CYLINDRICAL_SURFACE('',#7592,0.500000000000001);
#4884=CYLINDRICAL_SURFACE('',#7594,0.499999999999993);
#4885=CYLINDRICAL_SURFACE('',#7596,0.500000000000002);
#4886=CYLINDRICAL_SURFACE('',#7597,0.200000000000003);
#4887=CYLINDRICAL_SURFACE('',#7599,0.299999999999999);
#4888=CYLINDRICAL_SURFACE('',#7639,0.3);
#4889=CYLINDRICAL_SURFACE('',#7641,0.2);
#4890=CYLINDRICAL_SURFACE('',#7643,0.499999999999998);
#4891=CYLINDRICAL_SURFACE('',#7647,0.5);
#4892=CYLINDRICAL_SURFACE('',#7649,0.500000000000001);
#4893=CYLINDRICAL_SURFACE('',#7651,0.499999999999993);
#4894=CYLINDRICAL_SURFACE('',#7653,0.500000000000002);
#4895=CYLINDRICAL_SURFACE('',#7654,0.200000000000003);
#4896=CYLINDRICAL_SURFACE('',#7656,0.299999999999999);
#4897=CYLINDRICAL_SURFACE('',#7662,0.200000000000001);
#4898=CYLINDRICAL_SURFACE('',#7668,0.200000000000001);
#4899=CYLINDRICAL_SURFACE('',#7671,1.6);
#4900=CYLINDRICAL_SURFACE('',#7672,0.250000000000002);
#4901=CYLINDRICAL_SURFACE('',#7673,6.);
#4902=CYLINDRICAL_SURFACE('',#7676,0.4);
#4903=CYLINDRICAL_SURFACE('',#7679,1.6);
#4904=CYLINDRICAL_SURFACE('',#7680,0.250000000000002);
#4905=CYLINDRICAL_SURFACE('',#7681,6.);
#4906=CYLINDRICAL_SURFACE('',#7684,0.4);
#4907=CYLINDRICAL_SURFACE('',#7686,0.399999999999999);
#4908=CYLINDRICAL_SURFACE('',#7687,0.399999999999999);
#4909=CYLINDRICAL_SURFACE('',#7690,0.399999999999999);
#4910=CYLINDRICAL_SURFACE('',#7691,0.399999999999999);
#4911=CYLINDRICAL_SURFACE('',#7694,4.);
#4912=CYLINDRICAL_SURFACE('',#7695,5.00000000000003);
#4913=CYLINDRICAL_SURFACE('',#7696,1.00000000000001);
#4914=CYLINDRICAL_SURFACE('',#7697,5.00000000000003);
#4915=CYLINDRICAL_SURFACE('',#7698,1.00000000000002);
#4916=CYLINDRICAL_SURFACE('',#7699,3.9999999999999);
#4917=CYLINDRICAL_SURFACE('',#7700,4.);
#4918=CYLINDRICAL_SURFACE('',#7701,5.00000000000003);
#4919=CYLINDRICAL_SURFACE('',#7702,1.00000000000001);
#4920=CYLINDRICAL_SURFACE('',#7703,5.00000000000003);
#4921=CYLINDRICAL_SURFACE('',#7704,1.00000000000002);
#4922=CYLINDRICAL_SURFACE('',#7705,3.9999999999999);
#4923=CYLINDRICAL_SURFACE('',#7707,0.8);
#4924=CYLINDRICAL_SURFACE('',#7710,0.4);
#4925=CYLINDRICAL_SURFACE('',#7713,1.);
#4926=CYLINDRICAL_SURFACE('',#7716,0.199999999999998);
#4927=CYLINDRICAL_SURFACE('',#7719,0.199999999999994);
#4928=CYLINDRICAL_SURFACE('',#7722,0.300000000000002);
#4929=CYLINDRICAL_SURFACE('',#7725,0.3);
#4930=STYLED_ITEM('',(#5218),#6949);
#4931=STYLED_ITEM('',(#5219),#6950);
#4932=STYLED_ITEM('',(#5220),#6951);
#4933=STYLED_ITEM('',(#5221),#6952);
#4934=STYLED_ITEM('',(#5222),#6953);
#4935=STYLED_ITEM('',(#5223),#6954);
#4936=STYLED_ITEM('',(#5224),#6955);
#4937=STYLED_ITEM('',(#5225),#6956);
#4938=STYLED_ITEM('',(#5226),#6957);
#4939=STYLED_ITEM('',(#5227),#6958);
#4940=STYLED_ITEM('',(#5228),#6959);
#4941=STYLED_ITEM('',(#5229),#6960);
#4942=STYLED_ITEM('',(#5230),#6961);
#4943=STYLED_ITEM('',(#5231),#6962);
#4944=STYLED_ITEM('',(#5232),#6963);
#4945=STYLED_ITEM('',(#5233),#6964);
#4946=STYLED_ITEM('',(#5234),#6965);
#4947=STYLED_ITEM('',(#5235),#6966);
#4948=STYLED_ITEM('',(#5236),#6967);
#4949=STYLED_ITEM('',(#5237),#6968);
#4950=STYLED_ITEM('',(#5238),#6969);
#4951=STYLED_ITEM('',(#5239),#6970);
#4952=STYLED_ITEM('',(#5240),#6971);
#4953=STYLED_ITEM('',(#5241),#6972);
#4954=STYLED_ITEM('',(#5242),#6973);
#4955=STYLED_ITEM('',(#5243),#6974);
#4956=STYLED_ITEM('',(#5244),#6975);
#4957=STYLED_ITEM('',(#5245),#6976);
#4958=STYLED_ITEM('',(#5246),#6977);
#4959=STYLED_ITEM('',(#5247),#6978);
#4960=STYLED_ITEM('',(#5248),#6979);
#4961=STYLED_ITEM('',(#5249),#6980);
#4962=STYLED_ITEM('',(#5250),#6981);
#4963=STYLED_ITEM('',(#5251),#6982);
#4964=STYLED_ITEM('',(#5252),#6983);
#4965=STYLED_ITEM('',(#5253),#6984);
#4966=STYLED_ITEM('',(#5254),#6985);
#4967=STYLED_ITEM('',(#5255),#6986);
#4968=STYLED_ITEM('',(#5256),#6987);
#4969=STYLED_ITEM('',(#5257),#6988);
#4970=STYLED_ITEM('',(#5258),#6989);
#4971=STYLED_ITEM('',(#5259),#6990);
#4972=STYLED_ITEM('',(#5260),#6991);
#4973=STYLED_ITEM('',(#5261),#6992);
#4974=STYLED_ITEM('',(#5262),#6993);
#4975=STYLED_ITEM('',(#5263),#6994);
#4976=STYLED_ITEM('',(#5264),#6995);
#4977=STYLED_ITEM('',(#5265),#6996);
#4978=STYLED_ITEM('',(#5266),#6997);
#4979=STYLED_ITEM('',(#5267),#6998);
#4980=STYLED_ITEM('',(#5268),#6999);
#4981=STYLED_ITEM('',(#5269),#7000);
#4982=STYLED_ITEM('',(#5270),#7001);
#4983=STYLED_ITEM('',(#5271),#7002);
#4984=STYLED_ITEM('',(#5272),#7003);
#4985=STYLED_ITEM('',(#5273),#7004);
#4986=STYLED_ITEM('',(#5274),#7005);
#4987=STYLED_ITEM('',(#5275),#7006);
#4988=STYLED_ITEM('',(#5276),#7007);
#4989=STYLED_ITEM('',(#5277),#7008);
#4990=STYLED_ITEM('',(#5278),#7009);
#4991=STYLED_ITEM('',(#5279),#7010);
#4992=STYLED_ITEM('',(#5280),#7011);
#4993=STYLED_ITEM('',(#5281),#7012);
#4994=STYLED_ITEM('',(#5282),#7013);
#4995=STYLED_ITEM('',(#5283),#7014);
#4996=STYLED_ITEM('',(#5284),#7015);
#4997=STYLED_ITEM('',(#5285),#7016);
#4998=STYLED_ITEM('',(#5286),#7017);
#4999=STYLED_ITEM('',(#5287),#7018);
#5000=STYLED_ITEM('',(#5288),#7019);
#5001=STYLED_ITEM('',(#5289),#7020);
#5002=STYLED_ITEM('',(#5290),#7021);
#5003=STYLED_ITEM('',(#5291),#7022);
#5004=STYLED_ITEM('',(#5292),#7023);
#5005=STYLED_ITEM('',(#5293),#7024);
#5006=STYLED_ITEM('',(#5294),#7025);
#5007=STYLED_ITEM('',(#5295),#7026);
#5008=STYLED_ITEM('',(#5296),#7027);
#5009=STYLED_ITEM('',(#5297),#7028);
#5010=STYLED_ITEM('',(#5298),#7029);
#5011=STYLED_ITEM('',(#5299),#7030);
#5012=STYLED_ITEM('',(#5300),#7031);
#5013=STYLED_ITEM('',(#5301),#7032);
#5014=STYLED_ITEM('',(#5302),#7033);
#5015=STYLED_ITEM('',(#5303),#7034);
#5016=STYLED_ITEM('',(#5304),#7035);
#5017=STYLED_ITEM('',(#5305),#7036);
#5018=STYLED_ITEM('',(#5306),#7037);
#5019=STYLED_ITEM('',(#5307),#7038);
#5020=STYLED_ITEM('',(#5308),#7039);
#5021=STYLED_ITEM('',(#5309),#7040);
#5022=STYLED_ITEM('',(#5310),#7041);
#5023=STYLED_ITEM('',(#5311),#7042);
#5024=STYLED_ITEM('',(#5312),#7043);
#5025=STYLED_ITEM('',(#5313),#7044);
#5026=STYLED_ITEM('',(#5314),#7045);
#5027=STYLED_ITEM('',(#5315),#7046);
#5028=STYLED_ITEM('',(#5316),#7047);
#5029=STYLED_ITEM('',(#5317),#7048);
#5030=STYLED_ITEM('',(#5318),#7049);
#5031=STYLED_ITEM('',(#5319),#7050);
#5032=STYLED_ITEM('',(#5320),#7051);
#5033=STYLED_ITEM('',(#5321),#7052);
#5034=STYLED_ITEM('',(#5322),#7053);
#5035=STYLED_ITEM('',(#5323),#7054);
#5036=STYLED_ITEM('',(#5324),#7055);
#5037=STYLED_ITEM('',(#5325),#7056);
#5038=STYLED_ITEM('',(#5326),#7057);
#5039=STYLED_ITEM('',(#5327),#7058);
#5040=STYLED_ITEM('',(#5328),#7059);
#5041=STYLED_ITEM('',(#5329),#7060);
#5042=STYLED_ITEM('',(#5330),#7061);
#5043=STYLED_ITEM('',(#5331),#7062);
#5044=STYLED_ITEM('',(#5332),#7063);
#5045=STYLED_ITEM('',(#5333),#7064);
#5046=STYLED_ITEM('',(#5334),#7065);
#5047=STYLED_ITEM('',(#5335),#7066);
#5048=STYLED_ITEM('',(#5336),#7067);
#5049=STYLED_ITEM('',(#5337),#7068);
#5050=STYLED_ITEM('',(#5338),#7069);
#5051=STYLED_ITEM('',(#5339),#7070);
#5052=STYLED_ITEM('',(#5340),#7071);
#5053=STYLED_ITEM('',(#5341),#7072);
#5054=STYLED_ITEM('',(#5342),#7073);
#5055=STYLED_ITEM('',(#5343),#7074);
#5056=STYLED_ITEM('',(#5344),#7075);
#5057=STYLED_ITEM('',(#5345),#7076);
#5058=STYLED_ITEM('',(#5346),#7077);
#5059=STYLED_ITEM('',(#5347),#7078);
#5060=STYLED_ITEM('',(#5348),#7079);
#5061=STYLED_ITEM('',(#5349),#7080);
#5062=STYLED_ITEM('',(#5350),#7081);
#5063=STYLED_ITEM('',(#5351),#7082);
#5064=STYLED_ITEM('',(#5352),#7083);
#5065=STYLED_ITEM('',(#5353),#7084);
#5066=STYLED_ITEM('',(#5354),#7085);
#5067=STYLED_ITEM('',(#5355),#7086);
#5068=STYLED_ITEM('',(#5356),#7087);
#5069=STYLED_ITEM('',(#5357),#7088);
#5070=STYLED_ITEM('',(#5358),#7089);
#5071=STYLED_ITEM('',(#5359),#7090);
#5072=STYLED_ITEM('',(#5360),#7091);
#5073=STYLED_ITEM('',(#5361),#7092);
#5074=STYLED_ITEM('',(#5362),#7093);
#5075=STYLED_ITEM('',(#5363),#7094);
#5076=STYLED_ITEM('',(#5364),#7095);
#5077=STYLED_ITEM('',(#5365),#7096);
#5078=STYLED_ITEM('',(#5366),#7097);
#5079=STYLED_ITEM('',(#5367),#7098);
#5080=STYLED_ITEM('',(#5368),#7099);
#5081=STYLED_ITEM('',(#5369),#7100);
#5082=STYLED_ITEM('',(#5370),#7101);
#5083=STYLED_ITEM('',(#5371),#7102);
#5084=STYLED_ITEM('',(#5372),#7103);
#5085=STYLED_ITEM('',(#5373),#7104);
#5086=STYLED_ITEM('',(#5374),#7105);
#5087=STYLED_ITEM('',(#5375),#7106);
#5088=STYLED_ITEM('',(#5376),#7107);
#5089=STYLED_ITEM('',(#5377),#7108);
#5090=STYLED_ITEM('',(#5378),#7109);
#5091=STYLED_ITEM('',(#5379),#7110);
#5092=STYLED_ITEM('',(#5380),#7111);
#5093=STYLED_ITEM('',(#5381),#7112);
#5094=STYLED_ITEM('',(#5382),#7113);
#5095=STYLED_ITEM('',(#5383),#7114);
#5096=STYLED_ITEM('',(#5384),#7115);
#5097=STYLED_ITEM('',(#5385),#7116);
#5098=STYLED_ITEM('',(#5386),#7117);
#5099=STYLED_ITEM('',(#5387),#7118);
#5100=STYLED_ITEM('',(#5388),#7119);
#5101=STYLED_ITEM('',(#5389),#7120);
#5102=STYLED_ITEM('',(#5390),#7121);
#5103=STYLED_ITEM('',(#5391),#7122);
#5104=STYLED_ITEM('',(#5392),#7123);
#5105=STYLED_ITEM('',(#5393),#7124);
#5106=STYLED_ITEM('',(#5394),#7125);
#5107=STYLED_ITEM('',(#5395),#7126);
#5108=STYLED_ITEM('',(#5396),#7127);
#5109=STYLED_ITEM('',(#5397),#7128);
#5110=STYLED_ITEM('',(#5398),#7129);
#5111=STYLED_ITEM('',(#5399),#7130);
#5112=STYLED_ITEM('',(#5400),#7131);
#5113=STYLED_ITEM('',(#5401),#7132);
#5114=STYLED_ITEM('',(#5402),#7133);
#5115=STYLED_ITEM('',(#5403),#7134);
#5116=STYLED_ITEM('',(#5404),#7135);
#5117=STYLED_ITEM('',(#5405),#7136);
#5118=STYLED_ITEM('',(#5406),#7137);
#5119=STYLED_ITEM('',(#5407),#7138);
#5120=STYLED_ITEM('',(#5408),#7139);
#5121=STYLED_ITEM('',(#5409),#7140);
#5122=STYLED_ITEM('',(#5410),#7141);
#5123=STYLED_ITEM('',(#5411),#7142);
#5124=STYLED_ITEM('',(#5412),#7143);
#5125=STYLED_ITEM('',(#5413),#7144);
#5126=STYLED_ITEM('',(#5414),#7145);
#5127=STYLED_ITEM('',(#5415),#7146);
#5128=STYLED_ITEM('',(#5416),#7147);
#5129=STYLED_ITEM('',(#5417),#7148);
#5130=STYLED_ITEM('',(#5418),#7149);
#5131=STYLED_ITEM('',(#5419),#7150);
#5132=STYLED_ITEM('',(#5420),#7151);
#5133=STYLED_ITEM('',(#5421),#7152);
#5134=STYLED_ITEM('',(#5422),#7153);
#5135=STYLED_ITEM('',(#5423),#7154);
#5136=STYLED_ITEM('',(#5424),#7155);
#5137=STYLED_ITEM('',(#5425),#7156);
#5138=STYLED_ITEM('',(#5426),#7157);
#5139=STYLED_ITEM('',(#5427),#7158);
#5140=STYLED_ITEM('',(#5428),#7159);
#5141=STYLED_ITEM('',(#5429),#7160);
#5142=STYLED_ITEM('',(#5430),#7161);
#5143=STYLED_ITEM('',(#5431),#7162);
#5144=STYLED_ITEM('',(#5432),#7163);
#5145=STYLED_ITEM('',(#5433),#7164);
#5146=STYLED_ITEM('',(#5434),#7165);
#5147=STYLED_ITEM('',(#5435),#7166);
#5148=STYLED_ITEM('',(#5436),#7167);
#5149=STYLED_ITEM('',(#5437),#7168);
#5150=STYLED_ITEM('',(#5438),#7169);
#5151=STYLED_ITEM('',(#5439),#7170);
#5152=STYLED_ITEM('',(#5440),#7171);
#5153=STYLED_ITEM('',(#5441),#7172);
#5154=STYLED_ITEM('',(#5442),#7173);
#5155=STYLED_ITEM('',(#5443),#7174);
#5156=STYLED_ITEM('',(#5444),#7175);
#5157=STYLED_ITEM('',(#5445),#7176);
#5158=STYLED_ITEM('',(#5446),#7177);
#5159=STYLED_ITEM('',(#5447),#7178);
#5160=STYLED_ITEM('',(#5448),#7179);
#5161=STYLED_ITEM('',(#5449),#7180);
#5162=STYLED_ITEM('',(#5450),#7181);
#5163=STYLED_ITEM('',(#5451),#7182);
#5164=STYLED_ITEM('',(#5452),#7183);
#5165=STYLED_ITEM('',(#5453),#7184);
#5166=STYLED_ITEM('',(#5454),#7185);
#5167=STYLED_ITEM('',(#5455),#7186);
#5168=STYLED_ITEM('',(#5456),#7187);
#5169=STYLED_ITEM('',(#5457),#7188);
#5170=STYLED_ITEM('',(#5458),#7189);
#5171=STYLED_ITEM('',(#5459),#7190);
#5172=STYLED_ITEM('',(#5460),#7191);
#5173=STYLED_ITEM('',(#5461),#7192);
#5174=STYLED_ITEM('',(#5462),#7193);
#5175=STYLED_ITEM('',(#5463),#7194);
#5176=STYLED_ITEM('',(#5464),#7195);
#5177=STYLED_ITEM('',(#5465),#7196);
#5178=STYLED_ITEM('',(#5466),#7197);
#5179=STYLED_ITEM('',(#5467),#7198);
#5180=STYLED_ITEM('',(#5468),#7199);
#5181=STYLED_ITEM('',(#5469),#7200);
#5182=STYLED_ITEM('',(#5470),#7201);
#5183=STYLED_ITEM('',(#5471),#7202);
#5184=STYLED_ITEM('',(#5472),#7203);
#5185=STYLED_ITEM('',(#5473),#7204);
#5186=STYLED_ITEM('',(#5474),#7205);
#5187=STYLED_ITEM('',(#5475),#7206);
#5188=STYLED_ITEM('',(#5476),#7207);
#5189=STYLED_ITEM('',(#5477),#7208);
#5190=STYLED_ITEM('',(#5478),#7209);
#5191=STYLED_ITEM('',(#5479),#7210);
#5192=STYLED_ITEM('',(#5480),#7211);
#5193=STYLED_ITEM('',(#5481),#7212);
#5194=STYLED_ITEM('',(#5482),#7213);
#5195=STYLED_ITEM('',(#5483),#7214);
#5196=STYLED_ITEM('',(#5484),#7215);
#5197=STYLED_ITEM('',(#5485),#7216);
#5198=STYLED_ITEM('',(#5486),#7217);
#5199=STYLED_ITEM('',(#5487),#7218);
#5200=STYLED_ITEM('',(#5488),#7219);
#5201=STYLED_ITEM('',(#5489),#7220);
#5202=STYLED_ITEM('',(#5490),#7221);
#5203=STYLED_ITEM('',(#5491),#7222);
#5204=STYLED_ITEM('',(#5492),#7223);
#5205=STYLED_ITEM('',(#5493),#7224);
#5206=STYLED_ITEM('',(#5494),#7225);
#5207=STYLED_ITEM('',(#5495),#7226);
#5208=STYLED_ITEM('',(#5496),#7227);
#5209=STYLED_ITEM('',(#5497),#7228);
#5210=STYLED_ITEM('',(#5498),#7229);
#5211=STYLED_ITEM('',(#5499),#7230);
#5212=STYLED_ITEM('',(#5500),#7231);
#5213=STYLED_ITEM('',(#5501),#7232);
#5214=STYLED_ITEM('',(#5502),#7233);
#5215=STYLED_ITEM('',(#5503),#7234);
#5216=STYLED_ITEM('',(#5504),#7235);
#5217=STYLED_ITEM('',(#5505),#7236);
#5218=PRESENTATION_STYLE_ASSIGNMENT((#5506));
#5219=PRESENTATION_STYLE_ASSIGNMENT((#5507));
#5220=PRESENTATION_STYLE_ASSIGNMENT((#5508));
#5221=PRESENTATION_STYLE_ASSIGNMENT((#5509));
#5222=PRESENTATION_STYLE_ASSIGNMENT((#5510));
#5223=PRESENTATION_STYLE_ASSIGNMENT((#5511));
#5224=PRESENTATION_STYLE_ASSIGNMENT((#5512));
#5225=PRESENTATION_STYLE_ASSIGNMENT((#5513));
#5226=PRESENTATION_STYLE_ASSIGNMENT((#5514));
#5227=PRESENTATION_STYLE_ASSIGNMENT((#5515));
#5228=PRESENTATION_STYLE_ASSIGNMENT((#5516));
#5229=PRESENTATION_STYLE_ASSIGNMENT((#5517));
#5230=PRESENTATION_STYLE_ASSIGNMENT((#5518));
#5231=PRESENTATION_STYLE_ASSIGNMENT((#5519));
#5232=PRESENTATION_STYLE_ASSIGNMENT((#5520));
#5233=PRESENTATION_STYLE_ASSIGNMENT((#5521));
#5234=PRESENTATION_STYLE_ASSIGNMENT((#5522));
#5235=PRESENTATION_STYLE_ASSIGNMENT((#5523));
#5236=PRESENTATION_STYLE_ASSIGNMENT((#5524));
#5237=PRESENTATION_STYLE_ASSIGNMENT((#5525));
#5238=PRESENTATION_STYLE_ASSIGNMENT((#5526));
#5239=PRESENTATION_STYLE_ASSIGNMENT((#5527));
#5240=PRESENTATION_STYLE_ASSIGNMENT((#5528));
#5241=PRESENTATION_STYLE_ASSIGNMENT((#5529));
#5242=PRESENTATION_STYLE_ASSIGNMENT((#5530));
#5243=PRESENTATION_STYLE_ASSIGNMENT((#5531));
#5244=PRESENTATION_STYLE_ASSIGNMENT((#5532));
#5245=PRESENTATION_STYLE_ASSIGNMENT((#5533));
#5246=PRESENTATION_STYLE_ASSIGNMENT((#5534));
#5247=PRESENTATION_STYLE_ASSIGNMENT((#5535));
#5248=PRESENTATION_STYLE_ASSIGNMENT((#5536));
#5249=PRESENTATION_STYLE_ASSIGNMENT((#5537));
#5250=PRESENTATION_STYLE_ASSIGNMENT((#5538));
#5251=PRESENTATION_STYLE_ASSIGNMENT((#5539));
#5252=PRESENTATION_STYLE_ASSIGNMENT((#5540));
#5253=PRESENTATION_STYLE_ASSIGNMENT((#5541));
#5254=PRESENTATION_STYLE_ASSIGNMENT((#5542));
#5255=PRESENTATION_STYLE_ASSIGNMENT((#5543));
#5256=PRESENTATION_STYLE_ASSIGNMENT((#5544));
#5257=PRESENTATION_STYLE_ASSIGNMENT((#5545));
#5258=PRESENTATION_STYLE_ASSIGNMENT((#5546));
#5259=PRESENTATION_STYLE_ASSIGNMENT((#5547));
#5260=PRESENTATION_STYLE_ASSIGNMENT((#5548));
#5261=PRESENTATION_STYLE_ASSIGNMENT((#5549));
#5262=PRESENTATION_STYLE_ASSIGNMENT((#5550));
#5263=PRESENTATION_STYLE_ASSIGNMENT((#5551));
#5264=PRESENTATION_STYLE_ASSIGNMENT((#5552));
#5265=PRESENTATION_STYLE_ASSIGNMENT((#5553));
#5266=PRESENTATION_STYLE_ASSIGNMENT((#5554));
#5267=PRESENTATION_STYLE_ASSIGNMENT((#5555));
#5268=PRESENTATION_STYLE_ASSIGNMENT((#5556));
#5269=PRESENTATION_STYLE_ASSIGNMENT((#5557));
#5270=PRESENTATION_STYLE_ASSIGNMENT((#5558));
#5271=PRESENTATION_STYLE_ASSIGNMENT((#5559));
#5272=PRESENTATION_STYLE_ASSIGNMENT((#5560));
#5273=PRESENTATION_STYLE_ASSIGNMENT((#5561));
#5274=PRESENTATION_STYLE_ASSIGNMENT((#5562));
#5275=PRESENTATION_STYLE_ASSIGNMENT((#5563));
#5276=PRESENTATION_STYLE_ASSIGNMENT((#5564));
#5277=PRESENTATION_STYLE_ASSIGNMENT((#5565));
#5278=PRESENTATION_STYLE_ASSIGNMENT((#5566));
#5279=PRESENTATION_STYLE_ASSIGNMENT((#5567));
#5280=PRESENTATION_STYLE_ASSIGNMENT((#5568));
#5281=PRESENTATION_STYLE_ASSIGNMENT((#5569));
#5282=PRESENTATION_STYLE_ASSIGNMENT((#5570));
#5283=PRESENTATION_STYLE_ASSIGNMENT((#5571));
#5284=PRESENTATION_STYLE_ASSIGNMENT((#5572));
#5285=PRESENTATION_STYLE_ASSIGNMENT((#5573));
#5286=PRESENTATION_STYLE_ASSIGNMENT((#5574));
#5287=PRESENTATION_STYLE_ASSIGNMENT((#5575));
#5288=PRESENTATION_STYLE_ASSIGNMENT((#5576));
#5289=PRESENTATION_STYLE_ASSIGNMENT((#5577));
#5290=PRESENTATION_STYLE_ASSIGNMENT((#5578));
#5291=PRESENTATION_STYLE_ASSIGNMENT((#5579));
#5292=PRESENTATION_STYLE_ASSIGNMENT((#5580));
#5293=PRESENTATION_STYLE_ASSIGNMENT((#5581));
#5294=PRESENTATION_STYLE_ASSIGNMENT((#5582));
#5295=PRESENTATION_STYLE_ASSIGNMENT((#5583));
#5296=PRESENTATION_STYLE_ASSIGNMENT((#5584));
#5297=PRESENTATION_STYLE_ASSIGNMENT((#5585));
#5298=PRESENTATION_STYLE_ASSIGNMENT((#5586));
#5299=PRESENTATION_STYLE_ASSIGNMENT((#5587));
#5300=PRESENTATION_STYLE_ASSIGNMENT((#5588));
#5301=PRESENTATION_STYLE_ASSIGNMENT((#5589));
#5302=PRESENTATION_STYLE_ASSIGNMENT((#5590));
#5303=PRESENTATION_STYLE_ASSIGNMENT((#5591));
#5304=PRESENTATION_STYLE_ASSIGNMENT((#5592));
#5305=PRESENTATION_STYLE_ASSIGNMENT((#5593));
#5306=PRESENTATION_STYLE_ASSIGNMENT((#5594));
#5307=PRESENTATION_STYLE_ASSIGNMENT((#5595));
#5308=PRESENTATION_STYLE_ASSIGNMENT((#5596));
#5309=PRESENTATION_STYLE_ASSIGNMENT((#5597));
#5310=PRESENTATION_STYLE_ASSIGNMENT((#5598));
#5311=PRESENTATION_STYLE_ASSIGNMENT((#5599));
#5312=PRESENTATION_STYLE_ASSIGNMENT((#5600));
#5313=PRESENTATION_STYLE_ASSIGNMENT((#5601));
#5314=PRESENTATION_STYLE_ASSIGNMENT((#5602));
#5315=PRESENTATION_STYLE_ASSIGNMENT((#5603));
#5316=PRESENTATION_STYLE_ASSIGNMENT((#5604));
#5317=PRESENTATION_STYLE_ASSIGNMENT((#5605));
#5318=PRESENTATION_STYLE_ASSIGNMENT((#5606));
#5319=PRESENTATION_STYLE_ASSIGNMENT((#5607));
#5320=PRESENTATION_STYLE_ASSIGNMENT((#5608));
#5321=PRESENTATION_STYLE_ASSIGNMENT((#5609));
#5322=PRESENTATION_STYLE_ASSIGNMENT((#5610));
#5323=PRESENTATION_STYLE_ASSIGNMENT((#5611));
#5324=PRESENTATION_STYLE_ASSIGNMENT((#5612));
#5325=PRESENTATION_STYLE_ASSIGNMENT((#5613));
#5326=PRESENTATION_STYLE_ASSIGNMENT((#5614));
#5327=PRESENTATION_STYLE_ASSIGNMENT((#5615));
#5328=PRESENTATION_STYLE_ASSIGNMENT((#5616));
#5329=PRESENTATION_STYLE_ASSIGNMENT((#5617));
#5330=PRESENTATION_STYLE_ASSIGNMENT((#5618));
#5331=PRESENTATION_STYLE_ASSIGNMENT((#5619));
#5332=PRESENTATION_STYLE_ASSIGNMENT((#5620));
#5333=PRESENTATION_STYLE_ASSIGNMENT((#5621));
#5334=PRESENTATION_STYLE_ASSIGNMENT((#5622));
#5335=PRESENTATION_STYLE_ASSIGNMENT((#5623));
#5336=PRESENTATION_STYLE_ASSIGNMENT((#5624));
#5337=PRESENTATION_STYLE_ASSIGNMENT((#5625));
#5338=PRESENTATION_STYLE_ASSIGNMENT((#5626));
#5339=PRESENTATION_STYLE_ASSIGNMENT((#5627));
#5340=PRESENTATION_STYLE_ASSIGNMENT((#5628));
#5341=PRESENTATION_STYLE_ASSIGNMENT((#5629));
#5342=PRESENTATION_STYLE_ASSIGNMENT((#5630));
#5343=PRESENTATION_STYLE_ASSIGNMENT((#5631));
#5344=PRESENTATION_STYLE_ASSIGNMENT((#5632));
#5345=PRESENTATION_STYLE_ASSIGNMENT((#5633));
#5346=PRESENTATION_STYLE_ASSIGNMENT((#5634));
#5347=PRESENTATION_STYLE_ASSIGNMENT((#5635));
#5348=PRESENTATION_STYLE_ASSIGNMENT((#5636));
#5349=PRESENTATION_STYLE_ASSIGNMENT((#5637));
#5350=PRESENTATION_STYLE_ASSIGNMENT((#5638));
#5351=PRESENTATION_STYLE_ASSIGNMENT((#5639));
#5352=PRESENTATION_STYLE_ASSIGNMENT((#5640));
#5353=PRESENTATION_STYLE_ASSIGNMENT((#5641));
#5354=PRESENTATION_STYLE_ASSIGNMENT((#5642));
#5355=PRESENTATION_STYLE_ASSIGNMENT((#5643));
#5356=PRESENTATION_STYLE_ASSIGNMENT((#5644));
#5357=PRESENTATION_STYLE_ASSIGNMENT((#5645));
#5358=PRESENTATION_STYLE_ASSIGNMENT((#5646));
#5359=PRESENTATION_STYLE_ASSIGNMENT((#5647));
#5360=PRESENTATION_STYLE_ASSIGNMENT((#5648));
#5361=PRESENTATION_STYLE_ASSIGNMENT((#5649));
#5362=PRESENTATION_STYLE_ASSIGNMENT((#5650));
#5363=PRESENTATION_STYLE_ASSIGNMENT((#5651));
#5364=PRESENTATION_STYLE_ASSIGNMENT((#5652));
#5365=PRESENTATION_STYLE_ASSIGNMENT((#5653));
#5366=PRESENTATION_STYLE_ASSIGNMENT((#5654));
#5367=PRESENTATION_STYLE_ASSIGNMENT((#5655));
#5368=PRESENTATION_STYLE_ASSIGNMENT((#5656));
#5369=PRESENTATION_STYLE_ASSIGNMENT((#5657));
#5370=PRESENTATION_STYLE_ASSIGNMENT((#5658));
#5371=PRESENTATION_STYLE_ASSIGNMENT((#5659));
#5372=PRESENTATION_STYLE_ASSIGNMENT((#5660));
#5373=PRESENTATION_STYLE_ASSIGNMENT((#5661));
#5374=PRESENTATION_STYLE_ASSIGNMENT((#5662));
#5375=PRESENTATION_STYLE_ASSIGNMENT((#5663));
#5376=PRESENTATION_STYLE_ASSIGNMENT((#5664));
#5377=PRESENTATION_STYLE_ASSIGNMENT((#5665));
#5378=PRESENTATION_STYLE_ASSIGNMENT((#5666));
#5379=PRESENTATION_STYLE_ASSIGNMENT((#5667));
#5380=PRESENTATION_STYLE_ASSIGNMENT((#5668));
#5381=PRESENTATION_STYLE_ASSIGNMENT((#5669));
#5382=PRESENTATION_STYLE_ASSIGNMENT((#5670));
#5383=PRESENTATION_STYLE_ASSIGNMENT((#5671));
#5384=PRESENTATION_STYLE_ASSIGNMENT((#5672));
#5385=PRESENTATION_STYLE_ASSIGNMENT((#5673));
#5386=PRESENTATION_STYLE_ASSIGNMENT((#5674));
#5387=PRESENTATION_STYLE_ASSIGNMENT((#5675));
#5388=PRESENTATION_STYLE_ASSIGNMENT((#5676));
#5389=PRESENTATION_STYLE_ASSIGNMENT((#5677));
#5390=PRESENTATION_STYLE_ASSIGNMENT((#5678));
#5391=PRESENTATION_STYLE_ASSIGNMENT((#5679));
#5392=PRESENTATION_STYLE_ASSIGNMENT((#5680));
#5393=PRESENTATION_STYLE_ASSIGNMENT((#5681));
#5394=PRESENTATION_STYLE_ASSIGNMENT((#5682));
#5395=PRESENTATION_STYLE_ASSIGNMENT((#5683));
#5396=PRESENTATION_STYLE_ASSIGNMENT((#5684));
#5397=PRESENTATION_STYLE_ASSIGNMENT((#5685));
#5398=PRESENTATION_STYLE_ASSIGNMENT((#5686));
#5399=PRESENTATION_STYLE_ASSIGNMENT((#5687));
#5400=PRESENTATION_STYLE_ASSIGNMENT((#5688));
#5401=PRESENTATION_STYLE_ASSIGNMENT((#5689));
#5402=PRESENTATION_STYLE_ASSIGNMENT((#5690));
#5403=PRESENTATION_STYLE_ASSIGNMENT((#5691));
#5404=PRESENTATION_STYLE_ASSIGNMENT((#5692));
#5405=PRESENTATION_STYLE_ASSIGNMENT((#5693));
#5406=PRESENTATION_STYLE_ASSIGNMENT((#5694));
#5407=PRESENTATION_STYLE_ASSIGNMENT((#5695));
#5408=PRESENTATION_STYLE_ASSIGNMENT((#5696));
#5409=PRESENTATION_STYLE_ASSIGNMENT((#5697));
#5410=PRESENTATION_STYLE_ASSIGNMENT((#5698));
#5411=PRESENTATION_STYLE_ASSIGNMENT((#5699));
#5412=PRESENTATION_STYLE_ASSIGNMENT((#5700));
#5413=PRESENTATION_STYLE_ASSIGNMENT((#5701));
#5414=PRESENTATION_STYLE_ASSIGNMENT((#5702));
#5415=PRESENTATION_STYLE_ASSIGNMENT((#5703));
#5416=PRESENTATION_STYLE_ASSIGNMENT((#5704));
#5417=PRESENTATION_STYLE_ASSIGNMENT((#5705));
#5418=PRESENTATION_STYLE_ASSIGNMENT((#5706));
#5419=PRESENTATION_STYLE_ASSIGNMENT((#5707));
#5420=PRESENTATION_STYLE_ASSIGNMENT((#5708));
#5421=PRESENTATION_STYLE_ASSIGNMENT((#5709));
#5422=PRESENTATION_STYLE_ASSIGNMENT((#5710));
#5423=PRESENTATION_STYLE_ASSIGNMENT((#5711));
#5424=PRESENTATION_STYLE_ASSIGNMENT((#5712));
#5425=PRESENTATION_STYLE_ASSIGNMENT((#5713));
#5426=PRESENTATION_STYLE_ASSIGNMENT((#5714));
#5427=PRESENTATION_STYLE_ASSIGNMENT((#5715));
#5428=PRESENTATION_STYLE_ASSIGNMENT((#5716));
#5429=PRESENTATION_STYLE_ASSIGNMENT((#5717));
#5430=PRESENTATION_STYLE_ASSIGNMENT((#5718));
#5431=PRESENTATION_STYLE_ASSIGNMENT((#5719));
#5432=PRESENTATION_STYLE_ASSIGNMENT((#5720));
#5433=PRESENTATION_STYLE_ASSIGNMENT((#5721));
#5434=PRESENTATION_STYLE_ASSIGNMENT((#5722));
#5435=PRESENTATION_STYLE_ASSIGNMENT((#5723));
#5436=PRESENTATION_STYLE_ASSIGNMENT((#5724));
#5437=PRESENTATION_STYLE_ASSIGNMENT((#5725));
#5438=PRESENTATION_STYLE_ASSIGNMENT((#5726));
#5439=PRESENTATION_STYLE_ASSIGNMENT((#5727));
#5440=PRESENTATION_STYLE_ASSIGNMENT((#5728));
#5441=PRESENTATION_STYLE_ASSIGNMENT((#5729));
#5442=PRESENTATION_STYLE_ASSIGNMENT((#5730));
#5443=PRESENTATION_STYLE_ASSIGNMENT((#5731));
#5444=PRESENTATION_STYLE_ASSIGNMENT((#5732));
#5445=PRESENTATION_STYLE_ASSIGNMENT((#5733));
#5446=PRESENTATION_STYLE_ASSIGNMENT((#5734));
#5447=PRESENTATION_STYLE_ASSIGNMENT((#5735));
#5448=PRESENTATION_STYLE_ASSIGNMENT((#5736));
#5449=PRESENTATION_STYLE_ASSIGNMENT((#5737));
#5450=PRESENTATION_STYLE_ASSIGNMENT((#5738));
#5451=PRESENTATION_STYLE_ASSIGNMENT((#5739));
#5452=PRESENTATION_STYLE_ASSIGNMENT((#5740));
#5453=PRESENTATION_STYLE_ASSIGNMENT((#5741));
#5454=PRESENTATION_STYLE_ASSIGNMENT((#5742));
#5455=PRESENTATION_STYLE_ASSIGNMENT((#5743));
#5456=PRESENTATION_STYLE_ASSIGNMENT((#5744));
#5457=PRESENTATION_STYLE_ASSIGNMENT((#5745));
#5458=PRESENTATION_STYLE_ASSIGNMENT((#5746));
#5459=PRESENTATION_STYLE_ASSIGNMENT((#5747));
#5460=PRESENTATION_STYLE_ASSIGNMENT((#5748));
#5461=PRESENTATION_STYLE_ASSIGNMENT((#5749));
#5462=PRESENTATION_STYLE_ASSIGNMENT((#5750));
#5463=PRESENTATION_STYLE_ASSIGNMENT((#5751));
#5464=PRESENTATION_STYLE_ASSIGNMENT((#5752));
#5465=PRESENTATION_STYLE_ASSIGNMENT((#5753));
#5466=PRESENTATION_STYLE_ASSIGNMENT((#5754));
#5467=PRESENTATION_STYLE_ASSIGNMENT((#5755));
#5468=PRESENTATION_STYLE_ASSIGNMENT((#5756));
#5469=PRESENTATION_STYLE_ASSIGNMENT((#5757));
#5470=PRESENTATION_STYLE_ASSIGNMENT((#5758));
#5471=PRESENTATION_STYLE_ASSIGNMENT((#5759));
#5472=PRESENTATION_STYLE_ASSIGNMENT((#5760));
#5473=PRESENTATION_STYLE_ASSIGNMENT((#5761));
#5474=PRESENTATION_STYLE_ASSIGNMENT((#5762));
#5475=PRESENTATION_STYLE_ASSIGNMENT((#5763));
#5476=PRESENTATION_STYLE_ASSIGNMENT((#5764));
#5477=PRESENTATION_STYLE_ASSIGNMENT((#5765));
#5478=PRESENTATION_STYLE_ASSIGNMENT((#5766));
#5479=PRESENTATION_STYLE_ASSIGNMENT((#5767));
#5480=PRESENTATION_STYLE_ASSIGNMENT((#5768));
#5481=PRESENTATION_STYLE_ASSIGNMENT((#5769));
#5482=PRESENTATION_STYLE_ASSIGNMENT((#5770));
#5483=PRESENTATION_STYLE_ASSIGNMENT((#5771));
#5484=PRESENTATION_STYLE_ASSIGNMENT((#5772));
#5485=PRESENTATION_STYLE_ASSIGNMENT((#5773));
#5486=PRESENTATION_STYLE_ASSIGNMENT((#5774));
#5487=PRESENTATION_STYLE_ASSIGNMENT((#5775));
#5488=PRESENTATION_STYLE_ASSIGNMENT((#5776));
#5489=PRESENTATION_STYLE_ASSIGNMENT((#5777));
#5490=PRESENTATION_STYLE_ASSIGNMENT((#5778));
#5491=PRESENTATION_STYLE_ASSIGNMENT((#5779));
#5492=PRESENTATION_STYLE_ASSIGNMENT((#5780));
#5493=PRESENTATION_STYLE_ASSIGNMENT((#5781));
#5494=PRESENTATION_STYLE_ASSIGNMENT((#5782));
#5495=PRESENTATION_STYLE_ASSIGNMENT((#5783));
#5496=PRESENTATION_STYLE_ASSIGNMENT((#5784));
#5497=PRESENTATION_STYLE_ASSIGNMENT((#5785));
#5498=PRESENTATION_STYLE_ASSIGNMENT((#5786));
#5499=PRESENTATION_STYLE_ASSIGNMENT((#5787));
#5500=PRESENTATION_STYLE_ASSIGNMENT((#5788));
#5501=PRESENTATION_STYLE_ASSIGNMENT((#5789));
#5502=PRESENTATION_STYLE_ASSIGNMENT((#5790));
#5503=PRESENTATION_STYLE_ASSIGNMENT((#5791));
#5504=PRESENTATION_STYLE_ASSIGNMENT((#5792));
#5505=PRESENTATION_STYLE_ASSIGNMENT((#5793));
#5506=SURFACE_STYLE_USAGE(.BOTH.,#5794);
#5507=SURFACE_STYLE_USAGE(.BOTH.,#5795);
#5508=SURFACE_STYLE_USAGE(.BOTH.,#5796);
#5509=SURFACE_STYLE_USAGE(.BOTH.,#5797);
#5510=SURFACE_STYLE_USAGE(.BOTH.,#5798);
#5511=SURFACE_STYLE_USAGE(.BOTH.,#5799);
#5512=SURFACE_STYLE_USAGE(.BOTH.,#5800);
#5513=SURFACE_STYLE_USAGE(.BOTH.,#5801);
#5514=SURFACE_STYLE_USAGE(.BOTH.,#5802);
#5515=SURFACE_STYLE_USAGE(.BOTH.,#5803);
#5516=SURFACE_STYLE_USAGE(.BOTH.,#5804);
#5517=SURFACE_STYLE_USAGE(.BOTH.,#5805);
#5518=SURFACE_STYLE_USAGE(.BOTH.,#5806);
#5519=SURFACE_STYLE_USAGE(.BOTH.,#5807);
#5520=SURFACE_STYLE_USAGE(.BOTH.,#5808);
#5521=SURFACE_STYLE_USAGE(.BOTH.,#5809);
#5522=SURFACE_STYLE_USAGE(.BOTH.,#5810);
#5523=SURFACE_STYLE_USAGE(.BOTH.,#5811);
#5524=SURFACE_STYLE_USAGE(.BOTH.,#5812);
#5525=SURFACE_STYLE_USAGE(.BOTH.,#5813);
#5526=SURFACE_STYLE_USAGE(.BOTH.,#5814);
#5527=SURFACE_STYLE_USAGE(.BOTH.,#5815);
#5528=SURFACE_STYLE_USAGE(.BOTH.,#5816);
#5529=SURFACE_STYLE_USAGE(.BOTH.,#5817);
#5530=SURFACE_STYLE_USAGE(.BOTH.,#5818);
#5531=SURFACE_STYLE_USAGE(.BOTH.,#5819);
#5532=SURFACE_STYLE_USAGE(.BOTH.,#5820);
#5533=SURFACE_STYLE_USAGE(.BOTH.,#5821);
#5534=SURFACE_STYLE_USAGE(.BOTH.,#5822);
#5535=SURFACE_STYLE_USAGE(.BOTH.,#5823);
#5536=SURFACE_STYLE_USAGE(.BOTH.,#5824);
#5537=SURFACE_STYLE_USAGE(.BOTH.,#5825);
#5538=SURFACE_STYLE_USAGE(.BOTH.,#5826);
#5539=SURFACE_STYLE_USAGE(.BOTH.,#5827);
#5540=SURFACE_STYLE_USAGE(.BOTH.,#5828);
#5541=SURFACE_STYLE_USAGE(.BOTH.,#5829);
#5542=SURFACE_STYLE_USAGE(.BOTH.,#5830);
#5543=SURFACE_STYLE_USAGE(.BOTH.,#5831);
#5544=SURFACE_STYLE_USAGE(.BOTH.,#5832);
#5545=SURFACE_STYLE_USAGE(.BOTH.,#5833);
#5546=SURFACE_STYLE_USAGE(.BOTH.,#5834);
#5547=SURFACE_STYLE_USAGE(.BOTH.,#5835);
#5548=SURFACE_STYLE_USAGE(.BOTH.,#5836);
#5549=SURFACE_STYLE_USAGE(.BOTH.,#5837);
#5550=SURFACE_STYLE_USAGE(.BOTH.,#5838);
#5551=SURFACE_STYLE_USAGE(.BOTH.,#5839);
#5552=SURFACE_STYLE_USAGE(.BOTH.,#5840);
#5553=SURFACE_STYLE_USAGE(.BOTH.,#5841);
#5554=SURFACE_STYLE_USAGE(.BOTH.,#5842);
#5555=SURFACE_STYLE_USAGE(.BOTH.,#5843);
#5556=SURFACE_STYLE_USAGE(.BOTH.,#5844);
#5557=SURFACE_STYLE_USAGE(.BOTH.,#5845);
#5558=SURFACE_STYLE_USAGE(.BOTH.,#5846);
#5559=SURFACE_STYLE_USAGE(.BOTH.,#5847);
#5560=SURFACE_STYLE_USAGE(.BOTH.,#5848);
#5561=SURFACE_STYLE_USAGE(.BOTH.,#5849);
#5562=SURFACE_STYLE_USAGE(.BOTH.,#5850);
#5563=SURFACE_STYLE_USAGE(.BOTH.,#5851);
#5564=SURFACE_STYLE_USAGE(.BOTH.,#5852);
#5565=SURFACE_STYLE_USAGE(.BOTH.,#5853);
#5566=SURFACE_STYLE_USAGE(.BOTH.,#5854);
#5567=SURFACE_STYLE_USAGE(.BOTH.,#5855);
#5568=SURFACE_STYLE_USAGE(.BOTH.,#5856);
#5569=SURFACE_STYLE_USAGE(.BOTH.,#5857);
#5570=SURFACE_STYLE_USAGE(.BOTH.,#5858);
#5571=SURFACE_STYLE_USAGE(.BOTH.,#5859);
#5572=SURFACE_STYLE_USAGE(.BOTH.,#5860);
#5573=SURFACE_STYLE_USAGE(.BOTH.,#5861);
#5574=SURFACE_STYLE_USAGE(.BOTH.,#5862);
#5575=SURFACE_STYLE_USAGE(.BOTH.,#5863);
#5576=SURFACE_STYLE_USAGE(.BOTH.,#5864);
#5577=SURFACE_STYLE_USAGE(.BOTH.,#5865);
#5578=SURFACE_STYLE_USAGE(.BOTH.,#5866);
#5579=SURFACE_STYLE_USAGE(.BOTH.,#5867);
#5580=SURFACE_STYLE_USAGE(.BOTH.,#5868);
#5581=SURFACE_STYLE_USAGE(.BOTH.,#5869);
#5582=SURFACE_STYLE_USAGE(.BOTH.,#5870);
#5583=SURFACE_STYLE_USAGE(.BOTH.,#5871);
#5584=SURFACE_STYLE_USAGE(.BOTH.,#5872);
#5585=SURFACE_STYLE_USAGE(.BOTH.,#5873);
#5586=SURFACE_STYLE_USAGE(.BOTH.,#5874);
#5587=SURFACE_STYLE_USAGE(.BOTH.,#5875);
#5588=SURFACE_STYLE_USAGE(.BOTH.,#5876);
#5589=SURFACE_STYLE_USAGE(.BOTH.,#5877);
#5590=SURFACE_STYLE_USAGE(.BOTH.,#5878);
#5591=SURFACE_STYLE_USAGE(.BOTH.,#5879);
#5592=SURFACE_STYLE_USAGE(.BOTH.,#5880);
#5593=SURFACE_STYLE_USAGE(.BOTH.,#5881);
#5594=SURFACE_STYLE_USAGE(.BOTH.,#5882);
#5595=SURFACE_STYLE_USAGE(.BOTH.,#5883);
#5596=SURFACE_STYLE_USAGE(.BOTH.,#5884);
#5597=SURFACE_STYLE_USAGE(.BOTH.,#5885);
#5598=SURFACE_STYLE_USAGE(.BOTH.,#5886);
#5599=SURFACE_STYLE_USAGE(.BOTH.,#5887);
#5600=SURFACE_STYLE_USAGE(.BOTH.,#5888);
#5601=SURFACE_STYLE_USAGE(.BOTH.,#5889);
#5602=SURFACE_STYLE_USAGE(.BOTH.,#5890);
#5603=SURFACE_STYLE_USAGE(.BOTH.,#5891);
#5604=SURFACE_STYLE_USAGE(.BOTH.,#5892);
#5605=SURFACE_STYLE_USAGE(.BOTH.,#5893);
#5606=SURFACE_STYLE_USAGE(.BOTH.,#5894);
#5607=SURFACE_STYLE_USAGE(.BOTH.,#5895);
#5608=SURFACE_STYLE_USAGE(.BOTH.,#5896);
#5609=SURFACE_STYLE_USAGE(.BOTH.,#5897);
#5610=SURFACE_STYLE_USAGE(.BOTH.,#5898);
#5611=SURFACE_STYLE_USAGE(.BOTH.,#5899);
#5612=SURFACE_STYLE_USAGE(.BOTH.,#5900);
#5613=SURFACE_STYLE_USAGE(.BOTH.,#5901);
#5614=SURFACE_STYLE_USAGE(.BOTH.,#5902);
#5615=SURFACE_STYLE_USAGE(.BOTH.,#5903);
#5616=SURFACE_STYLE_USAGE(.BOTH.,#5904);
#5617=SURFACE_STYLE_USAGE(.BOTH.,#5905);
#5618=SURFACE_STYLE_USAGE(.BOTH.,#5906);
#5619=SURFACE_STYLE_USAGE(.BOTH.,#5907);
#5620=SURFACE_STYLE_USAGE(.BOTH.,#5908);
#5621=SURFACE_STYLE_USAGE(.BOTH.,#5909);
#5622=SURFACE_STYLE_USAGE(.BOTH.,#5910);
#5623=SURFACE_STYLE_USAGE(.BOTH.,#5911);
#5624=SURFACE_STYLE_USAGE(.BOTH.,#5912);
#5625=SURFACE_STYLE_USAGE(.BOTH.,#5913);
#5626=SURFACE_STYLE_USAGE(.BOTH.,#5914);
#5627=SURFACE_STYLE_USAGE(.BOTH.,#5915);
#5628=SURFACE_STYLE_USAGE(.BOTH.,#5916);
#5629=SURFACE_STYLE_USAGE(.BOTH.,#5917);
#5630=SURFACE_STYLE_USAGE(.BOTH.,#5918);
#5631=SURFACE_STYLE_USAGE(.BOTH.,#5919);
#5632=SURFACE_STYLE_USAGE(.BOTH.,#5920);
#5633=SURFACE_STYLE_USAGE(.BOTH.,#5921);
#5634=SURFACE_STYLE_USAGE(.BOTH.,#5922);
#5635=SURFACE_STYLE_USAGE(.BOTH.,#5923);
#5636=SURFACE_STYLE_USAGE(.BOTH.,#5924);
#5637=SURFACE_STYLE_USAGE(.BOTH.,#5925);
#5638=SURFACE_STYLE_USAGE(.BOTH.,#5926);
#5639=SURFACE_STYLE_USAGE(.BOTH.,#5927);
#5640=SURFACE_STYLE_USAGE(.BOTH.,#5928);
#5641=SURFACE_STYLE_USAGE(.BOTH.,#5929);
#5642=SURFACE_STYLE_USAGE(.BOTH.,#5930);
#5643=SURFACE_STYLE_USAGE(.BOTH.,#5931);
#5644=SURFACE_STYLE_USAGE(.BOTH.,#5932);
#5645=SURFACE_STYLE_USAGE(.BOTH.,#5933);
#5646=SURFACE_STYLE_USAGE(.BOTH.,#5934);
#5647=SURFACE_STYLE_USAGE(.BOTH.,#5935);
#5648=SURFACE_STYLE_USAGE(.BOTH.,#5936);
#5649=SURFACE_STYLE_USAGE(.BOTH.,#5937);
#5650=SURFACE_STYLE_USAGE(.BOTH.,#5938);
#5651=SURFACE_STYLE_USAGE(.BOTH.,#5939);
#5652=SURFACE_STYLE_USAGE(.BOTH.,#5940);
#5653=SURFACE_STYLE_USAGE(.BOTH.,#5941);
#5654=SURFACE_STYLE_USAGE(.BOTH.,#5942);
#5655=SURFACE_STYLE_USAGE(.BOTH.,#5943);
#5656=SURFACE_STYLE_USAGE(.BOTH.,#5944);
#5657=SURFACE_STYLE_USAGE(.BOTH.,#5945);
#5658=SURFACE_STYLE_USAGE(.BOTH.,#5946);
#5659=SURFACE_STYLE_USAGE(.BOTH.,#5947);
#5660=SURFACE_STYLE_USAGE(.BOTH.,#5948);
#5661=SURFACE_STYLE_USAGE(.BOTH.,#5949);
#5662=SURFACE_STYLE_USAGE(.BOTH.,#5950);
#5663=SURFACE_STYLE_USAGE(.BOTH.,#5951);
#5664=SURFACE_STYLE_USAGE(.BOTH.,#5952);
#5665=SURFACE_STYLE_USAGE(.BOTH.,#5953);
#5666=SURFACE_STYLE_USAGE(.BOTH.,#5954);
#5667=SURFACE_STYLE_USAGE(.BOTH.,#5955);
#5668=SURFACE_STYLE_USAGE(.BOTH.,#5956);
#5669=SURFACE_STYLE_USAGE(.BOTH.,#5957);
#5670=SURFACE_STYLE_USAGE(.BOTH.,#5958);
#5671=SURFACE_STYLE_USAGE(.BOTH.,#5959);
#5672=SURFACE_STYLE_USAGE(.BOTH.,#5960);
#5673=SURFACE_STYLE_USAGE(.BOTH.,#5961);
#5674=SURFACE_STYLE_USAGE(.BOTH.,#5962);
#5675=SURFACE_STYLE_USAGE(.BOTH.,#5963);
#5676=SURFACE_STYLE_USAGE(.BOTH.,#5964);
#5677=SURFACE_STYLE_USAGE(.BOTH.,#5965);
#5678=SURFACE_STYLE_USAGE(.BOTH.,#5966);
#5679=SURFACE_STYLE_USAGE(.BOTH.,#5967);
#5680=SURFACE_STYLE_USAGE(.BOTH.,#5968);
#5681=SURFACE_STYLE_USAGE(.BOTH.,#5969);
#5682=SURFACE_STYLE_USAGE(.BOTH.,#5970);
#5683=SURFACE_STYLE_USAGE(.BOTH.,#5971);
#5684=SURFACE_STYLE_USAGE(.BOTH.,#5972);
#5685=SURFACE_STYLE_USAGE(.BOTH.,#5973);
#5686=SURFACE_STYLE_USAGE(.BOTH.,#5974);
#5687=SURFACE_STYLE_USAGE(.BOTH.,#5975);
#5688=SURFACE_STYLE_USAGE(.BOTH.,#5976);
#5689=SURFACE_STYLE_USAGE(.BOTH.,#5977);
#5690=SURFACE_STYLE_USAGE(.BOTH.,#5978);
#5691=SURFACE_STYLE_USAGE(.BOTH.,#5979);
#5692=SURFACE_STYLE_USAGE(.BOTH.,#5980);
#5693=SURFACE_STYLE_USAGE(.BOTH.,#5981);
#5694=SURFACE_STYLE_USAGE(.BOTH.,#5982);
#5695=SURFACE_STYLE_USAGE(.BOTH.,#5983);
#5696=SURFACE_STYLE_USAGE(.BOTH.,#5984);
#5697=SURFACE_STYLE_USAGE(.BOTH.,#5985);
#5698=SURFACE_STYLE_USAGE(.BOTH.,#5986);
#5699=SURFACE_STYLE_USAGE(.BOTH.,#5987);
#5700=SURFACE_STYLE_USAGE(.BOTH.,#5988);
#5701=SURFACE_STYLE_USAGE(.BOTH.,#5989);
#5702=SURFACE_STYLE_USAGE(.BOTH.,#5990);
#5703=SURFACE_STYLE_USAGE(.BOTH.,#5991);
#5704=SURFACE_STYLE_USAGE(.BOTH.,#5992);
#5705=SURFACE_STYLE_USAGE(.BOTH.,#5993);
#5706=SURFACE_STYLE_USAGE(.BOTH.,#5994);
#5707=SURFACE_STYLE_USAGE(.BOTH.,#5995);
#5708=SURFACE_STYLE_USAGE(.BOTH.,#5996);
#5709=SURFACE_STYLE_USAGE(.BOTH.,#5997);
#5710=SURFACE_STYLE_USAGE(.BOTH.,#5998);
#5711=SURFACE_STYLE_USAGE(.BOTH.,#5999);
#5712=SURFACE_STYLE_USAGE(.BOTH.,#6000);
#5713=SURFACE_STYLE_USAGE(.BOTH.,#6001);
#5714=SURFACE_STYLE_USAGE(.BOTH.,#6002);
#5715=SURFACE_STYLE_USAGE(.BOTH.,#6003);
#5716=SURFACE_STYLE_USAGE(.BOTH.,#6004);
#5717=SURFACE_STYLE_USAGE(.BOTH.,#6005);
#5718=SURFACE_STYLE_USAGE(.BOTH.,#6006);
#5719=SURFACE_STYLE_USAGE(.BOTH.,#6007);
#5720=SURFACE_STYLE_USAGE(.BOTH.,#6008);
#5721=SURFACE_STYLE_USAGE(.BOTH.,#6009);
#5722=SURFACE_STYLE_USAGE(.BOTH.,#6010);
#5723=SURFACE_STYLE_USAGE(.BOTH.,#6011);
#5724=SURFACE_STYLE_USAGE(.BOTH.,#6012);
#5725=SURFACE_STYLE_USAGE(.BOTH.,#6013);
#5726=SURFACE_STYLE_USAGE(.BOTH.,#6014);
#5727=SURFACE_STYLE_USAGE(.BOTH.,#6015);
#5728=SURFACE_STYLE_USAGE(.BOTH.,#6016);
#5729=SURFACE_STYLE_USAGE(.BOTH.,#6017);
#5730=SURFACE_STYLE_USAGE(.BOTH.,#6018);
#5731=SURFACE_STYLE_USAGE(.BOTH.,#6019);
#5732=SURFACE_STYLE_USAGE(.BOTH.,#6020);
#5733=SURFACE_STYLE_USAGE(.BOTH.,#6021);
#5734=SURFACE_STYLE_USAGE(.BOTH.,#6022);
#5735=SURFACE_STYLE_USAGE(.BOTH.,#6023);
#5736=SURFACE_STYLE_USAGE(.BOTH.,#6024);
#5737=SURFACE_STYLE_USAGE(.BOTH.,#6025);
#5738=SURFACE_STYLE_USAGE(.BOTH.,#6026);
#5739=SURFACE_STYLE_USAGE(.BOTH.,#6027);
#5740=SURFACE_STYLE_USAGE(.BOTH.,#6028);
#5741=SURFACE_STYLE_USAGE(.BOTH.,#6029);
#5742=SURFACE_STYLE_USAGE(.BOTH.,#6030);
#5743=SURFACE_STYLE_USAGE(.BOTH.,#6031);
#5744=SURFACE_STYLE_USAGE(.BOTH.,#6032);
#5745=SURFACE_STYLE_USAGE(.BOTH.,#6033);
#5746=SURFACE_STYLE_USAGE(.BOTH.,#6034);
#5747=SURFACE_STYLE_USAGE(.BOTH.,#6035);
#5748=SURFACE_STYLE_USAGE(.BOTH.,#6036);
#5749=SURFACE_STYLE_USAGE(.BOTH.,#6037);
#5750=SURFACE_STYLE_USAGE(.BOTH.,#6038);
#5751=SURFACE_STYLE_USAGE(.BOTH.,#6039);
#5752=SURFACE_STYLE_USAGE(.BOTH.,#6040);
#5753=SURFACE_STYLE_USAGE(.BOTH.,#6041);
#5754=SURFACE_STYLE_USAGE(.BOTH.,#6042);
#5755=SURFACE_STYLE_USAGE(.BOTH.,#6043);
#5756=SURFACE_STYLE_USAGE(.BOTH.,#6044);
#5757=SURFACE_STYLE_USAGE(.BOTH.,#6045);
#5758=SURFACE_STYLE_USAGE(.BOTH.,#6046);
#5759=SURFACE_STYLE_USAGE(.BOTH.,#6047);
#5760=SURFACE_STYLE_USAGE(.BOTH.,#6048);
#5761=SURFACE_STYLE_USAGE(.BOTH.,#6049);
#5762=SURFACE_STYLE_USAGE(.BOTH.,#6050);
#5763=SURFACE_STYLE_USAGE(.BOTH.,#6051);
#5764=SURFACE_STYLE_USAGE(.BOTH.,#6052);
#5765=SURFACE_STYLE_USAGE(.BOTH.,#6053);
#5766=SURFACE_STYLE_USAGE(.BOTH.,#6054);
#5767=SURFACE_STYLE_USAGE(.BOTH.,#6055);
#5768=SURFACE_STYLE_USAGE(.BOTH.,#6056);
#5769=SURFACE_STYLE_USAGE(.BOTH.,#6057);
#5770=SURFACE_STYLE_USAGE(.BOTH.,#6058);
#5771=SURFACE_STYLE_USAGE(.BOTH.,#6059);
#5772=SURFACE_STYLE_USAGE(.BOTH.,#6060);
#5773=SURFACE_STYLE_USAGE(.BOTH.,#6061);
#5774=SURFACE_STYLE_USAGE(.BOTH.,#6062);
#5775=SURFACE_STYLE_USAGE(.BOTH.,#6063);
#5776=SURFACE_STYLE_USAGE(.BOTH.,#6064);
#5777=SURFACE_STYLE_USAGE(.BOTH.,#6065);
#5778=SURFACE_STYLE_USAGE(.BOTH.,#6066);
#5779=SURFACE_STYLE_USAGE(.BOTH.,#6067);
#5780=SURFACE_STYLE_USAGE(.BOTH.,#6068);
#5781=SURFACE_STYLE_USAGE(.BOTH.,#6069);
#5782=SURFACE_STYLE_USAGE(.BOTH.,#6070);
#5783=SURFACE_STYLE_USAGE(.BOTH.,#6071);
#5784=SURFACE_STYLE_USAGE(.BOTH.,#6072);
#5785=SURFACE_STYLE_USAGE(.BOTH.,#6073);
#5786=SURFACE_STYLE_USAGE(.BOTH.,#6074);
#5787=SURFACE_STYLE_USAGE(.BOTH.,#6075);
#5788=SURFACE_STYLE_USAGE(.BOTH.,#6076);
#5789=SURFACE_STYLE_USAGE(.BOTH.,#6077);
#5790=SURFACE_STYLE_USAGE(.BOTH.,#6078);
#5791=SURFACE_STYLE_USAGE(.BOTH.,#6079);
#5792=SURFACE_STYLE_USAGE(.BOTH.,#6080);
#5793=SURFACE_STYLE_USAGE(.BOTH.,#6081);
#5794=SURFACE_SIDE_STYLE('',(#6082));
#5795=SURFACE_SIDE_STYLE('',(#6083));
#5796=SURFACE_SIDE_STYLE('',(#6084));
#5797=SURFACE_SIDE_STYLE('',(#6085));
#5798=SURFACE_SIDE_STYLE('',(#6086));
#5799=SURFACE_SIDE_STYLE('',(#6087));
#5800=SURFACE_SIDE_STYLE('',(#6088));
#5801=SURFACE_SIDE_STYLE('',(#6089));
#5802=SURFACE_SIDE_STYLE('',(#6090));
#5803=SURFACE_SIDE_STYLE('',(#6091));
#5804=SURFACE_SIDE_STYLE('',(#6092));
#5805=SURFACE_SIDE_STYLE('',(#6093));
#5806=SURFACE_SIDE_STYLE('',(#6094));
#5807=SURFACE_SIDE_STYLE('',(#6095));
#5808=SURFACE_SIDE_STYLE('',(#6096));
#5809=SURFACE_SIDE_STYLE('',(#6097));
#5810=SURFACE_SIDE_STYLE('',(#6098));
#5811=SURFACE_SIDE_STYLE('',(#6099));
#5812=SURFACE_SIDE_STYLE('',(#6100));
#5813=SURFACE_SIDE_STYLE('',(#6101));
#5814=SURFACE_SIDE_STYLE('',(#6102));
#5815=SURFACE_SIDE_STYLE('',(#6103));
#5816=SURFACE_SIDE_STYLE('',(#6104));
#5817=SURFACE_SIDE_STYLE('',(#6105));
#5818=SURFACE_SIDE_STYLE('',(#6106));
#5819=SURFACE_SIDE_STYLE('',(#6107));
#5820=SURFACE_SIDE_STYLE('',(#6108));
#5821=SURFACE_SIDE_STYLE('',(#6109));
#5822=SURFACE_SIDE_STYLE('',(#6110));
#5823=SURFACE_SIDE_STYLE('',(#6111));
#5824=SURFACE_SIDE_STYLE('',(#6112));
#5825=SURFACE_SIDE_STYLE('',(#6113));
#5826=SURFACE_SIDE_STYLE('',(#6114));
#5827=SURFACE_SIDE_STYLE('',(#6115));
#5828=SURFACE_SIDE_STYLE('',(#6116));
#5829=SURFACE_SIDE_STYLE('',(#6117));
#5830=SURFACE_SIDE_STYLE('',(#6118));
#5831=SURFACE_SIDE_STYLE('',(#6119));
#5832=SURFACE_SIDE_STYLE('',(#6120));
#5833=SURFACE_SIDE_STYLE('',(#6121));
#5834=SURFACE_SIDE_STYLE('',(#6122));
#5835=SURFACE_SIDE_STYLE('',(#6123));
#5836=SURFACE_SIDE_STYLE('',(#6124));
#5837=SURFACE_SIDE_STYLE('',(#6125));
#5838=SURFACE_SIDE_STYLE('',(#6126));
#5839=SURFACE_SIDE_STYLE('',(#6127));
#5840=SURFACE_SIDE_STYLE('',(#6128));
#5841=SURFACE_SIDE_STYLE('',(#6129));
#5842=SURFACE_SIDE_STYLE('',(#6130));
#5843=SURFACE_SIDE_STYLE('',(#6131));
#5844=SURFACE_SIDE_STYLE('',(#6132));
#5845=SURFACE_SIDE_STYLE('',(#6133));
#5846=SURFACE_SIDE_STYLE('',(#6134));
#5847=SURFACE_SIDE_STYLE('',(#6135));
#5848=SURFACE_SIDE_STYLE('',(#6136));
#5849=SURFACE_SIDE_STYLE('',(#6137));
#5850=SURFACE_SIDE_STYLE('',(#6138));
#5851=SURFACE_SIDE_STYLE('',(#6139));
#5852=SURFACE_SIDE_STYLE('',(#6140));
#5853=SURFACE_SIDE_STYLE('',(#6141));
#5854=SURFACE_SIDE_STYLE('',(#6142));
#5855=SURFACE_SIDE_STYLE('',(#6143));
#5856=SURFACE_SIDE_STYLE('',(#6144));
#5857=SURFACE_SIDE_STYLE('',(#6145));
#5858=SURFACE_SIDE_STYLE('',(#6146));
#5859=SURFACE_SIDE_STYLE('',(#6147));
#5860=SURFACE_SIDE_STYLE('',(#6148));
#5861=SURFACE_SIDE_STYLE('',(#6149));
#5862=SURFACE_SIDE_STYLE('',(#6150));
#5863=SURFACE_SIDE_STYLE('',(#6151));
#5864=SURFACE_SIDE_STYLE('',(#6152));
#5865=SURFACE_SIDE_STYLE('',(#6153));
#5866=SURFACE_SIDE_STYLE('',(#6154));
#5867=SURFACE_SIDE_STYLE('',(#6155));
#5868=SURFACE_SIDE_STYLE('',(#6156));
#5869=SURFACE_SIDE_STYLE('',(#6157));
#5870=SURFACE_SIDE_STYLE('',(#6158));
#5871=SURFACE_SIDE_STYLE('',(#6159));
#5872=SURFACE_SIDE_STYLE('',(#6160));
#5873=SURFACE_SIDE_STYLE('',(#6161));
#5874=SURFACE_SIDE_STYLE('',(#6162));
#5875=SURFACE_SIDE_STYLE('',(#6163));
#5876=SURFACE_SIDE_STYLE('',(#6164));
#5877=SURFACE_SIDE_STYLE('',(#6165));
#5878=SURFACE_SIDE_STYLE('',(#6166));
#5879=SURFACE_SIDE_STYLE('',(#6167));
#5880=SURFACE_SIDE_STYLE('',(#6168));
#5881=SURFACE_SIDE_STYLE('',(#6169));
#5882=SURFACE_SIDE_STYLE('',(#6170));
#5883=SURFACE_SIDE_STYLE('',(#6171));
#5884=SURFACE_SIDE_STYLE('',(#6172));
#5885=SURFACE_SIDE_STYLE('',(#6173));
#5886=SURFACE_SIDE_STYLE('',(#6174));
#5887=SURFACE_SIDE_STYLE('',(#6175));
#5888=SURFACE_SIDE_STYLE('',(#6176));
#5889=SURFACE_SIDE_STYLE('',(#6177));
#5890=SURFACE_SIDE_STYLE('',(#6178));
#5891=SURFACE_SIDE_STYLE('',(#6179));
#5892=SURFACE_SIDE_STYLE('',(#6180));
#5893=SURFACE_SIDE_STYLE('',(#6181));
#5894=SURFACE_SIDE_STYLE('',(#6182));
#5895=SURFACE_SIDE_STYLE('',(#6183));
#5896=SURFACE_SIDE_STYLE('',(#6184));
#5897=SURFACE_SIDE_STYLE('',(#6185));
#5898=SURFACE_SIDE_STYLE('',(#6186));
#5899=SURFACE_SIDE_STYLE('',(#6187));
#5900=SURFACE_SIDE_STYLE('',(#6188));
#5901=SURFACE_SIDE_STYLE('',(#6189));
#5902=SURFACE_SIDE_STYLE('',(#6190));
#5903=SURFACE_SIDE_STYLE('',(#6191));
#5904=SURFACE_SIDE_STYLE('',(#6192));
#5905=SURFACE_SIDE_STYLE('',(#6193));
#5906=SURFACE_SIDE_STYLE('',(#6194));
#5907=SURFACE_SIDE_STYLE('',(#6195));
#5908=SURFACE_SIDE_STYLE('',(#6196));
#5909=SURFACE_SIDE_STYLE('',(#6197));
#5910=SURFACE_SIDE_STYLE('',(#6198));
#5911=SURFACE_SIDE_STYLE('',(#6199));
#5912=SURFACE_SIDE_STYLE('',(#6200));
#5913=SURFACE_SIDE_STYLE('',(#6201));
#5914=SURFACE_SIDE_STYLE('',(#6202));
#5915=SURFACE_SIDE_STYLE('',(#6203));
#5916=SURFACE_SIDE_STYLE('',(#6204));
#5917=SURFACE_SIDE_STYLE('',(#6205));
#5918=SURFACE_SIDE_STYLE('',(#6206));
#5919=SURFACE_SIDE_STYLE('',(#6207));
#5920=SURFACE_SIDE_STYLE('',(#6208));
#5921=SURFACE_SIDE_STYLE('',(#6209));
#5922=SURFACE_SIDE_STYLE('',(#6210));
#5923=SURFACE_SIDE_STYLE('',(#6211));
#5924=SURFACE_SIDE_STYLE('',(#6212));
#5925=SURFACE_SIDE_STYLE('',(#6213));
#5926=SURFACE_SIDE_STYLE('',(#6214));
#5927=SURFACE_SIDE_STYLE('',(#6215));
#5928=SURFACE_SIDE_STYLE('',(#6216));
#5929=SURFACE_SIDE_STYLE('',(#6217));
#5930=SURFACE_SIDE_STYLE('',(#6218));
#5931=SURFACE_SIDE_STYLE('',(#6219));
#5932=SURFACE_SIDE_STYLE('',(#6220));
#5933=SURFACE_SIDE_STYLE('',(#6221));
#5934=SURFACE_SIDE_STYLE('',(#6222));
#5935=SURFACE_SIDE_STYLE('',(#6223));
#5936=SURFACE_SIDE_STYLE('',(#6224));
#5937=SURFACE_SIDE_STYLE('',(#6225));
#5938=SURFACE_SIDE_STYLE('',(#6226));
#5939=SURFACE_SIDE_STYLE('',(#6227));
#5940=SURFACE_SIDE_STYLE('',(#6228));
#5941=SURFACE_SIDE_STYLE('',(#6229));
#5942=SURFACE_SIDE_STYLE('',(#6230));
#5943=SURFACE_SIDE_STYLE('',(#6231));
#5944=SURFACE_SIDE_STYLE('',(#6232));
#5945=SURFACE_SIDE_STYLE('',(#6233));
#5946=SURFACE_SIDE_STYLE('',(#6234));
#5947=SURFACE_SIDE_STYLE('',(#6235));
#5948=SURFACE_SIDE_STYLE('',(#6236));
#5949=SURFACE_SIDE_STYLE('',(#6237));
#5950=SURFACE_SIDE_STYLE('',(#6238));
#5951=SURFACE_SIDE_STYLE('',(#6239));
#5952=SURFACE_SIDE_STYLE('',(#6240));
#5953=SURFACE_SIDE_STYLE('',(#6241));
#5954=SURFACE_SIDE_STYLE('',(#6242));
#5955=SURFACE_SIDE_STYLE('',(#6243));
#5956=SURFACE_SIDE_STYLE('',(#6244));
#5957=SURFACE_SIDE_STYLE('',(#6245));
#5958=SURFACE_SIDE_STYLE('',(#6246));
#5959=SURFACE_SIDE_STYLE('',(#6247));
#5960=SURFACE_SIDE_STYLE('',(#6248));
#5961=SURFACE_SIDE_STYLE('',(#6249));
#5962=SURFACE_SIDE_STYLE('',(#6250));
#5963=SURFACE_SIDE_STYLE('',(#6251));
#5964=SURFACE_SIDE_STYLE('',(#6252));
#5965=SURFACE_SIDE_STYLE('',(#6253));
#5966=SURFACE_SIDE_STYLE('',(#6254));
#5967=SURFACE_SIDE_STYLE('',(#6255));
#5968=SURFACE_SIDE_STYLE('',(#6256));
#5969=SURFACE_SIDE_STYLE('',(#6257));
#5970=SURFACE_SIDE_STYLE('',(#6258));
#5971=SURFACE_SIDE_STYLE('',(#6259));
#5972=SURFACE_SIDE_STYLE('',(#6260));
#5973=SURFACE_SIDE_STYLE('',(#6261));
#5974=SURFACE_SIDE_STYLE('',(#6262));
#5975=SURFACE_SIDE_STYLE('',(#6263));
#5976=SURFACE_SIDE_STYLE('',(#6264));
#5977=SURFACE_SIDE_STYLE('',(#6265));
#5978=SURFACE_SIDE_STYLE('',(#6266));
#5979=SURFACE_SIDE_STYLE('',(#6267));
#5980=SURFACE_SIDE_STYLE('',(#6268));
#5981=SURFACE_SIDE_STYLE('',(#6269));
#5982=SURFACE_SIDE_STYLE('',(#6270));
#5983=SURFACE_SIDE_STYLE('',(#6271));
#5984=SURFACE_SIDE_STYLE('',(#6272));
#5985=SURFACE_SIDE_STYLE('',(#6273));
#5986=SURFACE_SIDE_STYLE('',(#6274));
#5987=SURFACE_SIDE_STYLE('',(#6275));
#5988=SURFACE_SIDE_STYLE('',(#6276));
#5989=SURFACE_SIDE_STYLE('',(#6277));
#5990=SURFACE_SIDE_STYLE('',(#6278));
#5991=SURFACE_SIDE_STYLE('',(#6279));
#5992=SURFACE_SIDE_STYLE('',(#6280));
#5993=SURFACE_SIDE_STYLE('',(#6281));
#5994=SURFACE_SIDE_STYLE('',(#6282));
#5995=SURFACE_SIDE_STYLE('',(#6283));
#5996=SURFACE_SIDE_STYLE('',(#6284));
#5997=SURFACE_SIDE_STYLE('',(#6285));
#5998=SURFACE_SIDE_STYLE('',(#6286));
#5999=SURFACE_SIDE_STYLE('',(#6287));
#6000=SURFACE_SIDE_STYLE('',(#6288));
#6001=SURFACE_SIDE_STYLE('',(#6289));
#6002=SURFACE_SIDE_STYLE('',(#6290));
#6003=SURFACE_SIDE_STYLE('',(#6291));
#6004=SURFACE_SIDE_STYLE('',(#6292));
#6005=SURFACE_SIDE_STYLE('',(#6293));
#6006=SURFACE_SIDE_STYLE('',(#6294));
#6007=SURFACE_SIDE_STYLE('',(#6295));
#6008=SURFACE_SIDE_STYLE('',(#6296));
#6009=SURFACE_SIDE_STYLE('',(#6297));
#6010=SURFACE_SIDE_STYLE('',(#6298));
#6011=SURFACE_SIDE_STYLE('',(#6299));
#6012=SURFACE_SIDE_STYLE('',(#6300));
#6013=SURFACE_SIDE_STYLE('',(#6301));
#6014=SURFACE_SIDE_STYLE('',(#6302));
#6015=SURFACE_SIDE_STYLE('',(#6303));
#6016=SURFACE_SIDE_STYLE('',(#6304));
#6017=SURFACE_SIDE_STYLE('',(#6305));
#6018=SURFACE_SIDE_STYLE('',(#6306));
#6019=SURFACE_SIDE_STYLE('',(#6307));
#6020=SURFACE_SIDE_STYLE('',(#6308));
#6021=SURFACE_SIDE_STYLE('',(#6309));
#6022=SURFACE_SIDE_STYLE('',(#6310));
#6023=SURFACE_SIDE_STYLE('',(#6311));
#6024=SURFACE_SIDE_STYLE('',(#6312));
#6025=SURFACE_SIDE_STYLE('',(#6313));
#6026=SURFACE_SIDE_STYLE('',(#6314));
#6027=SURFACE_SIDE_STYLE('',(#6315));
#6028=SURFACE_SIDE_STYLE('',(#6316));
#6029=SURFACE_SIDE_STYLE('',(#6317));
#6030=SURFACE_SIDE_STYLE('',(#6318));
#6031=SURFACE_SIDE_STYLE('',(#6319));
#6032=SURFACE_SIDE_STYLE('',(#6320));
#6033=SURFACE_SIDE_STYLE('',(#6321));
#6034=SURFACE_SIDE_STYLE('',(#6322));
#6035=SURFACE_SIDE_STYLE('',(#6323));
#6036=SURFACE_SIDE_STYLE('',(#6324));
#6037=SURFACE_SIDE_STYLE('',(#6325));
#6038=SURFACE_SIDE_STYLE('',(#6326));
#6039=SURFACE_SIDE_STYLE('',(#6327));
#6040=SURFACE_SIDE_STYLE('',(#6328));
#6041=SURFACE_SIDE_STYLE('',(#6329));
#6042=SURFACE_SIDE_STYLE('',(#6330));
#6043=SURFACE_SIDE_STYLE('',(#6331));
#6044=SURFACE_SIDE_STYLE('',(#6332));
#6045=SURFACE_SIDE_STYLE('',(#6333));
#6046=SURFACE_SIDE_STYLE('',(#6334));
#6047=SURFACE_SIDE_STYLE('',(#6335));
#6048=SURFACE_SIDE_STYLE('',(#6336));
#6049=SURFACE_SIDE_STYLE('',(#6337));
#6050=SURFACE_SIDE_STYLE('',(#6338));
#6051=SURFACE_SIDE_STYLE('',(#6339));
#6052=SURFACE_SIDE_STYLE('',(#6340));
#6053=SURFACE_SIDE_STYLE('',(#6341));
#6054=SURFACE_SIDE_STYLE('',(#6342));
#6055=SURFACE_SIDE_STYLE('',(#6343));
#6056=SURFACE_SIDE_STYLE('',(#6344));
#6057=SURFACE_SIDE_STYLE('',(#6345));
#6058=SURFACE_SIDE_STYLE('',(#6346));
#6059=SURFACE_SIDE_STYLE('',(#6347));
#6060=SURFACE_SIDE_STYLE('',(#6348));
#6061=SURFACE_SIDE_STYLE('',(#6349));
#6062=SURFACE_SIDE_STYLE('',(#6350));
#6063=SURFACE_SIDE_STYLE('',(#6351));
#6064=SURFACE_SIDE_STYLE('',(#6352));
#6065=SURFACE_SIDE_STYLE('',(#6353));
#6066=SURFACE_SIDE_STYLE('',(#6354));
#6067=SURFACE_SIDE_STYLE('',(#6355));
#6068=SURFACE_SIDE_STYLE('',(#6356));
#6069=SURFACE_SIDE_STYLE('',(#6357));
#6070=SURFACE_SIDE_STYLE('',(#6358));
#6071=SURFACE_SIDE_STYLE('',(#6359));
#6072=SURFACE_SIDE_STYLE('',(#6360));
#6073=SURFACE_SIDE_STYLE('',(#6361));
#6074=SURFACE_SIDE_STYLE('',(#6362));
#6075=SURFACE_SIDE_STYLE('',(#6363));
#6076=SURFACE_SIDE_STYLE('',(#6364));
#6077=SURFACE_SIDE_STYLE('',(#6365));
#6078=SURFACE_SIDE_STYLE('',(#6366));
#6079=SURFACE_SIDE_STYLE('',(#6367));
#6080=SURFACE_SIDE_STYLE('',(#6368));
#6081=SURFACE_SIDE_STYLE('',(#6369));
#6082=SURFACE_STYLE_FILL_AREA(#6370);
#6083=SURFACE_STYLE_FILL_AREA(#6371);
#6084=SURFACE_STYLE_FILL_AREA(#6372);
#6085=SURFACE_STYLE_FILL_AREA(#6373);
#6086=SURFACE_STYLE_FILL_AREA(#6374);
#6087=SURFACE_STYLE_FILL_AREA(#6375);
#6088=SURFACE_STYLE_FILL_AREA(#6376);
#6089=SURFACE_STYLE_FILL_AREA(#6377);
#6090=SURFACE_STYLE_FILL_AREA(#6378);
#6091=SURFACE_STYLE_FILL_AREA(#6379);
#6092=SURFACE_STYLE_FILL_AREA(#6380);
#6093=SURFACE_STYLE_FILL_AREA(#6381);
#6094=SURFACE_STYLE_FILL_AREA(#6382);
#6095=SURFACE_STYLE_FILL_AREA(#6383);
#6096=SURFACE_STYLE_FILL_AREA(#6384);
#6097=SURFACE_STYLE_FILL_AREA(#6385);
#6098=SURFACE_STYLE_FILL_AREA(#6386);
#6099=SURFACE_STYLE_FILL_AREA(#6387);
#6100=SURFACE_STYLE_FILL_AREA(#6388);
#6101=SURFACE_STYLE_FILL_AREA(#6389);
#6102=SURFACE_STYLE_FILL_AREA(#6390);
#6103=SURFACE_STYLE_FILL_AREA(#6391);
#6104=SURFACE_STYLE_FILL_AREA(#6392);
#6105=SURFACE_STYLE_FILL_AREA(#6393);
#6106=SURFACE_STYLE_FILL_AREA(#6394);
#6107=SURFACE_STYLE_FILL_AREA(#6395);
#6108=SURFACE_STYLE_FILL_AREA(#6396);
#6109=SURFACE_STYLE_FILL_AREA(#6397);
#6110=SURFACE_STYLE_FILL_AREA(#6398);
#6111=SURFACE_STYLE_FILL_AREA(#6399);
#6112=SURFACE_STYLE_FILL_AREA(#6400);
#6113=SURFACE_STYLE_FILL_AREA(#6401);
#6114=SURFACE_STYLE_FILL_AREA(#6402);
#6115=SURFACE_STYLE_FILL_AREA(#6403);
#6116=SURFACE_STYLE_FILL_AREA(#6404);
#6117=SURFACE_STYLE_FILL_AREA(#6405);
#6118=SURFACE_STYLE_FILL_AREA(#6406);
#6119=SURFACE_STYLE_FILL_AREA(#6407);
#6120=SURFACE_STYLE_FILL_AREA(#6408);
#6121=SURFACE_STYLE_FILL_AREA(#6409);
#6122=SURFACE_STYLE_FILL_AREA(#6410);
#6123=SURFACE_STYLE_FILL_AREA(#6411);
#6124=SURFACE_STYLE_FILL_AREA(#6412);
#6125=SURFACE_STYLE_FILL_AREA(#6413);
#6126=SURFACE_STYLE_FILL_AREA(#6414);
#6127=SURFACE_STYLE_FILL_AREA(#6415);
#6128=SURFACE_STYLE_FILL_AREA(#6416);
#6129=SURFACE_STYLE_FILL_AREA(#6417);
#6130=SURFACE_STYLE_FILL_AREA(#6418);
#6131=SURFACE_STYLE_FILL_AREA(#6419);
#6132=SURFACE_STYLE_FILL_AREA(#6420);
#6133=SURFACE_STYLE_FILL_AREA(#6421);
#6134=SURFACE_STYLE_FILL_AREA(#6422);
#6135=SURFACE_STYLE_FILL_AREA(#6423);
#6136=SURFACE_STYLE_FILL_AREA(#6424);
#6137=SURFACE_STYLE_FILL_AREA(#6425);
#6138=SURFACE_STYLE_FILL_AREA(#6426);
#6139=SURFACE_STYLE_FILL_AREA(#6427);
#6140=SURFACE_STYLE_FILL_AREA(#6428);
#6141=SURFACE_STYLE_FILL_AREA(#6429);
#6142=SURFACE_STYLE_FILL_AREA(#6430);
#6143=SURFACE_STYLE_FILL_AREA(#6431);
#6144=SURFACE_STYLE_FILL_AREA(#6432);
#6145=SURFACE_STYLE_FILL_AREA(#6433);
#6146=SURFACE_STYLE_FILL_AREA(#6434);
#6147=SURFACE_STYLE_FILL_AREA(#6435);
#6148=SURFACE_STYLE_FILL_AREA(#6436);
#6149=SURFACE_STYLE_FILL_AREA(#6437);
#6150=SURFACE_STYLE_FILL_AREA(#6438);
#6151=SURFACE_STYLE_FILL_AREA(#6439);
#6152=SURFACE_STYLE_FILL_AREA(#6440);
#6153=SURFACE_STYLE_FILL_AREA(#6441);
#6154=SURFACE_STYLE_FILL_AREA(#6442);
#6155=SURFACE_STYLE_FILL_AREA(#6443);
#6156=SURFACE_STYLE_FILL_AREA(#6444);
#6157=SURFACE_STYLE_FILL_AREA(#6445);
#6158=SURFACE_STYLE_FILL_AREA(#6446);
#6159=SURFACE_STYLE_FILL_AREA(#6447);
#6160=SURFACE_STYLE_FILL_AREA(#6448);
#6161=SURFACE_STYLE_FILL_AREA(#6449);
#6162=SURFACE_STYLE_FILL_AREA(#6450);
#6163=SURFACE_STYLE_FILL_AREA(#6451);
#6164=SURFACE_STYLE_FILL_AREA(#6452);
#6165=SURFACE_STYLE_FILL_AREA(#6453);
#6166=SURFACE_STYLE_FILL_AREA(#6454);
#6167=SURFACE_STYLE_FILL_AREA(#6455);
#6168=SURFACE_STYLE_FILL_AREA(#6456);
#6169=SURFACE_STYLE_FILL_AREA(#6457);
#6170=SURFACE_STYLE_FILL_AREA(#6458);
#6171=SURFACE_STYLE_FILL_AREA(#6459);
#6172=SURFACE_STYLE_FILL_AREA(#6460);
#6173=SURFACE_STYLE_FILL_AREA(#6461);
#6174=SURFACE_STYLE_FILL_AREA(#6462);
#6175=SURFACE_STYLE_FILL_AREA(#6463);
#6176=SURFACE_STYLE_FILL_AREA(#6464);
#6177=SURFACE_STYLE_FILL_AREA(#6465);
#6178=SURFACE_STYLE_FILL_AREA(#6466);
#6179=SURFACE_STYLE_FILL_AREA(#6467);
#6180=SURFACE_STYLE_FILL_AREA(#6468);
#6181=SURFACE_STYLE_FILL_AREA(#6469);
#6182=SURFACE_STYLE_FILL_AREA(#6470);
#6183=SURFACE_STYLE_FILL_AREA(#6471);
#6184=SURFACE_STYLE_FILL_AREA(#6472);
#6185=SURFACE_STYLE_FILL_AREA(#6473);
#6186=SURFACE_STYLE_FILL_AREA(#6474);
#6187=SURFACE_STYLE_FILL_AREA(#6475);
#6188=SURFACE_STYLE_FILL_AREA(#6476);
#6189=SURFACE_STYLE_FILL_AREA(#6477);
#6190=SURFACE_STYLE_FILL_AREA(#6478);
#6191=SURFACE_STYLE_FILL_AREA(#6479);
#6192=SURFACE_STYLE_FILL_AREA(#6480);
#6193=SURFACE_STYLE_FILL_AREA(#6481);
#6194=SURFACE_STYLE_FILL_AREA(#6482);
#6195=SURFACE_STYLE_FILL_AREA(#6483);
#6196=SURFACE_STYLE_FILL_AREA(#6484);
#6197=SURFACE_STYLE_FILL_AREA(#6485);
#6198=SURFACE_STYLE_FILL_AREA(#6486);
#6199=SURFACE_STYLE_FILL_AREA(#6487);
#6200=SURFACE_STYLE_FILL_AREA(#6488);
#6201=SURFACE_STYLE_FILL_AREA(#6489);
#6202=SURFACE_STYLE_FILL_AREA(#6490);
#6203=SURFACE_STYLE_FILL_AREA(#6491);
#6204=SURFACE_STYLE_FILL_AREA(#6492);
#6205=SURFACE_STYLE_FILL_AREA(#6493);
#6206=SURFACE_STYLE_FILL_AREA(#6494);
#6207=SURFACE_STYLE_FILL_AREA(#6495);
#6208=SURFACE_STYLE_FILL_AREA(#6496);
#6209=SURFACE_STYLE_FILL_AREA(#6497);
#6210=SURFACE_STYLE_FILL_AREA(#6498);
#6211=SURFACE_STYLE_FILL_AREA(#6499);
#6212=SURFACE_STYLE_FILL_AREA(#6500);
#6213=SURFACE_STYLE_FILL_AREA(#6501);
#6214=SURFACE_STYLE_FILL_AREA(#6502);
#6215=SURFACE_STYLE_FILL_AREA(#6503);
#6216=SURFACE_STYLE_FILL_AREA(#6504);
#6217=SURFACE_STYLE_FILL_AREA(#6505);
#6218=SURFACE_STYLE_FILL_AREA(#6506);
#6219=SURFACE_STYLE_FILL_AREA(#6507);
#6220=SURFACE_STYLE_FILL_AREA(#6508);
#6221=SURFACE_STYLE_FILL_AREA(#6509);
#6222=SURFACE_STYLE_FILL_AREA(#6510);
#6223=SURFACE_STYLE_FILL_AREA(#6511);
#6224=SURFACE_STYLE_FILL_AREA(#6512);
#6225=SURFACE_STYLE_FILL_AREA(#6513);
#6226=SURFACE_STYLE_FILL_AREA(#6514);
#6227=SURFACE_STYLE_FILL_AREA(#6515);
#6228=SURFACE_STYLE_FILL_AREA(#6516);
#6229=SURFACE_STYLE_FILL_AREA(#6517);
#6230=SURFACE_STYLE_FILL_AREA(#6518);
#6231=SURFACE_STYLE_FILL_AREA(#6519);
#6232=SURFACE_STYLE_FILL_AREA(#6520);
#6233=SURFACE_STYLE_FILL_AREA(#6521);
#6234=SURFACE_STYLE_FILL_AREA(#6522);
#6235=SURFACE_STYLE_FILL_AREA(#6523);
#6236=SURFACE_STYLE_FILL_AREA(#6524);
#6237=SURFACE_STYLE_FILL_AREA(#6525);
#6238=SURFACE_STYLE_FILL_AREA(#6526);
#6239=SURFACE_STYLE_FILL_AREA(#6527);
#6240=SURFACE_STYLE_FILL_AREA(#6528);
#6241=SURFACE_STYLE_FILL_AREA(#6529);
#6242=SURFACE_STYLE_FILL_AREA(#6530);
#6243=SURFACE_STYLE_FILL_AREA(#6531);
#6244=SURFACE_STYLE_FILL_AREA(#6532);
#6245=SURFACE_STYLE_FILL_AREA(#6533);
#6246=SURFACE_STYLE_FILL_AREA(#6534);
#6247=SURFACE_STYLE_FILL_AREA(#6535);
#6248=SURFACE_STYLE_FILL_AREA(#6536);
#6249=SURFACE_STYLE_FILL_AREA(#6537);
#6250=SURFACE_STYLE_FILL_AREA(#6538);
#6251=SURFACE_STYLE_FILL_AREA(#6539);
#6252=SURFACE_STYLE_FILL_AREA(#6540);
#6253=SURFACE_STYLE_FILL_AREA(#6541);
#6254=SURFACE_STYLE_FILL_AREA(#6542);
#6255=SURFACE_STYLE_FILL_AREA(#6543);
#6256=SURFACE_STYLE_FILL_AREA(#6544);
#6257=SURFACE_STYLE_FILL_AREA(#6545);
#6258=SURFACE_STYLE_FILL_AREA(#6546);
#6259=SURFACE_STYLE_FILL_AREA(#6547);
#6260=SURFACE_STYLE_FILL_AREA(#6548);
#6261=SURFACE_STYLE_FILL_AREA(#6549);
#6262=SURFACE_STYLE_FILL_AREA(#6550);
#6263=SURFACE_STYLE_FILL_AREA(#6551);
#6264=SURFACE_STYLE_FILL_AREA(#6552);
#6265=SURFACE_STYLE_FILL_AREA(#6553);
#6266=SURFACE_STYLE_FILL_AREA(#6554);
#6267=SURFACE_STYLE_FILL_AREA(#6555);
#6268=SURFACE_STYLE_FILL_AREA(#6556);
#6269=SURFACE_STYLE_FILL_AREA(#6557);
#6270=SURFACE_STYLE_FILL_AREA(#6558);
#6271=SURFACE_STYLE_FILL_AREA(#6559);
#6272=SURFACE_STYLE_FILL_AREA(#6560);
#6273=SURFACE_STYLE_FILL_AREA(#6561);
#6274=SURFACE_STYLE_FILL_AREA(#6562);
#6275=SURFACE_STYLE_FILL_AREA(#6563);
#6276=SURFACE_STYLE_FILL_AREA(#6564);
#6277=SURFACE_STYLE_FILL_AREA(#6565);
#6278=SURFACE_STYLE_FILL_AREA(#6566);
#6279=SURFACE_STYLE_FILL_AREA(#6567);
#6280=SURFACE_STYLE_FILL_AREA(#6568);
#6281=SURFACE_STYLE_FILL_AREA(#6569);
#6282=SURFACE_STYLE_FILL_AREA(#6570);
#6283=SURFACE_STYLE_FILL_AREA(#6571);
#6284=SURFACE_STYLE_FILL_AREA(#6572);
#6285=SURFACE_STYLE_FILL_AREA(#6573);
#6286=SURFACE_STYLE_FILL_AREA(#6574);
#6287=SURFACE_STYLE_FILL_AREA(#6575);
#6288=SURFACE_STYLE_FILL_AREA(#6576);
#6289=SURFACE_STYLE_FILL_AREA(#6577);
#6290=SURFACE_STYLE_FILL_AREA(#6578);
#6291=SURFACE_STYLE_FILL_AREA(#6579);
#6292=SURFACE_STYLE_FILL_AREA(#6580);
#6293=SURFACE_STYLE_FILL_AREA(#6581);
#6294=SURFACE_STYLE_FILL_AREA(#6582);
#6295=SURFACE_STYLE_FILL_AREA(#6583);
#6296=SURFACE_STYLE_FILL_AREA(#6584);
#6297=SURFACE_STYLE_FILL_AREA(#6585);
#6298=SURFACE_STYLE_FILL_AREA(#6586);
#6299=SURFACE_STYLE_FILL_AREA(#6587);
#6300=SURFACE_STYLE_FILL_AREA(#6588);
#6301=SURFACE_STYLE_FILL_AREA(#6589);
#6302=SURFACE_STYLE_FILL_AREA(#6590);
#6303=SURFACE_STYLE_FILL_AREA(#6591);
#6304=SURFACE_STYLE_FILL_AREA(#6592);
#6305=SURFACE_STYLE_FILL_AREA(#6593);
#6306=SURFACE_STYLE_FILL_AREA(#6594);
#6307=SURFACE_STYLE_FILL_AREA(#6595);
#6308=SURFACE_STYLE_FILL_AREA(#6596);
#6309=SURFACE_STYLE_FILL_AREA(#6597);
#6310=SURFACE_STYLE_FILL_AREA(#6598);
#6311=SURFACE_STYLE_FILL_AREA(#6599);
#6312=SURFACE_STYLE_FILL_AREA(#6600);
#6313=SURFACE_STYLE_FILL_AREA(#6601);
#6314=SURFACE_STYLE_FILL_AREA(#6602);
#6315=SURFACE_STYLE_FILL_AREA(#6603);
#6316=SURFACE_STYLE_FILL_AREA(#6604);
#6317=SURFACE_STYLE_FILL_AREA(#6605);
#6318=SURFACE_STYLE_FILL_AREA(#6606);
#6319=SURFACE_STYLE_FILL_AREA(#6607);
#6320=SURFACE_STYLE_FILL_AREA(#6608);
#6321=SURFACE_STYLE_FILL_AREA(#6609);
#6322=SURFACE_STYLE_FILL_AREA(#6610);
#6323=SURFACE_STYLE_FILL_AREA(#6611);
#6324=SURFACE_STYLE_FILL_AREA(#6612);
#6325=SURFACE_STYLE_FILL_AREA(#6613);
#6326=SURFACE_STYLE_FILL_AREA(#6614);
#6327=SURFACE_STYLE_FILL_AREA(#6615);
#6328=SURFACE_STYLE_FILL_AREA(#6616);
#6329=SURFACE_STYLE_FILL_AREA(#6617);
#6330=SURFACE_STYLE_FILL_AREA(#6618);
#6331=SURFACE_STYLE_FILL_AREA(#6619);
#6332=SURFACE_STYLE_FILL_AREA(#6620);
#6333=SURFACE_STYLE_FILL_AREA(#6621);
#6334=SURFACE_STYLE_FILL_AREA(#6622);
#6335=SURFACE_STYLE_FILL_AREA(#6623);
#6336=SURFACE_STYLE_FILL_AREA(#6624);
#6337=SURFACE_STYLE_FILL_AREA(#6625);
#6338=SURFACE_STYLE_FILL_AREA(#6626);
#6339=SURFACE_STYLE_FILL_AREA(#6627);
#6340=SURFACE_STYLE_FILL_AREA(#6628);
#6341=SURFACE_STYLE_FILL_AREA(#6629);
#6342=SURFACE_STYLE_FILL_AREA(#6630);
#6343=SURFACE_STYLE_FILL_AREA(#6631);
#6344=SURFACE_STYLE_FILL_AREA(#6632);
#6345=SURFACE_STYLE_FILL_AREA(#6633);
#6346=SURFACE_STYLE_FILL_AREA(#6634);
#6347=SURFACE_STYLE_FILL_AREA(#6635);
#6348=SURFACE_STYLE_FILL_AREA(#6636);
#6349=SURFACE_STYLE_FILL_AREA(#6637);
#6350=SURFACE_STYLE_FILL_AREA(#6638);
#6351=SURFACE_STYLE_FILL_AREA(#6639);
#6352=SURFACE_STYLE_FILL_AREA(#6640);
#6353=SURFACE_STYLE_FILL_AREA(#6641);
#6354=SURFACE_STYLE_FILL_AREA(#6642);
#6355=SURFACE_STYLE_FILL_AREA(#6643);
#6356=SURFACE_STYLE_FILL_AREA(#6644);
#6357=SURFACE_STYLE_FILL_AREA(#6645);
#6358=SURFACE_STYLE_FILL_AREA(#6646);
#6359=SURFACE_STYLE_FILL_AREA(#6647);
#6360=SURFACE_STYLE_FILL_AREA(#6648);
#6361=SURFACE_STYLE_FILL_AREA(#6649);
#6362=SURFACE_STYLE_FILL_AREA(#6650);
#6363=SURFACE_STYLE_FILL_AREA(#6651);
#6364=SURFACE_STYLE_FILL_AREA(#6652);
#6365=SURFACE_STYLE_FILL_AREA(#6653);
#6366=SURFACE_STYLE_FILL_AREA(#6654);
#6367=SURFACE_STYLE_FILL_AREA(#6655);
#6368=SURFACE_STYLE_FILL_AREA(#6656);
#6369=SURFACE_STYLE_FILL_AREA(#6657);
#6370=FILL_AREA_STYLE('',(#6658));
#6371=FILL_AREA_STYLE('',(#6659));
#6372=FILL_AREA_STYLE('',(#6660));
#6373=FILL_AREA_STYLE('',(#6661));
#6374=FILL_AREA_STYLE('',(#6662));
#6375=FILL_AREA_STYLE('',(#6663));
#6376=FILL_AREA_STYLE('',(#6664));
#6377=FILL_AREA_STYLE('',(#6665));
#6378=FILL_AREA_STYLE('',(#6666));
#6379=FILL_AREA_STYLE('',(#6667));
#6380=FILL_AREA_STYLE('',(#6668));
#6381=FILL_AREA_STYLE('',(#6669));
#6382=FILL_AREA_STYLE('',(#6670));
#6383=FILL_AREA_STYLE('',(#6671));
#6384=FILL_AREA_STYLE('',(#6672));
#6385=FILL_AREA_STYLE('',(#6673));
#6386=FILL_AREA_STYLE('',(#6674));
#6387=FILL_AREA_STYLE('',(#6675));
#6388=FILL_AREA_STYLE('',(#6676));
#6389=FILL_AREA_STYLE('',(#6677));
#6390=FILL_AREA_STYLE('',(#6678));
#6391=FILL_AREA_STYLE('',(#6679));
#6392=FILL_AREA_STYLE('',(#6680));
#6393=FILL_AREA_STYLE('',(#6681));
#6394=FILL_AREA_STYLE('',(#6682));
#6395=FILL_AREA_STYLE('',(#6683));
#6396=FILL_AREA_STYLE('',(#6684));
#6397=FILL_AREA_STYLE('',(#6685));
#6398=FILL_AREA_STYLE('',(#6686));
#6399=FILL_AREA_STYLE('',(#6687));
#6400=FILL_AREA_STYLE('',(#6688));
#6401=FILL_AREA_STYLE('',(#6689));
#6402=FILL_AREA_STYLE('',(#6690));
#6403=FILL_AREA_STYLE('',(#6691));
#6404=FILL_AREA_STYLE('',(#6692));
#6405=FILL_AREA_STYLE('',(#6693));
#6406=FILL_AREA_STYLE('',(#6694));
#6407=FILL_AREA_STYLE('',(#6695));
#6408=FILL_AREA_STYLE('',(#6696));
#6409=FILL_AREA_STYLE('',(#6697));
#6410=FILL_AREA_STYLE('',(#6698));
#6411=FILL_AREA_STYLE('',(#6699));
#6412=FILL_AREA_STYLE('',(#6700));
#6413=FILL_AREA_STYLE('',(#6701));
#6414=FILL_AREA_STYLE('',(#6702));
#6415=FILL_AREA_STYLE('',(#6703));
#6416=FILL_AREA_STYLE('',(#6704));
#6417=FILL_AREA_STYLE('',(#6705));
#6418=FILL_AREA_STYLE('',(#6706));
#6419=FILL_AREA_STYLE('',(#6707));
#6420=FILL_AREA_STYLE('',(#6708));
#6421=FILL_AREA_STYLE('',(#6709));
#6422=FILL_AREA_STYLE('',(#6710));
#6423=FILL_AREA_STYLE('',(#6711));
#6424=FILL_AREA_STYLE('',(#6712));
#6425=FILL_AREA_STYLE('',(#6713));
#6426=FILL_AREA_STYLE('',(#6714));
#6427=FILL_AREA_STYLE('',(#6715));
#6428=FILL_AREA_STYLE('',(#6716));
#6429=FILL_AREA_STYLE('',(#6717));
#6430=FILL_AREA_STYLE('',(#6718));
#6431=FILL_AREA_STYLE('',(#6719));
#6432=FILL_AREA_STYLE('',(#6720));
#6433=FILL_AREA_STYLE('',(#6721));
#6434=FILL_AREA_STYLE('',(#6722));
#6435=FILL_AREA_STYLE('',(#6723));
#6436=FILL_AREA_STYLE('',(#6724));
#6437=FILL_AREA_STYLE('',(#6725));
#6438=FILL_AREA_STYLE('',(#6726));
#6439=FILL_AREA_STYLE('',(#6727));
#6440=FILL_AREA_STYLE('',(#6728));
#6441=FILL_AREA_STYLE('',(#6729));
#6442=FILL_AREA_STYLE('',(#6730));
#6443=FILL_AREA_STYLE('',(#6731));
#6444=FILL_AREA_STYLE('',(#6732));
#6445=FILL_AREA_STYLE('',(#6733));
#6446=FILL_AREA_STYLE('',(#6734));
#6447=FILL_AREA_STYLE('',(#6735));
#6448=FILL_AREA_STYLE('',(#6736));
#6449=FILL_AREA_STYLE('',(#6737));
#6450=FILL_AREA_STYLE('',(#6738));
#6451=FILL_AREA_STYLE('',(#6739));
#6452=FILL_AREA_STYLE('',(#6740));
#6453=FILL_AREA_STYLE('',(#6741));
#6454=FILL_AREA_STYLE('',(#6742));
#6455=FILL_AREA_STYLE('',(#6743));
#6456=FILL_AREA_STYLE('',(#6744));
#6457=FILL_AREA_STYLE('',(#6745));
#6458=FILL_AREA_STYLE('',(#6746));
#6459=FILL_AREA_STYLE('',(#6747));
#6460=FILL_AREA_STYLE('',(#6748));
#6461=FILL_AREA_STYLE('',(#6749));
#6462=FILL_AREA_STYLE('',(#6750));
#6463=FILL_AREA_STYLE('',(#6751));
#6464=FILL_AREA_STYLE('',(#6752));
#6465=FILL_AREA_STYLE('',(#6753));
#6466=FILL_AREA_STYLE('',(#6754));
#6467=FILL_AREA_STYLE('',(#6755));
#6468=FILL_AREA_STYLE('',(#6756));
#6469=FILL_AREA_STYLE('',(#6757));
#6470=FILL_AREA_STYLE('',(#6758));
#6471=FILL_AREA_STYLE('',(#6759));
#6472=FILL_AREA_STYLE('',(#6760));
#6473=FILL_AREA_STYLE('',(#6761));
#6474=FILL_AREA_STYLE('',(#6762));
#6475=FILL_AREA_STYLE('',(#6763));
#6476=FILL_AREA_STYLE('',(#6764));
#6477=FILL_AREA_STYLE('',(#6765));
#6478=FILL_AREA_STYLE('',(#6766));
#6479=FILL_AREA_STYLE('',(#6767));
#6480=FILL_AREA_STYLE('',(#6768));
#6481=FILL_AREA_STYLE('',(#6769));
#6482=FILL_AREA_STYLE('',(#6770));
#6483=FILL_AREA_STYLE('',(#6771));
#6484=FILL_AREA_STYLE('',(#6772));
#6485=FILL_AREA_STYLE('',(#6773));
#6486=FILL_AREA_STYLE('',(#6774));
#6487=FILL_AREA_STYLE('',(#6775));
#6488=FILL_AREA_STYLE('',(#6776));
#6489=FILL_AREA_STYLE('',(#6777));
#6490=FILL_AREA_STYLE('',(#6778));
#6491=FILL_AREA_STYLE('',(#6779));
#6492=FILL_AREA_STYLE('',(#6780));
#6493=FILL_AREA_STYLE('',(#6781));
#6494=FILL_AREA_STYLE('',(#6782));
#6495=FILL_AREA_STYLE('',(#6783));
#6496=FILL_AREA_STYLE('',(#6784));
#6497=FILL_AREA_STYLE('',(#6785));
#6498=FILL_AREA_STYLE('',(#6786));
#6499=FILL_AREA_STYLE('',(#6787));
#6500=FILL_AREA_STYLE('',(#6788));
#6501=FILL_AREA_STYLE('',(#6789));
#6502=FILL_AREA_STYLE('',(#6790));
#6503=FILL_AREA_STYLE('',(#6791));
#6504=FILL_AREA_STYLE('',(#6792));
#6505=FILL_AREA_STYLE('',(#6793));
#6506=FILL_AREA_STYLE('',(#6794));
#6507=FILL_AREA_STYLE('',(#6795));
#6508=FILL_AREA_STYLE('',(#6796));
#6509=FILL_AREA_STYLE('',(#6797));
#6510=FILL_AREA_STYLE('',(#6798));
#6511=FILL_AREA_STYLE('',(#6799));
#6512=FILL_AREA_STYLE('',(#6800));
#6513=FILL_AREA_STYLE('',(#6801));
#6514=FILL_AREA_STYLE('',(#6802));
#6515=FILL_AREA_STYLE('',(#6803));
#6516=FILL_AREA_STYLE('',(#6804));
#6517=FILL_AREA_STYLE('',(#6805));
#6518=FILL_AREA_STYLE('',(#6806));
#6519=FILL_AREA_STYLE('',(#6807));
#6520=FILL_AREA_STYLE('',(#6808));
#6521=FILL_AREA_STYLE('',(#6809));
#6522=FILL_AREA_STYLE('',(#6810));
#6523=FILL_AREA_STYLE('',(#6811));
#6524=FILL_AREA_STYLE('',(#6812));
#6525=FILL_AREA_STYLE('',(#6813));
#6526=FILL_AREA_STYLE('',(#6814));
#6527=FILL_AREA_STYLE('',(#6815));
#6528=FILL_AREA_STYLE('',(#6816));
#6529=FILL_AREA_STYLE('',(#6817));
#6530=FILL_AREA_STYLE('',(#6818));
#6531=FILL_AREA_STYLE('',(#6819));
#6532=FILL_AREA_STYLE('',(#6820));
#6533=FILL_AREA_STYLE('',(#6821));
#6534=FILL_AREA_STYLE('',(#6822));
#6535=FILL_AREA_STYLE('',(#6823));
#6536=FILL_AREA_STYLE('',(#6824));
#6537=FILL_AREA_STYLE('',(#6825));
#6538=FILL_AREA_STYLE('',(#6826));
#6539=FILL_AREA_STYLE('',(#6827));
#6540=FILL_AREA_STYLE('',(#6828));
#6541=FILL_AREA_STYLE('',(#6829));
#6542=FILL_AREA_STYLE('',(#6830));
#6543=FILL_AREA_STYLE('',(#6831));
#6544=FILL_AREA_STYLE('',(#6832));
#6545=FILL_AREA_STYLE('',(#6833));
#6546=FILL_AREA_STYLE('',(#6834));
#6547=FILL_AREA_STYLE('',(#6835));
#6548=FILL_AREA_STYLE('',(#6836));
#6549=FILL_AREA_STYLE('',(#6837));
#6550=FILL_AREA_STYLE('',(#6838));
#6551=FILL_AREA_STYLE('',(#6839));
#6552=FILL_AREA_STYLE('',(#6840));
#6553=FILL_AREA_STYLE('',(#6841));
#6554=FILL_AREA_STYLE('',(#6842));
#6555=FILL_AREA_STYLE('',(#6843));
#6556=FILL_AREA_STYLE('',(#6844));
#6557=FILL_AREA_STYLE('',(#6845));
#6558=FILL_AREA_STYLE('',(#6846));
#6559=FILL_AREA_STYLE('',(#6847));
#6560=FILL_AREA_STYLE('',(#6848));
#6561=FILL_AREA_STYLE('',(#6849));
#6562=FILL_AREA_STYLE('',(#6850));
#6563=FILL_AREA_STYLE('',(#6851));
#6564=FILL_AREA_STYLE('',(#6852));
#6565=FILL_AREA_STYLE('',(#6853));
#6566=FILL_AREA_STYLE('',(#6854));
#6567=FILL_AREA_STYLE('',(#6855));
#6568=FILL_AREA_STYLE('',(#6856));
#6569=FILL_AREA_STYLE('',(#6857));
#6570=FILL_AREA_STYLE('',(#6858));
#6571=FILL_AREA_STYLE('',(#6859));
#6572=FILL_AREA_STYLE('',(#6860));
#6573=FILL_AREA_STYLE('',(#6861));
#6574=FILL_AREA_STYLE('',(#6862));
#6575=FILL_AREA_STYLE('',(#6863));
#6576=FILL_AREA_STYLE('',(#6864));
#6577=FILL_AREA_STYLE('',(#6865));
#6578=FILL_AREA_STYLE('',(#6866));
#6579=FILL_AREA_STYLE('',(#6867));
#6580=FILL_AREA_STYLE('',(#6868));
#6581=FILL_AREA_STYLE('',(#6869));
#6582=FILL_AREA_STYLE('',(#6870));
#6583=FILL_AREA_STYLE('',(#6871));
#6584=FILL_AREA_STYLE('',(#6872));
#6585=FILL_AREA_STYLE('',(#6873));
#6586=FILL_AREA_STYLE('',(#6874));
#6587=FILL_AREA_STYLE('',(#6875));
#6588=FILL_AREA_STYLE('',(#6876));
#6589=FILL_AREA_STYLE('',(#6877));
#6590=FILL_AREA_STYLE('',(#6878));
#6591=FILL_AREA_STYLE('',(#6879));
#6592=FILL_AREA_STYLE('',(#6880));
#6593=FILL_AREA_STYLE('',(#6881));
#6594=FILL_AREA_STYLE('',(#6882));
#6595=FILL_AREA_STYLE('',(#6883));
#6596=FILL_AREA_STYLE('',(#6884));
#6597=FILL_AREA_STYLE('',(#6885));
#6598=FILL_AREA_STYLE('',(#6886));
#6599=FILL_AREA_STYLE('',(#6887));
#6600=FILL_AREA_STYLE('',(#6888));
#6601=FILL_AREA_STYLE('',(#6889));
#6602=FILL_AREA_STYLE('',(#6890));
#6603=FILL_AREA_STYLE('',(#6891));
#6604=FILL_AREA_STYLE('',(#6892));
#6605=FILL_AREA_STYLE('',(#6893));
#6606=FILL_AREA_STYLE('',(#6894));
#6607=FILL_AREA_STYLE('',(#6895));
#6608=FILL_AREA_STYLE('',(#6896));
#6609=FILL_AREA_STYLE('',(#6897));
#6610=FILL_AREA_STYLE('',(#6898));
#6611=FILL_AREA_STYLE('',(#6899));
#6612=FILL_AREA_STYLE('',(#6900));
#6613=FILL_AREA_STYLE('',(#6901));
#6614=FILL_AREA_STYLE('',(#6902));
#6615=FILL_AREA_STYLE('',(#6903));
#6616=FILL_AREA_STYLE('',(#6904));
#6617=FILL_AREA_STYLE('',(#6905));
#6618=FILL_AREA_STYLE('',(#6906));
#6619=FILL_AREA_STYLE('',(#6907));
#6620=FILL_AREA_STYLE('',(#6908));
#6621=FILL_AREA_STYLE('',(#6909));
#6622=FILL_AREA_STYLE('',(#6910));
#6623=FILL_AREA_STYLE('',(#6911));
#6624=FILL_AREA_STYLE('',(#6912));
#6625=FILL_AREA_STYLE('',(#6913));
#6626=FILL_AREA_STYLE('',(#6914));
#6627=FILL_AREA_STYLE('',(#6915));
#6628=FILL_AREA_STYLE('',(#6916));
#6629=FILL_AREA_STYLE('',(#6917));
#6630=FILL_AREA_STYLE('',(#6918));
#6631=FILL_AREA_STYLE('',(#6919));
#6632=FILL_AREA_STYLE('',(#6920));
#6633=FILL_AREA_STYLE('',(#6921));
#6634=FILL_AREA_STYLE('',(#6922));
#6635=FILL_AREA_STYLE('',(#6923));
#6636=FILL_AREA_STYLE('',(#6924));
#6637=FILL_AREA_STYLE('',(#6925));
#6638=FILL_AREA_STYLE('',(#6926));
#6639=FILL_AREA_STYLE('',(#6927));
#6640=FILL_AREA_STYLE('',(#6928));
#6641=FILL_AREA_STYLE('',(#6929));
#6642=FILL_AREA_STYLE('',(#6930));
#6643=FILL_AREA_STYLE('',(#6931));
#6644=FILL_AREA_STYLE('',(#6932));
#6645=FILL_AREA_STYLE('',(#6933));
#6646=FILL_AREA_STYLE('',(#6934));
#6647=FILL_AREA_STYLE('',(#6935));
#6648=FILL_AREA_STYLE('',(#6936));
#6649=FILL_AREA_STYLE('',(#6937));
#6650=FILL_AREA_STYLE('',(#6938));
#6651=FILL_AREA_STYLE('',(#6939));
#6652=FILL_AREA_STYLE('',(#6940));
#6653=FILL_AREA_STYLE('',(#6941));
#6654=FILL_AREA_STYLE('',(#6942));
#6655=FILL_AREA_STYLE('',(#6943));
#6656=FILL_AREA_STYLE('',(#6944));
#6657=FILL_AREA_STYLE('',(#6945));
#6658=FILL_AREA_STYLE_COLOUR('',#6946);
#6659=FILL_AREA_STYLE_COLOUR('',#6947);
#6660=FILL_AREA_STYLE_COLOUR('',#6947);
#6661=FILL_AREA_STYLE_COLOUR('',#6947);
#6662=FILL_AREA_STYLE_COLOUR('',#6947);
#6663=FILL_AREA_STYLE_COLOUR('',#6947);
#6664=FILL_AREA_STYLE_COLOUR('',#6947);
#6665=FILL_AREA_STYLE_COLOUR('',#6947);
#6666=FILL_AREA_STYLE_COLOUR('',#6947);
#6667=FILL_AREA_STYLE_COLOUR('',#6947);
#6668=FILL_AREA_STYLE_COLOUR('',#6947);
#6669=FILL_AREA_STYLE_COLOUR('',#6947);
#6670=FILL_AREA_STYLE_COLOUR('',#6947);
#6671=FILL_AREA_STYLE_COLOUR('',#6946);
#6672=FILL_AREA_STYLE_COLOUR('',#6946);
#6673=FILL_AREA_STYLE_COLOUR('',#6946);
#6674=FILL_AREA_STYLE_COLOUR('',#6946);
#6675=FILL_AREA_STYLE_COLOUR('',#6946);
#6676=FILL_AREA_STYLE_COLOUR('',#6946);
#6677=FILL_AREA_STYLE_COLOUR('',#6946);
#6678=FILL_AREA_STYLE_COLOUR('',#6946);
#6679=FILL_AREA_STYLE_COLOUR('',#6946);
#6680=FILL_AREA_STYLE_COLOUR('',#6946);
#6681=FILL_AREA_STYLE_COLOUR('',#6946);
#6682=FILL_AREA_STYLE_COLOUR('',#6946);
#6683=FILL_AREA_STYLE_COLOUR('',#6946);
#6684=FILL_AREA_STYLE_COLOUR('',#6946);
#6685=FILL_AREA_STYLE_COLOUR('',#6946);
#6686=FILL_AREA_STYLE_COLOUR('',#6946);
#6687=FILL_AREA_STYLE_COLOUR('',#6946);
#6688=FILL_AREA_STYLE_COLOUR('',#6946);
#6689=FILL_AREA_STYLE_COLOUR('',#6946);
#6690=FILL_AREA_STYLE_COLOUR('',#6946);
#6691=FILL_AREA_STYLE_COLOUR('',#6946);
#6692=FILL_AREA_STYLE_COLOUR('',#6946);
#6693=FILL_AREA_STYLE_COLOUR('',#6946);
#6694=FILL_AREA_STYLE_COLOUR('',#6946);
#6695=FILL_AREA_STYLE_COLOUR('',#6946);
#6696=FILL_AREA_STYLE_COLOUR('',#6946);
#6697=FILL_AREA_STYLE_COLOUR('',#6946);
#6698=FILL_AREA_STYLE_COLOUR('',#6946);
#6699=FILL_AREA_STYLE_COLOUR('',#6946);
#6700=FILL_AREA_STYLE_COLOUR('',#6946);
#6701=FILL_AREA_STYLE_COLOUR('',#6946);
#6702=FILL_AREA_STYLE_COLOUR('',#6946);
#6703=FILL_AREA_STYLE_COLOUR('',#6946);
#6704=FILL_AREA_STYLE_COLOUR('',#6946);
#6705=FILL_AREA_STYLE_COLOUR('',#6946);
#6706=FILL_AREA_STYLE_COLOUR('',#6946);
#6707=FILL_AREA_STYLE_COLOUR('',#6946);
#6708=FILL_AREA_STYLE_COLOUR('',#6946);
#6709=FILL_AREA_STYLE_COLOUR('',#6946);
#6710=FILL_AREA_STYLE_COLOUR('',#6946);
#6711=FILL_AREA_STYLE_COLOUR('',#6946);
#6712=FILL_AREA_STYLE_COLOUR('',#6946);
#6713=FILL_AREA_STYLE_COLOUR('',#6946);
#6714=FILL_AREA_STYLE_COLOUR('',#6946);
#6715=FILL_AREA_STYLE_COLOUR('',#6946);
#6716=FILL_AREA_STYLE_COLOUR('',#6946);
#6717=FILL_AREA_STYLE_COLOUR('',#6946);
#6718=FILL_AREA_STYLE_COLOUR('',#6946);
#6719=FILL_AREA_STYLE_COLOUR('',#6946);
#6720=FILL_AREA_STYLE_COLOUR('',#6946);
#6721=FILL_AREA_STYLE_COLOUR('',#6946);
#6722=FILL_AREA_STYLE_COLOUR('',#6946);
#6723=FILL_AREA_STYLE_COLOUR('',#6946);
#6724=FILL_AREA_STYLE_COLOUR('',#6946);
#6725=FILL_AREA_STYLE_COLOUR('',#6946);
#6726=FILL_AREA_STYLE_COLOUR('',#6946);
#6727=FILL_AREA_STYLE_COLOUR('',#6946);
#6728=FILL_AREA_STYLE_COLOUR('',#6946);
#6729=FILL_AREA_STYLE_COLOUR('',#6946);
#6730=FILL_AREA_STYLE_COLOUR('',#6946);
#6731=FILL_AREA_STYLE_COLOUR('',#6946);
#6732=FILL_AREA_STYLE_COLOUR('',#6946);
#6733=FILL_AREA_STYLE_COLOUR('',#6946);
#6734=FILL_AREA_STYLE_COLOUR('',#6946);
#6735=FILL_AREA_STYLE_COLOUR('',#6946);
#6736=FILL_AREA_STYLE_COLOUR('',#6946);
#6737=FILL_AREA_STYLE_COLOUR('',#6946);
#6738=FILL_AREA_STYLE_COLOUR('',#6946);
#6739=FILL_AREA_STYLE_COLOUR('',#6946);
#6740=FILL_AREA_STYLE_COLOUR('',#6946);
#6741=FILL_AREA_STYLE_COLOUR('',#6946);
#6742=FILL_AREA_STYLE_COLOUR('',#6946);
#6743=FILL_AREA_STYLE_COLOUR('',#6946);
#6744=FILL_AREA_STYLE_COLOUR('',#6946);
#6745=FILL_AREA_STYLE_COLOUR('',#6946);
#6746=FILL_AREA_STYLE_COLOUR('',#6946);
#6747=FILL_AREA_STYLE_COLOUR('',#6946);
#6748=FILL_AREA_STYLE_COLOUR('',#6946);
#6749=FILL_AREA_STYLE_COLOUR('',#6946);
#6750=FILL_AREA_STYLE_COLOUR('',#6946);
#6751=FILL_AREA_STYLE_COLOUR('',#6946);
#6752=FILL_AREA_STYLE_COLOUR('',#6946);
#6753=FILL_AREA_STYLE_COLOUR('',#6946);
#6754=FILL_AREA_STYLE_COLOUR('',#6948);
#6755=FILL_AREA_STYLE_COLOUR('',#6948);
#6756=FILL_AREA_STYLE_COLOUR('',#6948);
#6757=FILL_AREA_STYLE_COLOUR('',#6948);
#6758=FILL_AREA_STYLE_COLOUR('',#6948);
#6759=FILL_AREA_STYLE_COLOUR('',#6948);
#6760=FILL_AREA_STYLE_COLOUR('',#6948);
#6761=FILL_AREA_STYLE_COLOUR('',#6948);
#6762=FILL_AREA_STYLE_COLOUR('',#6948);
#6763=FILL_AREA_STYLE_COLOUR('',#6948);
#6764=FILL_AREA_STYLE_COLOUR('',#6948);
#6765=FILL_AREA_STYLE_COLOUR('',#6948);
#6766=FILL_AREA_STYLE_COLOUR('',#6948);
#6767=FILL_AREA_STYLE_COLOUR('',#6948);
#6768=FILL_AREA_STYLE_COLOUR('',#6948);
#6769=FILL_AREA_STYLE_COLOUR('',#6948);
#6770=FILL_AREA_STYLE_COLOUR('',#6948);
#6771=FILL_AREA_STYLE_COLOUR('',#6948);
#6772=FILL_AREA_STYLE_COLOUR('',#6948);
#6773=FILL_AREA_STYLE_COLOUR('',#6948);
#6774=FILL_AREA_STYLE_COLOUR('',#6946);
#6775=FILL_AREA_STYLE_COLOUR('',#6946);
#6776=FILL_AREA_STYLE_COLOUR('',#6946);
#6777=FILL_AREA_STYLE_COLOUR('',#6946);
#6778=FILL_AREA_STYLE_COLOUR('',#6946);
#6779=FILL_AREA_STYLE_COLOUR('',#6946);
#6780=FILL_AREA_STYLE_COLOUR('',#6946);
#6781=FILL_AREA_STYLE_COLOUR('',#6946);
#6782=FILL_AREA_STYLE_COLOUR('',#6946);
#6783=FILL_AREA_STYLE_COLOUR('',#6946);
#6784=FILL_AREA_STYLE_COLOUR('',#6946);
#6785=FILL_AREA_STYLE_COLOUR('',#6946);
#6786=FILL_AREA_STYLE_COLOUR('',#6946);
#6787=FILL_AREA_STYLE_COLOUR('',#6946);
#6788=FILL_AREA_STYLE_COLOUR('',#6946);
#6789=FILL_AREA_STYLE_COLOUR('',#6946);
#6790=FILL_AREA_STYLE_COLOUR('',#6946);
#6791=FILL_AREA_STYLE_COLOUR('',#6946);
#6792=FILL_AREA_STYLE_COLOUR('',#6946);
#6793=FILL_AREA_STYLE_COLOUR('',#6946);
#6794=FILL_AREA_STYLE_COLOUR('',#6946);
#6795=FILL_AREA_STYLE_COLOUR('',#6946);
#6796=FILL_AREA_STYLE_COLOUR('',#6946);
#6797=FILL_AREA_STYLE_COLOUR('',#6946);
#6798=FILL_AREA_STYLE_COLOUR('',#6946);
#6799=FILL_AREA_STYLE_COLOUR('',#6946);
#6800=FILL_AREA_STYLE_COLOUR('',#6946);
#6801=FILL_AREA_STYLE_COLOUR('',#6946);
#6802=FILL_AREA_STYLE_COLOUR('',#6946);
#6803=FILL_AREA_STYLE_COLOUR('',#6946);
#6804=FILL_AREA_STYLE_COLOUR('',#6946);
#6805=FILL_AREA_STYLE_COLOUR('',#6946);
#6806=FILL_AREA_STYLE_COLOUR('',#6946);
#6807=FILL_AREA_STYLE_COLOUR('',#6946);
#6808=FILL_AREA_STYLE_COLOUR('',#6946);
#6809=FILL_AREA_STYLE_COLOUR('',#6946);
#6810=FILL_AREA_STYLE_COLOUR('',#6946);
#6811=FILL_AREA_STYLE_COLOUR('',#6946);
#6812=FILL_AREA_STYLE_COLOUR('',#6946);
#6813=FILL_AREA_STYLE_COLOUR('',#6946);
#6814=FILL_AREA_STYLE_COLOUR('',#6946);
#6815=FILL_AREA_STYLE_COLOUR('',#6946);
#6816=FILL_AREA_STYLE_COLOUR('',#6946);
#6817=FILL_AREA_STYLE_COLOUR('',#6946);
#6818=FILL_AREA_STYLE_COLOUR('',#6946);
#6819=FILL_AREA_STYLE_COLOUR('',#6946);
#6820=FILL_AREA_STYLE_COLOUR('',#6946);
#6821=FILL_AREA_STYLE_COLOUR('',#6946);
#6822=FILL_AREA_STYLE_COLOUR('',#6946);
#6823=FILL_AREA_STYLE_COLOUR('',#6946);
#6824=FILL_AREA_STYLE_COLOUR('',#6946);
#6825=FILL_AREA_STYLE_COLOUR('',#6946);
#6826=FILL_AREA_STYLE_COLOUR('',#6946);
#6827=FILL_AREA_STYLE_COLOUR('',#6946);
#6828=FILL_AREA_STYLE_COLOUR('',#6946);
#6829=FILL_AREA_STYLE_COLOUR('',#6946);
#6830=FILL_AREA_STYLE_COLOUR('',#6946);
#6831=FILL_AREA_STYLE_COLOUR('',#6946);
#6832=FILL_AREA_STYLE_COLOUR('',#6946);
#6833=FILL_AREA_STYLE_COLOUR('',#6946);
#6834=FILL_AREA_STYLE_COLOUR('',#6946);
#6835=FILL_AREA_STYLE_COLOUR('',#6946);
#6836=FILL_AREA_STYLE_COLOUR('',#6946);
#6837=FILL_AREA_STYLE_COLOUR('',#6946);
#6838=FILL_AREA_STYLE_COLOUR('',#6946);
#6839=FILL_AREA_STYLE_COLOUR('',#6946);
#6840=FILL_AREA_STYLE_COLOUR('',#6946);
#6841=FILL_AREA_STYLE_COLOUR('',#6946);
#6842=FILL_AREA_STYLE_COLOUR('',#6946);
#6843=FILL_AREA_STYLE_COLOUR('',#6946);
#6844=FILL_AREA_STYLE_COLOUR('',#6946);
#6845=FILL_AREA_STYLE_COLOUR('',#6946);
#6846=FILL_AREA_STYLE_COLOUR('',#6946);
#6847=FILL_AREA_STYLE_COLOUR('',#6946);
#6848=FILL_AREA_STYLE_COLOUR('',#6946);
#6849=FILL_AREA_STYLE_COLOUR('',#6946);
#6850=FILL_AREA_STYLE_COLOUR('',#6946);
#6851=FILL_AREA_STYLE_COLOUR('',#6946);
#6852=FILL_AREA_STYLE_COLOUR('',#6946);
#6853=FILL_AREA_STYLE_COLOUR('',#6946);
#6854=FILL_AREA_STYLE_COLOUR('',#6946);
#6855=FILL_AREA_STYLE_COLOUR('',#6946);
#6856=FILL_AREA_STYLE_COLOUR('',#6946);
#6857=FILL_AREA_STYLE_COLOUR('',#6946);
#6858=FILL_AREA_STYLE_COLOUR('',#6946);
#6859=FILL_AREA_STYLE_COLOUR('',#6946);
#6860=FILL_AREA_STYLE_COLOUR('',#6946);
#6861=FILL_AREA_STYLE_COLOUR('',#6946);
#6862=FILL_AREA_STYLE_COLOUR('',#6946);
#6863=FILL_AREA_STYLE_COLOUR('',#6946);
#6864=FILL_AREA_STYLE_COLOUR('',#6946);
#6865=FILL_AREA_STYLE_COLOUR('',#6946);
#6866=FILL_AREA_STYLE_COLOUR('',#6946);
#6867=FILL_AREA_STYLE_COLOUR('',#6946);
#6868=FILL_AREA_STYLE_COLOUR('',#6946);
#6869=FILL_AREA_STYLE_COLOUR('',#6946);
#6870=FILL_AREA_STYLE_COLOUR('',#6946);
#6871=FILL_AREA_STYLE_COLOUR('',#6946);
#6872=FILL_AREA_STYLE_COLOUR('',#6946);
#6873=FILL_AREA_STYLE_COLOUR('',#6946);
#6874=FILL_AREA_STYLE_COLOUR('',#6946);
#6875=FILL_AREA_STYLE_COLOUR('',#6946);
#6876=FILL_AREA_STYLE_COLOUR('',#6946);
#6877=FILL_AREA_STYLE_COLOUR('',#6946);
#6878=FILL_AREA_STYLE_COLOUR('',#6946);
#6879=FILL_AREA_STYLE_COLOUR('',#6946);
#6880=FILL_AREA_STYLE_COLOUR('',#6946);
#6881=FILL_AREA_STYLE_COLOUR('',#6946);
#6882=FILL_AREA_STYLE_COLOUR('',#6946);
#6883=FILL_AREA_STYLE_COLOUR('',#6946);
#6884=FILL_AREA_STYLE_COLOUR('',#6946);
#6885=FILL_AREA_STYLE_COLOUR('',#6946);
#6886=FILL_AREA_STYLE_COLOUR('',#6946);
#6887=FILL_AREA_STYLE_COLOUR('',#6946);
#6888=FILL_AREA_STYLE_COLOUR('',#6946);
#6889=FILL_AREA_STYLE_COLOUR('',#6946);
#6890=FILL_AREA_STYLE_COLOUR('',#6946);
#6891=FILL_AREA_STYLE_COLOUR('',#6947);
#6892=FILL_AREA_STYLE_COLOUR('',#6946);
#6893=FILL_AREA_STYLE_COLOUR('',#6947);
#6894=FILL_AREA_STYLE_COLOUR('',#6947);
#6895=FILL_AREA_STYLE_COLOUR('',#6947);
#6896=FILL_AREA_STYLE_COLOUR('',#6947);
#6897=FILL_AREA_STYLE_COLOUR('',#6947);
#6898=FILL_AREA_STYLE_COLOUR('',#6947);
#6899=FILL_AREA_STYLE_COLOUR('',#6946);
#6900=FILL_AREA_STYLE_COLOUR('',#6947);
#6901=FILL_AREA_STYLE_COLOUR('',#6947);
#6902=FILL_AREA_STYLE_COLOUR('',#6947);
#6903=FILL_AREA_STYLE_COLOUR('',#6947);
#6904=FILL_AREA_STYLE_COLOUR('',#6947);
#6905=FILL_AREA_STYLE_COLOUR('',#6947);
#6906=FILL_AREA_STYLE_COLOUR('',#6947);
#6907=FILL_AREA_STYLE_COLOUR('',#6947);
#6908=FILL_AREA_STYLE_COLOUR('',#6947);
#6909=FILL_AREA_STYLE_COLOUR('',#6947);
#6910=FILL_AREA_STYLE_COLOUR('',#6947);
#6911=FILL_AREA_STYLE_COLOUR('',#6947);
#6912=FILL_AREA_STYLE_COLOUR('',#6947);
#6913=FILL_AREA_STYLE_COLOUR('',#6947);
#6914=FILL_AREA_STYLE_COLOUR('',#6947);
#6915=FILL_AREA_STYLE_COLOUR('',#6947);
#6916=FILL_AREA_STYLE_COLOUR('',#6947);
#6917=FILL_AREA_STYLE_COLOUR('',#6947);
#6918=FILL_AREA_STYLE_COLOUR('',#6947);
#6919=FILL_AREA_STYLE_COLOUR('',#6947);
#6920=FILL_AREA_STYLE_COLOUR('',#6947);
#6921=FILL_AREA_STYLE_COLOUR('',#6947);
#6922=FILL_AREA_STYLE_COLOUR('',#6947);
#6923=FILL_AREA_STYLE_COLOUR('',#6946);
#6924=FILL_AREA_STYLE_COLOUR('',#6946);
#6925=FILL_AREA_STYLE_COLOUR('',#6946);
#6926=FILL_AREA_STYLE_COLOUR('',#6946);
#6927=FILL_AREA_STYLE_COLOUR('',#6946);
#6928=FILL_AREA_STYLE_COLOUR('',#6946);
#6929=FILL_AREA_STYLE_COLOUR('',#6946);
#6930=FILL_AREA_STYLE_COLOUR('',#6946);
#6931=FILL_AREA_STYLE_COLOUR('',#6946);
#6932=FILL_AREA_STYLE_COLOUR('',#6946);
#6933=FILL_AREA_STYLE_COLOUR('',#6946);
#6934=FILL_AREA_STYLE_COLOUR('',#6946);
#6935=FILL_AREA_STYLE_COLOUR('',#6946);
#6936=FILL_AREA_STYLE_COLOUR('',#6946);
#6937=FILL_AREA_STYLE_COLOUR('',#6946);
#6938=FILL_AREA_STYLE_COLOUR('',#6946);
#6939=FILL_AREA_STYLE_COLOUR('',#6946);
#6940=FILL_AREA_STYLE_COLOUR('',#6946);
#6941=FILL_AREA_STYLE_COLOUR('',#6946);
#6942=FILL_AREA_STYLE_COLOUR('',#6946);
#6943=FILL_AREA_STYLE_COLOUR('',#6946);
#6944=FILL_AREA_STYLE_COLOUR('',#6946);
#6945=FILL_AREA_STYLE_COLOUR('',#6946);
#6946=COLOUR_RGB('',0.560000002384186,0.569999992847443,0.569999992847443);
#6947=COLOUR_RGB('',0.88999998569489,0.43000000715256,0.070000000298023);
#6948=COLOUR_RGB('',0.77999997138977,0.77999997138977,0.77999997138977);
#6949=ADVANCED_FACE('',(#4535),#4842,.T.);
#6950=ADVANCED_FACE('',(#4536),#4843,.T.);
#6951=ADVANCED_FACE('',(#4537),#41,.F.);
#6952=ADVANCED_FACE('',(#4538),#42,.F.);
#6953=ADVANCED_FACE('',(#4539),#43,.F.);
#6954=ADVANCED_FACE('',(#4540),#4844,.T.);
#6955=ADVANCED_FACE('',(#4541),#44,.F.);
#6956=ADVANCED_FACE('',(#4542),#45,.F.);
#6957=ADVANCED_FACE('',(#4543),#46,.F.);
#6958=ADVANCED_FACE('',(#4544),#47,.T.);
#6959=ADVANCED_FACE('',(#4545),#48,.F.);
#6960=ADVANCED_FACE('',(#4546),#49,.T.);
#6961=ADVANCED_FACE('',(#4547),#50,.F.);
#6962=ADVANCED_FACE('',(#4548,#4549,#4550,#4551,#4552,#4553),#51,.F.);
#6963=ADVANCED_FACE('',(#4554),#4845,.T.);
#6964=ADVANCED_FACE('',(#4555),#4846,.T.);
#6965=ADVANCED_FACE('',(#4556),#52,.F.);
#6966=ADVANCED_FACE('',(#4557),#4847,.T.);
#6967=ADVANCED_FACE('',(#4558,#4559),#53,.T.);
#6968=ADVANCED_FACE('',(#4560,#4561),#54,.T.);
#6969=ADVANCED_FACE('',(#4562,#4563),#55,.T.);
#6970=ADVANCED_FACE('',(#4564,#4565),#56,.T.);
#6971=ADVANCED_FACE('',(#4566),#4848,.T.);
#6972=ADVANCED_FACE('',(#4567),#57,.T.);
#6973=ADVANCED_FACE('',(#4568),#58,.T.);
#6974=ADVANCED_FACE('',(#4569),#59,.T.);
#6975=ADVANCED_FACE('',(#4570),#60,.T.);
#6976=ADVANCED_FACE('',(#4571),#4849,.T.);
#6977=ADVANCED_FACE('',(#4572),#4850,.T.);
#6978=ADVANCED_FACE('',(#4573),#61,.T.);
#6979=ADVANCED_FACE('',(#4574),#62,.T.);
#6980=ADVANCED_FACE('',(#4575),#63,.T.);
#6981=ADVANCED_FACE('',(#4576),#64,.T.);
#6982=ADVANCED_FACE('',(#4577),#65,.T.);
#6983=ADVANCED_FACE('',(#4578),#66,.F.);
#6984=ADVANCED_FACE('',(#4579),#67,.T.);
#6985=ADVANCED_FACE('',(#4580),#68,.F.);
#6986=ADVANCED_FACE('',(#4581),#69,.T.);
#6987=ADVANCED_FACE('',(#4582),#70,.F.);
#6988=ADVANCED_FACE('',(#4583),#71,.T.);
#6989=ADVANCED_FACE('',(#4584),#72,.F.);
#6990=ADVANCED_FACE('',(#4585),#73,.T.);
#6991=ADVANCED_FACE('',(#4586),#74,.F.);
#6992=ADVANCED_FACE('',(#4587),#75,.F.);
#6993=ADVANCED_FACE('',(#4588),#4851,.T.);
#6994=ADVANCED_FACE('',(#4589),#4852,.T.);
#6995=ADVANCED_FACE('',(#4590),#76,.F.);
#6996=ADVANCED_FACE('',(#4591),#4853,.T.);
#6997=ADVANCED_FACE('',(#4592),#77,.F.);
#6998=ADVANCED_FACE('',(#4593),#4854,.T.);
#6999=ADVANCED_FACE('',(#4594,#4595,#4596),#78,.F.);
#7000=ADVANCED_FACE('',(#4597),#4855,.T.);
#7001=ADVANCED_FACE('',(#4598,#4599,#4600),#79,.T.);
#7002=ADVANCED_FACE('',(#4601),#80,.F.);
#7003=ADVANCED_FACE('',(#4602),#81,.F.);
#7004=ADVANCED_FACE('',(#4603),#82,.T.);
#7005=ADVANCED_FACE('',(#4604),#4856,.T.);
#7006=ADVANCED_FACE('',(#4605),#4857,.F.);
#7007=ADVANCED_FACE('',(#4606),#83,.T.);
#7008=ADVANCED_FACE('',(#4607),#84,.T.);
#7009=ADVANCED_FACE('',(#4608),#4858,.F.);
#7010=ADVANCED_FACE('',(#4609),#4859,.T.);
#7011=ADVANCED_FACE('',(#4610),#85,.F.);
#7012=ADVANCED_FACE('',(#4611),#4860,.T.);
#7013=ADVANCED_FACE('',(#4612),#4861,.F.);
#7014=ADVANCED_FACE('',(#4613),#86,.T.);
#7015=ADVANCED_FACE('',(#4614),#87,.T.);
#7016=ADVANCED_FACE('',(#4615),#4862,.F.);
#7017=ADVANCED_FACE('',(#4616),#4863,.T.);
#7018=ADVANCED_FACE('',(#4617),#12,.T.);
#7019=ADVANCED_FACE('',(#4618),#13,.T.);
#7020=ADVANCED_FACE('',(#4619),#14,.T.);
#7021=ADVANCED_FACE('',(#4620),#15,.T.);
#7022=ADVANCED_FACE('',(#4621),#4864,.T.);
#7023=ADVANCED_FACE('',(#4622),#16,.T.);
#7024=ADVANCED_FACE('',(#4623),#17,.T.);
#7025=ADVANCED_FACE('',(#4624),#4865,.T.);
#7026=ADVANCED_FACE('',(#4625),#88,.T.);
#7027=ADVANCED_FACE('',(#4626),#89,.T.);
#7028=ADVANCED_FACE('',(#4627),#4866,.T.);
#7029=ADVANCED_FACE('',(#4628),#90,.T.);
#7030=ADVANCED_FACE('',(#4629),#91,.T.);
#7031=ADVANCED_FACE('',(#4630),#92,.T.);
#7032=ADVANCED_FACE('',(#4631),#93,.T.);
#7033=ADVANCED_FACE('',(#4632),#94,.T.);
#7034=ADVANCED_FACE('',(#4633),#4867,.T.);
#7035=ADVANCED_FACE('',(#4634),#95,.T.);
#7036=ADVANCED_FACE('',(#4635),#96,.T.);
#7037=ADVANCED_FACE('',(#4636),#97,.F.);
#7038=ADVANCED_FACE('',(#4637),#98,.T.);
#7039=ADVANCED_FACE('',(#4638),#99,.F.);
#7040=ADVANCED_FACE('',(#4639),#100,.T.);
#7041=ADVANCED_FACE('',(#4640),#101,.T.);
#7042=ADVANCED_FACE('',(#4641),#102,.T.);
#7043=ADVANCED_FACE('',(#4642),#4868,.T.);
#7044=ADVANCED_FACE('',(#4643),#103,.T.);
#7045=ADVANCED_FACE('',(#4644),#104,.F.);
#7046=ADVANCED_FACE('',(#4645),#105,.F.);
#7047=ADVANCED_FACE('',(#4646),#106,.F.);
#7048=ADVANCED_FACE('',(#4647),#107,.F.);
#7049=ADVANCED_FACE('',(#4648),#108,.F.);
#7050=ADVANCED_FACE('',(#4649),#109,.F.);
#7051=ADVANCED_FACE('',(#4650),#110,.F.);
#7052=ADVANCED_FACE('',(#4651),#111,.F.);
#7053=ADVANCED_FACE('',(#4652),#112,.F.);
#7054=ADVANCED_FACE('',(#4653),#113,.F.);
#7055=ADVANCED_FACE('',(#4654),#114,.F.);
#7056=ADVANCED_FACE('',(#4655),#115,.F.);
#7057=ADVANCED_FACE('',(#4656),#116,.F.);
#7058=ADVANCED_FACE('',(#4657),#117,.F.);
#7059=ADVANCED_FACE('',(#4658),#118,.F.);
#7060=ADVANCED_FACE('',(#4659),#119,.F.);
#7061=ADVANCED_FACE('',(#4660),#120,.F.);
#7062=ADVANCED_FACE('',(#4661),#121,.F.);
#7063=ADVANCED_FACE('',(#4662),#122,.F.);
#7064=ADVANCED_FACE('',(#4663),#123,.F.);
#7065=ADVANCED_FACE('',(#4664),#124,.T.);
#7066=ADVANCED_FACE('',(#4665,#4666),#4869,.F.);
#7067=ADVANCED_FACE('',(#4667,#4668),#18,.F.);
#7068=ADVANCED_FACE('',(#4669),#125,.T.);
#7069=ADVANCED_FACE('',(#4670,#4671),#4870,.F.);
#7070=ADVANCED_FACE('',(#4672,#4673),#19,.F.);
#7071=ADVANCED_FACE('',(#4674),#126,.T.);
#7072=ADVANCED_FACE('',(#4675),#127,.T.);
#7073=ADVANCED_FACE('',(#4676),#128,.T.);
#7074=ADVANCED_FACE('',(#4677),#4871,.F.);
#7075=ADVANCED_FACE('',(#4678),#129,.T.);
#7076=ADVANCED_FACE('',(#4679),#4872,.F.);
#7077=ADVANCED_FACE('',(#4680),#130,.F.);
#7078=ADVANCED_FACE('',(#4681),#4873,.F.);
#7079=ADVANCED_FACE('',(#4682),#131,.T.);
#7080=ADVANCED_FACE('',(#4683),#4874,.F.);
#7081=ADVANCED_FACE('',(#4684),#132,.T.);
#7082=ADVANCED_FACE('',(#4685),#4875,.F.);
#7083=ADVANCED_FACE('',(#4686),#133,.T.);
#7084=ADVANCED_FACE('',(#4687),#4876,.F.);
#7085=ADVANCED_FACE('',(#4688),#134,.T.);
#7086=ADVANCED_FACE('',(#4689),#135,.F.);
#7087=ADVANCED_FACE('',(#4690),#136,.T.);
#7088=ADVANCED_FACE('',(#4691),#137,.T.);
#7089=ADVANCED_FACE('',(#4692),#138,.T.);
#7090=ADVANCED_FACE('',(#4693),#4877,.F.);
#7091=ADVANCED_FACE('',(#4694),#139,.T.);
#7092=ADVANCED_FACE('',(#4695),#4878,.F.);
#7093=ADVANCED_FACE('',(#4696),#140,.F.);
#7094=ADVANCED_FACE('',(#4697),#141,.T.);
#7095=ADVANCED_FACE('',(#4698),#20,.F.);
#7096=ADVANCED_FACE('',(#4699),#142,.T.);
#7097=ADVANCED_FACE('',(#4700),#21,.T.);
#7098=ADVANCED_FACE('',(#4701),#22,.F.);
#7099=ADVANCED_FACE('',(#4702),#143,.T.);
#7100=ADVANCED_FACE('',(#4703),#23,.F.);
#7101=ADVANCED_FACE('',(#4704),#144,.T.);
#7102=ADVANCED_FACE('',(#4705),#24,.F.);
#7103=ADVANCED_FACE('',(#4706),#145,.T.);
#7104=ADVANCED_FACE('',(#4707),#25,.F.);
#7105=ADVANCED_FACE('',(#4708),#146,.T.);
#7106=ADVANCED_FACE('',(#4709),#147,.T.);
#7107=ADVANCED_FACE('',(#4710),#148,.T.);
#7108=ADVANCED_FACE('',(#4711),#26,.F.);
#7109=ADVANCED_FACE('',(#4712),#149,.T.);
#7110=ADVANCED_FACE('',(#4713),#27,.T.);
#7111=ADVANCED_FACE('',(#4714),#150,.T.);
#7112=ADVANCED_FACE('',(#4715),#28,.F.);
#7113=ADVANCED_FACE('',(#4716),#151,.T.);
#7114=ADVANCED_FACE('',(#4717),#4879,.F.);
#7115=ADVANCED_FACE('',(#4718),#152,.T.);
#7116=ADVANCED_FACE('',(#4719),#4880,.T.);
#7117=ADVANCED_FACE('',(#4720),#153,.T.);
#7118=ADVANCED_FACE('',(#4721),#4881,.F.);
#7119=ADVANCED_FACE('',(#4722),#154,.T.);
#7120=ADVANCED_FACE('',(#4723),#155,.T.);
#7121=ADVANCED_FACE('',(#4724),#156,.T.);
#7122=ADVANCED_FACE('',(#4725),#4882,.F.);
#7123=ADVANCED_FACE('',(#4726),#157,.T.);
#7124=ADVANCED_FACE('',(#4727),#4883,.F.);
#7125=ADVANCED_FACE('',(#4728),#158,.T.);
#7126=ADVANCED_FACE('',(#4729),#4884,.F.);
#7127=ADVANCED_FACE('',(#4730),#159,.T.);
#7128=ADVANCED_FACE('',(#4731),#4885,.F.);
#7129=ADVANCED_FACE('',(#4732),#4886,.T.);
#7130=ADVANCED_FACE('',(#4733),#160,.T.);
#7131=ADVANCED_FACE('',(#4734),#4887,.F.);
#7132=ADVANCED_FACE('',(#4735),#161,.T.);
#7133=ADVANCED_FACE('',(#4736),#162,.T.);
#7134=ADVANCED_FACE('',(#4737),#29,.F.);
#7135=ADVANCED_FACE('',(#4738),#163,.T.);
#7136=ADVANCED_FACE('',(#4739),#30,.T.);
#7137=ADVANCED_FACE('',(#4740),#31,.F.);
#7138=ADVANCED_FACE('',(#4741),#164,.T.);
#7139=ADVANCED_FACE('',(#4742),#32,.F.);
#7140=ADVANCED_FACE('',(#4743),#165,.T.);
#7141=ADVANCED_FACE('',(#4744),#33,.F.);
#7142=ADVANCED_FACE('',(#4745),#166,.T.);
#7143=ADVANCED_FACE('',(#4746),#34,.F.);
#7144=ADVANCED_FACE('',(#4747),#167,.T.);
#7145=ADVANCED_FACE('',(#4748),#168,.T.);
#7146=ADVANCED_FACE('',(#4749),#169,.T.);
#7147=ADVANCED_FACE('',(#4750),#35,.F.);
#7148=ADVANCED_FACE('',(#4751),#170,.T.);
#7149=ADVANCED_FACE('',(#4752),#36,.T.);
#7150=ADVANCED_FACE('',(#4753),#171,.T.);
#7151=ADVANCED_FACE('',(#4754),#37,.F.);
#7152=ADVANCED_FACE('',(#4755),#172,.T.);
#7153=ADVANCED_FACE('',(#4756),#4888,.F.);
#7154=ADVANCED_FACE('',(#4757),#173,.T.);
#7155=ADVANCED_FACE('',(#4758),#4889,.T.);
#7156=ADVANCED_FACE('',(#4759),#174,.T.);
#7157=ADVANCED_FACE('',(#4760),#4890,.F.);
#7158=ADVANCED_FACE('',(#4761),#175,.T.);
#7159=ADVANCED_FACE('',(#4762),#176,.T.);
#7160=ADVANCED_FACE('',(#4763),#177,.T.);
#7161=ADVANCED_FACE('',(#4764),#4891,.F.);
#7162=ADVANCED_FACE('',(#4765),#178,.T.);
#7163=ADVANCED_FACE('',(#4766),#4892,.F.);
#7164=ADVANCED_FACE('',(#4767),#179,.T.);
#7165=ADVANCED_FACE('',(#4768),#4893,.F.);
#7166=ADVANCED_FACE('',(#4769),#180,.T.);
#7167=ADVANCED_FACE('',(#4770),#4894,.F.);
#7168=ADVANCED_FACE('',(#4771),#4895,.T.);
#7169=ADVANCED_FACE('',(#4772),#181,.T.);
#7170=ADVANCED_FACE('',(#4773),#4896,.F.);
#7171=ADVANCED_FACE('',(#4774),#182,.T.);
#7172=ADVANCED_FACE('',(#4775),#183,.T.);
#7173=ADVANCED_FACE('',(#4776),#184,.T.);
#7174=ADVANCED_FACE('',(#4777,#4778),#185,.F.);
#7175=ADVANCED_FACE('',(#4779),#4897,.F.);
#7176=ADVANCED_FACE('',(#4780),#186,.T.);
#7177=ADVANCED_FACE('',(#4781),#187,.T.);
#7178=ADVANCED_FACE('',(#4782),#188,.T.);
#7179=ADVANCED_FACE('',(#4783,#4784),#189,.F.);
#7180=ADVANCED_FACE('',(#4785),#4898,.F.);
#7181=ADVANCED_FACE('',(#4786),#190,.T.);
#7182=ADVANCED_FACE('',(#4787),#191,.F.);
#7183=ADVANCED_FACE('',(#4788),#4899,.F.);
#7184=ADVANCED_FACE('',(#4789),#4900,.T.);
#7185=ADVANCED_FACE('',(#4790),#4901,.T.);
#7186=ADVANCED_FACE('',(#4791),#192,.F.);
#7187=ADVANCED_FACE('',(#4792),#193,.F.);
#7188=ADVANCED_FACE('',(#4793),#4902,.T.);
#7189=ADVANCED_FACE('',(#4794),#194,.F.);
#7190=ADVANCED_FACE('',(#4795),#4903,.F.);
#7191=ADVANCED_FACE('',(#4796),#4904,.T.);
#7192=ADVANCED_FACE('',(#4797),#4905,.T.);
#7193=ADVANCED_FACE('',(#4798),#195,.F.);
#7194=ADVANCED_FACE('',(#4799),#196,.F.);
#7195=ADVANCED_FACE('',(#4800),#4906,.T.);
#7196=ADVANCED_FACE('',(#4801),#4907,.T.);
#7197=ADVANCED_FACE('',(#4802),#4908,.T.);
#7198=ADVANCED_FACE('',(#4803),#197,.T.);
#7199=ADVANCED_FACE('',(#4804),#4909,.T.);
#7200=ADVANCED_FACE('',(#4805),#4910,.T.);
#7201=ADVANCED_FACE('',(#4806),#198,.T.);
#7202=ADVANCED_FACE('',(#4807),#4911,.T.);
#7203=ADVANCED_FACE('',(#4808),#4912,.T.);
#7204=ADVANCED_FACE('',(#4809),#4913,.T.);
#7205=ADVANCED_FACE('',(#4810),#4914,.T.);
#7206=ADVANCED_FACE('',(#4811),#4915,.T.);
#7207=ADVANCED_FACE('',(#4812),#4916,.T.);
#7208=ADVANCED_FACE('',(#4813),#4917,.T.);
#7209=ADVANCED_FACE('',(#4814),#4918,.T.);
#7210=ADVANCED_FACE('',(#4815),#4919,.T.);
#7211=ADVANCED_FACE('',(#4816),#4920,.T.);
#7212=ADVANCED_FACE('',(#4817),#4921,.T.);
#7213=ADVANCED_FACE('',(#4818),#4922,.T.);
#7214=ADVANCED_FACE('',(#4819),#199,.F.);
#7215=ADVANCED_FACE('',(#4820),#4923,.T.);
#7216=ADVANCED_FACE('',(#4821),#200,.F.);
#7217=ADVANCED_FACE('',(#4822),#4924,.T.);
#7218=ADVANCED_FACE('',(#4823),#201,.F.);
#7219=ADVANCED_FACE('',(#4824),#4925,.T.);
#7220=ADVANCED_FACE('',(#4825),#202,.F.);
#7221=ADVANCED_FACE('',(#4826),#4926,.T.);
#7222=ADVANCED_FACE('',(#4827),#203,.F.);
#7223=ADVANCED_FACE('',(#4828),#4927,.T.);
#7224=ADVANCED_FACE('',(#4829),#204,.F.);
#7225=ADVANCED_FACE('',(#4830),#4928,.T.);
#7226=ADVANCED_FACE('',(#4831),#205,.F.);
#7227=ADVANCED_FACE('',(#4832),#4929,.T.);
#7228=ADVANCED_FACE('',(#4833),#206,.F.);
#7229=ADVANCED_FACE('',(#4834),#207,.F.);
#7230=ADVANCED_FACE('',(#4835),#208,.T.);
#7231=ADVANCED_FACE('',(#4836),#38,.T.);
#7232=ADVANCED_FACE('',(#4837),#209,.T.);
#7233=ADVANCED_FACE('',(#4838),#39,.T.);
#7234=ADVANCED_FACE('',(#4839),#210,.T.);
#7235=ADVANCED_FACE('',(#4840),#40,.T.);
#7236=ADVANCED_FACE('',(#4841),#211,.T.);
#7237=CLOSED_SHELL('',(#6949,#6950,#6951,#6952,#6953,#6954,#6955,#6956,
#6957,#6958,#6959,#6960,#6961,#6962,#6963,#6964,#6965,#6966,#6967,#6968,
#6969,#6970,#6971,#6972,#6973,#6974,#6975,#6976,#6977,#6978,#6979,#6980,
#6981,#6982,#6983,#6984,#6985,#6986,#6987,#6988,#6989,#6990,#6991,#6992,
#6993,#6994,#6995,#6996,#6997,#6998,#6999,#7000,#7001,#7002,#7003,#7004,
#7005,#7006,#7007,#7008,#7009,#7010,#7011,#7012,#7013,#7014,#7015,#7016,
#7017,#7018,#7019,#7020,#7021,#7022,#7023,#7024,#7025,#7026,#7027,#7028,
#7029,#7030,#7031,#7032,#7033,#7034,#7035,#7036,#7037,#7038,#7039,#7040,
#7041,#7042,#7043,#7044,#7045,#7046,#7047,#7048,#7049,#7050,#7051,#7052,
#7053,#7054,#7055,#7056,#7057,#7058,#7059,#7060,#7061,#7062,#7063,#7064,
#7065,#7066,#7067,#7068,#7069,#7070,#7071,#7072,#7073,#7074,#7075,#7076,
#7077,#7078,#7079,#7080,#7081,#7082,#7083,#7084,#7085,#7086,#7087,#7088,
#7089,#7090,#7091,#7092,#7093,#7094,#7095,#7096,#7097,#7098,#7099,#7100,
#7101,#7102,#7103,#7104,#7105,#7106,#7107,#7108,#7109,#7110,#7111,#7112,
#7113,#7114,#7115,#7116,#7117,#7118,#7119,#7120,#7121,#7122,#7123,#7124,
#7125,#7126,#7127,#7128,#7129,#7130,#7131,#7132,#7133,#7134,#7135,#7136,
#7137,#7138,#7139,#7140,#7141,#7142,#7143,#7144,#7145,#7146,#7147,#7148,
#7149,#7150,#7151,#7152,#7153,#7154,#7155,#7156,#7157,#7158,#7159,#7160,
#7161,#7162,#7163,#7164,#7165,#7166,#7167,#7168,#7169,#7170,#7171,#7172,
#7173,#7174,#7175,#7176,#7177,#7178,#7179,#7180,#7181,#7182,#7183,#7184,
#7185,#7186,#7187,#7188,#7189,#7190,#7191,#7192,#7193,#7194,#7195,#7196,
#7197,#7198,#7199,#7200,#7201,#7202,#7203,#7204,#7205,#7206,#7207,#7208,
#7209,#7210,#7211,#7212,#7213,#7214,#7215,#7216,#7217,#7218,#7219,#7220,
#7221,#7222,#7223,#7224,#7225,#7226,#7227,#7228,#7229,#7230,#7231,#7232,
#7233,#7234,#7235,#7236));
#7238=MANIFOLD_SOLID_BREP('2604-3302',#7237);
#7239=SHAPE_DEFINITION_REPRESENTATION(#10871,#7240);
#7240=SHAPE_REPRESENTATION('2604-3302',(#7241),#10866);
#7241=AXIS2_PLACEMENT_3D('',#9253,#7739,#7740);
#7242=AXIS2_PLACEMENT_3D('',#9254,#7741,#7742);
#7243=AXIS2_PLACEMENT_3D('',#9258,#7744,#7745);
#7244=AXIS2_PLACEMENT_3D('',#9262,#7747,#7748);
#7245=AXIS2_PLACEMENT_3D('',#9263,#7749,#7750);
#7246=AXIS2_PLACEMENT_3D('',#9286,#7752,#7753);
#7247=AXIS2_PLACEMENT_3D('',#9290,#7755,#7756);
#7248=AXIS2_PLACEMENT_3D('',#9292,#7757,#7758);
#7249=AXIS2_PLACEMENT_3D('',#9293,#7759,#7760);
#7250=AXIS2_PLACEMENT_3D('',#9295,#7761,#7762);
#7251=AXIS2_PLACEMENT_3D('',#9308,#7769,#7770);
#7252=AXIS2_PLACEMENT_3D('',#9309,#7771,#7772);
#7253=AXIS2_PLACEMENT_3D('',#9312,#7773,#7774);
#7254=AXIS2_PLACEMENT_3D('',#9320,#7778,#7779);
#7255=AXIS2_PLACEMENT_3D('',#9322,#7780,#7781);
#7256=AXIS2_PLACEMENT_3D('',#9324,#7782,#7783);
#7257=AXIS2_PLACEMENT_3D('',#9328,#7785,#7786);
#7258=AXIS2_PLACEMENT_3D('',#9329,#7787,#7788);
#7259=AXIS2_PLACEMENT_3D('',#9331,#7790,#7791);
#7260=AXIS2_PLACEMENT_3D('',#9335,#7793,#7794);
#7261=AXIS2_PLACEMENT_3D('',#9336,#7795,#7796);
#7262=AXIS2_PLACEMENT_3D('',#9359,#7798,#7799);
#7263=AXIS2_PLACEMENT_3D('',#9363,#7801,#7802);
#7264=AXIS2_PLACEMENT_3D('',#9365,#7803,#7804);
#7265=AXIS2_PLACEMENT_3D('',#9366,#7805,#7806);
#7266=AXIS2_PLACEMENT_3D('',#9368,#7807,#7808);
#7267=AXIS2_PLACEMENT_3D('',#9381,#7815,#7816);
#7268=AXIS2_PLACEMENT_3D('',#9382,#7817,#7818);
#7269=AXIS2_PLACEMENT_3D('',#9385,#7819,#7820);
#7270=AXIS2_PLACEMENT_3D('',#9393,#7824,#7825);
#7271=AXIS2_PLACEMENT_3D('',#9395,#7826,#7827);
#7272=AXIS2_PLACEMENT_3D('',#9397,#7828,#7829);
#7273=AXIS2_PLACEMENT_3D('',#9401,#7831,#7832);
#7274=AXIS2_PLACEMENT_3D('',#9402,#7833,#7834);
#7275=AXIS2_PLACEMENT_3D('',#9404,#7836,#7837);
#7276=AXIS2_PLACEMENT_3D('',#9408,#7839,#7840);
#7277=AXIS2_PLACEMENT_3D('',#9409,#7841,#7842);
#7278=AXIS2_PLACEMENT_3D('',#9413,#7844,#7845);
#7279=AXIS2_PLACEMENT_3D('',#9414,#7846,#7847);
#7280=AXIS2_PLACEMENT_3D('',#9420,#7850,#7851);
#7281=AXIS2_PLACEMENT_3D('',#9423,#7853,#7854);
#7282=AXIS2_PLACEMENT_3D('',#9424,#7855,#7856);
#7283=AXIS2_PLACEMENT_3D('',#9430,#7859,#7860);
#7284=AXIS2_PLACEMENT_3D('',#9436,#7863,#7864);
#7285=AXIS2_PLACEMENT_3D('',#9437,#7865,#7866);
#7286=AXIS2_PLACEMENT_3D('',#9441,#7868,#7869);
#7287=AXIS2_PLACEMENT_3D('',#9442,#7870,#7871);
#7288=AXIS2_PLACEMENT_3D('',#9448,#7874,#7875);
#7289=AXIS2_PLACEMENT_3D('',#9451,#7877,#7878);
#7290=AXIS2_PLACEMENT_3D('',#9452,#7879,#7880);
#7291=AXIS2_PLACEMENT_3D('',#9458,#7883,#7884);
#7292=AXIS2_PLACEMENT_3D('',#9464,#7887,#7888);
#7293=AXIS2_PLACEMENT_3D('',#9465,#7889,#7890);
#7294=AXIS2_PLACEMENT_3D('',#9473,#7894,#7895);
#7295=AXIS2_PLACEMENT_3D('',#9477,#7897,#7898);
#7296=AXIS2_PLACEMENT_3D('',#9478,#7899,#7900);
#7297=AXIS2_PLACEMENT_3D('',#9480,#7901,#7902);
#7298=AXIS2_PLACEMENT_3D('',#9489,#7906,#7907);
#7299=AXIS2_PLACEMENT_3D('',#9493,#7909,#7910);
#7300=AXIS2_PLACEMENT_3D('',#9494,#7911,#7912);
#7301=AXIS2_PLACEMENT_3D('',#9499,#7914,#7915);
#7302=AXIS2_PLACEMENT_3D('',#9503,#7917,#7918);
#7303=AXIS2_PLACEMENT_3D('',#9507,#7920,#7921);
#7304=AXIS2_PLACEMENT_3D('',#9513,#7924,#7925);
#7305=AXIS2_PLACEMENT_3D('',#9523,#7930,#7931);
#7306=AXIS2_PLACEMENT_3D('',#9538,#7939,#7940);
#7307=AXIS2_PLACEMENT_3D('',#9539,#7941,#7942);
#7308=AXIS2_PLACEMENT_3D('',#9541,#7943,#7944);
#7309=AXIS2_PLACEMENT_3D('',#9544,#7946,#7947);
#7310=AXIS2_PLACEMENT_3D('',#9545,#7948,#7949);
#7311=AXIS2_PLACEMENT_3D('',#9549,#7951,#7952);
#7312=AXIS2_PLACEMENT_3D('',#9550,#7953,#7954);
#7313=AXIS2_PLACEMENT_3D('',#9569,#7965,#7966);
#7314=AXIS2_PLACEMENT_3D('',#9570,#7967,#7968);
#7315=AXIS2_PLACEMENT_3D('',#9571,#7969,#7970);
#7316=AXIS2_PLACEMENT_3D('',#9572,#7971,#7972);
#7317=AXIS2_PLACEMENT_3D('',#9597,#7980,#7981);
#7318=AXIS2_PLACEMENT_3D('',#9625,#7993,#7994);
#7319=AXIS2_PLACEMENT_3D('',#9645,#8002,#8003);
#7320=AXIS2_PLACEMENT_3D('',#9670,#8011,#8012);
#7321=AXIS2_PLACEMENT_3D('',#9671,#8013,#8014);
#7322=AXIS2_PLACEMENT_3D('',#9676,#8016,#8017);
#7323=AXIS2_PLACEMENT_3D('',#9679,#8019,#8020);
#7324=AXIS2_PLACEMENT_3D('',#9688,#8025,#8026);
#7325=AXIS2_PLACEMENT_3D('',#9693,#8029,#8030);
#7326=AXIS2_PLACEMENT_3D('',#9697,#8032,#8033);
#7327=AXIS2_PLACEMENT_3D('',#9700,#8035,#8036);
#7328=AXIS2_PLACEMENT_3D('',#9704,#8039,#8040);
#7329=AXIS2_PLACEMENT_3D('',#9708,#8043,#8044);
#7330=AXIS2_PLACEMENT_3D('',#9712,#8047,#8048);
#7331=AXIS2_PLACEMENT_3D('',#9713,#8049,#8050);
#7332=AXIS2_PLACEMENT_3D('',#9716,#8052,#8053);
#7333=AXIS2_PLACEMENT_3D('',#9719,#8055,#8056);
#7334=AXIS2_PLACEMENT_3D('',#9722,#8058,#8059);
#7335=AXIS2_PLACEMENT_3D('',#9723,#8060,#8061);
#7336=AXIS2_PLACEMENT_3D('',#9729,#8064,#8065);
#7337=AXIS2_PLACEMENT_3D('',#9735,#8068,#8069);
#7338=AXIS2_PLACEMENT_3D('',#9736,#8070,#8071);
#7339=AXIS2_PLACEMENT_3D('',#9737,#8072,#8073);
#7340=AXIS2_PLACEMENT_3D('',#9743,#8076,#8077);
#7341=AXIS2_PLACEMENT_3D('',#9749,#8080,#8081);
#7342=AXIS2_PLACEMENT_3D('',#9750,#8082,#8083);
#7343=AXIS2_PLACEMENT_3D('',#9753,#8085,#8086);
#7344=AXIS2_PLACEMENT_3D('',#9756,#8088,#8089);
#7345=AXIS2_PLACEMENT_3D('',#9757,#8090,#8091);
#7346=AXIS2_PLACEMENT_3D('',#9758,#8092,#8093);
#7347=AXIS2_PLACEMENT_3D('',#9762,#8095,#8096);
#7348=AXIS2_PLACEMENT_3D('',#9766,#8098,#8099);
#7349=AXIS2_PLACEMENT_3D('',#9767,#8100,#8101);
#7350=AXIS2_PLACEMENT_3D('',#9786,#8107,#8108);
#7351=AXIS2_PLACEMENT_3D('',#9787,#8109,#8110);
#7352=AXIS2_PLACEMENT_3D('',#9792,#8113,#8114);
#7353=AXIS2_PLACEMENT_3D('',#9793,#8115,#8116);
#7354=AXIS2_PLACEMENT_3D('',#9810,#8120,#8121);
#7355=AXIS2_PLACEMENT_3D('',#9811,#8122,#8123);
#7356=AXIS2_PLACEMENT_3D('',#9813,#8124,#8125);
#7357=AXIS2_PLACEMENT_3D('',#9816,#8127,#8128);
#7358=AXIS2_PLACEMENT_3D('',#9829,#8133,#8134);
#7359=AXIS2_PLACEMENT_3D('',#9830,#8135,#8136);
#7360=AXIS2_PLACEMENT_3D('',#9832,#8137,#8138);
#7361=AXIS2_PLACEMENT_3D('',#9835,#8140,#8141);
#7362=AXIS2_PLACEMENT_3D('',#9847,#8145,#8146);
#7363=AXIS2_PLACEMENT_3D('',#9848,#8147,#8148);
#7364=AXIS2_PLACEMENT_3D('',#9851,#8150,#8151);
#7365=AXIS2_PLACEMENT_3D('',#9853,#8152,#8153);
#7366=AXIS2_PLACEMENT_3D('',#9858,#8156,#8157);
#7367=AXIS2_PLACEMENT_3D('',#9859,#8158,#8159);
#7368=AXIS2_PLACEMENT_3D('',#9862,#8161,#8162);
#7369=AXIS2_PLACEMENT_3D('',#9864,#8163,#8164);
#7370=AXIS2_PLACEMENT_3D('',#9869,#8167,#8168);
#7371=AXIS2_PLACEMENT_3D('',#9870,#8169,#8170);
#7372=AXIS2_PLACEMENT_3D('',#9875,#8172,#8173);
#7373=AXIS2_PLACEMENT_3D('',#9878,#8175,#8176);
#7374=AXIS2_PLACEMENT_3D('',#9879,#8177,#8178);
#7375=AXIS2_PLACEMENT_3D('',#9883,#8180,#8181);
#7376=AXIS2_PLACEMENT_3D('',#9884,#8182,#8183);
#7377=AXIS2_PLACEMENT_3D('',#9893,#8190,#8191);
#7378=AXIS2_PLACEMENT_3D('',#9896,#8193,#8194);
#7379=AXIS2_PLACEMENT_3D('',#9897,#8195,#8196);
#7380=AXIS2_PLACEMENT_3D('',#9937,#8211,#8212);
#7381=AXIS2_PLACEMENT_3D('',#9938,#8213,#8214);
#7382=AXIS2_PLACEMENT_3D('',#9942,#8216,#8217);
#7383=AXIS2_PLACEMENT_3D('',#9943,#8218,#8219);
#7384=AXIS2_PLACEMENT_3D('',#9947,#8221,#8222);
#7385=AXIS2_PLACEMENT_3D('',#9951,#8224,#8225);
#7386=AXIS2_PLACEMENT_3D('',#9955,#8227,#8228);
#7387=AXIS2_PLACEMENT_3D('',#9963,#8232,#8233);
#7388=AXIS2_PLACEMENT_3D('',#9967,#8235,#8236);
#7389=AXIS2_PLACEMENT_3D('',#9971,#8238,#8239);
#7390=AXIS2_PLACEMENT_3D('',#9975,#8241,#8242);
#7391=AXIS2_PLACEMENT_3D('',#9977,#8243,#8244);
#7392=AXIS2_PLACEMENT_3D('',#9981,#8246,#8247);
#7393=AXIS2_PLACEMENT_3D('',#9985,#8249,#8250);
#7394=AXIS2_PLACEMENT_3D('',#9989,#8252,#8253);
#7395=AXIS2_PLACEMENT_3D('',#9993,#8255,#8256);
#7396=AXIS2_PLACEMENT_3D('',#10001,#8260,#8261);
#7397=AXIS2_PLACEMENT_3D('',#10005,#8263,#8264);
#7398=AXIS2_PLACEMENT_3D('',#10009,#8266,#8267);
#7399=AXIS2_PLACEMENT_3D('',#10013,#8269,#8270);
#7400=AXIS2_PLACEMENT_3D('',#10015,#8271,#8272);
#7401=AXIS2_PLACEMENT_3D('',#10019,#8274,#8275);
#7402=AXIS2_PLACEMENT_3D('',#10025,#8279,#8280);
#7403=AXIS2_PLACEMENT_3D('',#10026,#8281,#8282);
#7404=AXIS2_PLACEMENT_3D('',#10027,#8283,#8284);
#7405=AXIS2_PLACEMENT_3D('',#10028,#8285,#8286);
#7406=AXIS2_PLACEMENT_3D('',#10029,#8287,#8288);
#7407=AXIS2_PLACEMENT_3D('',#10034,#8290,#8291);
#7408=AXIS2_PLACEMENT_3D('',#10039,#8294,#8295);
#7409=AXIS2_PLACEMENT_3D('',#10043,#8297,#8298);
#7410=AXIS2_PLACEMENT_3D('',#10049,#8301,#8302);
#7411=AXIS2_PLACEMENT_3D('',#10053,#8304,#8305);
#7412=AXIS2_PLACEMENT_3D('',#10057,#8307,#8308);
#7413=AXIS2_PLACEMENT_3D('',#10058,#8309,#8310);
#7414=AXIS2_PLACEMENT_3D('',#10059,#8311,#8312);
#7415=AXIS2_PLACEMENT_3D('',#10060,#8313,#8314);
#7416=AXIS2_PLACEMENT_3D('',#10061,#8315,#8316);
#7417=AXIS2_PLACEMENT_3D('',#10063,#8317,#8318);
#7418=AXIS2_PLACEMENT_3D('',#10064,#8319,#8320);
#7419=AXIS2_PLACEMENT_3D('',#10065,#8321,#8322);
#7420=AXIS2_PLACEMENT_3D('',#10066,#8323,#8324);
#7421=AXIS2_PLACEMENT_3D('',#10071,#8327,#8328);
#7422=AXIS2_PLACEMENT_3D('',#10073,#8329,#8330);
#7423=AXIS2_PLACEMENT_3D('',#10074,#8331,#8332);
#7424=AXIS2_PLACEMENT_3D('',#10076,#8333,#8334);
#7425=AXIS2_PLACEMENT_3D('',#10077,#8335,#8336);
#7426=AXIS2_PLACEMENT_3D('',#10078,#8337,#8338);
#7427=AXIS2_PLACEMENT_3D('',#10080,#8340,#8341);
#7428=AXIS2_PLACEMENT_3D('',#10081,#8342,#8343);
#7429=AXIS2_PLACEMENT_3D('',#10083,#8345,#8346);
#7430=AXIS2_PLACEMENT_3D('',#10085,#8348,#8349);
#7431=AXIS2_PLACEMENT_3D('',#10087,#8351,#8352);
#7432=AXIS2_PLACEMENT_3D('',#10088,#8353,#8354);
#7433=AXIS2_PLACEMENT_3D('',#10089,#8355,#8356);
#7434=AXIS2_PLACEMENT_3D('',#10090,#8357,#8358);
#7435=AXIS2_PLACEMENT_3D('',#10092,#8359,#8360);
#7436=AXIS2_PLACEMENT_3D('',#10093,#8361,#8362);
#7437=AXIS2_PLACEMENT_3D('',#10096,#8364,#8365);
#7438=AXIS2_PLACEMENT_3D('',#10097,#8366,#8367);
#7439=AXIS2_PLACEMENT_3D('',#10098,#8368,#8369);
#7440=AXIS2_PLACEMENT_3D('',#10099,#8370,#8371);
#7441=AXIS2_PLACEMENT_3D('',#10103,#8374,#8375);
#7442=AXIS2_PLACEMENT_3D('',#10107,#8378,#8379);
#7443=AXIS2_PLACEMENT_3D('',#10108,#8380,#8381);
#7444=AXIS2_PLACEMENT_3D('',#10111,#8383,#8384);
#7445=AXIS2_PLACEMENT_3D('',#10114,#8386,#8387);
#7446=AXIS2_PLACEMENT_3D('',#10115,#8388,#8389);
#7447=AXIS2_PLACEMENT_3D('',#10116,#8390,#8391);
#7448=AXIS2_PLACEMENT_3D('',#10117,#8392,#8393);
#7449=AXIS2_PLACEMENT_3D('',#10118,#8394,#8395);
#7450=AXIS2_PLACEMENT_3D('',#10119,#8396,#8397);
#7451=AXIS2_PLACEMENT_3D('',#10120,#8398,#8399);
#7452=AXIS2_PLACEMENT_3D('',#10121,#8400,#8401);
#7453=AXIS2_PLACEMENT_3D('',#10122,#8402,#8403);
#7454=AXIS2_PLACEMENT_3D('',#10123,#8404,#8405);
#7455=AXIS2_PLACEMENT_3D('',#10124,#8406,#8407);
#7456=AXIS2_PLACEMENT_3D('',#10125,#8408,#8409);
#7457=AXIS2_PLACEMENT_3D('',#10126,#8410,#8411);
#7458=AXIS2_PLACEMENT_3D('',#10129,#8413,#8414);
#7459=AXIS2_PLACEMENT_3D('',#10133,#8416,#8417);
#7460=AXIS2_PLACEMENT_3D('',#10136,#8419,#8420);
#7461=AXIS2_PLACEMENT_3D('',#10140,#8423,#8424);
#7462=AXIS2_PLACEMENT_3D('',#10144,#8427,#8428);
#7463=AXIS2_PLACEMENT_3D('',#10146,#8430,#8431);
#7464=AXIS2_PLACEMENT_3D('',#10148,#8433,#8434);
#7465=AXIS2_PLACEMENT_3D('',#10149,#8435,#8436);
#7466=AXIS2_PLACEMENT_3D('',#10150,#8437,#8438);
#7467=AXIS2_PLACEMENT_3D('',#10154,#8441,#8442);
#7468=AXIS2_PLACEMENT_3D('',#10158,#8445,#8446);
#7469=AXIS2_PLACEMENT_3D('',#10162,#8449,#8450);
#7470=AXIS2_PLACEMENT_3D('',#10165,#8452,#8453);
#7471=AXIS2_PLACEMENT_3D('',#10166,#8454,#8455);
#7472=AXIS2_PLACEMENT_3D('',#10172,#8459,#8460);
#7473=AXIS2_PLACEMENT_3D('',#10174,#8462,#8463);
#7474=AXIS2_PLACEMENT_3D('',#10175,#8464,#8465);
#7475=AXIS2_PLACEMENT_3D('',#10177,#8467,#8468);
#7476=AXIS2_PLACEMENT_3D('',#10179,#8470,#8471);
#7477=AXIS2_PLACEMENT_3D('',#10184,#8474,#8475);
#7478=AXIS2_PLACEMENT_3D('',#10189,#8478,#8479);
#7479=AXIS2_PLACEMENT_3D('',#10190,#8480,#8481);
#7480=AXIS2_PLACEMENT_3D('',#10192,#8483,#8484);
#7481=AXIS2_PLACEMENT_3D('',#10194,#8486,#8487);
#7482=AXIS2_PLACEMENT_3D('',#10195,#8488,#8489);
#7483=AXIS2_PLACEMENT_3D('',#10196,#8490,#8491);
#7484=AXIS2_PLACEMENT_3D('',#10202,#8495,#8496);
#7485=AXIS2_PLACEMENT_3D('',#10206,#8499,#8500);
#7486=AXIS2_PLACEMENT_3D('',#10210,#8503,#8504);
#7487=AXIS2_PLACEMENT_3D('',#10212,#8506,#8507);
#7488=AXIS2_PLACEMENT_3D('',#10213,#8508,#8509);
#7489=AXIS2_PLACEMENT_3D('',#10219,#8513,#8514);
#7490=AXIS2_PLACEMENT_3D('',#10223,#8517,#8518);
#7491=AXIS2_PLACEMENT_3D('',#10227,#8521,#8522);
#7492=AXIS2_PLACEMENT_3D('',#10229,#8524,#8525);
#7493=AXIS2_PLACEMENT_3D('',#10230,#8526,#8527);
#7494=AXIS2_PLACEMENT_3D('',#10236,#8531,#8532);
#7495=AXIS2_PLACEMENT_3D('',#10240,#8535,#8536);
#7496=AXIS2_PLACEMENT_3D('',#10244,#8539,#8540);
#7497=AXIS2_PLACEMENT_3D('',#10246,#8542,#8543);
#7498=AXIS2_PLACEMENT_3D('',#10247,#8544,#8545);
#7499=AXIS2_PLACEMENT_3D('',#10253,#8549,#8550);
#7500=AXIS2_PLACEMENT_3D('',#10257,#8553,#8554);
#7501=AXIS2_PLACEMENT_3D('',#10261,#8557,#8558);
#7502=AXIS2_PLACEMENT_3D('',#10263,#8560,#8561);
#7503=AXIS2_PLACEMENT_3D('',#10264,#8562,#8563);
#7504=AXIS2_PLACEMENT_3D('',#10265,#8564,#8565);
#7505=AXIS2_PLACEMENT_3D('',#10267,#8566,#8567);
#7506=AXIS2_PLACEMENT_3D('',#10268,#8568,#8569);
#7507=AXIS2_PLACEMENT_3D('',#10270,#8570,#8571);
#7508=AXIS2_PLACEMENT_3D('',#10271,#8572,#8573);
#7509=AXIS2_PLACEMENT_3D('',#10272,#8574,#8575);
#7510=AXIS2_PLACEMENT_3D('',#10274,#8576,#8577);
#7511=AXIS2_PLACEMENT_3D('',#10275,#8578,#8579);
#7512=AXIS2_PLACEMENT_3D('',#10277,#8580,#8581);
#7513=AXIS2_PLACEMENT_3D('',#10278,#8582,#8583);
#7514=AXIS2_PLACEMENT_3D('',#10284,#8587,#8588);
#7515=AXIS2_PLACEMENT_3D('',#10288,#8591,#8592);
#7516=AXIS2_PLACEMENT_3D('',#10292,#8595,#8596);
#7517=AXIS2_PLACEMENT_3D('',#10293,#8597,#8598);
#7518=AXIS2_PLACEMENT_3D('',#10296,#8600,#8601);
#7519=AXIS2_PLACEMENT_3D('',#10300,#8604,#8605);
#7520=AXIS2_PLACEMENT_3D('',#10301,#8606,#8607);
#7521=AXIS2_PLACEMENT_3D('',#10302,#8608,#8609);
#7522=AXIS2_PLACEMENT_3D('',#10303,#8610,#8611);
#7523=AXIS2_PLACEMENT_3D('',#10306,#8613,#8614);
#7524=AXIS2_PLACEMENT_3D('',#10309,#8616,#8617);
#7525=AXIS2_PLACEMENT_3D('',#10313,#8620,#8621);
#7526=AXIS2_PLACEMENT_3D('',#10314,#8622,#8623);
#7527=AXIS2_PLACEMENT_3D('',#10317,#8625,#8626);
#7528=AXIS2_PLACEMENT_3D('',#10321,#8629,#8630);
#7529=AXIS2_PLACEMENT_3D('',#10322,#8631,#8632);
#7530=AXIS2_PLACEMENT_3D('',#10325,#8634,#8635);
#7531=AXIS2_PLACEMENT_3D('',#10329,#8638,#8639);
#7532=AXIS2_PLACEMENT_3D('',#10330,#8640,#8641);
#7533=AXIS2_PLACEMENT_3D('',#10333,#8643,#8644);
#7534=AXIS2_PLACEMENT_3D('',#10335,#8646,#8647);
#7535=AXIS2_PLACEMENT_3D('',#10336,#8648,#8649);
#7536=AXIS2_PLACEMENT_3D('',#10342,#8653,#8654);
#7537=AXIS2_PLACEMENT_3D('',#10346,#8657,#8658);
#7538=AXIS2_PLACEMENT_3D('',#10350,#8661,#8662);
#7539=AXIS2_PLACEMENT_3D('',#10351,#8663,#8664);
#7540=AXIS2_PLACEMENT_3D('',#10354,#8666,#8667);
#7541=AXIS2_PLACEMENT_3D('',#10358,#8670,#8671);
#7542=AXIS2_PLACEMENT_3D('',#10359,#8672,#8673);
#7543=AXIS2_PLACEMENT_3D('',#10360,#8674,#8675);
#7544=AXIS2_PLACEMENT_3D('',#10361,#8676,#8677);
#7545=AXIS2_PLACEMENT_3D('',#10367,#8681,#8682);
#7546=AXIS2_PLACEMENT_3D('',#10368,#8683,#8684);
#7547=AXIS2_PLACEMENT_3D('',#10371,#8686,#8687);
#7548=AXIS2_PLACEMENT_3D('',#10375,#8690,#8691);
#7549=AXIS2_PLACEMENT_3D('',#10376,#8692,#8693);
#7550=AXIS2_PLACEMENT_3D('',#10379,#8695,#8696);
#7551=AXIS2_PLACEMENT_3D('',#10380,#8697,#8698);
#7552=AXIS2_PLACEMENT_3D('',#10383,#8700,#8701);
#7553=AXIS2_PLACEMENT_3D('',#10387,#8704,#8705);
#7554=AXIS2_PLACEMENT_3D('',#10388,#8706,#8707);
#7555=AXIS2_PLACEMENT_3D('',#10391,#8709,#8710);
#7556=AXIS2_PLACEMENT_3D('',#10395,#8713,#8714);
#7557=AXIS2_PLACEMENT_3D('',#10396,#8715,#8716);
#7558=AXIS2_PLACEMENT_3D('',#10399,#8718,#8719);
#7559=AXIS2_PLACEMENT_3D('',#10403,#8722,#8723);
#7560=AXIS2_PLACEMENT_3D('',#10404,#8724,#8725);
#7561=AXIS2_PLACEMENT_3D('',#10407,#8727,#8728);
#7562=AXIS2_PLACEMENT_3D('',#10411,#8731,#8732);
#7563=AXIS2_PLACEMENT_3D('',#10415,#8735,#8736);
#7564=AXIS2_PLACEMENT_3D('',#10419,#8739,#8740);
#7565=AXIS2_PLACEMENT_3D('',#10420,#8741,#8742);
#7566=AXIS2_PLACEMENT_3D('',#10423,#8744,#8745);
#7567=AXIS2_PLACEMENT_3D('',#10427,#8748,#8749);
#7568=AXIS2_PLACEMENT_3D('',#10428,#8750,#8751);
#7569=AXIS2_PLACEMENT_3D('',#10431,#8753,#8754);
#7570=AXIS2_PLACEMENT_3D('',#10435,#8757,#8758);
#7571=AXIS2_PLACEMENT_3D('',#10436,#8759,#8760);
#7572=AXIS2_PLACEMENT_3D('',#10437,#8761,#8762);
#7573=AXIS2_PLACEMENT_3D('',#10441,#8764,#8765);
#7574=AXIS2_PLACEMENT_3D('',#10445,#8767,#8768);
#7575=AXIS2_PLACEMENT_3D('',#10447,#8769,#8770);
#7576=AXIS2_PLACEMENT_3D('',#10451,#8772,#8773);
#7577=AXIS2_PLACEMENT_3D('',#10455,#8775,#8776);
#7578=AXIS2_PLACEMENT_3D('',#10459,#8778,#8779);
#7579=AXIS2_PLACEMENT_3D('',#10467,#8783,#8784);
#7580=AXIS2_PLACEMENT_3D('',#10471,#8786,#8787);
#7581=AXIS2_PLACEMENT_3D('',#10475,#8789,#8790);
#7582=AXIS2_PLACEMENT_3D('',#10476,#8791,#8792);
#7583=AXIS2_PLACEMENT_3D('',#10479,#8795,#8796);
#7584=AXIS2_PLACEMENT_3D('',#10481,#8798,#8799);
#7585=AXIS2_PLACEMENT_3D('',#10483,#8801,#8802);
#7586=AXIS2_PLACEMENT_3D('',#10485,#8804,#8805);
#7587=AXIS2_PLACEMENT_3D('',#10487,#8807,#8808);
#7588=AXIS2_PLACEMENT_3D('',#10489,#8810,#8811);
#7589=AXIS2_PLACEMENT_3D('',#10491,#8813,#8814);
#7590=AXIS2_PLACEMENT_3D('',#10493,#8816,#8817);
#7591=AXIS2_PLACEMENT_3D('',#10495,#8819,#8820);
#7592=AXIS2_PLACEMENT_3D('',#10497,#8822,#8823);
#7593=AXIS2_PLACEMENT_3D('',#10499,#8825,#8826);
#7594=AXIS2_PLACEMENT_3D('',#10501,#8828,#8829);
#7595=AXIS2_PLACEMENT_3D('',#10503,#8831,#8832);
#7596=AXIS2_PLACEMENT_3D('',#10505,#8834,#8835);
#7597=AXIS2_PLACEMENT_3D('',#10507,#8837,#8838);
#7598=AXIS2_PLACEMENT_3D('',#10509,#8840,#8841);
#7599=AXIS2_PLACEMENT_3D('',#10511,#8843,#8844);
#7600=AXIS2_PLACEMENT_3D('',#10513,#8846,#8847);
#7601=AXIS2_PLACEMENT_3D('',#10514,#8848,#8849);
#7602=AXIS2_PLACEMENT_3D('',#10520,#8853,#8854);
#7603=AXIS2_PLACEMENT_3D('',#10521,#8855,#8856);
#7604=AXIS2_PLACEMENT_3D('',#10524,#8858,#8859);
#7605=AXIS2_PLACEMENT_3D('',#10528,#8862,#8863);
#7606=AXIS2_PLACEMENT_3D('',#10529,#8864,#8865);
#7607=AXIS2_PLACEMENT_3D('',#10532,#8867,#8868);
#7608=AXIS2_PLACEMENT_3D('',#10533,#8869,#8870);
#7609=AXIS2_PLACEMENT_3D('',#10536,#8872,#8873);
#7610=AXIS2_PLACEMENT_3D('',#10540,#8876,#8877);
#7611=AXIS2_PLACEMENT_3D('',#10541,#8878,#8879);
#7612=AXIS2_PLACEMENT_3D('',#10544,#8881,#8882);
#7613=AXIS2_PLACEMENT_3D('',#10548,#8885,#8886);
#7614=AXIS2_PLACEMENT_3D('',#10549,#8887,#8888);
#7615=AXIS2_PLACEMENT_3D('',#10552,#8890,#8891);
#7616=AXIS2_PLACEMENT_3D('',#10556,#8894,#8895);
#7617=AXIS2_PLACEMENT_3D('',#10557,#8896,#8897);
#7618=AXIS2_PLACEMENT_3D('',#10560,#8899,#8900);
#7619=AXIS2_PLACEMENT_3D('',#10564,#8903,#8904);
#7620=AXIS2_PLACEMENT_3D('',#10568,#8907,#8908);
#7621=AXIS2_PLACEMENT_3D('',#10572,#8911,#8912);
#7622=AXIS2_PLACEMENT_3D('',#10573,#8913,#8914);
#7623=AXIS2_PLACEMENT_3D('',#10576,#8916,#8917);
#7624=AXIS2_PLACEMENT_3D('',#10580,#8920,#8921);
#7625=AXIS2_PLACEMENT_3D('',#10581,#8922,#8923);
#7626=AXIS2_PLACEMENT_3D('',#10584,#8925,#8926);
#7627=AXIS2_PLACEMENT_3D('',#10588,#8929,#8930);
#7628=AXIS2_PLACEMENT_3D('',#10589,#8931,#8932);
#7629=AXIS2_PLACEMENT_3D('',#10590,#8933,#8934);
#7630=AXIS2_PLACEMENT_3D('',#10594,#8936,#8937);
#7631=AXIS2_PLACEMENT_3D('',#10598,#8939,#8940);
#7632=AXIS2_PLACEMENT_3D('',#10600,#8941,#8942);
#7633=AXIS2_PLACEMENT_3D('',#10604,#8944,#8945);
#7634=AXIS2_PLACEMENT_3D('',#10608,#8947,#8948);
#7635=AXIS2_PLACEMENT_3D('',#10612,#8950,#8951);
#7636=AXIS2_PLACEMENT_3D('',#10620,#8955,#8956);
#7637=AXIS2_PLACEMENT_3D('',#10624,#8958,#8959);
#7638=AXIS2_PLACEMENT_3D('',#10628,#8961,#8962);
#7639=AXIS2_PLACEMENT_3D('',#10629,#8963,#8964);
#7640=AXIS2_PLACEMENT_3D('',#10632,#8967,#8968);
#7641=AXIS2_PLACEMENT_3D('',#10634,#8970,#8971);
#7642=AXIS2_PLACEMENT_3D('',#10636,#8973,#8974);
#7643=AXIS2_PLACEMENT_3D('',#10638,#8976,#8977);
#7644=AXIS2_PLACEMENT_3D('',#10640,#8979,#8980);
#7645=AXIS2_PLACEMENT_3D('',#10642,#8982,#8983);
#7646=AXIS2_PLACEMENT_3D('',#10644,#8985,#8986);
#7647=AXIS2_PLACEMENT_3D('',#10646,#8988,#8989);
#7648=AXIS2_PLACEMENT_3D('',#10648,#8991,#8992);
#7649=AXIS2_PLACEMENT_3D('',#10650,#8994,#8995);
#7650=AXIS2_PLACEMENT_3D('',#10652,#8997,#8998);
#7651=AXIS2_PLACEMENT_3D('',#10654,#9000,#9001);
#7652=AXIS2_PLACEMENT_3D('',#10656,#9003,#9004);
#7653=AXIS2_PLACEMENT_3D('',#10658,#9006,#9007);
#7654=AXIS2_PLACEMENT_3D('',#10660,#9009,#9010);
#7655=AXIS2_PLACEMENT_3D('',#10662,#9012,#9013);
#7656=AXIS2_PLACEMENT_3D('',#10664,#9015,#9016);
#7657=AXIS2_PLACEMENT_3D('',#10666,#9018,#9019);
#7658=AXIS2_PLACEMENT_3D('',#10667,#9020,#9021);
#7659=AXIS2_PLACEMENT_3D('',#10671,#9024,#9025);
#7660=AXIS2_PLACEMENT_3D('',#10675,#9028,#9029);
#7661=AXIS2_PLACEMENT_3D('',#10680,#9033,#9034);
#7662=AXIS2_PLACEMENT_3D('',#10681,#9035,#9036);
#7663=AXIS2_PLACEMENT_3D('',#10683,#9038,#9039);
#7664=AXIS2_PLACEMENT_3D('',#10684,#9040,#9041);
#7665=AXIS2_PLACEMENT_3D('',#10688,#9044,#9045);
#7666=AXIS2_PLACEMENT_3D('',#10692,#9048,#9049);
#7667=AXIS2_PLACEMENT_3D('',#10697,#9053,#9054);
#7668=AXIS2_PLACEMENT_3D('',#10698,#9055,#9056);
#7669=AXIS2_PLACEMENT_3D('',#10700,#9058,#9059);
#7670=AXIS2_PLACEMENT_3D('',#10701,#9060,#9061);
#7671=AXIS2_PLACEMENT_3D('',#10703,#9063,#9064);
#7672=AXIS2_PLACEMENT_3D('',#10705,#9066,#9067);
#7673=AXIS2_PLACEMENT_3D('',#10714,#9068,#9069);
#7674=AXIS2_PLACEMENT_3D('',#10715,#9070,#9071);
#7675=AXIS2_PLACEMENT_3D('',#10717,#9073,#9074);
#7676=AXIS2_PLACEMENT_3D('',#10724,#9079,#9080);
#7677=AXIS2_PLACEMENT_3D('',#10725,#9081,#9082);
#7678=AXIS2_PLACEMENT_3D('',#10726,#9083,#9084);
#7679=AXIS2_PLACEMENT_3D('',#10728,#9086,#9087);
#7680=AXIS2_PLACEMENT_3D('',#10730,#9089,#9090);
#7681=AXIS2_PLACEMENT_3D('',#10739,#9091,#9092);
#7682=AXIS2_PLACEMENT_3D('',#10740,#9093,#9094);
#7683=AXIS2_PLACEMENT_3D('',#10742,#9096,#9097);
#7684=AXIS2_PLACEMENT_3D('',#10749,#9102,#9103);
#7685=AXIS2_PLACEMENT_3D('',#10750,#9104,#9105);
#7686=AXIS2_PLACEMENT_3D('',#10751,#9106,#9107);
#7687=AXIS2_PLACEMENT_3D('',#10752,#9108,#9109);
#7688=AXIS2_PLACEMENT_3D('',#10753,#9110,#9111);
#7689=AXIS2_PLACEMENT_3D('',#10754,#9112,#9113);
#7690=AXIS2_PLACEMENT_3D('',#10756,#9115,#9116);
#7691=AXIS2_PLACEMENT_3D('',#10757,#9117,#9118);
#7692=AXIS2_PLACEMENT_3D('',#10758,#9119,#9120);
#7693=AXIS2_PLACEMENT_3D('',#10759,#9121,#9122);
#7694=AXIS2_PLACEMENT_3D('',#10761,#9124,#9125);
#7695=AXIS2_PLACEMENT_3D('',#10763,#9127,#9128);
#7696=AXIS2_PLACEMENT_3D('',#10765,#9130,#9131);
#7697=AXIS2_PLACEMENT_3D('',#10766,#9132,#9133);
#7698=AXIS2_PLACEMENT_3D('',#10768,#9135,#9136);
#7699=AXIS2_PLACEMENT_3D('',#10770,#9138,#9139);
#7700=AXIS2_PLACEMENT_3D('',#10771,#9140,#9141);
#7701=AXIS2_PLACEMENT_3D('',#10773,#9143,#9144);
#7702=AXIS2_PLACEMENT_3D('',#10775,#9146,#9147);
#7703=AXIS2_PLACEMENT_3D('',#10776,#9148,#9149);
#7704=AXIS2_PLACEMENT_3D('',#10778,#9151,#9152);
#7705=AXIS2_PLACEMENT_3D('',#10780,#9154,#9155);
#7706=AXIS2_PLACEMENT_3D('',#10781,#9156,#9157);
#7707=AXIS2_PLACEMENT_3D('',#10787,#9161,#9162);
#7708=AXIS2_PLACEMENT_3D('',#10790,#9164,#9165);
#7709=AXIS2_PLACEMENT_3D('',#10791,#9166,#9167);
#7710=AXIS2_PLACEMENT_3D('',#10795,#9170,#9171);
#7711=AXIS2_PLACEMENT_3D('',#10798,#9173,#9174);
#7712=AXIS2_PLACEMENT_3D('',#10799,#9175,#9176);
#7713=AXIS2_PLACEMENT_3D('',#10803,#9179,#9180);
#7714=AXIS2_PLACEMENT_3D('',#10804,#9181,#9182);
#7715=AXIS2_PLACEMENT_3D('',#10805,#9183,#9184);
#7716=AXIS2_PLACEMENT_3D('',#10809,#9187,#9188);
#7717=AXIS2_PLACEMENT_3D('',#10812,#9190,#9191);
#7718=AXIS2_PLACEMENT_3D('',#10813,#9192,#9193);
#7719=AXIS2_PLACEMENT_3D('',#10817,#9196,#9197);
#7720=AXIS2_PLACEMENT_3D('',#10820,#9199,#9200);
#7721=AXIS2_PLACEMENT_3D('',#10821,#9201,#9202);
#7722=AXIS2_PLACEMENT_3D('',#10825,#9205,#9206);
#7723=AXIS2_PLACEMENT_3D('',#10828,#9208,#9209);
#7724=AXIS2_PLACEMENT_3D('',#10829,#9210,#9211);
#7725=AXIS2_PLACEMENT_3D('',#10833,#9214,#9215);
#7726=AXIS2_PLACEMENT_3D('',#10836,#9217,#9218);
#7727=AXIS2_PLACEMENT_3D('',#10837,#9219,#9220);
#7728=AXIS2_PLACEMENT_3D('',#10839,#9222,#9223);
#7729=AXIS2_PLACEMENT_3D('',#10840,#9224,#9225);
#7730=AXIS2_PLACEMENT_3D('',#10846,#9229,#9230);
#7731=AXIS2_PLACEMENT_3D('',#10849,#9232,#9233);
#7732=AXIS2_PLACEMENT_3D('',#10850,#9234,#9235);
#7733=AXIS2_PLACEMENT_3D('',#10854,#9238,#9239);
#7734=AXIS2_PLACEMENT_3D('',#10857,#9241,#9242);
#7735=AXIS2_PLACEMENT_3D('',#10858,#9243,#9244);
#7736=AXIS2_PLACEMENT_3D('',#10862,#9247,#9248);
#7737=AXIS2_PLACEMENT_3D('',#10863,#9249,#9250);
#7738=AXIS2_PLACEMENT_3D('',#10864,#9251,#9252);
#7739=DIRECTION('',(0.,0.,1.));
#7740=DIRECTION('',(1.,0.,0.));
#7741=DIRECTION('',(0.,0.,-1.));
#7742=DIRECTION('',(-1.,0.,0.));
#7743=DIRECTION('',(0.,0.,-1.));
#7744=DIRECTION('',(0.,-0.173648177666931,-0.984807753012208));
#7745=DIRECTION('',(0.,0.984807753012208,-0.173648177666931));
#7746=DIRECTION('',(0.,0.,-1.));
#7747=DIRECTION('',(0.,0.,1.));
#7748=DIRECTION('',(1.,0.,0.));
#7749=DIRECTION('',(0.,0.,-1.));
#7750=DIRECTION('',(-1.,0.,0.));
#7751=DIRECTION('',(0.,0.,-1.));
#7752=DIRECTION('',(1.,0.,0.));
#7753=DIRECTION('',(0.,0.,-1.));
#7754=DIRECTION('',(0.,-1.,0.));
#7755=DIRECTION('',(1.,0.,0.));
#7756=DIRECTION('',(0.,0.,-1.));
#7757=DIRECTION('',(1.,0.,0.));
#7758=DIRECTION('',(0.,0.,-1.));
#7759=DIRECTION('',(1.,0.,0.));
#7760=DIRECTION('',(0.,0.,-1.));
#7761=DIRECTION('',(1.,0.,0.));
#7762=DIRECTION('',(0.,0.,-1.));
#7763=DIRECTION('',(0.,-1.,0.));
#7764=DIRECTION('',(0.,0.,-1.));
#7765=DIRECTION('',(0.,-1.,0.));
#7766=DIRECTION('',(0.,0.,-1.));
#7767=DIRECTION('',(0.,-1.,0.));
#7768=DIRECTION('',(0.,0.,-1.));
#7769=DIRECTION('',(-0.766044443118978,-0.642787609686539,0.));
#7770=DIRECTION('',(0.642787609686539,-0.766044443118978,0.));
#7771=DIRECTION('',(-0.766044443118978,-0.642787609686539,0.));
#7772=DIRECTION('',(-0.642787609686539,0.766044443118978,0.));
#7773=DIRECTION('',(-0.766044443118978,-0.642787609686539,0.));
#7774=DIRECTION('',(-0.642787609686539,0.766044443118978,0.));
#7775=DIRECTION('',(-0.642787609686539,0.766044443118978,0.));
#7776=DIRECTION('',(0.,0.,-1.));
#7777=DIRECTION('',(-0.642787609686539,0.766044443118978,0.));
#7778=DIRECTION('',(-0.766044443118978,-0.642787609686539,0.));
#7779=DIRECTION('',(-0.642787609686539,0.766044443118978,0.));
#7780=DIRECTION('',(-0.766044443118978,-0.642787609686539,0.));
#7781=DIRECTION('',(-0.642787609686539,0.766044443118978,0.));
#7782=DIRECTION('',(-0.766044443118978,-0.642787609686539,0.));
#7783=DIRECTION('',(-0.642787609686539,0.766044443118978,0.));
#7784=DIRECTION('',(0.,0.,-1.));
#7785=DIRECTION('',(-0.766044443118978,-0.642787609686539,0.));
#7786=DIRECTION('',(-0.642787609686539,0.766044443118978,0.));
#7787=DIRECTION('',(0.,0.,1.));
#7788=DIRECTION('',(1.,0.,0.));
#7789=DIRECTION('',(-1.,0.,0.));
#7790=DIRECTION('',(0.,0.,1.));
#7791=DIRECTION('',(1.,0.,0.));
#7792=DIRECTION('',(0.642787609686539,0.766044443118978,0.));
#7793=DIRECTION('',(0.,0.,1.));
#7794=DIRECTION('',(1.,0.,0.));
#7795=DIRECTION('',(0.,0.,-1.));
#7796=DIRECTION('',(-1.,0.,0.));
#7797=DIRECTION('',(0.,0.,-1.));
#7798=DIRECTION('',(1.,0.,0.));
#7799=DIRECTION('',(0.,0.,-1.));
#7800=DIRECTION('',(0.,-1.,0.));
#7801=DIRECTION('',(1.,0.,0.));
#7802=DIRECTION('',(0.,0.,-1.));
#7803=DIRECTION('',(1.,0.,0.));
#7804=DIRECTION('',(0.,0.,-1.));
#7805=DIRECTION('',(1.,0.,0.));
#7806=DIRECTION('',(0.,0.,-1.));
#7807=DIRECTION('',(1.,0.,0.));
#7808=DIRECTION('',(0.,0.,-1.));
#7809=DIRECTION('',(0.,-1.,0.));
#7810=DIRECTION('',(0.,0.,-1.));
#7811=DIRECTION('',(0.,-1.,0.));
#7812=DIRECTION('',(0.,0.,-1.));
#7813=DIRECTION('',(0.,-1.,0.));
#7814=DIRECTION('',(0.,0.,-1.));
#7815=DIRECTION('',(-0.766044443118978,-0.642787609686539,0.));
#7816=DIRECTION('',(0.642787609686539,-0.766044443118978,0.));
#7817=DIRECTION('',(-0.766044443118978,-0.642787609686539,0.));
#7818=DIRECTION('',(-0.642787609686539,0.766044443118978,0.));
#7819=DIRECTION('',(-0.766044443118978,-0.642787609686539,0.));
#7820=DIRECTION('',(-0.642787609686539,0.766044443118978,0.));
#7821=DIRECTION('',(-0.642787609686539,0.766044443118978,0.));
#7822=DIRECTION('',(0.,0.,-1.));
#7823=DIRECTION('',(-0.642787609686539,0.766044443118978,0.));
#7824=DIRECTION('',(-0.766044443118978,-0.642787609686539,0.));
#7825=DIRECTION('',(-0.642787609686539,0.766044443118978,0.));
#7826=DIRECTION('',(-0.766044443118978,-0.642787609686539,0.));
#7827=DIRECTION('',(-0.642787609686539,0.766044443118978,0.));
#7828=DIRECTION('',(-0.766044443118978,-0.642787609686539,0.));
#7829=DIRECTION('',(-0.642787609686539,0.766044443118978,0.));
#7830=DIRECTION('',(0.,0.,-1.));
#7831=DIRECTION('',(-0.766044443118978,-0.642787609686539,0.));
#7832=DIRECTION('',(-0.642787609686539,0.766044443118978,0.));
#7833=DIRECTION('',(0.,0.,1.));
#7834=DIRECTION('',(1.,0.,0.));
#7835=DIRECTION('',(-1.,0.,0.));
#7836=DIRECTION('',(0.,0.,1.));
#7837=DIRECTION('',(1.,0.,0.));
#7838=DIRECTION('',(0.642787609686539,0.766044443118978,0.));
#7839=DIRECTION('',(0.,0.,1.));
#7840=DIRECTION('',(1.,0.,0.));
#7841=DIRECTION('',(0.,0.,1.));
#7842=DIRECTION('',(1.,0.,0.));
#7843=DIRECTION('',(-0.64278760968654,-0.766044443118978,0.));
#7844=DIRECTION('',(0.,0.,1.));
#7845=DIRECTION('',(1.,0.,0.));
#7846=DIRECTION('',(0.,0.,1.));
#7847=DIRECTION('',(1.,0.,0.));
#7848=DIRECTION('',(0.766044443118978,-0.642787609686539,0.));
#7849=DIRECTION('',(0.,-1.,0.));
#7850=DIRECTION('',(0.,0.,1.));
#7851=DIRECTION('',(1.,0.,0.));
#7852=DIRECTION('',(0.,1.,0.));
#7853=DIRECTION('',(0.,0.,1.));
#7854=DIRECTION('',(1.,0.,0.));
#7855=DIRECTION('',(0.,0.,1.));
#7856=DIRECTION('',(1.,0.,0.));
#7857=DIRECTION('',(-0.64278760968654,-0.766044443118978,0.));
#7858=DIRECTION('',(0.,1.,0.));
#7859=DIRECTION('',(0.,0.,1.));
#7860=DIRECTION('',(1.,0.,0.));
#7861=DIRECTION('',(0.,-1.,0.));
#7862=DIRECTION('',(0.766044443118978,-0.642787609686539,0.));
#7863=DIRECTION('',(0.,0.,1.));
#7864=DIRECTION('',(1.,0.,0.));
#7865=DIRECTION('',(0.,0.,1.));
#7866=DIRECTION('',(1.,0.,0.));
#7867=DIRECTION('',(-0.64278760968654,-0.766044443118978,0.));
#7868=DIRECTION('',(0.,0.,1.));
#7869=DIRECTION('',(1.,0.,0.));
#7870=DIRECTION('',(0.,0.,1.));
#7871=DIRECTION('',(1.,0.,0.));
#7872=DIRECTION('',(0.766044443118978,-0.642787609686539,0.));
#7873=DIRECTION('',(0.,-1.,0.));
#7874=DIRECTION('',(0.,0.,1.));
#7875=DIRECTION('',(1.,0.,0.));
#7876=DIRECTION('',(0.,1.,0.));
#7877=DIRECTION('',(0.,0.,1.));
#7878=DIRECTION('',(1.,0.,0.));
#7879=DIRECTION('',(0.,0.,1.));
#7880=DIRECTION('',(1.,0.,0.));
#7881=DIRECTION('',(-0.64278760968654,-0.766044443118978,0.));
#7882=DIRECTION('',(0.,1.,0.));
#7883=DIRECTION('',(0.,0.,1.));
#7884=DIRECTION('',(1.,0.,0.));
#7885=DIRECTION('',(0.,-1.,0.));
#7886=DIRECTION('',(0.766044443118978,-0.642787609686539,0.));
#7887=DIRECTION('',(0.,0.,1.));
#7888=DIRECTION('',(1.,0.,0.));
#7889=DIRECTION('',(1.,0.,0.));
#7890=DIRECTION('',(0.,0.,-1.));
#7891=DIRECTION('',(0.,0.,1.));
#7892=DIRECTION('',(0.,-1.,0.));
#7893=DIRECTION('',(0.,3.09772049281573E-16,-1.));
#7894=DIRECTION('',(1.,0.,0.));
#7895=DIRECTION('',(0.,0.,-1.));
#7896=DIRECTION('',(0.,1.,0.));
#7897=DIRECTION('',(1.,0.,0.));
#7898=DIRECTION('',(0.,0.,-1.));
#7899=DIRECTION('',(-1.,0.,0.));
#7900=DIRECTION('',(0.,0.,1.));
#7901=DIRECTION('',(-1.,0.,0.));
#7902=DIRECTION('',(0.,0.,1.));
#7903=DIRECTION('',(0.,0.,1.));
#7904=DIRECTION('',(0.,-1.,0.));
#7905=DIRECTION('',(0.,2.89120579329468E-16,-1.));
#7906=DIRECTION('',(1.,0.,0.));
#7907=DIRECTION('',(0.,0.,-1.));
#7908=DIRECTION('',(0.,1.,0.));
#7909=DIRECTION('',(1.,0.,0.));
#7910=DIRECTION('',(0.,0.,-1.));
#7911=DIRECTION('',(1.,0.,0.));
#7912=DIRECTION('',(0.,0.,-1.));
#7913=DIRECTION('',(0.,-1.,0.));
#7914=DIRECTION('',(1.,0.,0.));
#7915=DIRECTION('',(0.,0.,-1.));
#7916=DIRECTION('',(0.,0.,-1.));
#7917=DIRECTION('',(1.,0.,0.));
#7918=DIRECTION('',(0.,0.,-1.));
#7919=DIRECTION('',(0.,1.,0.));
#7920=DIRECTION('',(1.,0.,0.));
#7921=DIRECTION('',(0.,0.,-1.));
#7922=DIRECTION('',(0.,0.,1.));
#7923=DIRECTION('',(0.,-1.,0.));
#7924=DIRECTION('',(1.,0.,0.));
#7925=DIRECTION('',(0.,0.,-1.));
#7926=DIRECTION('',(0.,0.,-1.));
#7927=DIRECTION('',(0.,1.,0.));
#7928=DIRECTION('',(0.,0.,-1.));
#7929=DIRECTION('',(0.,-1.,0.));
#7930=DIRECTION('',(1.,0.,0.));
#7931=DIRECTION('',(0.,0.,-1.));
#7932=DIRECTION('',(0.,0.,-1.));
#7933=DIRECTION('',(0.,1.,0.));
#7934=DIRECTION('',(0.,0.,-1.));
#7935=DIRECTION('',(0.,-1.,0.));
#7936=DIRECTION('',(0.,0.,-1.));
#7937=DIRECTION('',(0.,-1.,0.));
#7938=DIRECTION('',(0.,0.,-1.));
#7939=DIRECTION('',(0.,0.,-1.));
#7940=DIRECTION('',(-1.,0.,0.));
#7941=DIRECTION('',(0.,0.,-1.));
#7942=DIRECTION('',(-1.,0.,0.));
#7943=DIRECTION('',(0.,0.,1.));
#7944=DIRECTION('',(1.,0.,0.));
#7945=DIRECTION('',(0.,0.,-1.));
#7946=DIRECTION('',(0.,0.,-1.));
#7947=DIRECTION('',(-1.,0.,0.));
#7948=DIRECTION('',(0.,0.,1.));
#7949=DIRECTION('',(1.,0.,0.));
#7950=DIRECTION('',(0.,0.,-1.));
#7951=DIRECTION('',(0.,0.,-1.));
#7952=DIRECTION('',(-1.,0.,0.));
#7953=DIRECTION('',(0.766044443118978,-0.64278760968654,0.));
#7954=DIRECTION('',(0.64278760968654,0.766044443118978,0.));
#7955=DIRECTION('',(0.64278760968654,0.766044443118978,0.));
#7956=DIRECTION('',(-0.64278760968654,-0.766044443118978,0.));
#7957=DIRECTION('',(0.,0.,-1.));
#7958=DIRECTION('',(-0.64278760968654,-0.766044443118978,0.));
#7959=DIRECTION('',(0.,0.,-1.));
#7960=DIRECTION('',(-0.64278760968654,-0.766044443118978,0.));
#7961=DIRECTION('',(0.,0.,1.));
#7962=DIRECTION('',(0.64278760968654,0.766044443118978,0.));
#7963=DIRECTION('',(-0.64278760968654,-0.766044443118978,0.));
#7964=DIRECTION('',(0.,0.,1.));
#7965=DIRECTION('',(0.,0.,-1.));
#7966=DIRECTION('',(-1.,0.,0.));
#7967=DIRECTION('',(0.,0.,1.));
#7968=DIRECTION('',(1.,0.,0.));
#7969=DIRECTION('',(0.,0.,1.));
#7970=DIRECTION('',(1.,0.,0.));
#7971=DIRECTION('',(-4.4863538171814E-16,-1.,0.));
#7972=DIRECTION('',(1.,-4.4863538171814E-16,0.));
#7973=DIRECTION('',(0.,0.,-1.));
#7974=DIRECTION('',(-1.,4.4863538171814E-16,0.));
#7975=DIRECTION('',(-1.,4.4863538171814E-16,0.));
#7976=DIRECTION('',(-1.,4.4863538171814E-16,0.));
#7977=DIRECTION('',(0.,0.,1.));
#7978=DIRECTION('',(1.,-4.4863538171814E-16,0.));
#7979=DIRECTION('',(0.,0.,-1.));
#7980=DIRECTION('',(-9.53144767020224E-17,-1.,0.));
#7981=DIRECTION('',(1.,-9.53144767020224E-17,0.));
#7982=DIRECTION('',(-1.,9.53144767020224E-17,0.));
#7983=DIRECTION('',(-1.,9.53144767020224E-17,0.));
#7984=DIRECTION('',(0.,0.,-1.));
#7985=DIRECTION('',(-1.,0.,0.));
#7986=DIRECTION('',(0.,0.,-1.));
#7987=DIRECTION('',(-1.,0.,0.));
#7988=DIRECTION('',(0.,0.,-1.));
#7989=DIRECTION('',(-1.,9.53144767020224E-17,0.));
#7990=DIRECTION('',(0.,0.,1.));
#7991=DIRECTION('',(1.,-9.53144767020224E-17,0.));
#7992=DIRECTION('',(0.,0.,-1.));
#7993=DIRECTION('',(-9.53144767020224E-17,-1.,0.));
#7994=DIRECTION('',(1.,-9.53144767020224E-17,0.));
#7995=DIRECTION('',(-1.,9.53144767020224E-17,0.));
#7996=DIRECTION('',(-1.,9.53144767020224E-17,0.));
#7997=DIRECTION('',(0.,0.,-1.));
#7998=DIRECTION('',(-1.,9.53144767020224E-17,0.));
#7999=DIRECTION('',(0.,0.,1.));
#8000=DIRECTION('',(1.,-9.53144767020224E-17,0.));
#8001=DIRECTION('',(0.,0.,-1.));
#8002=DIRECTION('',(-4.4863538171814E-16,-1.,0.));
#8003=DIRECTION('',(1.,-4.4863538171814E-16,0.));
#8004=DIRECTION('',(0.,0.,-1.));
#8005=DIRECTION('',(-1.,4.4863538171814E-16,0.));
#8006=DIRECTION('',(-1.,4.4863538171814E-16,0.));
#8007=DIRECTION('',(-1.,4.4863538171814E-16,0.));
#8008=DIRECTION('',(0.,0.,1.));
#8009=DIRECTION('',(1.,-4.4863538171814E-16,0.));
#8010=DIRECTION('',(0.,0.,-1.));
#8011=DIRECTION('',(0.,0.,-1.));
#8012=DIRECTION('',(-1.,0.,0.));
#8013=DIRECTION('',(0.,0.,1.));
#8014=DIRECTION('',(1.,0.,0.));
#8015=DIRECTION('',(0.,0.,-1.));
#8016=DIRECTION('',(0.,0.,1.));
#8017=DIRECTION('',(1.,0.,0.));
#8018=DIRECTION('',(0.,0.,-1.));
#8019=DIRECTION('',(0.,0.,1.));
#8020=DIRECTION('',(1.,0.,0.));
#8021=DIRECTION('',(1.,0.,0.));
#8022=DIRECTION('',(5.42101086242748E-16,1.,0.));
#8023=DIRECTION('',(-1.,0.,0.));
#8024=DIRECTION('',(0.,-1.,0.));
#8025=DIRECTION('',(0.,0.,1.));
#8026=DIRECTION('',(1.,0.,0.));
#8027=DIRECTION('',(0.,1.,0.));
#8028=DIRECTION('',(0.,-1.,0.));
#8029=DIRECTION('',(0.,0.,1.));
#8030=DIRECTION('',(1.,0.,0.));
#8031=DIRECTION('',(1.,0.,0.));
#8032=DIRECTION('',(0.,0.,1.));
#8033=DIRECTION('',(1.,0.,0.));
#8034=DIRECTION('',(0.,1.,0.));
#8035=DIRECTION('',(-1.,5.42101086242748E-16,0.));
#8036=DIRECTION('',(-5.42101086242748E-16,-1.,0.));
#8037=DIRECTION('',(5.42101086242748E-16,1.,0.));
#8038=DIRECTION('',(0.,0.,-1.));
#8039=DIRECTION('',(0.,-1.,0.));
#8040=DIRECTION('',(0.,0.,-1.));
#8041=DIRECTION('',(-1.,0.,0.));
#8042=DIRECTION('',(0.,0.,-1.));
#8043=DIRECTION('',(1.,0.,0.));
#8044=DIRECTION('',(0.,0.,-1.));
#8045=DIRECTION('',(0.,-1.,0.));
#8046=DIRECTION('',(0.,0.,-1.));
#8047=DIRECTION('',(0.,0.,-1.));
#8048=DIRECTION('',(-1.,0.,0.));
#8049=DIRECTION('',(0.,0.,1.));
#8050=DIRECTION('',(1.,0.,0.));
#8051=DIRECTION('',(0.,0.,-1.));
#8052=DIRECTION('',(0.,0.,-1.));
#8053=DIRECTION('',(-1.,0.,0.));
#8054=DIRECTION('',(0.,0.,-1.));
#8055=DIRECTION('',(0.,0.,1.));
#8056=DIRECTION('',(1.,0.,0.));
#8057=DIRECTION('',(0.,0.,-1.));
#8058=DIRECTION('',(0.,0.,1.));
#8059=DIRECTION('',(1.,0.,0.));
#8060=DIRECTION('',(0.,0.,-1.));
#8061=DIRECTION('',(-1.,0.,0.));
#8062=DIRECTION('',(1.,0.,0.));
#8063=DIRECTION('',(0.,-1.,0.));
#8064=DIRECTION('',(0.,0.,1.));
#8065=DIRECTION('',(1.,0.,0.));
#8066=DIRECTION('',(0.,-1.,0.));
#8067=DIRECTION('',(-1.,0.,0.));
#8068=DIRECTION('',(0.,0.,-1.));
#8069=DIRECTION('',(-1.,0.,0.));
#8070=DIRECTION('',(0.,0.,1.));
#8071=DIRECTION('',(1.,0.,0.));
#8072=DIRECTION('',(0.,0.,1.));
#8073=DIRECTION('',(1.,0.,0.));
#8074=DIRECTION('',(1.,0.,0.));
#8075=DIRECTION('',(0.,-1.,0.));
#8076=DIRECTION('',(0.,0.,1.));
#8077=DIRECTION('',(1.,0.,0.));
#8078=DIRECTION('',(-1.,0.,0.));
#8079=DIRECTION('',(5.42101086242748E-16,1.,0.));
#8080=DIRECTION('',(0.,0.,-1.));
#8081=DIRECTION('',(-1.,0.,0.));
#8082=DIRECTION('',(0.,0.,1.));
#8083=DIRECTION('',(1.,0.,0.));
#8084=DIRECTION('',(0.,-1.,0.));
#8085=DIRECTION('',(0.,0.,1.));
#8086=DIRECTION('',(1.,0.,0.));
#8087=DIRECTION('',(0.,1.,0.));
#8088=DIRECTION('',(0.,0.,1.));
#8089=DIRECTION('',(1.,0.,0.));
#8090=DIRECTION('',(0.,0.,1.));
#8091=DIRECTION('',(1.,0.,0.));
#8092=DIRECTION('',(0.,0.,-1.));
#8093=DIRECTION('',(-1.,0.,0.));
#8094=DIRECTION('',(0.,1.,0.));
#8095=DIRECTION('',(0.,0.,1.));
#8096=DIRECTION('',(1.,0.,0.));
#8097=DIRECTION('',(1.,0.,0.));
#8098=DIRECTION('',(0.,0.,1.));
#8099=DIRECTION('',(1.,0.,0.));
#8100=DIRECTION('',(1.,0.,0.));
#8101=DIRECTION('',(0.,0.,-1.));
#8102=DIRECTION('',(0.,-1.,0.));
#8103=DIRECTION('',(0.,0.,-1.));
#8104=DIRECTION('',(0.,0.,-1.));
#8105=DIRECTION('',(0.,-1.,0.));
#8106=DIRECTION('',(0.,0.,-1.));
#8107=DIRECTION('',(0.,0.,1.));
#8108=DIRECTION('',(1.,0.,0.));
#8109=DIRECTION('',(0.,0.,-1.));
#8110=DIRECTION('',(-1.,0.,0.));
#8111=DIRECTION('',(0.,1.,0.));
#8112=DIRECTION('',(1.,0.,0.));
#8113=DIRECTION('',(0.,0.,1.));
#8114=DIRECTION('',(1.,0.,0.));
#8115=DIRECTION('',(1.,0.,0.));
#8116=DIRECTION('',(0.,0.,-1.));
#8117=DIRECTION('',(0.,-1.,0.));
#8118=DIRECTION('',(0.,0.,-1.));
#8119=DIRECTION('',(0.,-1.,0.));
#8120=DIRECTION('',(0.,0.,1.));
#8121=DIRECTION('',(1.,0.,0.));
#8122=DIRECTION('',(0.,0.,-1.));
#8123=DIRECTION('',(-1.,0.,0.));
#8124=DIRECTION('',(0.,0.,-1.));
#8125=DIRECTION('',(-1.,0.,0.));
#8126=DIRECTION('',(0.,1.,0.));
#8127=DIRECTION('',(1.,0.,0.));
#8128=DIRECTION('',(0.,0.,-1.));
#8129=DIRECTION('',(0.,-1.,0.));
#8130=DIRECTION('',(0.,0.,-1.));
#8131=DIRECTION('',(0.,-1.,0.));
#8132=DIRECTION('',(0.,0.,-1.));
#8133=DIRECTION('',(0.,0.,1.));
#8134=DIRECTION('',(1.,0.,0.));
#8135=DIRECTION('',(0.,0.,-1.));
#8136=DIRECTION('',(-1.,0.,0.));
#8137=DIRECTION('',(0.,0.,-1.));
#8138=DIRECTION('',(-1.,0.,0.));
#8139=DIRECTION('',(0.,1.,0.));
#8140=DIRECTION('',(1.,0.,0.));
#8141=DIRECTION('',(0.,0.,-1.));
#8142=DIRECTION('',(0.,-1.,0.));
#8143=DIRECTION('',(0.,-1.,0.));
#8144=DIRECTION('',(0.,0.,-1.));
#8145=DIRECTION('',(0.,0.,1.));
#8146=DIRECTION('',(1.,0.,0.));
#8147=DIRECTION('',(0.,0.,1.));
#8148=DIRECTION('',(1.,0.,0.));
#8149=DIRECTION('',(1.,0.,0.));
#8150=DIRECTION('',(0.,0.,1.));
#8151=DIRECTION('',(1.,0.,0.));
#8152=DIRECTION('',(0.,0.,1.));
#8153=DIRECTION('',(1.,0.,0.));
#8154=DIRECTION('',(-1.,0.,0.));
#8155=DIRECTION('',(1.5770213417971E-15,-1.,0.));
#8156=DIRECTION('',(0.,0.,1.));
#8157=DIRECTION('',(1.,0.,0.));
#8158=DIRECTION('',(0.,0.,1.));
#8159=DIRECTION('',(1.,0.,0.));
#8160=DIRECTION('',(1.,0.,0.));
#8161=DIRECTION('',(0.,0.,1.));
#8162=DIRECTION('',(1.,0.,0.));
#8163=DIRECTION('',(0.,0.,1.));
#8164=DIRECTION('',(1.,0.,0.));
#8165=DIRECTION('',(-1.,0.,0.));
#8166=DIRECTION('',(1.5770213417971E-15,-1.,0.));
#8167=DIRECTION('',(0.,0.,-1.));
#8168=DIRECTION('',(-1.,0.,0.));
#8169=DIRECTION('',(0.,0.,1.));
#8170=DIRECTION('',(1.,0.,0.));
#8171=DIRECTION('',(0.,0.,-1.));
#8172=DIRECTION('',(0.,0.,1.));
#8173=DIRECTION('',(1.,0.,0.));
#8174=DIRECTION('',(0.,0.,-1.));
#8175=DIRECTION('',(0.,0.,-1.));
#8176=DIRECTION('',(-1.,0.,0.));
#8177=DIRECTION('',(0.,0.,1.));
#8178=DIRECTION('',(1.,0.,0.));
#8179=DIRECTION('',(0.,0.,-1.));
#8180=DIRECTION('',(0.,0.,1.));
#8181=DIRECTION('',(1.,0.,0.));
#8182=DIRECTION('',(0.,1.,0.));
#8183=DIRECTION('',(0.,0.,1.));
#8184=DIRECTION('',(1.,0.,0.));
#8185=DIRECTION('',(1.,0.,0.));
#8186=DIRECTION('',(0.,0.,-1.));
#8187=DIRECTION('',(0.,0.,-1.));
#8188=DIRECTION('',(0.,0.,-1.));
#8189=DIRECTION('',(1.,0.,0.));
#8190=DIRECTION('',(0.,0.,-1.));
#8191=DIRECTION('',(-1.,0.,0.));
#8192=DIRECTION('',(0.,0.,-1.));
#8193=DIRECTION('',(0.,0.,1.));
#8194=DIRECTION('',(1.,0.,0.));
#8195=DIRECTION('',(-1.,0.,0.));
#8196=DIRECTION('',(0.,0.,1.));
#8197=DIRECTION('',(0.,1.,0.));
#8198=DIRECTION('',(0.,0.,-1.));
#8199=DIRECTION('',(0.,1.,0.));
#8200=DIRECTION('',(0.,0.,1.));
#8201=DIRECTION('',(0.,1.,0.));
#8202=DIRECTION('',(0.,0.,1.));
#8203=DIRECTION('',(0.,1.,0.));
#8204=DIRECTION('',(0.,0.,-1.));
#8205=DIRECTION('',(0.,1.,0.));
#8206=DIRECTION('',(0.,0.,-1.));
#8207=DIRECTION('',(0.,1.,0.));
#8208=DIRECTION('',(0.,1.,0.));
#8209=DIRECTION('',(0.,0.,-1.));
#8210=DIRECTION('',(0.,1.,0.));
#8211=DIRECTION('',(0.,0.,-1.));
#8212=DIRECTION('',(-1.,0.,0.));
#8213=DIRECTION('',(0.,0.,1.));
#8214=DIRECTION('',(1.,0.,0.));
#8215=DIRECTION('',(0.,0.,-1.));
#8216=DIRECTION('',(0.,0.,1.));
#8217=DIRECTION('',(1.,0.,0.));
#8218=DIRECTION('',(0.,-1.,0.));
#8219=DIRECTION('',(0.,0.,-1.));
#8220=DIRECTION('',(0.,0.,1.));
#8221=DIRECTION('',(0.,1.,0.));
#8222=DIRECTION('',(0.,0.,1.));
#8223=DIRECTION('',(-1.,0.,0.));
#8224=DIRECTION('',(0.,1.,0.));
#8225=DIRECTION('',(0.,0.,1.));
#8226=DIRECTION('',(0.,0.,1.));
#8227=DIRECTION('',(0.,1.,0.));
#8228=DIRECTION('',(0.,0.,1.));
#8229=DIRECTION('',(-0.866025403784439,0.,0.5));
#8230=DIRECTION('',(-1.,0.,0.));
#8231=DIRECTION('',(-0.866025403784439,0.,-0.5));
#8232=DIRECTION('',(0.,1.,0.));
#8233=DIRECTION('',(0.,0.,1.));
#8234=DIRECTION('',(0.,0.,-1.));
#8235=DIRECTION('',(0.,1.,0.));
#8236=DIRECTION('',(0.,0.,1.));
#8237=DIRECTION('',(1.,0.,0.));
#8238=DIRECTION('',(0.,1.,0.));
#8239=DIRECTION('',(0.,0.,1.));
#8240=DIRECTION('',(0.866025403784438,0.,0.5));
#8241=DIRECTION('',(0.,1.,0.));
#8242=DIRECTION('',(0.,0.,1.));
#8243=DIRECTION('',(0.,1.,0.));
#8244=DIRECTION('',(0.,0.,1.));
#8245=DIRECTION('',(1.,0.,0.));
#8246=DIRECTION('',(0.,1.,0.));
#8247=DIRECTION('',(0.,0.,1.));
#8248=DIRECTION('',(0.,0.,1.));
#8249=DIRECTION('',(0.,1.,0.));
#8250=DIRECTION('',(0.,0.,1.));
#8251=DIRECTION('',(-1.,0.,0.));
#8252=DIRECTION('',(0.,1.,0.));
#8253=DIRECTION('',(0.,0.,1.));
#8254=DIRECTION('',(0.,0.,1.));
#8255=DIRECTION('',(0.,1.,0.));
#8256=DIRECTION('',(0.,0.,1.));
#8257=DIRECTION('',(-0.866025403784439,0.,0.5));
#8258=DIRECTION('',(-1.,0.,0.));
#8259=DIRECTION('',(-0.866025403784439,0.,-0.5));
#8260=DIRECTION('',(0.,1.,0.));
#8261=DIRECTION('',(0.,0.,1.));
#8262=DIRECTION('',(0.,0.,-1.));
#8263=DIRECTION('',(0.,1.,0.));
#8264=DIRECTION('',(0.,0.,1.));
#8265=DIRECTION('',(1.,0.,0.));
#8266=DIRECTION('',(0.,1.,0.));
#8267=DIRECTION('',(0.,0.,1.));
#8268=DIRECTION('',(0.866025403784438,0.,0.5));
#8269=DIRECTION('',(0.,1.,0.));
#8270=DIRECTION('',(0.,0.,1.));
#8271=DIRECTION('',(0.,1.,0.));
#8272=DIRECTION('',(0.,0.,1.));
#8273=DIRECTION('',(1.,0.,0.));
#8274=DIRECTION('',(0.,1.,0.));
#8275=DIRECTION('',(0.,0.,1.));
#8276=DIRECTION('',(-1.,0.,0.));
#8277=DIRECTION('',(0.,0.,-1.));
#8278=DIRECTION('',(-1.,0.,0.));
#8279=DIRECTION('',(0.,0.,-1.));
#8280=DIRECTION('',(-1.,0.,0.));
#8281=DIRECTION('',(0.,0.,1.));
#8282=DIRECTION('',(1.,0.,0.));
#8283=DIRECTION('',(0.,0.,1.));
#8284=DIRECTION('',(1.,0.,0.));
#8285=DIRECTION('',(0.,0.,1.));
#8286=DIRECTION('',(1.,0.,0.));
#8287=DIRECTION('',(0.,0.,1.));
#8288=DIRECTION('',(1.,0.,0.));
#8289=DIRECTION('',(1.,0.,0.));
#8290=DIRECTION('',(0.,0.,1.));
#8291=DIRECTION('',(1.,0.,0.));
#8292=DIRECTION('',(0.,-1.,0.));
#8293=DIRECTION('',(1.,0.,0.));
#8294=DIRECTION('',(0.,0.,1.));
#8295=DIRECTION('',(1.,0.,0.));
#8296=DIRECTION('',(-0.819152044288991,0.573576436351046,0.));
#8297=DIRECTION('',(0.,0.,1.));
#8298=DIRECTION('',(1.,0.,0.));
#8299=DIRECTION('',(0.25881904510252,0.965925826289068,0.));
#8300=DIRECTION('',(-0.99176267783789,-0.12808899581079,0.));
#8301=DIRECTION('',(0.,0.,1.));
#8302=DIRECTION('',(1.,0.,0.));
#8303=DIRECTION('',(0.343472902104616,0.9391625873723,0.));
#8304=DIRECTION('',(0.,0.,1.));
#8305=DIRECTION('',(1.,0.,0.));
#8306=DIRECTION('',(0.638390725864685,-0.769712466528872,0.));
#8307=DIRECTION('',(0.,0.,1.));
#8308=DIRECTION('',(1.,0.,0.));
#8309=DIRECTION('',(0.,0.,1.));
#8310=DIRECTION('',(1.,0.,0.));
#8311=DIRECTION('',(0.,0.,1.));
#8312=DIRECTION('',(1.,0.,0.));
#8313=DIRECTION('',(0.,0.,-1.));
#8314=DIRECTION('',(-1.,0.,0.));
#8315=DIRECTION('',(0.,0.,1.));
#8316=DIRECTION('',(1.,0.,0.));
#8317=DIRECTION('',(0.,0.,1.));
#8318=DIRECTION('',(1.,0.,0.));
#8319=DIRECTION('',(0.,0.,1.));
#8320=DIRECTION('',(1.,0.,0.));
#8321=DIRECTION('',(0.,0.,1.));
#8322=DIRECTION('',(1.,0.,0.));
#8323=DIRECTION('',(0.,0.,1.));
#8324=DIRECTION('',(1.,0.,0.));
#8325=DIRECTION('',(1.5770213417971E-15,-1.,0.));
#8326=DIRECTION('',(-1.,0.,0.));
#8327=DIRECTION('',(0.,0.,1.));
#8328=DIRECTION('',(1.,0.,0.));
#8329=DIRECTION('',(0.,0.,1.));
#8330=DIRECTION('',(1.,0.,0.));
#8331=DIRECTION('',(0.,0.,1.));
#8332=DIRECTION('',(1.,0.,0.));
#8333=DIRECTION('',(0.,0.,1.));
#8334=DIRECTION('',(1.,0.,0.));
#8335=DIRECTION('',(0.,0.,-1.));
#8336=DIRECTION('',(-1.,0.,0.));
#8337=DIRECTION('',(0.,0.,-1.));
#8338=DIRECTION('',(-1.,0.,0.));
#8339=DIRECTION('',(0.,0.,-1.));
#8340=DIRECTION('',(0.,0.,-1.));
#8341=DIRECTION('',(-1.,0.,0.));
#8342=DIRECTION('',(1.,1.5770213417971E-15,0.));
#8343=DIRECTION('',(-1.5770213417971E-15,1.,0.));
#8344=DIRECTION('',(0.,0.,-1.));
#8345=DIRECTION('',(0.,-1.,0.));
#8346=DIRECTION('',(0.,0.,-1.));
#8347=DIRECTION('',(0.,0.,-1.));
#8348=DIRECTION('',(0.,0.,-1.));
#8349=DIRECTION('',(-1.,0.,0.));
#8350=DIRECTION('',(0.,0.,-1.));
#8351=DIRECTION('',(0.,0.,-1.));
#8352=DIRECTION('',(-1.,0.,0.));
#8353=DIRECTION('',(0.,0.,1.));
#8354=DIRECTION('',(1.,0.,0.));
#8355=DIRECTION('',(0.,0.,-1.));
#8356=DIRECTION('',(-1.,0.,0.));
#8357=DIRECTION('',(0.,0.,1.));
#8358=DIRECTION('',(1.,0.,0.));
#8359=DIRECTION('',(0.,0.,1.));
#8360=DIRECTION('',(1.,0.,0.));
#8361=DIRECTION('',(0.,0.,-1.));
#8362=DIRECTION('',(-1.,0.,0.));
#8363=DIRECTION('',(0.,0.,-1.));
#8364=DIRECTION('',(0.,0.,1.));
#8365=DIRECTION('',(1.,0.,0.));
#8366=DIRECTION('',(0.,0.,-1.));
#8367=DIRECTION('',(-1.,0.,0.));
#8368=DIRECTION('',(0.,0.,1.));
#8369=DIRECTION('',(1.,0.,0.));
#8370=DIRECTION('',(1.,1.5770213417971E-15,0.));
#8371=DIRECTION('',(-1.5770213417971E-15,1.,0.));
#8372=DIRECTION('',(1.5770213417971E-15,-1.,0.));
#8373=DIRECTION('',(0.,0.,-1.));
#8374=DIRECTION('',(0.,-1.,0.));
#8375=DIRECTION('',(0.,0.,-1.));
#8376=DIRECTION('',(-1.,0.,0.));
#8377=DIRECTION('',(0.,0.,-1.));
#8378=DIRECTION('',(0.,0.,-1.));
#8379=DIRECTION('',(-1.,0.,0.));
#8380=DIRECTION('',(0.,0.,1.));
#8381=DIRECTION('',(1.,0.,0.));
#8382=DIRECTION('',(0.,0.,-1.));
#8383=DIRECTION('',(0.,0.,-1.));
#8384=DIRECTION('',(-1.,0.,0.));
#8385=DIRECTION('',(0.,0.,-1.));
#8386=DIRECTION('',(0.,0.,1.));
#8387=DIRECTION('',(1.,0.,0.));
#8388=DIRECTION('',(0.,0.,1.));
#8389=DIRECTION('',(1.,0.,0.));
#8390=DIRECTION('',(0.,0.,1.));
#8391=DIRECTION('',(1.,0.,0.));
#8392=DIRECTION('',(0.,0.,1.));
#8393=DIRECTION('',(1.,0.,0.));
#8394=DIRECTION('',(0.,0.,1.));
#8395=DIRECTION('',(1.,0.,0.));
#8396=DIRECTION('',(0.,0.,1.));
#8397=DIRECTION('',(1.,0.,0.));
#8398=DIRECTION('',(0.,0.,1.));
#8399=DIRECTION('',(1.,0.,0.));
#8400=DIRECTION('',(0.,0.,-1.));
#8401=DIRECTION('',(-1.,0.,0.));
#8402=DIRECTION('',(0.,0.,-1.));
#8403=DIRECTION('',(-1.,0.,0.));
#8404=DIRECTION('',(0.,0.,1.));
#8405=DIRECTION('',(1.,0.,0.));
#8406=DIRECTION('',(0.,0.,1.));
#8407=DIRECTION('',(1.,0.,0.));
#8408=DIRECTION('',(0.,0.,-1.));
#8409=DIRECTION('',(-1.,0.,0.));
#8410=DIRECTION('',(0.,0.,-1.));
#8411=DIRECTION('',(-1.,0.,0.));
#8412=DIRECTION('',(0.,0.,-1.));
#8413=DIRECTION('',(0.,0.,1.));
#8414=DIRECTION('',(1.,0.,0.));
#8415=DIRECTION('',(0.,0.,-1.));
#8416=DIRECTION('',(0.,0.,1.));
#8417=DIRECTION('',(1.,0.,0.));
#8418=DIRECTION('',(0.,0.,-1.));
#8419=DIRECTION('',(0.,0.,1.));
#8420=DIRECTION('',(1.,0.,0.));
#8421=DIRECTION('',(-1.,0.,0.));
#8422=DIRECTION('',(1.,0.,0.));
#8423=DIRECTION('',(0.,0.,1.));
#8424=DIRECTION('',(1.,0.,0.));
#8425=DIRECTION('',(-1.,0.,0.));
#8426=DIRECTION('',(1.,0.,0.));
#8427=DIRECTION('',(0.,1.,0.));
#8428=DIRECTION('',(0.,0.,1.));
#8429=DIRECTION('',(0.,0.,-1.));
#8430=DIRECTION('',(0.,0.,-1.));
#8431=DIRECTION('',(-1.,0.,0.));
#8432=DIRECTION('',(0.,0.,-1.));
#8433=DIRECTION('',(0.,-1.,0.));
#8434=DIRECTION('',(0.,0.,-1.));
#8435=DIRECTION('',(0.,1.,0.));
#8436=DIRECTION('',(0.,0.,1.));
#8437=DIRECTION('',(-1.,5.42101086242748E-16,0.));
#8438=DIRECTION('',(-5.42101086242748E-16,-1.,0.));
#8439=DIRECTION('',(5.42101086242748E-16,1.,0.));
#8440=DIRECTION('',(0.,0.,-1.));
#8441=DIRECTION('',(0.,-1.,0.));
#8442=DIRECTION('',(0.,0.,-1.));
#8443=DIRECTION('',(-1.,0.,0.));
#8444=DIRECTION('',(0.,0.,-1.));
#8445=DIRECTION('',(1.,0.,0.));
#8446=DIRECTION('',(0.,0.,-1.));
#8447=DIRECTION('',(0.,-1.,0.));
#8448=DIRECTION('',(0.,0.,-1.));
#8449=DIRECTION('',(0.,0.,-1.));
#8450=DIRECTION('',(-1.,0.,0.));
#8451=DIRECTION('',(0.,0.,-1.));
#8452=DIRECTION('',(0.,0.,1.));
#8453=DIRECTION('',(1.,0.,0.));
#8454=DIRECTION('',(-1.,0.,0.));
#8455=DIRECTION('',(0.,0.,1.));
#8456=DIRECTION('',(0.,-1.,0.));
#8457=DIRECTION('',(0.,0.,1.));
#8458=DIRECTION('',(0.,-1.,0.));
#8459=DIRECTION('',(1.,0.,0.));
#8460=DIRECTION('',(0.,0.,-1.));
#8461=DIRECTION('',(0.,-1.,0.));
#8462=DIRECTION('',(0.,0.,1.));
#8463=DIRECTION('',(1.,0.,0.));
#8464=DIRECTION('',(0.,1.,0.));
#8465=DIRECTION('',(0.,0.,1.));
#8466=DIRECTION('',(-1.,0.,0.));
#8467=DIRECTION('',(0.,0.,1.));
#8468=DIRECTION('',(1.,0.,0.));
#8469=DIRECTION('',(1.,0.,0.));
#8470=DIRECTION('',(0.,0.,1.));
#8471=DIRECTION('',(1.,0.,0.));
#8472=DIRECTION('',(1.,0.,0.));
#8473=DIRECTION('',(0.707106781186547,-0.707106781186548,0.));
#8474=DIRECTION('',(0.,0.,1.));
#8475=DIRECTION('',(1.,0.,0.));
#8476=DIRECTION('',(0.707106781186547,-0.707106781186548,0.));
#8477=DIRECTION('',(1.,0.,0.));
#8478=DIRECTION('',(0.,0.,1.));
#8479=DIRECTION('',(1.,0.,0.));
#8480=DIRECTION('',(-0.707106781186548,-0.707106781186547,0.));
#8481=DIRECTION('',(0.707106781186547,-0.707106781186548,0.));
#8482=DIRECTION('',(0.,0.,1.));
#8483=DIRECTION('',(0.,-1.,0.));
#8484=DIRECTION('',(0.,0.,-1.));
#8485=DIRECTION('',(0.,0.,1.));
#8486=DIRECTION('',(0.,0.,1.));
#8487=DIRECTION('',(1.,0.,0.));
#8488=DIRECTION('',(0.,-1.,0.));
#8489=DIRECTION('',(0.,0.,-1.));
#8490=DIRECTION('',(1.,0.,0.));
#8491=DIRECTION('',(0.,0.,-1.));
#8492=DIRECTION('',(0.,-1.,0.));
#8493=DIRECTION('',(0.,0.,1.));
#8494=DIRECTION('',(0.,-1.,0.));
#8495=DIRECTION('',(0.,0.,-1.));
#8496=DIRECTION('',(-1.,0.,0.));
#8497=DIRECTION('',(1.,0.,0.));
#8498=DIRECTION('',(0.,-1.,0.));
#8499=DIRECTION('',(-1.,0.,0.));
#8500=DIRECTION('',(0.,0.,1.));
#8501=DIRECTION('',(0.,0.,-1.));
#8502=DIRECTION('',(0.,-1.,0.));
#8503=DIRECTION('',(0.,0.,1.));
#8504=DIRECTION('',(1.,0.,0.));
#8505=DIRECTION('',(-1.,0.,0.));
#8506=DIRECTION('',(0.,1.,0.));
#8507=DIRECTION('',(0.,0.,1.));
#8508=DIRECTION('',(1.,0.,0.));
#8509=DIRECTION('',(0.,0.,-1.));
#8510=DIRECTION('',(0.,-1.,0.));
#8511=DIRECTION('',(0.,0.,1.));
#8512=DIRECTION('',(0.,-1.,0.));
#8513=DIRECTION('',(0.,0.,-1.));
#8514=DIRECTION('',(-1.,0.,0.));
#8515=DIRECTION('',(1.,0.,0.));
#8516=DIRECTION('',(0.,-1.,0.));
#8517=DIRECTION('',(-1.,0.,0.));
#8518=DIRECTION('',(0.,0.,1.));
#8519=DIRECTION('',(0.,0.,-1.));
#8520=DIRECTION('',(0.,-1.,0.));
#8521=DIRECTION('',(0.,0.,1.));
#8522=DIRECTION('',(1.,0.,0.));
#8523=DIRECTION('',(-1.,0.,0.));
#8524=DIRECTION('',(0.,1.,0.));
#8525=DIRECTION('',(0.,0.,1.));
#8526=DIRECTION('',(1.,0.,0.));
#8527=DIRECTION('',(0.,0.,-1.));
#8528=DIRECTION('',(0.,-1.,0.));
#8529=DIRECTION('',(0.,0.,1.));
#8530=DIRECTION('',(0.,-1.,0.));
#8531=DIRECTION('',(0.,0.,-1.));
#8532=DIRECTION('',(-1.,0.,0.));
#8533=DIRECTION('',(1.,0.,0.));
#8534=DIRECTION('',(0.,-1.,0.));
#8535=DIRECTION('',(-1.,0.,0.));
#8536=DIRECTION('',(0.,0.,1.));
#8537=DIRECTION('',(0.,0.,-1.));
#8538=DIRECTION('',(0.,-1.,0.));
#8539=DIRECTION('',(0.,0.,1.));
#8540=DIRECTION('',(1.,0.,0.));
#8541=DIRECTION('',(-1.,0.,0.));
#8542=DIRECTION('',(0.,1.,0.));
#8543=DIRECTION('',(0.,0.,1.));
#8544=DIRECTION('',(1.,0.,0.));
#8545=DIRECTION('',(0.,0.,-1.));
#8546=DIRECTION('',(0.,-1.,0.));
#8547=DIRECTION('',(0.,0.,1.));
#8548=DIRECTION('',(0.,-1.,0.));
#8549=DIRECTION('',(0.,0.,-1.));
#8550=DIRECTION('',(-1.,0.,0.));
#8551=DIRECTION('',(1.,0.,0.));
#8552=DIRECTION('',(0.,-1.,0.));
#8553=DIRECTION('',(-1.,0.,0.));
#8554=DIRECTION('',(0.,0.,1.));
#8555=DIRECTION('',(0.,0.,-1.));
#8556=DIRECTION('',(0.,-1.,0.));
#8557=DIRECTION('',(0.,0.,1.));
#8558=DIRECTION('',(1.,0.,0.));
#8559=DIRECTION('',(-1.,0.,0.));
#8560=DIRECTION('',(0.,1.,0.));
#8561=DIRECTION('',(0.,0.,1.));
#8562=DIRECTION('',(-1.,0.,0.));
#8563=DIRECTION('',(0.,0.,1.));
#8564=DIRECTION('',(-1.,0.,0.));
#8565=DIRECTION('',(0.,0.,1.));
#8566=DIRECTION('',(-1.,0.,0.));
#8567=DIRECTION('',(0.,0.,1.));
#8568=DIRECTION('',(-1.,0.,0.));
#8569=DIRECTION('',(0.,0.,1.));
#8570=DIRECTION('',(-1.,0.,0.));
#8571=DIRECTION('',(0.,0.,1.));
#8572=DIRECTION('',(-1.,0.,0.));
#8573=DIRECTION('',(0.,0.,1.));
#8574=DIRECTION('',(-1.,0.,0.));
#8575=DIRECTION('',(0.,0.,1.));
#8576=DIRECTION('',(-1.,0.,0.));
#8577=DIRECTION('',(0.,0.,1.));
#8578=DIRECTION('',(-1.,0.,0.));
#8579=DIRECTION('',(0.,0.,1.));
#8580=DIRECTION('',(-1.,0.,0.));
#8581=DIRECTION('',(0.,0.,1.));
#8582=DIRECTION('',(0.,-1.,0.));
#8583=DIRECTION('',(0.,0.,-1.));
#8584=DIRECTION('',(-1.,0.,0.));
#8585=DIRECTION('',(0.,0.,1.));
#8586=DIRECTION('',(-1.,0.,0.));
#8587=DIRECTION('',(0.,0.,-1.));
#8588=DIRECTION('',(-1.,0.,0.));
#8589=DIRECTION('',(0.,-1.,0.));
#8590=DIRECTION('',(-1.,0.,0.));
#8591=DIRECTION('',(0.,1.,2.89120579329468E-16));
#8592=DIRECTION('',(0.,-2.89120579329468E-16,1.));
#8593=DIRECTION('',(0.,2.89120579329468E-16,-1.));
#8594=DIRECTION('',(-1.,0.,0.));
#8595=DIRECTION('',(-1.,0.,0.));
#8596=DIRECTION('',(0.,0.,1.));
#8597=DIRECTION('',(1.,0.,0.));
#8598=DIRECTION('',(0.,0.,-1.));
#8599=DIRECTION('',(-1.,0.,0.));
#8600=DIRECTION('',(0.,0.,1.));
#8601=DIRECTION('',(1.,0.,0.));
#8602=DIRECTION('',(0.,1.,0.));
#8603=DIRECTION('',(-1.,0.,0.));
#8604=DIRECTION('',(-1.,0.,0.));
#8605=DIRECTION('',(0.,0.,1.));
#8606=DIRECTION('',(1.,0.,0.));
#8607=DIRECTION('',(0.,0.,-1.));
#8608=DIRECTION('',(1.,0.,0.));
#8609=DIRECTION('',(0.,0.,-1.));
#8610=DIRECTION('',(-1.,0.,0.));
#8611=DIRECTION('',(0.,0.,1.));
#8612=DIRECTION('',(-1.,0.,0.));
#8613=DIRECTION('',(1.,0.,0.));
#8614=DIRECTION('',(0.,0.,-1.));
#8615=DIRECTION('',(-1.,0.,0.));
#8616=DIRECTION('',(0.,0.,-1.));
#8617=DIRECTION('',(-1.,0.,0.));
#8618=DIRECTION('',(0.,-1.,0.));
#8619=DIRECTION('',(-1.,0.,0.));
#8620=DIRECTION('',(-1.,0.,0.));
#8621=DIRECTION('',(0.,0.,1.));
#8622=DIRECTION('',(1.,0.,0.));
#8623=DIRECTION('',(0.,0.,-1.));
#8624=DIRECTION('',(-1.,0.,0.));
#8625=DIRECTION('',(0.,1.,0.));
#8626=DIRECTION('',(0.,0.,1.));
#8627=DIRECTION('',(0.,0.,-1.));
#8628=DIRECTION('',(-1.,0.,0.));
#8629=DIRECTION('',(-1.,0.,0.));
#8630=DIRECTION('',(0.,0.,1.));
#8631=DIRECTION('',(1.,0.,0.));
#8632=DIRECTION('',(0.,0.,-1.));
#8633=DIRECTION('',(-1.,0.,0.));
#8634=DIRECTION('',(0.,0.,1.));
#8635=DIRECTION('',(1.,0.,0.));
#8636=DIRECTION('',(0.,1.,0.));
#8637=DIRECTION('',(-1.,0.,0.));
#8638=DIRECTION('',(-1.,0.,0.));
#8639=DIRECTION('',(0.,0.,1.));
#8640=DIRECTION('',(1.,0.,0.));
#8641=DIRECTION('',(0.,0.,-1.));
#8642=DIRECTION('',(-1.,0.,0.));
#8643=DIRECTION('',(0.,-1.,0.));
#8644=DIRECTION('',(0.,0.,-1.));
#8645=DIRECTION('',(0.,0.,1.));
#8646=DIRECTION('',(1.,0.,0.));
#8647=DIRECTION('',(0.,0.,-1.));
#8648=DIRECTION('',(0.,-1.,0.));
#8649=DIRECTION('',(0.,0.,-1.));
#8650=DIRECTION('',(-1.,0.,0.));
#8651=DIRECTION('',(0.,0.,1.));
#8652=DIRECTION('',(-1.,0.,0.));
#8653=DIRECTION('',(0.,0.,-1.));
#8654=DIRECTION('',(-1.,0.,0.));
#8655=DIRECTION('',(0.,-1.,0.));
#8656=DIRECTION('',(-1.,0.,0.));
#8657=DIRECTION('',(0.,1.,3.09772049281573E-16));
#8658=DIRECTION('',(0.,-3.09772049281573E-16,1.));
#8659=DIRECTION('',(0.,3.09772049281573E-16,-1.));
#8660=DIRECTION('',(-1.,0.,0.));
#8661=DIRECTION('',(-1.,0.,0.));
#8662=DIRECTION('',(0.,0.,1.));
#8663=DIRECTION('',(1.,0.,0.));
#8664=DIRECTION('',(0.,0.,-1.));
#8665=DIRECTION('',(-1.,0.,0.));
#8666=DIRECTION('',(0.,0.,1.));
#8667=DIRECTION('',(1.,0.,0.));
#8668=DIRECTION('',(0.,1.,0.));
#8669=DIRECTION('',(-1.,0.,0.));
#8670=DIRECTION('',(-1.,0.,0.));
#8671=DIRECTION('',(0.,0.,1.));
#8672=DIRECTION('',(1.,0.,0.));
#8673=DIRECTION('',(0.,0.,-1.));
#8674=DIRECTION('',(1.,0.,0.));
#8675=DIRECTION('',(0.,0.,-1.));
#8676=DIRECTION('',(0.866025403784439,0.5,0.));
#8677=DIRECTION('',(-0.5,0.866025403784439,0.));
#8678=DIRECTION('',(0.,0.,1.));
#8679=DIRECTION('',(0.5,-0.866025403784439,0.));
#8680=DIRECTION('',(0.5,-0.866025403784439,7.22801448323672E-16));
#8681=DIRECTION('',(0.,1.,0.));
#8682=DIRECTION('',(1.,0.,0.));
#8683=DIRECTION('',(0.,1.,0.));
#8684=DIRECTION('',(1.,0.,0.));
#8685=DIRECTION('',(0.,-0.866025403784439,-0.5));
#8686=DIRECTION('',(0.,0.5,-0.866025403784439));
#8687=DIRECTION('',(0.,0.866025403784439,0.5));
#8688=DIRECTION('',(1.,0.,0.));
#8689=DIRECTION('',(0.,-0.866025403784439,-0.5));
#8690=DIRECTION('',(0.,-1.,0.));
#8691=DIRECTION('',(1.,0.,0.));
#8692=DIRECTION('',(0.,1.,0.));
#8693=DIRECTION('',(1.,0.,0.));
#8694=DIRECTION('',(0.496471676926349,-0.866025403784439,-0.0592948059271565));
#8695=DIRECTION('',(0.,1.,0.));
#8696=DIRECTION('',(1.,0.,0.));
#8697=DIRECTION('',(0.,1.,0.));
#8698=DIRECTION('',(1.,0.,0.));
#8699=DIRECTION('',(0.25,-0.866025403784439,-0.433012701892219));
#8700=DIRECTION('',(0.43301270189222,0.5,-0.75));
#8701=DIRECTION('',(-0.25,0.866025403784438,0.433012701892219));
#8702=DIRECTION('',(0.866025403784438,0.,0.5));
#8703=DIRECTION('',(0.250000000000002,-0.866025403784439,-0.433012701892218));
#8704=DIRECTION('',(0.,1.,0.));
#8705=DIRECTION('',(1.,0.,0.));
#8706=DIRECTION('',(0.,1.,0.));
#8707=DIRECTION('',(1.,0.,0.));
#8708=DIRECTION('',(0.,-0.866025403784439,-0.5));
#8709=DIRECTION('',(0.,0.5,-0.866025403784439));
#8710=DIRECTION('',(0.,0.866025403784439,0.5));
#8711=DIRECTION('',(1.,0.,0.));
#8712=DIRECTION('',(5.42101086242752E-16,-0.866025403784439,-0.5));
#8713=DIRECTION('',(0.,1.,0.));
#8714=DIRECTION('',(1.,0.,0.));
#8715=DIRECTION('',(0.,1.,0.));
#8716=DIRECTION('',(1.,0.,0.));
#8717=DIRECTION('',(-0.5,-0.866025403784439,0.));
#8718=DIRECTION('',(-0.866025403784439,0.5,0.));
#8719=DIRECTION('',(0.5,0.866025403784439,0.));
#8720=DIRECTION('',(0.,0.,-1.));
#8721=DIRECTION('',(-0.5,-0.866025403784439,2.16840434497101E-16));
#8722=DIRECTION('',(0.,1.,0.));
#8723=DIRECTION('',(1.,0.,0.));
#8724=DIRECTION('',(0.,1.,0.));
#8725=DIRECTION('',(1.,0.,0.));
#8726=DIRECTION('',(-0.25,-0.866025403784439,0.433012701892219));
#8727=DIRECTION('',(-0.433012701892219,0.5,0.75));
#8728=DIRECTION('',(0.25,0.866025403784438,-0.433012701892219));
#8729=DIRECTION('',(-0.866025403784439,0.,-0.5));
#8730=DIRECTION('',(-0.132788176096108,-0.858356263574049,0.495572219835078));
#8731=DIRECTION('',(0.,0.5,0.866025403784439));
#8732=DIRECTION('',(0.,0.866025403784439,-0.5));
#8733=DIRECTION('',(-1.,0.,0.));
#8734=DIRECTION('',(0.132788176096108,-0.858356263574049,0.495572219835078));
#8735=DIRECTION('',(0.433012701892219,0.5,0.75));
#8736=DIRECTION('',(-0.25,0.866025403784439,-0.433012701892219));
#8737=DIRECTION('',(-0.866025403784439,0.,0.5));
#8738=DIRECTION('',(0.25,-0.866025403784439,0.43301270189222));
#8739=DIRECTION('',(0.,1.,0.));
#8740=DIRECTION('',(1.,0.,0.));
#8741=DIRECTION('',(0.,1.,0.));
#8742=DIRECTION('',(1.,0.,0.));
#8743=DIRECTION('',(0.5,-0.866025403784439,0.));
#8744=DIRECTION('',(0.866025403784439,0.5,0.));
#8745=DIRECTION('',(-0.5,0.866025403784439,0.));
#8746=DIRECTION('',(0.,0.,1.));
#8747=DIRECTION('',(0.5,-0.866025403784439,-5.42101086242753E-16));
#8748=DIRECTION('',(0.,-1.,0.));
#8749=DIRECTION('',(1.,0.,0.));
#8750=DIRECTION('',(0.,1.,0.));
#8751=DIRECTION('',(1.,0.,0.));
#8752=DIRECTION('',(0.,-0.866025403784439,0.5));
#8753=DIRECTION('',(0.,0.5,0.866025403784439));
#8754=DIRECTION('',(0.,0.866025403784439,-0.5));
#8755=DIRECTION('',(-1.,0.,0.));
#8756=DIRECTION('',(0.,-0.866025403784439,0.5));
#8757=DIRECTION('',(0.,1.,0.));
#8758=DIRECTION('',(1.,0.,0.));
#8759=DIRECTION('',(0.,1.,0.));
#8760=DIRECTION('',(1.,0.,0.));
#8761=DIRECTION('',(0.,1.,0.));
#8762=DIRECTION('',(0.,0.,1.));
#8763=DIRECTION('',(0.,0.,1.));
#8764=DIRECTION('',(0.,1.,0.));
#8765=DIRECTION('',(1.,0.,0.));
#8766=DIRECTION('',(1.,0.,0.));
#8767=DIRECTION('',(0.,1.,0.));
#8768=DIRECTION('',(1.,0.,0.));
#8769=DIRECTION('',(0.,1.,0.));
#8770=DIRECTION('',(1.,0.,0.));
#8771=DIRECTION('',(0.866025403784438,0.,0.5));
#8772=DIRECTION('',(0.,1.,0.));
#8773=DIRECTION('',(1.,0.,0.));
#8774=DIRECTION('',(1.,0.,0.));
#8775=DIRECTION('',(0.,1.,0.));
#8776=DIRECTION('',(1.,0.,0.));
#8777=DIRECTION('',(0.,0.,-1.));
#8778=DIRECTION('',(0.,1.,0.));
#8779=DIRECTION('',(1.,0.,0.));
#8780=DIRECTION('',(-0.866025403784439,0.,-0.5));
#8781=DIRECTION('',(-1.,0.,0.));
#8782=DIRECTION('',(-0.866025403784439,0.,0.5));
#8783=DIRECTION('',(0.,1.,0.));
#8784=DIRECTION('',(1.,0.,0.));
#8785=DIRECTION('',(0.,0.,1.));
#8786=DIRECTION('',(0.,1.,0.));
#8787=DIRECTION('',(1.,0.,0.));
#8788=DIRECTION('',(-1.,0.,0.));
#8789=DIRECTION('',(0.,1.,0.));
#8790=DIRECTION('',(1.,0.,0.));
#8791=DIRECTION('',(0.,-1.,0.));
#8792=DIRECTION('',(0.,0.,-1.));
#8793=DIRECTION('',(0.,-1.,0.));
#8794=DIRECTION('',(0.,-1.,0.));
#8795=DIRECTION('',(0.,0.,1.));
#8796=DIRECTION('',(1.,0.,0.));
#8797=DIRECTION('',(0.,-1.,0.));
#8798=DIRECTION('',(0.,-1.,0.));
#8799=DIRECTION('',(0.,0.,-1.));
#8800=DIRECTION('',(0.,-1.,0.));
#8801=DIRECTION('',(1.,0.,0.));
#8802=DIRECTION('',(0.,0.,-1.));
#8803=DIRECTION('',(0.,-1.,0.));
#8804=DIRECTION('',(0.,-1.,0.));
#8805=DIRECTION('',(0.,0.,-1.));
#8806=DIRECTION('',(0.,-1.,0.));
#8807=DIRECTION('',(0.5,0.,0.866025403784439));
#8808=DIRECTION('',(0.866025403784439,0.,-0.5));
#8809=DIRECTION('',(0.,-1.,0.));
#8810=DIRECTION('',(0.,0.,1.));
#8811=DIRECTION('',(1.,0.,0.));
#8812=DIRECTION('',(0.,-1.,0.));
#8813=DIRECTION('',(-0.5,0.,0.866025403784439));
#8814=DIRECTION('',(0.866025403784439,0.,0.5));
#8815=DIRECTION('',(0.,-1.,0.));
#8816=DIRECTION('',(0.,-1.,0.));
#8817=DIRECTION('',(0.,0.,-1.));
#8818=DIRECTION('',(0.,-1.,0.));
#8819=DIRECTION('',(-1.,0.,0.));
#8820=DIRECTION('',(0.,0.,1.));
#8821=DIRECTION('',(0.,-1.,0.));
#8822=DIRECTION('',(0.,-1.,0.));
#8823=DIRECTION('',(0.,0.,-1.));
#8824=DIRECTION('',(0.,-1.,0.));
#8825=DIRECTION('',(0.,0.,-1.));
#8826=DIRECTION('',(-1.,0.,0.));
#8827=DIRECTION('',(0.,-1.,0.));
#8828=DIRECTION('',(0.,-1.,0.));
#8829=DIRECTION('',(0.,0.,-1.));
#8830=DIRECTION('',(0.,-1.,0.));
#8831=DIRECTION('',(0.5,0.,-0.866025403784438));
#8832=DIRECTION('',(-0.866025403784438,0.,-0.5));
#8833=DIRECTION('',(0.,-1.,0.));
#8834=DIRECTION('',(0.,-1.,0.));
#8835=DIRECTION('',(0.,0.,-1.));
#8836=DIRECTION('',(0.,-1.,0.));
#8837=DIRECTION('',(0.,-1.,0.));
#8838=DIRECTION('',(0.,0.,-1.));
#8839=DIRECTION('',(0.,-1.,0.));
#8840=DIRECTION('',(0.,0.,-1.));
#8841=DIRECTION('',(-1.,0.,0.));
#8842=DIRECTION('',(0.,-1.,0.));
#8843=DIRECTION('',(0.,-1.,0.));
#8844=DIRECTION('',(0.,0.,-1.));
#8845=DIRECTION('',(0.,-1.,0.));
#8846=DIRECTION('',(1.,0.,0.));
#8847=DIRECTION('',(0.,0.,-1.));
#8848=DIRECTION('',(0.866025403784439,0.5,0.));
#8849=DIRECTION('',(-0.5,0.866025403784439,0.));
#8850=DIRECTION('',(0.,0.,1.));
#8851=DIRECTION('',(0.5,-0.866025403784439,0.));
#8852=DIRECTION('',(0.5,-0.866025403784439,7.22801448323672E-16));
#8853=DIRECTION('',(0.,1.,0.));
#8854=DIRECTION('',(1.,0.,0.));
#8855=DIRECTION('',(0.,1.,0.));
#8856=DIRECTION('',(1.,0.,0.));
#8857=DIRECTION('',(0.,-0.866025403784439,-0.5));
#8858=DIRECTION('',(0.,0.5,-0.866025403784439));
#8859=DIRECTION('',(0.,0.866025403784439,0.5));
#8860=DIRECTION('',(1.,0.,0.));
#8861=DIRECTION('',(0.,-0.866025403784439,-0.5));
#8862=DIRECTION('',(0.,-1.,0.));
#8863=DIRECTION('',(1.,0.,0.));
#8864=DIRECTION('',(0.,1.,0.));
#8865=DIRECTION('',(1.,0.,0.));
#8866=DIRECTION('',(0.496471676926349,-0.866025403784439,-0.0592948059271565));
#8867=DIRECTION('',(0.,1.,0.));
#8868=DIRECTION('',(1.,0.,0.));
#8869=DIRECTION('',(0.,1.,0.));
#8870=DIRECTION('',(1.,0.,0.));
#8871=DIRECTION('',(0.25,-0.866025403784439,-0.433012701892219));
#8872=DIRECTION('',(0.43301270189222,0.5,-0.75));
#8873=DIRECTION('',(-0.25,0.866025403784438,0.433012701892219));
#8874=DIRECTION('',(0.866025403784438,0.,0.5));
#8875=DIRECTION('',(0.250000000000002,-0.866025403784439,-0.433012701892218));
#8876=DIRECTION('',(0.,1.,0.));
#8877=DIRECTION('',(1.,0.,0.));
#8878=DIRECTION('',(0.,1.,0.));
#8879=DIRECTION('',(1.,0.,0.));
#8880=DIRECTION('',(0.,-0.866025403784439,-0.5));
#8881=DIRECTION('',(0.,0.5,-0.866025403784439));
#8882=DIRECTION('',(0.,0.866025403784439,0.5));
#8883=DIRECTION('',(1.,0.,0.));
#8884=DIRECTION('',(5.42101086242752E-16,-0.866025403784439,-0.5));
#8885=DIRECTION('',(0.,1.,0.));
#8886=DIRECTION('',(1.,0.,0.));
#8887=DIRECTION('',(0.,1.,0.));
#8888=DIRECTION('',(1.,0.,0.));
#8889=DIRECTION('',(-0.5,-0.866025403784439,0.));
#8890=DIRECTION('',(-0.866025403784439,0.5,0.));
#8891=DIRECTION('',(0.5,0.866025403784439,0.));
#8892=DIRECTION('',(0.,0.,-1.));
#8893=DIRECTION('',(-0.5,-0.866025403784439,2.16840434497101E-16));
#8894=DIRECTION('',(0.,1.,0.));
#8895=DIRECTION('',(1.,0.,0.));
#8896=DIRECTION('',(0.,1.,0.));
#8897=DIRECTION('',(1.,0.,0.));
#8898=DIRECTION('',(-0.25,-0.866025403784439,0.433012701892219));
#8899=DIRECTION('',(-0.433012701892219,0.5,0.75));
#8900=DIRECTION('',(0.25,0.866025403784438,-0.433012701892219));
#8901=DIRECTION('',(-0.866025403784439,0.,-0.5));
#8902=DIRECTION('',(-0.132788176096108,-0.858356263574049,0.495572219835078));
#8903=DIRECTION('',(0.,0.5,0.866025403784439));
#8904=DIRECTION('',(0.,0.866025403784439,-0.5));
#8905=DIRECTION('',(-1.,0.,0.));
#8906=DIRECTION('',(0.132788176096108,-0.858356263574049,0.495572219835078));
#8907=DIRECTION('',(0.433012701892219,0.5,0.75));
#8908=DIRECTION('',(-0.25,0.866025403784439,-0.433012701892219));
#8909=DIRECTION('',(-0.866025403784439,0.,0.5));
#8910=DIRECTION('',(0.25,-0.866025403784439,0.43301270189222));
#8911=DIRECTION('',(0.,1.,0.));
#8912=DIRECTION('',(1.,0.,0.));
#8913=DIRECTION('',(0.,1.,0.));
#8914=DIRECTION('',(1.,0.,0.));
#8915=DIRECTION('',(0.5,-0.866025403784439,0.));
#8916=DIRECTION('',(0.866025403784439,0.5,0.));
#8917=DIRECTION('',(-0.5,0.866025403784439,0.));
#8918=DIRECTION('',(0.,0.,1.));
#8919=DIRECTION('',(0.5,-0.866025403784439,-5.42101086242753E-16));
#8920=DIRECTION('',(0.,-1.,0.));
#8921=DIRECTION('',(1.,0.,0.));
#8922=DIRECTION('',(0.,1.,0.));
#8923=DIRECTION('',(1.,0.,0.));
#8924=DIRECTION('',(0.,-0.866025403784439,0.5));
#8925=DIRECTION('',(0.,0.5,0.866025403784439));
#8926=DIRECTION('',(0.,0.866025403784439,-0.5));
#8927=DIRECTION('',(-1.,0.,0.));
#8928=DIRECTION('',(0.,-0.866025403784439,0.5));
#8929=DIRECTION('',(0.,1.,0.));
#8930=DIRECTION('',(1.,0.,0.));
#8931=DIRECTION('',(0.,1.,0.));
#8932=DIRECTION('',(1.,0.,0.));
#8933=DIRECTION('',(0.,1.,0.));
#8934=DIRECTION('',(0.,0.,1.));
#8935=DIRECTION('',(0.,0.,1.));
#8936=DIRECTION('',(0.,1.,0.));
#8937=DIRECTION('',(1.,0.,0.));
#8938=DIRECTION('',(1.,0.,0.));
#8939=DIRECTION('',(0.,1.,0.));
#8940=DIRECTION('',(1.,0.,0.));
#8941=DIRECTION('',(0.,1.,0.));
#8942=DIRECTION('',(1.,0.,0.));
#8943=DIRECTION('',(0.866025403784438,0.,0.5));
#8944=DIRECTION('',(0.,1.,0.));
#8945=DIRECTION('',(1.,0.,0.));
#8946=DIRECTION('',(1.,0.,0.));
#8947=DIRECTION('',(0.,1.,0.));
#8948=DIRECTION('',(1.,0.,0.));
#8949=DIRECTION('',(0.,0.,-1.));
#8950=DIRECTION('',(0.,1.,0.));
#8951=DIRECTION('',(1.,0.,0.));
#8952=DIRECTION('',(-0.866025403784439,0.,-0.5));
#8953=DIRECTION('',(-1.,0.,0.));
#8954=DIRECTION('',(-0.866025403784439,0.,0.5));
#8955=DIRECTION('',(0.,1.,0.));
#8956=DIRECTION('',(1.,0.,0.));
#8957=DIRECTION('',(0.,0.,1.));
#8958=DIRECTION('',(0.,1.,0.));
#8959=DIRECTION('',(1.,0.,0.));
#8960=DIRECTION('',(-1.,0.,0.));
#8961=DIRECTION('',(0.,1.,0.));
#8962=DIRECTION('',(1.,0.,0.));
#8963=DIRECTION('',(0.,-1.,0.));
#8964=DIRECTION('',(0.,0.,-1.));
#8965=DIRECTION('',(0.,-1.,0.));
#8966=DIRECTION('',(0.,-1.,0.));
#8967=DIRECTION('',(0.,0.,1.));
#8968=DIRECTION('',(1.,0.,0.));
#8969=DIRECTION('',(0.,-1.,0.));
#8970=DIRECTION('',(0.,-1.,0.));
#8971=DIRECTION('',(0.,0.,-1.));
#8972=DIRECTION('',(0.,-1.,0.));
#8973=DIRECTION('',(1.,0.,0.));
#8974=DIRECTION('',(0.,0.,-1.));
#8975=DIRECTION('',(0.,-1.,0.));
#8976=DIRECTION('',(0.,-1.,0.));
#8977=DIRECTION('',(0.,0.,-1.));
#8978=DIRECTION('',(0.,-1.,0.));
#8979=DIRECTION('',(0.5,0.,0.866025403784439));
#8980=DIRECTION('',(0.866025403784439,0.,-0.5));
#8981=DIRECTION('',(0.,-1.,0.));
#8982=DIRECTION('',(0.,0.,1.));
#8983=DIRECTION('',(1.,0.,0.));
#8984=DIRECTION('',(0.,-1.,0.));
#8985=DIRECTION('',(-0.5,0.,0.866025403784439));
#8986=DIRECTION('',(0.866025403784439,0.,0.5));
#8987=DIRECTION('',(0.,-1.,0.));
#8988=DIRECTION('',(0.,-1.,0.));
#8989=DIRECTION('',(0.,0.,-1.));
#8990=DIRECTION('',(0.,-1.,0.));
#8991=DIRECTION('',(-1.,0.,0.));
#8992=DIRECTION('',(0.,0.,1.));
#8993=DIRECTION('',(0.,-1.,0.));
#8994=DIRECTION('',(0.,-1.,0.));
#8995=DIRECTION('',(0.,0.,-1.));
#8996=DIRECTION('',(0.,-1.,0.));
#8997=DIRECTION('',(0.,0.,-1.));
#8998=DIRECTION('',(-1.,0.,0.));
#8999=DIRECTION('',(0.,-1.,0.));
#9000=DIRECTION('',(0.,-1.,0.));
#9001=DIRECTION('',(0.,0.,-1.));
#9002=DIRECTION('',(0.,-1.,0.));
#9003=DIRECTION('',(0.5,0.,-0.866025403784438));
#9004=DIRECTION('',(-0.866025403784438,0.,-0.5));
#9005=DIRECTION('',(0.,-1.,0.));
#9006=DIRECTION('',(0.,-1.,0.));
#9007=DIRECTION('',(0.,0.,-1.));
#9008=DIRECTION('',(0.,-1.,0.));
#9009=DIRECTION('',(0.,-1.,0.));
#9010=DIRECTION('',(0.,0.,-1.));
#9011=DIRECTION('',(0.,-1.,0.));
#9012=DIRECTION('',(0.,0.,-1.));
#9013=DIRECTION('',(-1.,0.,0.));
#9014=DIRECTION('',(0.,-1.,0.));
#9015=DIRECTION('',(0.,-1.,0.));
#9016=DIRECTION('',(0.,0.,-1.));
#9017=DIRECTION('',(0.,-1.,0.));
#9018=DIRECTION('',(1.,0.,0.));
#9019=DIRECTION('',(0.,0.,-1.));
#9020=DIRECTION('',(0.,0.,-1.));
#9021=DIRECTION('',(-1.,0.,0.));
#9022=DIRECTION('',(0.,-1.,0.));
#9023=DIRECTION('',(-1.,0.,0.));
#9024=DIRECTION('',(0.,0.,1.));
#9025=DIRECTION('',(1.,0.,0.));
#9026=DIRECTION('',(-1.,0.,0.));
#9027=DIRECTION('',(0.,1.,0.));
#9028=DIRECTION('',(1.,0.,0.));
#9029=DIRECTION('',(0.,0.,-1.));
#9030=DIRECTION('',(0.,0.,-1.));
#9031=DIRECTION('',(0.,0.,1.));
#9032=DIRECTION('',(0.,0.,-1.));
#9033=DIRECTION('',(1.,0.,0.));
#9034=DIRECTION('',(0.,0.,-1.));
#9035=DIRECTION('',(-1.,0.,0.));
#9036=DIRECTION('',(0.,0.,1.));
#9037=DIRECTION('',(-1.,0.,0.));
#9038=DIRECTION('',(0.,1.,0.));
#9039=DIRECTION('',(0.,0.,1.));
#9040=DIRECTION('',(0.,0.,-1.));
#9041=DIRECTION('',(-1.,0.,0.));
#9042=DIRECTION('',(0.,-1.,0.));
#9043=DIRECTION('',(-1.,0.,0.));
#9044=DIRECTION('',(0.,0.,1.));
#9045=DIRECTION('',(1.,0.,0.));
#9046=DIRECTION('',(-1.,0.,0.));
#9047=DIRECTION('',(0.,1.,0.));
#9048=DIRECTION('',(1.,0.,0.));
#9049=DIRECTION('',(0.,0.,-1.));
#9050=DIRECTION('',(0.,0.,-1.));
#9051=DIRECTION('',(0.,0.,1.));
#9052=DIRECTION('',(0.,0.,-1.));
#9053=DIRECTION('',(1.,0.,0.));
#9054=DIRECTION('',(0.,0.,-1.));
#9055=DIRECTION('',(-1.,0.,0.));
#9056=DIRECTION('',(0.,0.,1.));
#9057=DIRECTION('',(-1.,0.,0.));
#9058=DIRECTION('',(0.,1.,0.));
#9059=DIRECTION('',(0.,0.,1.));
#9060=DIRECTION('',(0.642787609686539,0.766044443118978,0.));
#9061=DIRECTION('',(-0.766044443118978,0.642787609686539,0.));
#9062=DIRECTION('',(0.,0.,-1.));
#9063=DIRECTION('',(0.,0.,-1.));
#9064=DIRECTION('',(-1.,0.,0.));
#9065=DIRECTION('',(0.,0.,-1.));
#9066=DIRECTION('',(0.,0.,-1.));
#9067=DIRECTION('',(-1.,0.,0.));
#9068=DIRECTION('',(0.,0.,-1.));
#9069=DIRECTION('',(-1.,0.,0.));
#9070=DIRECTION('',(-1.,0.,0.));
#9071=DIRECTION('',(0.,0.,1.));
#9072=DIRECTION('',(0.,0.,-1.));
#9073=DIRECTION('',(-0.766044443118977,0.64278760968654,0.));
#9074=DIRECTION('',(-0.64278760968654,-0.766044443118977,0.));
#9075=DIRECTION('',(0.,0.,-1.));
#9076=DIRECTION('',(0.,0.,-1.));
#9077=DIRECTION('',(0.642787609686539,0.766044443118978,0.));
#9078=DIRECTION('',(0.,0.,-1.));
#9079=DIRECTION('',(0.,0.,-1.));
#9080=DIRECTION('',(-1.,0.,0.));
#9081=DIRECTION('',(0.,0.,1.));
#9082=DIRECTION('',(1.,0.,0.));
#9083=DIRECTION('',(0.642787609686539,0.766044443118978,0.));
#9084=DIRECTION('',(-0.766044443118978,0.642787609686539,0.));
#9085=DIRECTION('',(0.,0.,-1.));
#9086=DIRECTION('',(0.,0.,-1.));
#9087=DIRECTION('',(-1.,0.,0.));
#9088=DIRECTION('',(0.,0.,-1.));
#9089=DIRECTION('',(0.,0.,-1.));
#9090=DIRECTION('',(-1.,0.,0.));
#9091=DIRECTION('',(0.,0.,-1.));
#9092=DIRECTION('',(-1.,0.,0.));
#9093=DIRECTION('',(-1.,0.,0.));
#9094=DIRECTION('',(0.,0.,1.));
#9095=DIRECTION('',(0.,0.,-1.));
#9096=DIRECTION('',(-0.766044443118977,0.64278760968654,0.));
#9097=DIRECTION('',(-0.64278760968654,-0.766044443118977,0.));
#9098=DIRECTION('',(0.,0.,-1.));
#9099=DIRECTION('',(0.,0.,-1.));
#9100=DIRECTION('',(0.642787609686539,0.766044443118978,0.));
#9101=DIRECTION('',(0.,0.,-1.));
#9102=DIRECTION('',(0.,0.,-1.));
#9103=DIRECTION('',(-1.,0.,0.));
#9104=DIRECTION('',(0.,0.,1.));
#9105=DIRECTION('',(1.,0.,0.));
#9106=DIRECTION('',(0.,0.,-1.));
#9107=DIRECTION('',(-1.,0.,0.));
#9108=DIRECTION('',(0.,0.,-1.));
#9109=DIRECTION('',(-1.,0.,0.));
#9110=DIRECTION('',(0.,0.,1.));
#9111=DIRECTION('',(1.,0.,0.));
#9112=DIRECTION('',(0.,0.,1.));
#9113=DIRECTION('',(1.,0.,0.));
#9114=DIRECTION('',(-1.,0.,0.));
#9115=DIRECTION('',(0.,0.,-1.));
#9116=DIRECTION('',(-1.,0.,0.));
#9117=DIRECTION('',(0.,0.,-1.));
#9118=DIRECTION('',(-1.,0.,0.));
#9119=DIRECTION('',(0.,0.,1.));
#9120=DIRECTION('',(1.,0.,0.));
#9121=DIRECTION('',(0.,0.,1.));
#9122=DIRECTION('',(1.,0.,0.));
#9123=DIRECTION('',(-1.,0.,0.));
#9124=DIRECTION('',(-1.,0.,0.));
#9125=DIRECTION('',(0.,0.,1.));
#9126=DIRECTION('',(-1.,0.,0.));
#9127=DIRECTION('',(-1.,0.,0.));
#9128=DIRECTION('',(0.,0.,1.));
#9129=DIRECTION('',(-1.,0.,0.));
#9130=DIRECTION('',(-1.,0.,0.));
#9131=DIRECTION('',(0.,0.,1.));
#9132=DIRECTION('',(-1.,0.,0.));
#9133=DIRECTION('',(0.,0.,1.));
#9134=DIRECTION('',(-1.,0.,0.));
#9135=DIRECTION('',(-1.,0.,0.));
#9136=DIRECTION('',(0.,0.,1.));
#9137=DIRECTION('',(-1.,0.,0.));
#9138=DIRECTION('',(-1.,0.,0.));
#9139=DIRECTION('',(0.,0.,1.));
#9140=DIRECTION('',(-1.,0.,0.));
#9141=DIRECTION('',(0.,0.,1.));
#9142=DIRECTION('',(-1.,0.,0.));
#9143=DIRECTION('',(-1.,0.,0.));
#9144=DIRECTION('',(0.,0.,1.));
#9145=DIRECTION('',(-1.,0.,0.));
#9146=DIRECTION('',(-1.,0.,0.));
#9147=DIRECTION('',(0.,0.,1.));
#9148=DIRECTION('',(-1.,0.,0.));
#9149=DIRECTION('',(0.,0.,1.));
#9150=DIRECTION('',(-1.,0.,0.));
#9151=DIRECTION('',(-1.,0.,0.));
#9152=DIRECTION('',(0.,0.,1.));
#9153=DIRECTION('',(-1.,0.,0.));
#9154=DIRECTION('',(-1.,0.,0.));
#9155=DIRECTION('',(0.,0.,1.));
#9156=DIRECTION('',(0.12808899581079,-0.99176267783789,0.));
#9157=DIRECTION('',(0.991762677837891,0.128088995810791,0.));
#9158=DIRECTION('',(0.,0.,-1.));
#9159=DIRECTION('',(-0.99176267783789,-0.12808899581079,0.));
#9160=DIRECTION('',(0.,0.,-1.));
#9161=DIRECTION('',(0.,0.,-1.));
#9162=DIRECTION('',(-1.,0.,0.));
#9163=DIRECTION('',(0.,0.,-1.));
#9164=DIRECTION('',(0.,0.,1.));
#9165=DIRECTION('',(1.,0.,0.));
#9166=DIRECTION('',(0.769712466528872,0.638390725864685,0.));
#9167=DIRECTION('',(-0.638390725864685,0.769712466528872,0.));
#9168=DIRECTION('',(0.,0.,-1.));
#9169=DIRECTION('',(0.638390725864685,-0.769712466528872,0.));
#9170=DIRECTION('',(0.,0.,-1.));
#9171=DIRECTION('',(-1.,0.,0.));
#9172=DIRECTION('',(0.,0.,-1.));
#9173=DIRECTION('',(0.,0.,1.));
#9174=DIRECTION('',(1.,0.,0.));
#9175=DIRECTION('',(-0.9391625873723,0.343472902104616,0.));
#9176=DIRECTION('',(-0.343472902104616,-0.9391625873723,0.));
#9177=DIRECTION('',(0.,0.,-1.));
#9178=DIRECTION('',(0.343472902104616,0.9391625873723,0.));
#9179=DIRECTION('',(0.,0.,-1.));
#9180=DIRECTION('',(-1.,0.,0.));
#9181=DIRECTION('',(0.,0.,1.));
#9182=DIRECTION('',(1.,0.,0.));
#9183=DIRECTION('',(1.,0.,0.));
#9184=DIRECTION('',(0.,0.,-1.));
#9185=DIRECTION('',(0.,0.,-1.));
#9186=DIRECTION('',(0.,0.984807753012208,-0.173648177666931));
#9187=DIRECTION('',(0.,0.,-1.));
#9188=DIRECTION('',(-1.,0.,0.));
#9189=DIRECTION('',(0.,0.,-1.));
#9190=DIRECTION('',(0.,-0.173648177666931,-0.984807753012208));
#9191=DIRECTION('',(0.,0.984807753012208,-0.173648177666931));
#9192=DIRECTION('',(0.,1.,0.));
#9193=DIRECTION('',(0.,0.,1.));
#9194=DIRECTION('',(0.,0.,-1.));
#9195=DIRECTION('',(1.,0.,0.));
#9196=DIRECTION('',(0.,0.,-1.));
#9197=DIRECTION('',(-1.,0.,0.));
#9198=DIRECTION('',(0.,0.,-1.));
#9199=DIRECTION('',(0.,-0.173648177666931,-0.984807753012208));
#9200=DIRECTION('',(0.,0.984807753012208,-0.173648177666931));
#9201=DIRECTION('',(-0.965925826289068,0.25881904510252,0.));
#9202=DIRECTION('',(-0.25881904510252,-0.965925826289068,0.));
#9203=DIRECTION('',(0.,0.,-1.));
#9204=DIRECTION('',(-0.255144817820942,-0.952213423395663,0.167900917937429));
#9205=DIRECTION('',(0.,0.,-1.));
#9206=DIRECTION('',(-1.,0.,0.));
#9207=DIRECTION('',(0.,0.,-1.));
#9208=DIRECTION('',(0.,-0.173648177666931,-0.984807753012208));
#9209=DIRECTION('',(0.,0.984807753012208,-0.173648177666931));
#9210=DIRECTION('',(-0.573576436351046,-0.819152044288991,0.));
#9211=DIRECTION('',(0.819152044288991,-0.573576436351046,0.));
#9212=DIRECTION('',(0.,0.,-1.));
#9213=DIRECTION('',(0.814994484643551,-0.570665281746752,0.100623686125551));
#9214=DIRECTION('',(0.,0.,-1.));
#9215=DIRECTION('',(-1.,0.,0.));
#9216=DIRECTION('',(0.,0.,-1.));
#9217=DIRECTION('',(0.,-0.173648177666931,-0.984807753012208));
#9218=DIRECTION('',(0.,0.984807753012208,-0.173648177666931));
#9219=DIRECTION('',(0.,-1.,0.));
#9220=DIRECTION('',(0.,0.,-1.));
#9221=DIRECTION('',(1.,0.,0.));
#9222=DIRECTION('',(0.,-0.173648177666931,-0.984807753012208));
#9223=DIRECTION('',(0.,0.984807753012208,-0.173648177666931));
#9224=DIRECTION('',(-0.0905725975331852,0.701282114826902,0.707106781186548));
#9225=DIRECTION('',(0.0905725975331852,-0.701282114826902,0.707106781186547));
#9226=DIRECTION('',(-0.0905725975331811,0.701282114826902,-0.707106781186547));
#9227=DIRECTION('',(0.99176267783789,0.12808899581079,0.));
#9228=DIRECTION('',(-0.0905725975331852,0.701282114826902,-0.707106781186547));
#9229=DIRECTION('',(0.,0.,-1.));
#9230=DIRECTION('',(1.,0.,0.));
#9231=DIRECTION('',(-0.544268904646389,-0.451410411305521,-0.707106781186547));
#9232=DIRECTION('',(0.,0.,1.));
#9233=DIRECTION('',(1.,0.,0.));
#9234=DIRECTION('',(-0.544268904646389,-0.451410411305521,0.707106781186548));
#9235=DIRECTION('',(0.544268904646389,0.451410411305521,0.707106781186547));
#9236=DIRECTION('',(-0.544268904646391,-0.451410411305519,-0.707106781186547));
#9237=DIRECTION('',(-0.638390725864685,0.769712466528872,0.));
#9238=DIRECTION('',(0.,0.,-1.));
#9239=DIRECTION('',(1.,0.,0.));
#9240=DIRECTION('',(0.664088234167657,-0.242872018231997,-0.707106781186547));
#9241=DIRECTION('',(0.,0.,1.));
#9242=DIRECTION('',(1.,0.,0.));
#9243=DIRECTION('',(0.664088234167657,-0.242872018231997,0.707106781186548));
#9244=DIRECTION('',(-0.664088234167657,0.242872018231997,0.707106781186547));
#9245=DIRECTION('',(0.664088234167657,-0.242872018231997,-0.707106781186547));
#9246=DIRECTION('',(-0.343472902104616,-0.9391625873723,0.));
#9247=DIRECTION('',(0.,0.,-1.));
#9248=DIRECTION('',(1.,0.,0.));
#9249=DIRECTION('',(0.,0.,1.));
#9250=DIRECTION('',(1.,0.,0.));
#9251=DIRECTION('',(0.,0.,1.));
#9252=DIRECTION('',(1.,0.,0.));
#9253=CARTESIAN_POINT('',(0.,0.,0.));
#9254=CARTESIAN_POINT('',(-2.5,10.444141192149,13.4));
#9255=CARTESIAN_POINT('',(-2.8,10.444141192149,13.4));
#9256=CARTESIAN_POINT('',(-2.8,10.444141192149,13.0748281515882));
#9257=CARTESIAN_POINT('',(-2.8,10.444141192149,12.5));
#9258=CARTESIAN_POINT('',(-2.5,10.444141192149,13.0748281515882));
#9259=CARTESIAN_POINT('',(-2.65664057726236,10.7,13.0297133405122));
#9260=CARTESIAN_POINT('',(-2.65664057726236,10.7,13.4));
#9261=CARTESIAN_POINT('',(-2.65664057726236,10.7,12.5));
#9262=CARTESIAN_POINT('',(-2.5,10.444141192149,12.5));
#9263=CARTESIAN_POINT('',(-12.85,21.05,11.25));
#9264=CARTESIAN_POINT('',(-13.1,21.05,11.25));
#9265=CARTESIAN_POINT('',(-13.1,21.05,10.9672822863823));
#9266=CARTESIAN_POINT('',(-13.1,21.05,7.93271771361772));
#9267=CARTESIAN_POINT('',(-13.1,21.05,10.9672822863823));
#9268=CARTESIAN_POINT('',(-13.1,21.0772144847482,10.9118882363558));
#9269=CARTESIAN_POINT('',(-13.0957432142268,21.0990346756736,10.8546525702682));
#9270=CARTESIAN_POINT('',(-13.0912441095719,21.1155841413517,10.7954179192956));
#9271=CARTESIAN_POINT('',(-13.0912441095719,21.1155841413517,10.7954179192956));
#9272=CARTESIAN_POINT('',(-13.0912441095719,21.1155841413517,10.7954179192956));
#9273=CARTESIAN_POINT('',(-13.0574748035715,21.2398008496751,10.3508155380473));
#9274=CARTESIAN_POINT('',(-12.9507365077348,21.3,9.90051538046452));
#9275=CARTESIAN_POINT('',(-12.85,21.3,9.45000000000001));
#9276=CARTESIAN_POINT('',(-12.85,21.3,9.45000000000001));
#9277=CARTESIAN_POINT('',(-13.0912441144468,21.11558412342,8.10458201652224));
#9278=CARTESIAN_POINT('',(-13.0574748150598,21.2398008438898,8.54918441838077));
#9279=CARTESIAN_POINT('',(-12.9507365126182,21.3,8.99948459769366));
#9280=CARTESIAN_POINT('',(-12.85,21.3,9.45000000000001));
#9281=CARTESIAN_POINT('',(-13.0912441144468,21.11558412342,8.10458201652224));
#9282=CARTESIAN_POINT('',(-13.0912441144468,21.11558412342,8.10458201652224));
#9283=CARTESIAN_POINT('',(-13.0957432172169,21.0990346598153,8.04534738820267));
#9284=CARTESIAN_POINT('',(-13.1,21.0772144748232,7.98811174344227));
#9285=CARTESIAN_POINT('',(-13.1,21.05,7.93271771361772));
#9286=CARTESIAN_POINT('',(-13.1,21.05,11.25));
#9287=CARTESIAN_POINT('',(-13.1,21.05,11.65));
#9288=CARTESIAN_POINT('',(-13.1,19.3,11.65));
#9289=CARTESIAN_POINT('',(-13.1,15.870864016705,11.65));
#9290=CARTESIAN_POINT('',(-13.1,19.3,7.65));
#9291=CARTESIAN_POINT('',(-13.1,20.4366231221289,11.4851124987726));
#9292=CARTESIAN_POINT('',(-13.1,20.152467298736,10.5263343867822));
#9293=CARTESIAN_POINT('',(-13.1,20.152467298736,8.3736656132178));
#9294=CARTESIAN_POINT('',(-13.1,20.4366231238878,7.41488750174866));
#9295=CARTESIAN_POINT('',(-13.1,19.3,11.2499999999999));
#9296=CARTESIAN_POINT('',(-13.1,19.3,7.25));
#9297=CARTESIAN_POINT('',(-13.1,21.05,7.25));
#9298=CARTESIAN_POINT('',(-13.1,15.870864016705,7.25));
#9299=CARTESIAN_POINT('',(-13.1,15.870864016705,11.65));
#9300=CARTESIAN_POINT('',(-13.1,15.870864016705,7.65));
#9301=CARTESIAN_POINT('',(-13.1,21.05,7.65));
#9302=CARTESIAN_POINT('',(-13.1,11.3009244973838,7.65));
#9303=CARTESIAN_POINT('',(-13.1,11.3009244973838,11.25));
#9304=CARTESIAN_POINT('',(-13.1,11.3009244973838,11.25));
#9305=CARTESIAN_POINT('',(-13.1,21.05,11.25));
#9306=CARTESIAN_POINT('',(-13.1,15.870864016705,11.25));
#9307=CARTESIAN_POINT('',(-13.1,15.870864016705,11.65));
#9308=CARTESIAN_POINT('',(-10.3935822227524,18.511486245768,11.25));
#9309=CARTESIAN_POINT('',(-11.7705288190668,20.152467298736,10.5263343867822));
#9310=CARTESIAN_POINT('',(-12.5786798064862,21.1155841413517,10.7954179192956));
#9311=CARTESIAN_POINT('',(-12.0089638656727,20.4366231221289,11.4851124987726));
#9312=CARTESIAN_POINT('',(-11.0552238231067,19.3,7.65));
#9313=CARTESIAN_POINT('',(-11.0552238231067,19.3,11.65));
#9314=CARTESIAN_POINT('',(-10.3935822227524,18.511486245768,11.65));
#9315=CARTESIAN_POINT('',(-10.3935822227524,18.511486245768,11.65));
#9316=CARTESIAN_POINT('',(-10.3935822227524,18.511486245768,11.25));
#9317=CARTESIAN_POINT('',(-10.3935822227524,18.511486245768,7.25));
#9318=CARTESIAN_POINT('',(-10.3935822227524,18.511486245768,7.25));
#9319=CARTESIAN_POINT('',(-11.0552238231067,19.3,7.25));
#9320=CARTESIAN_POINT('',(-11.0552238231067,19.3,11.2499999999999));
#9321=CARTESIAN_POINT('',(-12.0089638671485,20.4366231238878,7.41488750174866));
#9322=CARTESIAN_POINT('',(-11.7705288190667,20.152467298736,8.3736656132178));
#9323=CARTESIAN_POINT('',(-12.5786797914397,21.11558412342,8.10458201652224));
#9324=CARTESIAN_POINT('',(-8.53792492957482,16.3,9.45000000000001));
#9325=CARTESIAN_POINT('',(-12.6584888892203,21.2106969024216,8.50922588654527));
#9326=CARTESIAN_POINT('',(-12.6584888892203,21.2106969024216,11.25));
#9327=CARTESIAN_POINT('',(-12.6584888892203,21.2106969024216,10.3907741134547));
#9328=CARTESIAN_POINT('',(-8.53792492957482,16.3,9.45000000000001));
#9329=CARTESIAN_POINT('',(-12.85,21.05,7.25));
#9330=CARTESIAN_POINT('',(-12.85,19.3,7.25));
#9331=CARTESIAN_POINT('',(-10.7,18.2543712018934,7.25));
#9332=CARTESIAN_POINT('',(-10.3935822227524,17.9972561580188,7.25));
#9333=CARTESIAN_POINT('',(-12.3935822227524,15.6137489728304,7.25));
#9334=CARTESIAN_POINT('',(-12.3935822227524,15.6137489728304,7.25));
#9335=CARTESIAN_POINT('',(-12.7,15.870864016705,7.25));
#9336=CARTESIAN_POINT('',(-12.85,21.05,3.75));
#9337=CARTESIAN_POINT('',(-13.1,21.05,3.75));
#9338=CARTESIAN_POINT('',(-13.1,21.05,3.4672822863823));
#9339=CARTESIAN_POINT('',(-13.1,21.05,0.432717713617718));
#9340=CARTESIAN_POINT('',(-13.1,21.05,3.4672822863823));
#9341=CARTESIAN_POINT('',(-13.1,21.0772144847482,3.41188823635579));
#9342=CARTESIAN_POINT('',(-13.0957432142268,21.0990346756736,3.35465257026819));
#9343=CARTESIAN_POINT('',(-13.0912441095719,21.1155841413517,3.29541791929563));
#9344=CARTESIAN_POINT('',(-13.0912441095719,21.1155841413517,3.29541791929563));
#9345=CARTESIAN_POINT('',(-13.0912441095719,21.1155841413517,3.29541791929563));
#9346=CARTESIAN_POINT('',(-13.0574748035715,21.2398008496751,2.85081553804728));
#9347=CARTESIAN_POINT('',(-12.9507365077348,21.3,2.40051538046453));
#9348=CARTESIAN_POINT('',(-12.85,21.3,1.95000000000001));
#9349=CARTESIAN_POINT('',(-12.85,21.3,1.95000000000001));
#9350=CARTESIAN_POINT('',(-13.0912441144468,21.11558412342,0.604582016522243));
#9351=CARTESIAN_POINT('',(-13.0574748150598,21.2398008438898,1.04918441838077));
#9352=CARTESIAN_POINT('',(-12.9507365126182,21.3,1.49948459769367));
#9353=CARTESIAN_POINT('',(-12.85,21.3,1.95000000000001));
#9354=CARTESIAN_POINT('',(-13.0912441144468,21.11558412342,0.604582016522243));
#9355=CARTESIAN_POINT('',(-13.0912441144468,21.11558412342,0.604582016522243));
#9356=CARTESIAN_POINT('',(-13.0957432172169,21.0990346598153,0.545347388202673));
#9357=CARTESIAN_POINT('',(-13.1,21.0772144748232,0.488111743442272));
#9358=CARTESIAN_POINT('',(-13.1,21.05,0.432717713617718));
#9359=CARTESIAN_POINT('',(-13.1,21.05,3.75));
#9360=CARTESIAN_POINT('',(-13.1,21.05,4.15));
#9361=CARTESIAN_POINT('',(-13.1,19.3,4.15));
#9362=CARTESIAN_POINT('',(-13.1,15.870864016705,4.15));
#9363=CARTESIAN_POINT('',(-13.1,19.3,0.149999999999996));
#9364=CARTESIAN_POINT('',(-13.1,20.4366231221289,3.9851124987726));
#9365=CARTESIAN_POINT('',(-13.1,20.152467298736,3.0263343867822));
#9366=CARTESIAN_POINT('',(-13.1,20.152467298736,0.873665613217806));
#9367=CARTESIAN_POINT('',(-13.1,20.4366231238878,-0.0851124982513423));
#9368=CARTESIAN_POINT('',(-13.1,19.3,3.7499999999999));
#9369=CARTESIAN_POINT('',(-13.1,19.3,-0.250000000000001));
#9370=CARTESIAN_POINT('',(-13.1,21.05,-0.25));
#9371=CARTESIAN_POINT('',(-13.1,15.870864016705,-0.25));
#9372=CARTESIAN_POINT('',(-13.1,15.870864016705,4.15));
#9373=CARTESIAN_POINT('',(-13.1,15.870864016705,0.15));
#9374=CARTESIAN_POINT('',(-13.1,21.05,0.15));
#9375=CARTESIAN_POINT('',(-13.1,11.3009244973838,0.15));
#9376=CARTESIAN_POINT('',(-13.1,11.3009244973838,3.75));
#9377=CARTESIAN_POINT('',(-13.1,11.3009244973838,3.75));
#9378=CARTESIAN_POINT('',(-13.1,21.05,3.75));
#9379=CARTESIAN_POINT('',(-13.1,15.870864016705,3.75));
#9380=CARTESIAN_POINT('',(-13.1,15.870864016705,4.15));
#9381=CARTESIAN_POINT('',(-10.3935822227524,18.511486245768,3.75));
#9382=CARTESIAN_POINT('',(-11.7705288190668,20.152467298736,3.0263343867822));
#9383=CARTESIAN_POINT('',(-12.5786798064862,21.1155841413517,3.29541791929563));
#9384=CARTESIAN_POINT('',(-12.0089638656727,20.4366231221289,3.9851124987726));
#9385=CARTESIAN_POINT('',(-11.0552238231067,19.3,0.149999999999996));
#9386=CARTESIAN_POINT('',(-11.0552238231067,19.3,4.15));
#9387=CARTESIAN_POINT('',(-10.3935822227524,18.511486245768,4.15));
#9388=CARTESIAN_POINT('',(-10.3935822227524,18.511486245768,4.15));
#9389=CARTESIAN_POINT('',(-10.3935822227524,18.511486245768,3.75));
#9390=CARTESIAN_POINT('',(-10.3935822227524,18.511486245768,-0.25));
#9391=CARTESIAN_POINT('',(-10.3935822227524,18.511486245768,-0.25));
#9392=CARTESIAN_POINT('',(-11.0552238231067,19.3,-0.250000000000001));
#9393=CARTESIAN_POINT('',(-11.0552238231067,19.3,3.7499999999999));
#9394=CARTESIAN_POINT('',(-12.0089638671485,20.4366231238878,-0.0851124982513421));
#9395=CARTESIAN_POINT('',(-11.7705288190667,20.152467298736,0.873665613217806));
#9396=CARTESIAN_POINT('',(-12.5786797914397,21.11558412342,0.604582016522243));
#9397=CARTESIAN_POINT('',(-8.53792492957482,16.3,1.95000000000001));
#9398=CARTESIAN_POINT('',(-12.6584888892203,21.2106969024216,1.00922588654527));
#9399=CARTESIAN_POINT('',(-12.6584888892203,21.2106969024216,3.75));
#9400=CARTESIAN_POINT('',(-12.6584888892203,21.2106969024216,2.89077411345475));
#9401=CARTESIAN_POINT('',(-8.53792492957482,16.3,1.95000000000001));
#9402=CARTESIAN_POINT('',(-12.85,21.05,-0.25));
#9403=CARTESIAN_POINT('',(-12.85,19.3,-0.25));
#9404=CARTESIAN_POINT('',(-10.7,18.2543712018934,-0.25));
#9405=CARTESIAN_POINT('',(-10.3935822227524,17.9972561580188,-0.25));
#9406=CARTESIAN_POINT('',(-12.3935822227524,15.6137489728304,-0.25));
#9407=CARTESIAN_POINT('',(-12.3935822227524,15.6137489728304,-0.25));
#9408=CARTESIAN_POINT('',(-12.7,15.870864016705,-0.25));
#9409=CARTESIAN_POINT('',(-12.85,21.05,11.25));
#9410=CARTESIAN_POINT('',(-9.90533197430066,18.5791301456962,11.25));
#9411=CARTESIAN_POINT('',(-10.8,17.5129063118898,11.25));
#9412=CARTESIAN_POINT('',(-12.3935822227524,15.6137489728304,11.25));
#9413=CARTESIAN_POINT('',(-12.7,15.870864016705,11.25));
#9414=CARTESIAN_POINT('',(-7.1,11.3009244973838,11.25));
#9415=CARTESIAN_POINT('',(-10.9567256581192,6.70465783866992,11.25));
#9416=CARTESIAN_POINT('',(-10.9567256581192,6.70465783866992,11.25));
#9417=CARTESIAN_POINT('',(-10.6,6.40532947051059,11.25));
#9418=CARTESIAN_POINT('',(-10.6,4.8,11.25));
#9419=CARTESIAN_POINT('',(-10.6,12.6254033307585,11.25));
#9420=CARTESIAN_POINT('',(-9.2,13.4,11.25));
#9421=CARTESIAN_POINT('',(-10.8,13.4,11.25));
#9422=CARTESIAN_POINT('',(-10.8,13.4,11.25));
#9423=CARTESIAN_POINT('',(-12.85,21.05,7.65));
#9424=CARTESIAN_POINT('',(-12.7,15.870864016705,7.65));
#9425=CARTESIAN_POINT('',(-12.3935822227524,15.6137489728304,7.65));
#9426=CARTESIAN_POINT('',(-9.90533197430066,18.5791301456962,7.65));
#9427=CARTESIAN_POINT('',(-10.8,17.5129063118898,7.65));
#9428=CARTESIAN_POINT('',(-10.8,13.4,7.65));
#9429=CARTESIAN_POINT('',(-10.8,13.4,7.65));
#9430=CARTESIAN_POINT('',(-9.2,13.4,7.65));
#9431=CARTESIAN_POINT('',(-10.6,12.6254033307585,7.65));
#9432=CARTESIAN_POINT('',(-10.6,4.8,7.65));
#9433=CARTESIAN_POINT('',(-10.6,6.40532947051059,7.65));
#9434=CARTESIAN_POINT('',(-10.9567256581192,6.70465783866992,7.65));
#9435=CARTESIAN_POINT('',(-10.9567256581192,6.70465783866992,7.65));
#9436=CARTESIAN_POINT('',(-7.1,11.3009244973838,7.65));
#9437=CARTESIAN_POINT('',(-12.85,21.05,3.75));
#9438=CARTESIAN_POINT('',(-9.90533197430066,18.5791301456962,3.75));
#9439=CARTESIAN_POINT('',(-10.8,17.5129063118898,3.75));
#9440=CARTESIAN_POINT('',(-12.3935822227524,15.6137489728304,3.75));
#9441=CARTESIAN_POINT('',(-12.7,15.870864016705,3.75));
#9442=CARTESIAN_POINT('',(-7.1,11.3009244973838,3.75));
#9443=CARTESIAN_POINT('',(-10.9567256581192,6.70465783866992,3.75));
#9444=CARTESIAN_POINT('',(-10.9567256581192,6.70465783866992,3.75));
#9445=CARTESIAN_POINT('',(-10.6,6.40532947051059,3.75));
#9446=CARTESIAN_POINT('',(-10.6,4.8,3.75));
#9447=CARTESIAN_POINT('',(-10.6,12.6254033307585,3.75));
#9448=CARTESIAN_POINT('',(-9.2,13.4,3.75));
#9449=CARTESIAN_POINT('',(-10.8,13.4,3.75));
#9450=CARTESIAN_POINT('',(-10.8,13.4,3.75));
#9451=CARTESIAN_POINT('',(-12.85,21.05,0.15));
#9452=CARTESIAN_POINT('',(-12.7,15.870864016705,0.15));
#9453=CARTESIAN_POINT('',(-12.3935822227524,15.6137489728304,0.15));
#9454=CARTESIAN_POINT('',(-9.90533197430066,18.5791301456962,0.15));
#9455=CARTESIAN_POINT('',(-10.8,17.5129063118898,0.15));
#9456=CARTESIAN_POINT('',(-10.8,13.4,0.15));
#9457=CARTESIAN_POINT('',(-10.8,13.4,0.15));
#9458=CARTESIAN_POINT('',(-9.2,13.4,0.15));
#9459=CARTESIAN_POINT('',(-10.6,12.6254033307585,0.15));
#9460=CARTESIAN_POINT('',(-10.6,4.8,0.15));
#9461=CARTESIAN_POINT('',(-10.6,6.40532947051059,0.15));
#9462=CARTESIAN_POINT('',(-10.9567256581192,6.70465783866992,0.15));
#9463=CARTESIAN_POINT('',(-10.9567256581192,6.70465783866992,0.15));
#9464=CARTESIAN_POINT('',(-7.1,11.3009244973838,0.15));
#9465=CARTESIAN_POINT('',(-13.1,14.1196713556404,12.5));
#9466=CARTESIAN_POINT('',(-13.1,3.8,5.95));
#9467=CARTESIAN_POINT('',(-13.1,3.8,5.95));
#9468=CARTESIAN_POINT('',(-13.1,3.8,6.65));
#9469=CARTESIAN_POINT('',(-13.1,3.8,6.65));
#9470=CARTESIAN_POINT('',(-13.1,0.8,6.65));
#9471=CARTESIAN_POINT('',(-13.1,0.8,6.65));
#9472=CARTESIAN_POINT('',(-13.1,0.8,5.95));
#9473=CARTESIAN_POINT('',(-13.1,1.,5.95));
#9474=CARTESIAN_POINT('',(-13.1,1.,5.75));
#9475=CARTESIAN_POINT('',(-13.1,1.,5.75));
#9476=CARTESIAN_POINT('',(-13.1,3.6,5.75));
#9477=CARTESIAN_POINT('',(-13.1,3.6,5.95));
#9478=CARTESIAN_POINT('',(-13.1,2.65,1.8));
#9479=CARTESIAN_POINT('',(-13.1,2.65,3.02320508075689));
#9480=CARTESIAN_POINT('',(-13.1,2.65,9.3));
#9481=CARTESIAN_POINT('',(-13.1,2.65,10.5232050807569));
#9482=CARTESIAN_POINT('',(-13.1,3.8,11.));
#9483=CARTESIAN_POINT('',(-13.1,3.8,11.));
#9484=CARTESIAN_POINT('',(-13.1,3.8,11.75));
#9485=CARTESIAN_POINT('',(-13.1,3.8,11.75));
#9486=CARTESIAN_POINT('',(-13.1,0.8,11.75));
#9487=CARTESIAN_POINT('',(-13.1,0.8,11.75));
#9488=CARTESIAN_POINT('',(-13.1,0.8,11.));
#9489=CARTESIAN_POINT('',(-13.1,1.,11.));
#9490=CARTESIAN_POINT('',(-13.1,1.,10.8));
#9491=CARTESIAN_POINT('',(-13.1,1.,10.8));
#9492=CARTESIAN_POINT('',(-13.1,3.6,10.8));
#9493=CARTESIAN_POINT('',(-13.1,3.6,11.));
#9494=CARTESIAN_POINT('',(-13.1,3.6,4.8));
#9495=CARTESIAN_POINT('',(-13.1,3.8,4.8));
#9496=CARTESIAN_POINT('',(-13.1,3.6,5.));
#9497=CARTESIAN_POINT('',(-13.1,3.6,5.));
#9498=CARTESIAN_POINT('',(-13.1,1.,5.));
#9499=CARTESIAN_POINT('',(-13.1,0.999999999999999,4.8));
#9500=CARTESIAN_POINT('',(-13.1,0.8,4.8));
#9501=CARTESIAN_POINT('',(-13.1,0.8,4.8));
#9502=CARTESIAN_POINT('',(-13.1,0.8,4.1));
#9503=CARTESIAN_POINT('',(-13.1,1.1,4.1));
#9504=CARTESIAN_POINT('',(-13.1,1.1,3.8));
#9505=CARTESIAN_POINT('',(-13.1,1.1,3.8));
#9506=CARTESIAN_POINT('',(-13.1,3.5,3.8));
#9507=CARTESIAN_POINT('',(-13.1,3.5,4.1));
#9508=CARTESIAN_POINT('',(-13.1,3.8,4.1));
#9509=CARTESIAN_POINT('',(-13.1,3.8,4.1));
#9510=CARTESIAN_POINT('',(-13.1,18.4,11.4));
#9511=CARTESIAN_POINT('',(-13.1,14.1196713556404,11.4));
#9512=CARTESIAN_POINT('',(-13.1,4.8,11.4));
#9513=CARTESIAN_POINT('',(-13.1,4.8,11.2));
#9514=CARTESIAN_POINT('',(-13.1,4.6,11.2));
#9515=CARTESIAN_POINT('',(-13.1,4.6,11.2));
#9516=CARTESIAN_POINT('',(-13.1,4.6,7.5));
#9517=CARTESIAN_POINT('',(-13.1,4.6,7.5));
#9518=CARTESIAN_POINT('',(-13.1,14.1196713556404,7.5));
#9519=CARTESIAN_POINT('',(-13.1,14.1196713556404,12.5));
#9520=CARTESIAN_POINT('',(-13.1,14.1196713556404,3.9));
#9521=CARTESIAN_POINT('',(-13.1,18.4,3.9));
#9522=CARTESIAN_POINT('',(-13.1,4.8,3.9));
#9523=CARTESIAN_POINT('',(-13.1,4.8,3.7));
#9524=CARTESIAN_POINT('',(-13.1,4.6,3.7));
#9525=CARTESIAN_POINT('',(-13.1,4.6,3.7));
#9526=CARTESIAN_POINT('',(-13.1,4.6,0.));
#9527=CARTESIAN_POINT('',(-13.1,4.6,0.));
#9528=CARTESIAN_POINT('',(-13.1,14.1196713556404,0.));
#9529=CARTESIAN_POINT('',(-13.1,14.1196713556404,12.5));
#9530=CARTESIAN_POINT('',(-13.1,14.1196713556404,-1.5));
#9531=CARTESIAN_POINT('',(-13.1,14.1196713556404,-1.5));
#9532=CARTESIAN_POINT('',(-13.1,0.300000000000002,-1.5));
#9533=CARTESIAN_POINT('',(-13.1,0.300000000000002,12.5));
#9534=CARTESIAN_POINT('',(-13.1,0.300000000000002,12.5));
#9535=CARTESIAN_POINT('',(-13.1,14.1196713556404,12.5));
#9536=CARTESIAN_POINT('',(-13.1,14.1196713556404,12.5));
#9537=CARTESIAN_POINT('',(-13.1,14.1196713556404,12.5));
#9538=CARTESIAN_POINT('',(-12.8,14.1196713556404,12.5));
#9539=CARTESIAN_POINT('',(-12.8,14.1196713556404,11.4));
#9540=CARTESIAN_POINT('',(-13.0298133329357,14.3125076385464,11.4));
#9541=CARTESIAN_POINT('',(-12.8,14.1196713556404,12.5));
#9542=CARTESIAN_POINT('',(-13.0298133329357,14.3125076385464,12.5));
#9543=CARTESIAN_POINT('',(-13.0298133329357,14.3125076385464,12.5));
#9544=CARTESIAN_POINT('',(-12.8,14.1196713556404,12.5));
#9545=CARTESIAN_POINT('',(-12.8,14.1196713556404,7.5));
#9546=CARTESIAN_POINT('',(-13.0298133329357,14.3125076385464,7.5));
#9547=CARTESIAN_POINT('',(-13.0298133329357,14.3125076385464,12.5));
#9548=CARTESIAN_POINT('',(-13.0298133329357,14.3125076385464,3.9));
#9549=CARTESIAN_POINT('',(-12.8,14.1196713556404,3.9));
#9550=CARTESIAN_POINT('',(-9.68992103548919,18.292836282906,12.5));
#9551=CARTESIAN_POINT('',(-9.68992103548919,18.292836282906,11.4));
#9552=CARTESIAN_POINT('',(-10.6,17.2082464074058,11.4));
#9553=CARTESIAN_POINT('',(-9.68992103548919,18.292836282906,12.5));
#9554=CARTESIAN_POINT('',(-9.68992103548919,18.292836282906,12.5));
#9555=CARTESIAN_POINT('',(-9.68992103548919,18.292836282906,12.5));
#9556=CARTESIAN_POINT('',(-9.68992103548919,18.292836282906,-1.5));
#9557=CARTESIAN_POINT('',(-9.68992103548919,18.292836282906,-1.5));
#9558=CARTESIAN_POINT('',(-13.0298133329357,14.3125076385464,-1.5));
#9559=CARTESIAN_POINT('',(-13.0298133329357,14.3125076385464,12.5));
#9560=CARTESIAN_POINT('',(-13.0298133329357,14.3125076385464,0.));
#9561=CARTESIAN_POINT('',(-9.68992103548919,18.292836282906,0.));
#9562=CARTESIAN_POINT('',(-10.6,17.2082464074058,0.));
#9563=CARTESIAN_POINT('',(-10.6,17.2082464074058,12.5));
#9564=CARTESIAN_POINT('',(-10.6,17.2082464074058,3.9));
#9565=CARTESIAN_POINT('',(-9.68992103548919,18.292836282906,3.9));
#9566=CARTESIAN_POINT('',(-9.68992103548919,18.292836282906,7.5));
#9567=CARTESIAN_POINT('',(-10.6,17.2082464074058,7.5));
#9568=CARTESIAN_POINT('',(-10.6,17.2082464074058,12.5));
#9569=CARTESIAN_POINT('',(-12.8,14.1196713556404,12.5));
#9570=CARTESIAN_POINT('',(-12.8,14.1196713556404,0.));
#9571=CARTESIAN_POINT('',(-12.8,14.1196713556404,-1.5));
#9572=CARTESIAN_POINT('',(1.6,3.2,11.7));
#9573=CARTESIAN_POINT('',(1.1788897449072,3.2,7.5));
#9574=CARTESIAN_POINT('',(1.1788897449072,3.2,7.5));
#9575=CARTESIAN_POINT('',(1.1788897449072,3.2,10.2));
#9576=CARTESIAN_POINT('',(1.1788897449072,3.2,10.2));
#9577=CARTESIAN_POINT('',(0.92994155915852,3.2,10.6808547046342));
#9578=CARTESIAN_POINT('',(0.741023246747587,3.2,11.189438505768));
#9579=CARTESIAN_POINT('',(0.558359213500124,3.2,11.7));
#9580=CARTESIAN_POINT('',(0.558359213500124,3.2,11.7));
#9581=CARTESIAN_POINT('',(1.6,3.2,11.7));
#9582=CARTESIAN_POINT('',(-2.8143593539449,3.2,11.7));
#9583=CARTESIAN_POINT('',(-2.8143593539449,3.2,11.7));
#9584=CARTESIAN_POINT('',(-2.99775121699428,3.2,10.2956790495955));
#9585=CARTESIAN_POINT('',(-3.18607479313487,3.2,8.89126503586417));
#9586=CARTESIAN_POINT('',(-3.45166852264513,3.2,7.49999999999999));
#9587=CARTESIAN_POINT('',(-3.45166852264521,3.2,7.5));
#9588=CARTESIAN_POINT('',(1.6,3.2,7.5));
#9589=CARTESIAN_POINT('',(1.6,3.2,9.3));
#9590=CARTESIAN_POINT('',(0.4,3.2,9.3));
#9591=CARTESIAN_POINT('',(-0.4,3.2,9.3));
#9592=CARTESIAN_POINT('',(-0.4,3.2,11.7));
#9593=CARTESIAN_POINT('',(-0.4,3.2,10.3));
#9594=CARTESIAN_POINT('',(1.6,3.2,10.3));
#9595=CARTESIAN_POINT('',(0.4,3.2,10.3));
#9596=CARTESIAN_POINT('',(0.4,3.2,11.7));
#9597=CARTESIAN_POINT('',(-4.2,2.1,11.7));
#9598=CARTESIAN_POINT('',(-4.2,2.1,7.5));
#9599=CARTESIAN_POINT('',(-5.68660687473185,2.1,7.5));
#9600=CARTESIAN_POINT('',(-5.7,2.1,7.5));
#9601=CARTESIAN_POINT('',(-5.68660687473185,2.1,7.5));
#9602=CARTESIAN_POINT('',(-5.82113909846557,2.1,8.89997570072861));
#9603=CARTESIAN_POINT('',(-5.95536431363811,2.1,10.2999808808426));
#9604=CARTESIAN_POINT('',(-6.08944436276912,2.1,11.7));
#9605=CARTESIAN_POINT('',(-6.08944436276912,2.1,11.7));
#9606=CARTESIAN_POINT('',(-4.2,2.1,11.7));
#9607=CARTESIAN_POINT('',(-8.75,2.1,11.7));
#9608=CARTESIAN_POINT('',(-8.75,2.1,11.7));
#9609=CARTESIAN_POINT('',(-8.75,2.1,7.5));
#9610=CARTESIAN_POINT('',(-5.7,2.1,7.5));
#9611=CARTESIAN_POINT('',(-10.3,2.1,7.5));
#9612=CARTESIAN_POINT('',(-10.3,2.1,7.5));
#9613=CARTESIAN_POINT('',(-10.3,2.1,5.));
#9614=CARTESIAN_POINT('',(-5.7,2.1,5.));
#9615=CARTESIAN_POINT('',(-5.7,2.1,5.));
#9616=CARTESIAN_POINT('',(-5.7,2.1,7.5));
#9617=CARTESIAN_POINT('',(-4.2,2.1,9.3));
#9618=CARTESIAN_POINT('',(-7.8,2.1,9.3));
#9619=CARTESIAN_POINT('',(-8.6,2.1,9.3));
#9620=CARTESIAN_POINT('',(-8.6,2.1,11.7));
#9621=CARTESIAN_POINT('',(-8.6,2.1,10.3));
#9622=CARTESIAN_POINT('',(-4.2,2.1,10.3));
#9623=CARTESIAN_POINT('',(-7.8,2.1,10.3));
#9624=CARTESIAN_POINT('',(-7.8,2.1,11.7));
#9625=CARTESIAN_POINT('',(-4.2,2.1,4.2));
#9626=CARTESIAN_POINT('',(-4.2,2.1,0.));
#9627=CARTESIAN_POINT('',(-5.68660687473185,2.1,0.));
#9628=CARTESIAN_POINT('',(-8.75,2.1,0.));
#9629=CARTESIAN_POINT('',(-5.68660687473185,2.1,2.93906485005349E-16));
#9630=CARTESIAN_POINT('',(-5.82113909846557,2.1,1.39997570072861));
#9631=CARTESIAN_POINT('',(-5.95536431363811,2.1,2.79998088084257));
#9632=CARTESIAN_POINT('',(-6.08944436276912,2.1,4.2));
#9633=CARTESIAN_POINT('',(-6.08944436276912,2.1,4.2));
#9634=CARTESIAN_POINT('',(-4.2,2.1,4.2));
#9635=CARTESIAN_POINT('',(-8.75,2.1,4.2));
#9636=CARTESIAN_POINT('',(-8.75,2.1,4.2));
#9637=CARTESIAN_POINT('',(-4.2,2.1,1.8));
#9638=CARTESIAN_POINT('',(-7.8,2.1,1.8));
#9639=CARTESIAN_POINT('',(-8.6,2.1,1.8));
#9640=CARTESIAN_POINT('',(-8.6,2.1,4.2));
#9641=CARTESIAN_POINT('',(-8.6,2.1,2.8));
#9642=CARTESIAN_POINT('',(-4.2,2.1,2.8));
#9643=CARTESIAN_POINT('',(-7.8,2.1,2.8));
#9644=CARTESIAN_POINT('',(-7.8,2.1,4.2));
#9645=CARTESIAN_POINT('',(1.6,3.2,4.2));
#9646=CARTESIAN_POINT('',(1.1788897449072,3.2,0.));
#9647=CARTESIAN_POINT('',(1.1788897449072,3.2,4.33680868994202E-16));
#9648=CARTESIAN_POINT('',(1.1788897449072,3.2,2.7));
#9649=CARTESIAN_POINT('',(1.1788897449072,3.2,2.7));
#9650=CARTESIAN_POINT('',(0.92994155915852,3.2,3.18085470463425));
#9651=CARTESIAN_POINT('',(0.741023246747587,3.2,3.68943850576799));
#9652=CARTESIAN_POINT('',(0.558359213500124,3.2,4.2));
#9653=CARTESIAN_POINT('',(0.558359213500124,3.2,4.2));
#9654=CARTESIAN_POINT('',(1.6,3.2,4.2));
#9655=CARTESIAN_POINT('',(-2.8143593539449,3.2,4.2));
#9656=CARTESIAN_POINT('',(-2.8143593539449,3.2,4.2));
#9657=CARTESIAN_POINT('',(-2.99775121699428,3.2,2.79567904959553));
#9658=CARTESIAN_POINT('',(-3.18607479313487,3.2,1.39126503586417));
#9659=CARTESIAN_POINT('',(-3.45166852264513,3.2,-1.41791615643458E-14));
#9660=CARTESIAN_POINT('',(-3.45166852264521,3.2,0.));
#9661=CARTESIAN_POINT('',(1.6,3.2,0.));
#9662=CARTESIAN_POINT('',(1.6,3.2,1.8));
#9663=CARTESIAN_POINT('',(0.4,3.2,1.8));
#9664=CARTESIAN_POINT('',(-0.4,3.2,1.8));
#9665=CARTESIAN_POINT('',(-0.4,3.2,4.2));
#9666=CARTESIAN_POINT('',(-0.4,3.2,2.8));
#9667=CARTESIAN_POINT('',(1.6,3.2,2.8));
#9668=CARTESIAN_POINT('',(0.4,3.2,2.8));
#9669=CARTESIAN_POINT('',(0.4,3.2,4.2));
#9670=CARTESIAN_POINT('',(1.9,2.,7.5));
#9671=CARTESIAN_POINT('',(1.9,2.,5.));
#9672=CARTESIAN_POINT('',(0.5,2.,5.));
#9673=CARTESIAN_POINT('',(3.24164078649987,2.4,5.));
#9674=CARTESIAN_POINT('',(3.24164078649987,2.4,7.5));
#9675=CARTESIAN_POINT('',(3.24164078649987,2.4,5.7));
#9676=CARTESIAN_POINT('',(1.9,2.,5.7));
#9677=CARTESIAN_POINT('',(0.5,2.,5.7));
#9678=CARTESIAN_POINT('',(0.5,2.,7.5));
#9679=CARTESIAN_POINT('',(2.19999999999999,17.,5.));
#9680=CARTESIAN_POINT('',(2.19999999999999,2.4,5.));
#9681=CARTESIAN_POINT('',(3.6,2.4,5.));
#9682=CARTESIAN_POINT('',(0.5,2.,5.));
#9683=CARTESIAN_POINT('',(0.5,2.4,5.));
#9684=CARTESIAN_POINT('',(0.5,2.4,5.));
#9685=CARTESIAN_POINT('',(-2.7,2.4,5.));
#9686=CARTESIAN_POINT('',(-2.7,2.4,5.));
#9687=CARTESIAN_POINT('',(-2.7,1.9,5.));
#9688=CARTESIAN_POINT('',(-4.2,1.9,5.));
#9689=CARTESIAN_POINT('',(-5.7,1.9,5.));
#9690=CARTESIAN_POINT('',(-5.7,1.9,5.));
#9691=CARTESIAN_POINT('',(-10.3,2.1,5.));
#9692=CARTESIAN_POINT('',(-10.3,1.4,5.));
#9693=CARTESIAN_POINT('',(-11.7,1.4,5.));
#9694=CARTESIAN_POINT('',(-11.7,0.,5.));
#9695=CARTESIAN_POINT('',(-12.8,0.,5.));
#9696=CARTESIAN_POINT('',(3.3,0.,5.));
#9697=CARTESIAN_POINT('',(3.3,0.3,5.));
#9698=CARTESIAN_POINT('',(3.6,0.3,5.));
#9699=CARTESIAN_POINT('',(3.6,0.3,5.));
#9700=CARTESIAN_POINT('',(0.5,2.,7.5));
#9701=CARTESIAN_POINT('',(0.5,2.,5.7));
#9702=CARTESIAN_POINT('',(0.5,2.4,5.7));
#9703=CARTESIAN_POINT('',(0.5,2.4,7.5));
#9704=CARTESIAN_POINT('',(0.5,2.4,7.5));
#9705=CARTESIAN_POINT('',(0.5,2.4,5.7));
#9706=CARTESIAN_POINT('',(-2.7,2.4,5.7));
#9707=CARTESIAN_POINT('',(-2.7,2.4,7.5));
#9708=CARTESIAN_POINT('',(-2.7,2.4,7.5));
#9709=CARTESIAN_POINT('',(-2.7,2.4,5.7));
#9710=CARTESIAN_POINT('',(-2.7,1.9,5.7));
#9711=CARTESIAN_POINT('',(-2.7,1.9,7.5));
#9712=CARTESIAN_POINT('',(-4.2,1.9,7.5));
#9713=CARTESIAN_POINT('',(-4.2,1.9,5.7));
#9714=CARTESIAN_POINT('',(-5.7,1.9,5.7));
#9715=CARTESIAN_POINT('',(-5.7,1.9,7.5));
#9716=CARTESIAN_POINT('',(3.3,0.3,12.5));
#9717=CARTESIAN_POINT('',(3.3,0.,12.5));
#9718=CARTESIAN_POINT('',(3.3,0.,4.2));
#9719=CARTESIAN_POINT('',(3.3,0.3,4.2));
#9720=CARTESIAN_POINT('',(3.6,0.3,4.2));
#9721=CARTESIAN_POINT('',(3.6,0.3,12.5));
#9722=CARTESIAN_POINT('',(2.19999999999999,17.,7.5));
#9723=CARTESIAN_POINT('',(1.9,8.5,7.5));
#9724=CARTESIAN_POINT('',(1.6,9.86747943311773,7.5));
#9725=CARTESIAN_POINT('',(1.9,9.9,7.5));
#9726=CARTESIAN_POINT('',(1.6,9.9,7.5));
#9727=CARTESIAN_POINT('',(1.6,9.9,7.5));
#9728=CARTESIAN_POINT('',(1.6,14.243190249582,7.5));
#9729=CARTESIAN_POINT('',(2.19999999999999,17.,7.5));
#9730=CARTESIAN_POINT('',(1.6,14.243190249582,7.5));
#9731=CARTESIAN_POINT('',(1.6,7.13252056688227,7.5));
#9732=CARTESIAN_POINT('',(1.6,7.1,7.5));
#9733=CARTESIAN_POINT('',(1.9,7.1,7.5));
#9734=CARTESIAN_POINT('',(1.9,7.1,7.5));
#9735=CARTESIAN_POINT('',(1.9,8.5,7.5));
#9736=CARTESIAN_POINT('',(2.19999999999999,17.,7.5));
#9737=CARTESIAN_POINT('',(1.9,2.,7.5));
#9738=CARTESIAN_POINT('',(1.6,3.36747943311773,7.5));
#9739=CARTESIAN_POINT('',(1.9,3.4,7.5));
#9740=CARTESIAN_POINT('',(1.6,3.4,7.5));
#9741=CARTESIAN_POINT('',(1.6,3.4,7.5));
#9742=CARTESIAN_POINT('',(1.6,14.243190249582,7.5));
#9743=CARTESIAN_POINT('',(2.19999999999999,17.,7.5));
#9744=CARTESIAN_POINT('',(0.5,2.4,7.5));
#9745=CARTESIAN_POINT('',(0.5,2.4,7.5));
#9746=CARTESIAN_POINT('',(-2.7,2.4,7.5));
#9747=CARTESIAN_POINT('',(0.5,2.,7.5));
#9748=CARTESIAN_POINT('',(0.5,2.,7.5));
#9749=CARTESIAN_POINT('',(1.9,2.,7.5));
#9750=CARTESIAN_POINT('',(-4.2,1.9,7.5));
#9751=CARTESIAN_POINT('',(-2.7,1.9,7.5));
#9752=CARTESIAN_POINT('',(-2.7,2.4,7.5));
#9753=CARTESIAN_POINT('',(2.19999999999999,17.,7.5));
#9754=CARTESIAN_POINT('',(-5.7,1.9,7.5));
#9755=CARTESIAN_POINT('',(-5.7,1.9,7.5));
#9756=CARTESIAN_POINT('',(-4.2,1.9,7.5));
#9757=CARTESIAN_POINT('',(2.19999999999999,17.,11.7));
#9758=CARTESIAN_POINT('',(1.9,2.,11.7));
#9759=CARTESIAN_POINT('',(3.6,1.40839202169004,11.7));
#9760=CARTESIAN_POINT('',(3.6,0.3,11.7));
#9761=CARTESIAN_POINT('',(3.6,0.3,11.7));
#9762=CARTESIAN_POINT('',(3.3,0.3,11.7));
#9763=CARTESIAN_POINT('',(3.3,0.,11.7));
#9764=CARTESIAN_POINT('',(-12.8,0.,11.7));
#9765=CARTESIAN_POINT('',(-4.2,0.,11.7));
#9766=CARTESIAN_POINT('',(-4.2,1.9,11.7));
#9767=CARTESIAN_POINT('',(1.6,14.243190249582,11.7));
#9768=CARTESIAN_POINT('',(1.6,14.243190249582,11.7));
#9769=CARTESIAN_POINT('',(1.6,6.82667994693185,11.7));
#9770=CARTESIAN_POINT('',(1.6,3.77482393492988,11.7));
#9771=CARTESIAN_POINT('',(1.6,3.77482393492988,11.7));
#9772=CARTESIAN_POINT('',(1.6,3.6395612496819,11.1998594764979));
#9773=CARTESIAN_POINT('',(1.6,3.50393385910957,10.6998177350939));
#9774=CARTESIAN_POINT('',(1.6,3.36747943311773,10.2));
#9775=CARTESIAN_POINT('',(1.6,3.36747943311773,10.2));
#9776=CARTESIAN_POINT('',(1.6,3.36747943311773,7.5));
#9777=CARTESIAN_POINT('',(1.6,3.4,7.5));
#9778=CARTESIAN_POINT('',(1.6,3.4,5.));
#9779=CARTESIAN_POINT('',(1.6,7.1,5.));
#9780=CARTESIAN_POINT('',(1.6,7.1,5.));
#9781=CARTESIAN_POINT('',(1.6,7.1,7.5));
#9782=CARTESIAN_POINT('',(1.6,7.13252056688227,7.5));
#9783=CARTESIAN_POINT('',(1.6,7.03014472212607,8.89996862152159));
#9784=CARTESIAN_POINT('',(1.6,6.92827623842806,10.2999743727695));
#9785=CARTESIAN_POINT('',(1.6,6.82667994693183,11.7));
#9786=CARTESIAN_POINT('',(2.19999999999999,17.,4.2));
#9787=CARTESIAN_POINT('',(1.9,2.,4.2));
#9788=CARTESIAN_POINT('',(3.6,1.40839202169004,4.2));
#9789=CARTESIAN_POINT('',(3.6,0.3,4.2));
#9790=CARTESIAN_POINT('',(-12.8,0.,4.2));
#9791=CARTESIAN_POINT('',(-4.2,0.,4.2));
#9792=CARTESIAN_POINT('',(-4.2,1.9,4.2));
#9793=CARTESIAN_POINT('',(1.6,14.243190249582,4.2));
#9794=CARTESIAN_POINT('',(1.6,14.243190249582,4.2));
#9795=CARTESIAN_POINT('',(1.6,6.82667994693185,4.2));
#9796=CARTESIAN_POINT('',(1.6,3.77482393492988,4.2));
#9797=CARTESIAN_POINT('',(1.6,3.77482393492988,4.2));
#9798=CARTESIAN_POINT('',(1.6,3.6395612496819,3.69985947649788));
#9799=CARTESIAN_POINT('',(1.6,3.50393385910957,3.1998177350939));
#9800=CARTESIAN_POINT('',(1.6,3.36747943311773,2.7));
#9801=CARTESIAN_POINT('',(1.6,3.36747943311773,2.7));
#9802=CARTESIAN_POINT('',(1.6,3.36747943311773,0.));
#9803=CARTESIAN_POINT('',(1.6,3.36747943311773,4.33680868994202E-16));
#9804=CARTESIAN_POINT('',(1.6,14.243190249582,0.));
#9805=CARTESIAN_POINT('',(1.6,7.13252056688227,0.));
#9806=CARTESIAN_POINT('',(1.6,7.13252056688227,1.01434325585339E-16));
#9807=CARTESIAN_POINT('',(1.6,7.03014472212607,1.39996862152159));
#9808=CARTESIAN_POINT('',(1.6,6.92827623842806,2.79997437276951));
#9809=CARTESIAN_POINT('',(1.6,6.82667994693183,4.2));
#9810=CARTESIAN_POINT('',(2.19999999999999,17.,11.7));
#9811=CARTESIAN_POINT('',(1.9,2.,11.7));
#9812=CARTESIAN_POINT('',(3.6,2.59160797831115,11.7000000000012));
#9813=CARTESIAN_POINT('',(1.9,8.5,11.7));
#9814=CARTESIAN_POINT('',(3.6,8.5,11.7));
#9815=CARTESIAN_POINT('',(3.6,0.3,11.7));
#9816=CARTESIAN_POINT('',(1.6,14.243190249582,11.7));
#9817=CARTESIAN_POINT('',(1.6,14.243190249582,11.7));
#9818=CARTESIAN_POINT('',(1.6,14.243190249582,11.7));
#9819=CARTESIAN_POINT('',(1.6,10.1733200530682,11.7));
#9820=CARTESIAN_POINT('',(1.6,10.1733200530682,11.7));
#9821=CARTESIAN_POINT('',(1.6,10.0717237575759,10.2999743177029));
#9822=CARTESIAN_POINT('',(1.6,9.96985527447682,8.8999685750668));
#9823=CARTESIAN_POINT('',(1.6,9.86747943311773,7.5));
#9824=CARTESIAN_POINT('',(1.6,9.9,7.5));
#9825=CARTESIAN_POINT('',(1.6,9.9,5.));
#9826=CARTESIAN_POINT('',(1.6,14.243190249582,5.));
#9827=CARTESIAN_POINT('',(1.6,14.243190249582,5.));
#9828=CARTESIAN_POINT('',(1.6,14.243190249582,11.7));
#9829=CARTESIAN_POINT('',(2.19999999999999,17.,4.2));
#9830=CARTESIAN_POINT('',(1.9,2.,4.2));
#9831=CARTESIAN_POINT('',(3.6,2.59160797831115,4.20000000000123));
#9832=CARTESIAN_POINT('',(1.9,8.5,4.2));
#9833=CARTESIAN_POINT('',(3.6,8.5,4.2));
#9834=CARTESIAN_POINT('',(3.6,0.3,4.2));
#9835=CARTESIAN_POINT('',(1.6,14.243190249582,4.2));
#9836=CARTESIAN_POINT('',(1.6,14.243190249582,4.2));
#9837=CARTESIAN_POINT('',(1.6,14.243190249582,4.2));
#9838=CARTESIAN_POINT('',(1.6,10.1733200530682,4.2));
#9839=CARTESIAN_POINT('',(1.6,10.1733200530682,4.2));
#9840=CARTESIAN_POINT('',(1.6,10.0717237575759,2.79997431770288));
#9841=CARTESIAN_POINT('',(1.6,9.96985527447682,1.3999685750668));
#9842=CARTESIAN_POINT('',(1.6,9.86747943311773,-2.37031337147399E-15));
#9843=CARTESIAN_POINT('',(1.6,9.86747943311773,0.));
#9844=CARTESIAN_POINT('',(1.6,14.243190249582,0.));
#9845=CARTESIAN_POINT('',(1.6,14.243190249582,0.));
#9846=CARTESIAN_POINT('',(1.6,14.243190249582,4.2));
#9847=CARTESIAN_POINT('',(2.19999999999999,17.,11.7));
#9848=CARTESIAN_POINT('',(-4.2,1.9,11.7));
#9849=CARTESIAN_POINT('',(-12.8,0.,11.7));
#9850=CARTESIAN_POINT('',(-11.7,-1.30104260698261E-15,11.7));
#9851=CARTESIAN_POINT('',(-11.7,1.4,11.7));
#9852=CARTESIAN_POINT('',(-10.4021652647583,0.875,11.7));
#9853=CARTESIAN_POINT('',(-10.2167603025809,0.799999999999993,11.7));
#9854=CARTESIAN_POINT('',(-10.2167603025809,1.,11.7));
#9855=CARTESIAN_POINT('',(-8.75,1.,11.7));
#9856=CARTESIAN_POINT('',(-8.75,1.,11.7));
#9857=CARTESIAN_POINT('',(-8.75,2.1,11.7));
#9858=CARTESIAN_POINT('',(2.19999999999999,17.,4.2));
#9859=CARTESIAN_POINT('',(-4.2,1.9,4.2));
#9860=CARTESIAN_POINT('',(-12.8,0.,4.2));
#9861=CARTESIAN_POINT('',(-11.7,-1.30104260698261E-15,4.2));
#9862=CARTESIAN_POINT('',(-11.7,1.4,4.2));
#9863=CARTESIAN_POINT('',(-10.4021652647583,0.875,4.2));
#9864=CARTESIAN_POINT('',(-10.2167603025809,0.799999999999993,4.2));
#9865=CARTESIAN_POINT('',(-10.2167603025809,1.,4.2));
#9866=CARTESIAN_POINT('',(-8.75,1.,4.2));
#9867=CARTESIAN_POINT('',(-8.75,1.,4.2));
#9868=CARTESIAN_POINT('',(-8.75,2.1,4.2));
#9869=CARTESIAN_POINT('',(3.3,0.3,12.5));
#9870=CARTESIAN_POINT('',(3.3,0.3,0.));
#9871=CARTESIAN_POINT('',(3.3,0.,0.));
#9872=CARTESIAN_POINT('',(3.6,0.3,0.));
#9873=CARTESIAN_POINT('',(3.3,0.,12.5));
#9874=CARTESIAN_POINT('',(3.3,0.,-1.5));
#9875=CARTESIAN_POINT('',(3.3,0.3,-1.5));
#9876=CARTESIAN_POINT('',(3.6,0.3,-1.5));
#9877=CARTESIAN_POINT('',(3.6,0.3,12.5));
#9878=CARTESIAN_POINT('',(-12.8,0.300000000000003,12.5));
#9879=CARTESIAN_POINT('',(-12.8,0.300000000000003,-1.5));
#9880=CARTESIAN_POINT('',(-12.8,1.24683249835833E-15,-1.5));
#9881=CARTESIAN_POINT('',(-12.8,1.24683249835833E-15,12.5));
#9882=CARTESIAN_POINT('',(-12.8,1.24683249835833E-15,12.5));
#9883=CARTESIAN_POINT('',(-12.8,0.300000000000003,12.5));
#9884=CARTESIAN_POINT('',(-12.8,0.,12.5));
#9885=CARTESIAN_POINT('',(-12.8,0.,-1.5));
#9886=CARTESIAN_POINT('',(-12.8,0.,0.));
#9887=CARTESIAN_POINT('',(-11.7,-1.30104260698261E-15,0.));
#9888=CARTESIAN_POINT('',(-11.7,-1.30104260698261E-15,4.2));
#9889=CARTESIAN_POINT('',(-11.7,-1.30104260698261E-15,11.7));
#9890=CARTESIAN_POINT('',(3.3,0.,12.5));
#9891=CARTESIAN_POINT('',(3.3,0.,12.5));
#9892=CARTESIAN_POINT('',(-12.8,0.,12.5));
#9893=CARTESIAN_POINT('',(3.3,0.3,12.5));
#9894=CARTESIAN_POINT('',(3.6,0.3,12.5));
#9895=CARTESIAN_POINT('',(3.6,0.3,12.5));
#9896=CARTESIAN_POINT('',(3.3,0.3,12.5));
#9897=CARTESIAN_POINT('',(3.6,0.3,12.5));
#9898=CARTESIAN_POINT('',(3.6,0.3,11.7));
#9899=CARTESIAN_POINT('',(3.6,17.,11.7));
#9900=CARTESIAN_POINT('',(3.6,17.,11.7));
#9901=CARTESIAN_POINT('',(3.6,17.,5.));
#9902=CARTESIAN_POINT('',(3.6,0.3,5.));
#9903=CARTESIAN_POINT('',(3.6,3.2,5.));
#9904=CARTESIAN_POINT('',(3.6,3.2,5.7));
#9905=CARTESIAN_POINT('',(3.6,3.2,6.5));
#9906=CARTESIAN_POINT('',(3.6,0.3,6.5));
#9907=CARTESIAN_POINT('',(3.6,0.3,6.5));
#9908=CARTESIAN_POINT('',(3.6,0.3,5.7));
#9909=CARTESIAN_POINT('',(3.6,0.3,5.7));
#9910=CARTESIAN_POINT('',(3.6,0.3,5.7));
#9911=CARTESIAN_POINT('',(3.6,2.4,5.7));
#9912=CARTESIAN_POINT('',(3.6,2.4,6.5));
#9913=CARTESIAN_POINT('',(3.6,1.40839202169004,4.2));
#9914=CARTESIAN_POINT('',(3.6,1.48432668834513,4.10640926120113));
#9915=CARTESIAN_POINT('',(3.6,1.64792627085509,3.92831001957316));
#9916=CARTESIAN_POINT('',(3.6,2.00105218646469,3.77306701232005));
#9917=CARTESIAN_POINT('',(3.6,2.35313250063727,3.92942703164981));
#9918=CARTESIAN_POINT('',(3.6,2.51606515905639,4.10689221963642));
#9919=CARTESIAN_POINT('',(3.6,2.59160797831103,4.20000000000131));
#9920=CARTESIAN_POINT('',(3.6,0.3,4.2));
#9921=CARTESIAN_POINT('',(3.6,17.,4.2));
#9922=CARTESIAN_POINT('',(3.6,17.,4.2));
#9923=CARTESIAN_POINT('',(3.6,17.,0.));
#9924=CARTESIAN_POINT('',(3.6,0.3,0.));
#9925=CARTESIAN_POINT('',(3.6,0.3,-1.5));
#9926=CARTESIAN_POINT('',(3.6,17.9,-1.5));
#9927=CARTESIAN_POINT('',(3.6,17.9,12.5));
#9928=CARTESIAN_POINT('',(3.6,17.9,12.5));
#9929=CARTESIAN_POINT('',(3.6,0.3,12.5));
#9930=CARTESIAN_POINT('',(3.6,1.40839202169004,11.7));
#9931=CARTESIAN_POINT('',(3.6,1.48432668834513,11.6064092612011));
#9932=CARTESIAN_POINT('',(3.6,1.64792627085509,11.4283100195732));
#9933=CARTESIAN_POINT('',(3.6,2.00105218646469,11.2730670123201));
#9934=CARTESIAN_POINT('',(3.6,2.35313250063727,11.4294270316498));
#9935=CARTESIAN_POINT('',(3.6,2.51606515905639,11.6068922196364));
#9936=CARTESIAN_POINT('',(3.6,2.59160797831103,11.7000000000013));
#9937=CARTESIAN_POINT('',(3.1,17.9,12.5));
#9938=CARTESIAN_POINT('',(3.1,17.9,-1.5));
#9939=CARTESIAN_POINT('',(3.1,18.4,-1.5));
#9940=CARTESIAN_POINT('',(3.1,18.4,12.5));
#9941=CARTESIAN_POINT('',(3.1,18.4,12.5));
#9942=CARTESIAN_POINT('',(3.1,17.9,12.5));
#9943=CARTESIAN_POINT('',(3.1,18.4,12.5));
#9944=CARTESIAN_POINT('',(-7.27320508075689,18.4,9.05));
#9945=CARTESIAN_POINT('',(-7.27320508075689,18.4,9.05));
#9946=CARTESIAN_POINT('',(-7.27320508075689,18.4,10.55));
#9947=CARTESIAN_POINT('',(-6.8,18.4,9.05));
#9948=CARTESIAN_POINT('',(-6.8,18.4,8.57679491924311));
#9949=CARTESIAN_POINT('',(-5.3,18.4,8.57679491924311));
#9950=CARTESIAN_POINT('',(-5.3,18.4,8.57679491924311));
#9951=CARTESIAN_POINT('',(-5.3,18.4,8.55));
#9952=CARTESIAN_POINT('',(-5.27320508075689,18.4,8.55));
#9953=CARTESIAN_POINT('',(-5.27320508075689,18.4,8.51923048454133));
#9954=CARTESIAN_POINT('',(-5.27320508075689,18.4,8.51923048454133));
#9955=CARTESIAN_POINT('',(-4.6,18.4,8.51923048454132));
#9956=CARTESIAN_POINT('',(-4.93660254037844,18.4,7.93621778264911));
#9957=CARTESIAN_POINT('',(-3.92124355652982,18.4,7.35));
#9958=CARTESIAN_POINT('',(-3.88105117766515,18.4,7.32679491924311));
#9959=CARTESIAN_POINT('',(0.334641016151378,18.4,7.32679491924311));
#9960=CARTESIAN_POINT('',(0.381051177665153,18.4,7.32679491924311));
#9961=CARTESIAN_POINT('',(0.936602540378444,18.4,7.64754264805429));
#9962=CARTESIAN_POINT('',(0.936602540378444,18.4,7.64754264805429));
#9963=CARTESIAN_POINT('',(0.6,18.4,8.23055534994651));
#9964=CARTESIAN_POINT('',(1.27320508075689,18.4,8.23055534994651));
#9965=CARTESIAN_POINT('',(1.27320508075689,18.4,11.4));
#9966=CARTESIAN_POINT('',(1.27320508075689,18.4,11.4));
#9967=CARTESIAN_POINT('',(0.6,18.4,11.4));
#9968=CARTESIAN_POINT('',(0.6,18.4,12.0732050807569));
#9969=CARTESIAN_POINT('',(-3.85,18.4,12.0732050807569));
#9970=CARTESIAN_POINT('',(-3.85,18.4,12.0732050807569));
#9971=CARTESIAN_POINT('',(-3.85,18.4,11.4));
#9972=CARTESIAN_POINT('',(-4.18660254037845,18.4,11.9830127018922));
#9973=CARTESIAN_POINT('',(-4.93660254037844,18.4,11.55));
#9974=CARTESIAN_POINT('',(-4.93660254037844,18.4,11.55));
#9975=CARTESIAN_POINT('',(-4.6,18.4,10.9669872981078));
#9976=CARTESIAN_POINT('',(-5.26845451071742,18.4,11.0468224273331));
#9977=CARTESIAN_POINT('',(-5.29506035085059,18.4,11.05));
#9978=CARTESIAN_POINT('',(-5.29506035085059,18.4,11.0232050807569));
#9979=CARTESIAN_POINT('',(-6.8,18.4,11.0232050807569));
#9980=CARTESIAN_POINT('',(-6.8,18.4,11.0232050807569));
#9981=CARTESIAN_POINT('',(-6.8,18.4,10.55));
#9982=CARTESIAN_POINT('',(-7.27320508075689,18.4,1.55));
#9983=CARTESIAN_POINT('',(-7.27320508075689,18.4,1.55));
#9984=CARTESIAN_POINT('',(-7.27320508075689,18.4,3.05));
#9985=CARTESIAN_POINT('',(-6.8,18.4,1.55));
#9986=CARTESIAN_POINT('',(-6.8,18.4,1.07679491924311));
#9987=CARTESIAN_POINT('',(-5.3,18.4,1.07679491924311));
#9988=CARTESIAN_POINT('',(-5.3,18.4,1.07679491924311));
#9989=CARTESIAN_POINT('',(-5.3,18.4,1.05));
#9990=CARTESIAN_POINT('',(-5.27320508075689,18.4,1.05));
#9991=CARTESIAN_POINT('',(-5.27320508075689,18.4,1.01923048454133));
#9992=CARTESIAN_POINT('',(-5.27320508075689,18.4,1.01923048454133));
#9993=CARTESIAN_POINT('',(-4.6,18.4,1.01923048454132));
#9994=CARTESIAN_POINT('',(-4.93660254037844,18.4,0.436217782649106));
#9995=CARTESIAN_POINT('',(-3.92124355652982,18.4,-0.150000000000001));
#9996=CARTESIAN_POINT('',(-3.88105117766515,18.4,-0.173205080756889));
#9997=CARTESIAN_POINT('',(0.334641016151378,18.4,-0.173205080756889));
#9998=CARTESIAN_POINT('',(0.381051177665153,18.4,-0.173205080756889));
#9999=CARTESIAN_POINT('',(0.936602540378444,18.4,0.147542648054293));
#10000=CARTESIAN_POINT('',(0.936602540378444,18.4,0.147542648054293));
#10001=CARTESIAN_POINT('',(0.6,18.4,0.730555349946514));
#10002=CARTESIAN_POINT('',(1.27320508075689,18.4,0.730555349946513));
#10003=CARTESIAN_POINT('',(1.27320508075689,18.4,3.9));
#10004=CARTESIAN_POINT('',(1.27320508075689,18.4,3.9));
#10005=CARTESIAN_POINT('',(0.6,18.4,3.9));
#10006=CARTESIAN_POINT('',(0.6,18.4,4.57320508075689));
#10007=CARTESIAN_POINT('',(-3.85,18.4,4.57320508075689));
#10008=CARTESIAN_POINT('',(-3.85,18.4,4.57320508075689));
#10009=CARTESIAN_POINT('',(-3.85,18.4,3.90000000000001));
#10010=CARTESIAN_POINT('',(-4.18660254037845,18.4,4.48301270189222));
#10011=CARTESIAN_POINT('',(-4.93660254037844,18.4,4.05));
#10012=CARTESIAN_POINT('',(-4.93660254037844,18.4,4.05));
#10013=CARTESIAN_POINT('',(-4.6,18.4,3.46698729810778));
#10014=CARTESIAN_POINT('',(-5.26845451071742,18.4,3.54682242733309));
#10015=CARTESIAN_POINT('',(-5.29506035085059,18.4,3.55));
#10016=CARTESIAN_POINT('',(-5.29506035085059,18.4,3.52320508075689));
#10017=CARTESIAN_POINT('',(-6.8,18.4,3.52320508075689));
#10018=CARTESIAN_POINT('',(-6.8,18.4,3.52320508075689));
#10019=CARTESIAN_POINT('',(-6.8,18.4,3.05));
#10020=CARTESIAN_POINT('',(3.1,18.4,-1.5));
#10021=CARTESIAN_POINT('',(-9.4601077025535,18.4,-1.5));
#10022=CARTESIAN_POINT('',(-9.4601077025535,18.4,12.5));
#10023=CARTESIAN_POINT('',(-9.4601077025535,18.4,12.5));
#10024=CARTESIAN_POINT('',(3.1,18.4,12.5));
#10025=CARTESIAN_POINT('',(-9.4601077025535,18.1,12.5));
#10026=CARTESIAN_POINT('',(-9.4601077025535,18.1,-1.5));
#10027=CARTESIAN_POINT('',(-9.4601077025535,18.1,12.5));
#10028=CARTESIAN_POINT('',(-12.8,14.1196713556404,12.5));
#10029=CARTESIAN_POINT('',(-1.10801713040535,8.79999999999999,12.5));
#10030=CARTESIAN_POINT('',(-1.10801713040536,8.6,12.5));
#10031=CARTESIAN_POINT('',(-0.914831965147545,8.74823619097949,12.5));
#10032=CARTESIAN_POINT('',(-2.6,8.6,12.5));
#10033=CARTESIAN_POINT('',(-2.6,8.6,12.5));
#10034=CARTESIAN_POINT('',(-2.6,8.8,12.5));
#10035=CARTESIAN_POINT('',(-2.8,8.8,12.5));
#10036=CARTESIAN_POINT('',(-2.8,10.444141192149,12.5));
#10037=CARTESIAN_POINT('',(-3.,10.7,12.5));
#10038=CARTESIAN_POINT('',(-2.34335942273764,10.7,12.5));
#10039=CARTESIAN_POINT('',(-2.5,10.444141192149,12.5));
#10040=CARTESIAN_POINT('',(-2.32792706909469,10.6898868054357,12.5));
#10041=CARTESIAN_POINT('',(-0.872072930905314,9.67048676334174,12.5));
#10042=CARTESIAN_POINT('',(-0.872072930905314,9.67048676334174,12.5));
#10043=CARTESIAN_POINT('',(-1.04414586181063,9.42474115005504,12.5));
#10044=CARTESIAN_POINT('',(-0.754368113923907,9.34709543652428,12.5));
#10045=CARTESIAN_POINT('',(-0.914831965147545,8.74823619097949,12.5));
#10046=CARTESIAN_POINT('',(-6.22808899581079,13.9917626778379,12.5));
#10047=CARTESIAN_POINT('',(-6.22808899581079,13.9917626778379,12.5));
#10048=CARTESIAN_POINT('',(-6.60247119664863,13.9434101422703,12.5));
#10049=CARTESIAN_POINT('',(-6.1,13.,12.5));
#10050=CARTESIAN_POINT('',(-5.1608374126277,12.6565270978954,12.5));
#10051=CARTESIAN_POINT('',(-5.52433496505108,11.6626108391582,12.5));
#10052=CARTESIAN_POINT('',(-5.52433496505108,11.6626108391582,12.5));
#10053=CARTESIAN_POINT('',(-5.9,11.8,12.5));
#10054=CARTESIAN_POINT('',(-6.20788498661155,11.5446437096541,12.5));
#10055=CARTESIAN_POINT('',(-7.1157699732231,12.6392874193083,12.5));
#10056=CARTESIAN_POINT('',(-7.1157699732231,12.6392874193082,12.5));
#10057=CARTESIAN_POINT('',(-6.5,13.15,12.5));
#10058=CARTESIAN_POINT('',(-12.8,14.1196713556404,-1.5));
#10059=CARTESIAN_POINT('',(2.19999999999999,17.,4.2));
#10060=CARTESIAN_POINT('',(1.9,8.5,4.2));
#10061=CARTESIAN_POINT('',(3.1,14.243190249582,4.2));
#10062=CARTESIAN_POINT('',(2.63448279331869,15.6691263387121,4.2));
#10063=CARTESIAN_POINT('',(2.19999999999999,17.,4.2));
#10064=CARTESIAN_POINT('',(2.19999999999999,17.,0.));
#10065=CARTESIAN_POINT('',(1.9,2.,0.));
#10066=CARTESIAN_POINT('',(-4.2,1.9,0.));
#10067=CARTESIAN_POINT('',(-8.75,2.1,0.));
#10068=CARTESIAN_POINT('',(-8.75,1.,0.));
#10069=CARTESIAN_POINT('',(-8.75,1.,0.));
#10070=CARTESIAN_POINT('',(-10.2167603025809,1.,0.));
#10071=CARTESIAN_POINT('',(-10.2167603025809,0.799999999999993,0.));
#10072=CARTESIAN_POINT('',(-10.4021652647583,0.875,0.));
#10073=CARTESIAN_POINT('',(-11.7,1.4,0.));
#10074=CARTESIAN_POINT('',(2.19999999999999,17.,0.));
#10075=CARTESIAN_POINT('',(2.63448279331869,15.6691263387121,0.));
#10076=CARTESIAN_POINT('',(3.1,14.243190249582,0.));
#10077=CARTESIAN_POINT('',(1.9,8.5,0.));
#10078=CARTESIAN_POINT('',(2.19999999999999,17.,4.2));
#10079=CARTESIAN_POINT('',(2.63448279331869,15.6691263387121,4.2));
#10080=CARTESIAN_POINT('',(3.1,14.243190249582,4.2));
#10081=CARTESIAN_POINT('',(-8.75,2.1,4.2));
#10082=CARTESIAN_POINT('',(-8.75,1.,4.2));
#10083=CARTESIAN_POINT('',(-8.75,1.,4.2));
#10084=CARTESIAN_POINT('',(-10.2167603025809,1.,4.2));
#10085=CARTESIAN_POINT('',(-10.2167603025809,0.799999999999993,4.2));
#10086=CARTESIAN_POINT('',(-10.4021652647583,0.875,4.2));
#10087=CARTESIAN_POINT('',(-11.7,1.4,4.2));
#10088=CARTESIAN_POINT('',(2.19999999999999,17.,11.7));
#10089=CARTESIAN_POINT('',(1.9,8.5,11.7));
#10090=CARTESIAN_POINT('',(3.1,14.243190249582,11.7));
#10091=CARTESIAN_POINT('',(2.63448279331869,15.6691263387121,11.7));
#10092=CARTESIAN_POINT('',(2.19999999999999,17.,11.7));
#10093=CARTESIAN_POINT('',(2.19999999999999,17.,11.7));
#10094=CARTESIAN_POINT('',(2.63448279331869,15.6691263387121,11.7));
#10095=CARTESIAN_POINT('',(2.63448279331869,15.6691263387121,5.));
#10096=CARTESIAN_POINT('',(2.19999999999999,17.,5.));
#10097=CARTESIAN_POINT('',(3.1,14.243190249582,11.7));
#10098=CARTESIAN_POINT('',(3.1,14.243190249582,5.));
#10099=CARTESIAN_POINT('',(-8.75,2.1,11.7));
#10100=CARTESIAN_POINT('',(-8.75,2.1,7.5));
#10101=CARTESIAN_POINT('',(-8.75,1.,7.5));
#10102=CARTESIAN_POINT('',(-8.75,1.,11.7));
#10103=CARTESIAN_POINT('',(-8.75,1.,11.7));
#10104=CARTESIAN_POINT('',(-8.75,1.,7.5));
#10105=CARTESIAN_POINT('',(-10.2167603025809,1.,7.5));
#10106=CARTESIAN_POINT('',(-10.2167603025809,1.,11.7));
#10107=CARTESIAN_POINT('',(-10.2167603025809,0.799999999999993,11.7));
#10108=CARTESIAN_POINT('',(-10.2167603025809,0.799999999999993,7.5));
#10109=CARTESIAN_POINT('',(-10.4021652647583,0.875000000000001,7.5));
#10110=CARTESIAN_POINT('',(-10.4021652647583,0.875,11.7));
#10111=CARTESIAN_POINT('',(-11.7,1.4,11.7));
#10112=CARTESIAN_POINT('',(-10.3,1.4,7.5));
#10113=CARTESIAN_POINT('',(-10.3,1.4,7.5));
#10114=CARTESIAN_POINT('',(-11.7,1.4,7.5));
#10115=CARTESIAN_POINT('',(-4.2,1.9,0.));
#10116=CARTESIAN_POINT('',(-4.2,1.9,7.5));
#10117=CARTESIAN_POINT('',(-4.2,1.9,7.5));
#10118=CARTESIAN_POINT('',(1.9,8.5,4.2));
#10119=CARTESIAN_POINT('',(1.9,8.5,11.7));
#10120=CARTESIAN_POINT('',(1.9,8.5,7.5));
#10121=CARTESIAN_POINT('',(1.9,2.,0.));
#10122=CARTESIAN_POINT('',(1.9,2.,2.7));
#10123=CARTESIAN_POINT('',(1.9,2.,4.2));
#10124=CARTESIAN_POINT('',(1.9,2.,11.7));
#10125=CARTESIAN_POINT('',(1.9,2.,10.2));
#10126=CARTESIAN_POINT('',(1.9,2.,7.5));
#10127=CARTESIAN_POINT('',(0.5,2.,7.5));
#10128=CARTESIAN_POINT('',(0.5,2.,6.5));
#10129=CARTESIAN_POINT('',(1.9,2.,6.5));
#10130=CARTESIAN_POINT('',(2.6211102550928,3.2,6.5));
#10131=CARTESIAN_POINT('',(2.6211102550928,3.2,7.5));
#10132=CARTESIAN_POINT('',(2.6211102550928,3.2,5.));
#10133=CARTESIAN_POINT('',(1.9,2.,5.));
#10134=CARTESIAN_POINT('',(1.9,3.4,5.));
#10135=CARTESIAN_POINT('',(1.9,3.4,7.5));
#10136=CARTESIAN_POINT('',(2.19999999999999,17.,5.));
#10137=CARTESIAN_POINT('',(2.19999999999999,3.2,5.));
#10138=CARTESIAN_POINT('',(1.6,9.9,5.));
#10139=CARTESIAN_POINT('',(1.9,9.9,5.));
#10140=CARTESIAN_POINT('',(1.9,8.5,5.));
#10141=CARTESIAN_POINT('',(1.9,7.1,5.));
#10142=CARTESIAN_POINT('',(1.9,7.1,5.));
#10143=CARTESIAN_POINT('',(1.6,3.4,5.));
#10144=CARTESIAN_POINT('',(1.6,9.9,7.5));
#10145=CARTESIAN_POINT('',(1.9,9.9,7.5));
#10146=CARTESIAN_POINT('',(1.9,8.5,7.5));
#10147=CARTESIAN_POINT('',(1.9,7.1,7.5));
#10148=CARTESIAN_POINT('',(1.9,7.1,7.5));
#10149=CARTESIAN_POINT('',(1.6,3.4,7.5));
#10150=CARTESIAN_POINT('',(0.5,2.,7.5));
#10151=CARTESIAN_POINT('',(0.5,2.,6.5));
#10152=CARTESIAN_POINT('',(0.5,2.4,6.5));
#10153=CARTESIAN_POINT('',(0.5,2.4,7.5));
#10154=CARTESIAN_POINT('',(0.5,2.4,7.5));
#10155=CARTESIAN_POINT('',(0.5,2.4,6.5));
#10156=CARTESIAN_POINT('',(-2.7,2.4,6.5));
#10157=CARTESIAN_POINT('',(-2.7,2.4,7.5));
#10158=CARTESIAN_POINT('',(-2.7,2.4,7.5));
#10159=CARTESIAN_POINT('',(-2.7,2.4,6.5));
#10160=CARTESIAN_POINT('',(-2.7,1.9,6.5));
#10161=CARTESIAN_POINT('',(-2.7,1.9,7.5));
#10162=CARTESIAN_POINT('',(-4.2,1.9,7.5));
#10163=CARTESIAN_POINT('',(-5.7,1.9,7.5));
#10164=CARTESIAN_POINT('',(-5.7,1.9,6.5));
#10165=CARTESIAN_POINT('',(-4.2,1.9,6.5));
#10166=CARTESIAN_POINT('',(-5.7,1.9,7.5));
#10167=CARTESIAN_POINT('',(-5.7,3.2,5.7));
#10168=CARTESIAN_POINT('',(-5.7,0.5,5.7));
#10169=CARTESIAN_POINT('',(-5.7,0.5,5.7));
#10170=CARTESIAN_POINT('',(-5.7,0.5,6.5));
#10171=CARTESIAN_POINT('',(-5.7,3.2,6.5));
#10172=CARTESIAN_POINT('',(-10.3,2.1,7.5));
#10173=CARTESIAN_POINT('',(-10.3,2.1,7.5));
#10174=CARTESIAN_POINT('',(2.19999999999999,17.,7.5));
#10175=CARTESIAN_POINT('',(3.6,3.2,5.7));
#10176=CARTESIAN_POINT('',(3.6,3.2,6.5));
#10177=CARTESIAN_POINT('',(3.3,0.3,5.7));
#10178=CARTESIAN_POINT('',(3.3,2.4,5.7));
#10179=CARTESIAN_POINT('',(3.3,0.3,5.7));
#10180=CARTESIAN_POINT('',(3.3,0.,5.7));
#10181=CARTESIAN_POINT('',(-5.2,0.,5.7));
#10182=CARTESIAN_POINT('',(-5.2,0.,5.7));
#10183=CARTESIAN_POINT('',(-5.7,0.5,5.7));
#10184=CARTESIAN_POINT('',(3.3,0.3,6.5));
#10185=CARTESIAN_POINT('',(-5.7,0.5,6.5));
#10186=CARTESIAN_POINT('',(-5.2,0.,6.5));
#10187=CARTESIAN_POINT('',(-5.2,0.,6.5));
#10188=CARTESIAN_POINT('',(3.3,0.,6.5));
#10189=CARTESIAN_POINT('',(3.3,0.3,6.5));
#10190=CARTESIAN_POINT('',(-5.7,0.5,5.7));
#10191=CARTESIAN_POINT('',(-5.2,0.,5.7));
#10192=CARTESIAN_POINT('',(-5.2,0.,5.7));
#10193=CARTESIAN_POINT('',(3.3,0.,5.7));
#10194=CARTESIAN_POINT('',(3.3,0.3,5.7));
#10195=CARTESIAN_POINT('',(0.6,2.4,6.5));
#10196=CARTESIAN_POINT('',(-0.4,4.,1.8));
#10197=CARTESIAN_POINT('',(-0.4,4.,1.8));
#10198=CARTESIAN_POINT('',(-0.4,-4.,1.8));
#10199=CARTESIAN_POINT('',(-0.4,-4.,1.8));
#10200=CARTESIAN_POINT('',(-0.4,-4.,2.8));
#10201=CARTESIAN_POINT('',(-0.4,4.,2.8));
#10202=CARTESIAN_POINT('',(-0.4,4.,2.8));
#10203=CARTESIAN_POINT('',(-0.4,-4.,2.8));
#10204=CARTESIAN_POINT('',(0.4,-4.,2.8));
#10205=CARTESIAN_POINT('',(0.4,4.,2.8));
#10206=CARTESIAN_POINT('',(0.4,4.,2.8));
#10207=CARTESIAN_POINT('',(0.4,-4.,2.8));
#10208=CARTESIAN_POINT('',(0.4,-4.,1.8));
#10209=CARTESIAN_POINT('',(0.4,4.,1.8));
#10210=CARTESIAN_POINT('',(0.4,4.,1.8));
#10211=CARTESIAN_POINT('',(0.4,-4.,1.8));
#10212=CARTESIAN_POINT('',(0.,-4.,0.));
#10213=CARTESIAN_POINT('',(-8.6,4.,1.8));
#10214=CARTESIAN_POINT('',(-8.6,4.,1.8));
#10215=CARTESIAN_POINT('',(-8.6,-4.,1.8));
#10216=CARTESIAN_POINT('',(-8.6,-4.,1.8));
#10217=CARTESIAN_POINT('',(-8.6,-4.,2.8));
#10218=CARTESIAN_POINT('',(-8.6,4.,2.8));
#10219=CARTESIAN_POINT('',(-8.6,4.,2.8));
#10220=CARTESIAN_POINT('',(-8.6,-4.,2.8));
#10221=CARTESIAN_POINT('',(-7.8,-4.,2.8));
#10222=CARTESIAN_POINT('',(-7.8,4.,2.8));
#10223=CARTESIAN_POINT('',(-7.8,4.,2.8));
#10224=CARTESIAN_POINT('',(-7.8,-4.,2.8));
#10225=CARTESIAN_POINT('',(-7.8,-4.,1.8));
#10226=CARTESIAN_POINT('',(-7.8,4.,1.8));
#10227=CARTESIAN_POINT('',(-7.8,4.,1.8));
#10228=CARTESIAN_POINT('',(-7.8,-4.,1.8));
#10229=CARTESIAN_POINT('',(-8.2,-4.,0.));
#10230=CARTESIAN_POINT('',(-8.6,4.,9.3));
#10231=CARTESIAN_POINT('',(-8.6,4.,9.3));
#10232=CARTESIAN_POINT('',(-8.6,-4.,9.3));
#10233=CARTESIAN_POINT('',(-8.6,-4.,9.3));
#10234=CARTESIAN_POINT('',(-8.6,-4.,10.3));
#10235=CARTESIAN_POINT('',(-8.6,4.,10.3));
#10236=CARTESIAN_POINT('',(-8.6,4.,10.3));
#10237=CARTESIAN_POINT('',(-8.6,-4.,10.3));
#10238=CARTESIAN_POINT('',(-7.8,-4.,10.3));
#10239=CARTESIAN_POINT('',(-7.8,4.,10.3));
#10240=CARTESIAN_POINT('',(-7.8,4.,10.3));
#10241=CARTESIAN_POINT('',(-7.8,-4.,10.3));
#10242=CARTESIAN_POINT('',(-7.8,-4.,9.3));
#10243=CARTESIAN_POINT('',(-7.8,4.,9.3));
#10244=CARTESIAN_POINT('',(-7.8,4.,9.3));
#10245=CARTESIAN_POINT('',(-7.8,-4.,9.3));
#10246=CARTESIAN_POINT('',(-8.2,-4.,7.5));
#10247=CARTESIAN_POINT('',(-0.4,4.,9.3));
#10248=CARTESIAN_POINT('',(-0.4,4.,9.3));
#10249=CARTESIAN_POINT('',(-0.4,-4.,9.3));
#10250=CARTESIAN_POINT('',(-0.4,-4.,9.3));
#10251=CARTESIAN_POINT('',(-0.4,-4.,10.3));
#10252=CARTESIAN_POINT('',(-0.4,4.,10.3));
#10253=CARTESIAN_POINT('',(-0.4,4.,10.3));
#10254=CARTESIAN_POINT('',(-0.4,-4.,10.3));
#10255=CARTESIAN_POINT('',(0.4,-4.,10.3));
#10256=CARTESIAN_POINT('',(0.4,4.,10.3));
#10257=CARTESIAN_POINT('',(0.4,4.,10.3));
#10258=CARTESIAN_POINT('',(0.4,-4.,10.3));
#10259=CARTESIAN_POINT('',(0.4,-4.,9.3));
#10260=CARTESIAN_POINT('',(0.4,4.,9.3));
#10261=CARTESIAN_POINT('',(0.4,4.,9.3));
#10262=CARTESIAN_POINT('',(0.4,-4.,9.3));
#10263=CARTESIAN_POINT('',(0.,-4.,7.5));
#10264=CARTESIAN_POINT('',(-11.1,2.65,1.8));
#10265=CARTESIAN_POINT('',(-11.1,2.65,1.8));
#10266=CARTESIAN_POINT('',(-11.1,2.65,2.85));
#10267=CARTESIAN_POINT('',(-13.1,2.65,1.8));
#10268=CARTESIAN_POINT('',(-12.8,2.65,1.8));
#10269=CARTESIAN_POINT('',(-12.8,2.65,2.85));
#10270=CARTESIAN_POINT('',(-12.8,2.65,1.8));
#10271=CARTESIAN_POINT('',(-11.1,2.65,9.3));
#10272=CARTESIAN_POINT('',(-11.1,2.65,9.3));
#10273=CARTESIAN_POINT('',(-11.1,2.65,10.35));
#10274=CARTESIAN_POINT('',(-13.1,2.65,9.3));
#10275=CARTESIAN_POINT('',(-12.8,2.65,9.3));
#10276=CARTESIAN_POINT('',(-12.8,2.65,10.35));
#10277=CARTESIAN_POINT('',(-12.8,2.65,9.3));
#10278=CARTESIAN_POINT('',(-11.1,3.8,11.));
#10279=CARTESIAN_POINT('',(-11.1,3.8,11.));
#10280=CARTESIAN_POINT('',(-11.1,3.8,11.));
#10281=CARTESIAN_POINT('',(-11.1,3.8,11.));
#10282=CARTESIAN_POINT('',(-11.1,3.8,11.75));
#10283=CARTESIAN_POINT('',(-11.1,3.8,11.75));
#10284=CARTESIAN_POINT('',(-11.1,3.8,11.75));
#10285=CARTESIAN_POINT('',(-11.1,3.8,11.75));
#10286=CARTESIAN_POINT('',(-11.1,0.8,11.75));
#10287=CARTESIAN_POINT('',(-11.1,0.8,11.75));
#10288=CARTESIAN_POINT('',(-11.1,0.8,11.75));
#10289=CARTESIAN_POINT('',(-11.1,0.8,11.75));
#10290=CARTESIAN_POINT('',(-11.1,0.8,11.));
#10291=CARTESIAN_POINT('',(-11.1,0.8,11.));
#10292=CARTESIAN_POINT('',(-11.1,1.,11.));
#10293=CARTESIAN_POINT('',(-11.1,1.,11.));
#10294=CARTESIAN_POINT('',(-11.1,1.,10.8));
#10295=CARTESIAN_POINT('',(-11.1,1.,10.8));
#10296=CARTESIAN_POINT('',(-11.1,1.,10.8));
#10297=CARTESIAN_POINT('',(-11.1,1.,10.8));
#10298=CARTESIAN_POINT('',(-11.1,3.6,10.8));
#10299=CARTESIAN_POINT('',(-11.1,3.6,10.8));
#10300=CARTESIAN_POINT('',(-11.1,3.6,11.));
#10301=CARTESIAN_POINT('',(-11.1,3.6,11.));
#10302=CARTESIAN_POINT('',(-11.1,1.,11.));
#10303=CARTESIAN_POINT('',(-11.1,3.6,4.8));
#10304=CARTESIAN_POINT('',(-11.1,3.8,4.8));
#10305=CARTESIAN_POINT('',(-11.1,3.8,4.8));
#10306=CARTESIAN_POINT('',(-11.1,3.6,4.8));
#10307=CARTESIAN_POINT('',(-11.1,3.6,5.));
#10308=CARTESIAN_POINT('',(-11.1,3.6,5.));
#10309=CARTESIAN_POINT('',(-11.1,3.6,5.));
#10310=CARTESIAN_POINT('',(-11.1,3.6,5.));
#10311=CARTESIAN_POINT('',(-11.1,1.,5.));
#10312=CARTESIAN_POINT('',(-11.1,1.,5.));
#10313=CARTESIAN_POINT('',(-11.1,0.999999999999999,4.8));
#10314=CARTESIAN_POINT('',(-11.1,0.999999999999999,4.8));
#10315=CARTESIAN_POINT('',(-11.1,0.8,4.8));
#10316=CARTESIAN_POINT('',(-11.1,0.8,4.8));
#10317=CARTESIAN_POINT('',(-11.1,0.8,4.8));
#10318=CARTESIAN_POINT('',(-11.1,0.8,4.8));
#10319=CARTESIAN_POINT('',(-11.1,0.8,4.1));
#10320=CARTESIAN_POINT('',(-11.1,0.8,4.1));
#10321=CARTESIAN_POINT('',(-11.1,1.1,4.1));
#10322=CARTESIAN_POINT('',(-11.1,1.1,4.1));
#10323=CARTESIAN_POINT('',(-11.1,1.1,3.8));
#10324=CARTESIAN_POINT('',(-11.1,1.1,3.8));
#10325=CARTESIAN_POINT('',(-11.1,1.1,3.8));
#10326=CARTESIAN_POINT('',(-11.1,1.1,3.8));
#10327=CARTESIAN_POINT('',(-11.1,3.5,3.8));
#10328=CARTESIAN_POINT('',(-11.1,3.5,3.8));
#10329=CARTESIAN_POINT('',(-11.1,3.5,4.1));
#10330=CARTESIAN_POINT('',(-11.1,3.5,4.1));
#10331=CARTESIAN_POINT('',(-11.1,3.8,4.1));
#10332=CARTESIAN_POINT('',(-11.1,3.8,4.1));
#10333=CARTESIAN_POINT('',(-11.1,3.8,4.1));
#10334=CARTESIAN_POINT('',(-11.1,3.8,4.1));
#10335=CARTESIAN_POINT('',(-11.1,3.6,4.8));
#10336=CARTESIAN_POINT('',(-11.1,3.8,5.95));
#10337=CARTESIAN_POINT('',(-11.1,3.8,5.95));
#10338=CARTESIAN_POINT('',(-11.1,3.8,5.95));
#10339=CARTESIAN_POINT('',(-11.1,3.8,5.95));
#10340=CARTESIAN_POINT('',(-11.1,3.8,6.65));
#10341=CARTESIAN_POINT('',(-11.1,3.8,6.65));
#10342=CARTESIAN_POINT('',(-11.1,3.8,6.65));
#10343=CARTESIAN_POINT('',(-11.1,3.8,6.65));
#10344=CARTESIAN_POINT('',(-11.1,0.8,6.65));
#10345=CARTESIAN_POINT('',(-11.1,0.8,6.65));
#10346=CARTESIAN_POINT('',(-11.1,0.8,6.65));
#10347=CARTESIAN_POINT('',(-11.1,0.8,6.65));
#10348=CARTESIAN_POINT('',(-11.1,0.8,5.95));
#10349=CARTESIAN_POINT('',(-11.1,0.8,5.95));
#10350=CARTESIAN_POINT('',(-11.1,1.,5.95));
#10351=CARTESIAN_POINT('',(-11.1,1.,5.95));
#10352=CARTESIAN_POINT('',(-11.1,1.,5.75));
#10353=CARTESIAN_POINT('',(-11.1,1.,5.75));
#10354=CARTESIAN_POINT('',(-11.1,1.,5.75));
#10355=CARTESIAN_POINT('',(-11.1,1.,5.75));
#10356=CARTESIAN_POINT('',(-11.1,3.6,5.75));
#10357=CARTESIAN_POINT('',(-11.1,3.6,5.75));
#10358=CARTESIAN_POINT('',(-11.1,3.6,5.95));
#10359=CARTESIAN_POINT('',(-11.1,3.6,5.95));
#10360=CARTESIAN_POINT('',(-11.1,1.,5.95));
#10361=CARTESIAN_POINT('',(-7.1,18.1,1.55));
#10362=CARTESIAN_POINT('',(-7.1,18.1,1.55));
#10363=CARTESIAN_POINT('',(-7.1,18.1,1.55));
#10364=CARTESIAN_POINT('',(-7.1,18.1,3.05));
#10365=CARTESIAN_POINT('',(-7.1,18.1,1.55));
#10366=CARTESIAN_POINT('',(-7.1,18.1,3.05));
#10367=CARTESIAN_POINT('',(-6.8,18.1,3.05));
#10368=CARTESIAN_POINT('',(-6.8,18.1,3.05));
#10369=CARTESIAN_POINT('',(-6.8,18.1,3.35));
#10370=CARTESIAN_POINT('',(-6.8,18.1,3.35));
#10371=CARTESIAN_POINT('',(-6.8,18.1,3.35));
#10372=CARTESIAN_POINT('',(-6.8,18.1,3.35));
#10373=CARTESIAN_POINT('',(-5.29506035085059,18.1,3.35));
#10374=CARTESIAN_POINT('',(-5.29506035085059,18.1,3.35));
#10375=CARTESIAN_POINT('',(-5.29506035085059,18.1,3.55));
#10376=CARTESIAN_POINT('',(-5.29506035085059,18.1,3.55));
#10377=CARTESIAN_POINT('',(-5.09647167692635,18.1,3.52628210403494));
#10378=CARTESIAN_POINT('',(-5.09647167692635,18.1,3.52628210403494));
#10379=CARTESIAN_POINT('',(-4.6,18.1,3.46698729810778));
#10380=CARTESIAN_POINT('',(-4.6,18.1,3.46698729810778));
#10381=CARTESIAN_POINT('',(-4.85,18.1,3.9));
#10382=CARTESIAN_POINT('',(-4.85,18.1,3.9));
#10383=CARTESIAN_POINT('',(-4.85,18.1,3.9));
#10384=CARTESIAN_POINT('',(-4.85,18.1,3.9));
#10385=CARTESIAN_POINT('',(-4.1,18.1,4.33301270189222));
#10386=CARTESIAN_POINT('',(-4.1,18.1,4.33301270189222));
#10387=CARTESIAN_POINT('',(-3.85,18.1,3.90000000000001));
#10388=CARTESIAN_POINT('',(-3.85,18.1,3.90000000000001));
#10389=CARTESIAN_POINT('',(-3.85,18.1,4.4));
#10390=CARTESIAN_POINT('',(-3.85,18.1,4.4));
#10391=CARTESIAN_POINT('',(-3.85,18.1,4.4));
#10392=CARTESIAN_POINT('',(-3.85,18.1,4.4));
#10393=CARTESIAN_POINT('',(0.6,18.1,4.4));
#10394=CARTESIAN_POINT('',(0.6,18.1,4.4));
#10395=CARTESIAN_POINT('',(0.6,18.1,3.9));
#10396=CARTESIAN_POINT('',(0.6,18.1,3.9));
#10397=CARTESIAN_POINT('',(1.1,18.1,3.9));
#10398=CARTESIAN_POINT('',(1.1,18.1,3.9));
#10399=CARTESIAN_POINT('',(1.1,18.1,3.9));
#10400=CARTESIAN_POINT('',(1.1,18.1,3.9));
#10401=CARTESIAN_POINT('',(1.1,18.1,0.730555349946513));
#10402=CARTESIAN_POINT('',(1.1,18.1,0.730555349946513));
#10403=CARTESIAN_POINT('',(0.6,18.1,0.730555349946514));
#10404=CARTESIAN_POINT('',(0.6,18.1,0.730555349946514));
#10405=CARTESIAN_POINT('',(0.85,18.1,0.297542648054294));
#10406=CARTESIAN_POINT('',(0.85,18.1,0.297542648054294));
#10407=CARTESIAN_POINT('',(0.85,18.1,0.297542648054294));
#10408=CARTESIAN_POINT('',(0.85,18.1,0.297542648054294));
#10409=CARTESIAN_POINT('',(0.334641016151378,18.1,0.));
#10410=CARTESIAN_POINT('',(0.334641016151378,18.1,0.));
#10411=CARTESIAN_POINT('',(0.334641016151378,18.1,0.));
#10412=CARTESIAN_POINT('',(0.334641016151378,18.1,0.));
#10413=CARTESIAN_POINT('',(-3.83464101615138,18.1,0.));
#10414=CARTESIAN_POINT('',(-3.83464101615138,18.1,0.));
#10415=CARTESIAN_POINT('',(-3.83464101615138,18.1,0.));
#10416=CARTESIAN_POINT('',(-3.83464101615138,18.1,0.));
#10417=CARTESIAN_POINT('',(-4.85,18.1,0.586217782649107));
#10418=CARTESIAN_POINT('',(-4.85,18.1,0.586217782649107));
#10419=CARTESIAN_POINT('',(-4.6,18.1,1.01923048454132));
#10420=CARTESIAN_POINT('',(-4.6,18.1,1.01923048454132));
#10421=CARTESIAN_POINT('',(-5.1,18.1,1.01923048454133));
#10422=CARTESIAN_POINT('',(-5.1,18.1,1.01923048454133));
#10423=CARTESIAN_POINT('',(-5.1,18.1,1.01923048454133));
#10424=CARTESIAN_POINT('',(-5.1,18.1,1.01923048454133));
#10425=CARTESIAN_POINT('',(-5.1,18.1,1.05));
#10426=CARTESIAN_POINT('',(-5.1,18.1,1.05));
#10427=CARTESIAN_POINT('',(-5.3,18.1,1.05));
#10428=CARTESIAN_POINT('',(-5.3,18.1,1.05));
#10429=CARTESIAN_POINT('',(-5.3,18.1,1.25));
#10430=CARTESIAN_POINT('',(-5.3,18.1,1.25));
#10431=CARTESIAN_POINT('',(-5.3,18.1,1.25));
#10432=CARTESIAN_POINT('',(-5.3,18.1,1.25));
#10433=CARTESIAN_POINT('',(-6.8,18.1,1.25));
#10434=CARTESIAN_POINT('',(-6.8,18.1,1.25));
#10435=CARTESIAN_POINT('',(-6.8,18.1,1.55));
#10436=CARTESIAN_POINT('',(-6.8,18.1,1.55));
#10437=CARTESIAN_POINT('',(-6.8,16.4,3.05));
#10438=CARTESIAN_POINT('',(-7.1,16.4,1.55));
#10439=CARTESIAN_POINT('',(-7.1,16.4,1.55));
#10440=CARTESIAN_POINT('',(-7.1,16.4,3.05));
#10441=CARTESIAN_POINT('',(-6.8,16.4,3.05));
#10442=CARTESIAN_POINT('',(-6.8,16.4,3.35));
#10443=CARTESIAN_POINT('',(-6.8,16.4,3.35));
#10444=CARTESIAN_POINT('',(-5.29506035085059,16.4,3.35));
#10445=CARTESIAN_POINT('',(-5.2950603508506,16.4,3.55));
#10446=CARTESIAN_POINT('',(-5.09647167692635,16.4,3.52628210403494));
#10447=CARTESIAN_POINT('',(-4.6,16.4,3.46698729810778));
#10448=CARTESIAN_POINT('',(-4.85,16.4,3.9));
#10449=CARTESIAN_POINT('',(-4.85,16.4,3.9));
#10450=CARTESIAN_POINT('',(-4.1,16.4,4.33301270189222));
#10451=CARTESIAN_POINT('',(-3.85,16.4,3.90000000000001));
#10452=CARTESIAN_POINT('',(-3.85,16.4,4.4));
#10453=CARTESIAN_POINT('',(-3.85,16.4,4.4));
#10454=CARTESIAN_POINT('',(0.6,16.4,4.4));
#10455=CARTESIAN_POINT('',(0.599999999999999,16.4,3.9));
#10456=CARTESIAN_POINT('',(1.1,16.4,3.9));
#10457=CARTESIAN_POINT('',(1.1,16.4,3.9));
#10458=CARTESIAN_POINT('',(1.1,16.4,0.730555349946513));
#10459=CARTESIAN_POINT('',(0.6,16.4,0.730555349946514));
#10460=CARTESIAN_POINT('',(0.85,16.4,0.297542648054294));
#10461=CARTESIAN_POINT('',(0.85,16.4,0.297542648054294));
#10462=CARTESIAN_POINT('',(0.334641016151378,16.4,0.));
#10463=CARTESIAN_POINT('',(0.334641016151378,16.4,0.));
#10464=CARTESIAN_POINT('',(-3.83464101615138,16.4,0.));
#10465=CARTESIAN_POINT('',(-3.83464101615138,16.4,0.));
#10466=CARTESIAN_POINT('',(-4.85,16.4,0.586217782649107));
#10467=CARTESIAN_POINT('',(-4.6,16.4,1.01923048454132));
#10468=CARTESIAN_POINT('',(-5.1,16.4,1.01923048454133));
#10469=CARTESIAN_POINT('',(-5.1,16.4,1.01923048454133));
#10470=CARTESIAN_POINT('',(-5.1,16.4,1.05));
#10471=CARTESIAN_POINT('',(-5.3,16.4,1.05));
#10472=CARTESIAN_POINT('',(-5.3,16.4,1.25));
#10473=CARTESIAN_POINT('',(-5.3,16.4,1.25));
#10474=CARTESIAN_POINT('',(-6.8,16.4,1.25));
#10475=CARTESIAN_POINT('',(-6.8,16.4,1.55));
#10476=CARTESIAN_POINT('',(-6.8,19.8,1.55));
#10477=CARTESIAN_POINT('',(-6.8,19.8,1.25));
#10478=CARTESIAN_POINT('',(-7.1,19.8,1.55));
#10479=CARTESIAN_POINT('',(-5.3,19.8,1.25));
#10480=CARTESIAN_POINT('',(-5.3,19.8,1.25));
#10481=CARTESIAN_POINT('',(-5.3,19.8,1.05));
#10482=CARTESIAN_POINT('',(-5.1,19.8,1.05));
#10483=CARTESIAN_POINT('',(-5.1,19.8,1.01923048454133));
#10484=CARTESIAN_POINT('',(-5.1,19.8,1.01923048454133));
#10485=CARTESIAN_POINT('',(-4.6,19.8,1.01923048454132));
#10486=CARTESIAN_POINT('',(-4.85,19.8,0.586217782649107));
#10487=CARTESIAN_POINT('',(-3.83464101615138,19.8,0.));
#10488=CARTESIAN_POINT('',(-3.83464101615138,19.8,0.));
#10489=CARTESIAN_POINT('',(0.334641016151378,19.8,0.));
#10490=CARTESIAN_POINT('',(0.334641016151378,19.8,0.));
#10491=CARTESIAN_POINT('',(0.85,19.8,0.297542648054294));
#10492=CARTESIAN_POINT('',(0.85,19.8,0.297542648054294));
#10493=CARTESIAN_POINT('',(0.6,19.8,0.730555349946514));
#10494=CARTESIAN_POINT('',(1.1,19.8,0.730555349946513));
#10495=CARTESIAN_POINT('',(1.1,19.8,3.9));
#10496=CARTESIAN_POINT('',(1.1,19.8,3.9));
#10497=CARTESIAN_POINT('',(0.599999999999999,19.8,3.9));
#10498=CARTESIAN_POINT('',(0.6,19.8,4.4));
#10499=CARTESIAN_POINT('',(-3.85,19.8,4.4));
#10500=CARTESIAN_POINT('',(-3.85,19.8,4.4));
#10501=CARTESIAN_POINT('',(-3.85,19.8,3.90000000000001));
#10502=CARTESIAN_POINT('',(-4.1,19.8,4.33301270189222));
#10503=CARTESIAN_POINT('',(-4.85,19.8,3.9));
#10504=CARTESIAN_POINT('',(-4.85,19.8,3.9));
#10505=CARTESIAN_POINT('',(-4.6,19.8,3.46698729810778));
#10506=CARTESIAN_POINT('',(-5.09647167692635,19.8,3.52628210403494));
#10507=CARTESIAN_POINT('',(-5.2950603508506,19.8,3.55));
#10508=CARTESIAN_POINT('',(-5.29506035085059,19.8,3.35));
#10509=CARTESIAN_POINT('',(-6.8,19.8,3.35));
#10510=CARTESIAN_POINT('',(-6.8,19.8,3.35));
#10511=CARTESIAN_POINT('',(-6.8,19.8,3.05));
#10512=CARTESIAN_POINT('',(-7.1,19.8,3.05));
#10513=CARTESIAN_POINT('',(-7.1,19.8,1.55));
#10514=CARTESIAN_POINT('',(-7.1,18.1,9.05));
#10515=CARTESIAN_POINT('',(-7.1,18.1,9.05));
#10516=CARTESIAN_POINT('',(-7.1,18.1,9.05));
#10517=CARTESIAN_POINT('',(-7.1,18.1,10.55));
#10518=CARTESIAN_POINT('',(-7.1,18.1,9.05));
#10519=CARTESIAN_POINT('',(-7.1,18.1,10.55));
#10520=CARTESIAN_POINT('',(-6.8,18.1,10.55));
#10521=CARTESIAN_POINT('',(-6.8,18.1,10.55));
#10522=CARTESIAN_POINT('',(-6.8,18.1,10.85));
#10523=CARTESIAN_POINT('',(-6.8,18.1,10.85));
#10524=CARTESIAN_POINT('',(-6.8,18.1,10.85));
#10525=CARTESIAN_POINT('',(-6.8,18.1,10.85));
#10526=CARTESIAN_POINT('',(-5.29506035085059,18.1,10.85));
#10527=CARTESIAN_POINT('',(-5.29506035085059,18.1,10.85));
#10528=CARTESIAN_POINT('',(-5.29506035085059,18.1,11.05));
#10529=CARTESIAN_POINT('',(-5.29506035085059,18.1,11.05));
#10530=CARTESIAN_POINT('',(-5.09647167692635,18.1,11.0262821040349));
#10531=CARTESIAN_POINT('',(-5.09647167692635,18.1,11.0262821040349));
#10532=CARTESIAN_POINT('',(-4.6,18.1,10.9669872981078));
#10533=CARTESIAN_POINT('',(-4.6,18.1,10.9669872981078));
#10534=CARTESIAN_POINT('',(-4.85,18.1,11.4));
#10535=CARTESIAN_POINT('',(-4.85,18.1,11.4));
#10536=CARTESIAN_POINT('',(-4.85,18.1,11.4));
#10537=CARTESIAN_POINT('',(-4.85,18.1,11.4));
#10538=CARTESIAN_POINT('',(-4.1,18.1,11.8330127018922));
#10539=CARTESIAN_POINT('',(-4.1,18.1,11.8330127018922));
#10540=CARTESIAN_POINT('',(-3.85,18.1,11.4));
#10541=CARTESIAN_POINT('',(-3.85,18.1,11.4));
#10542=CARTESIAN_POINT('',(-3.85,18.1,11.9));
#10543=CARTESIAN_POINT('',(-3.85,18.1,11.9));
#10544=CARTESIAN_POINT('',(-3.85,18.1,11.9));
#10545=CARTESIAN_POINT('',(-3.85,18.1,11.9));
#10546=CARTESIAN_POINT('',(0.6,18.1,11.9));
#10547=CARTESIAN_POINT('',(0.6,18.1,11.9));
#10548=CARTESIAN_POINT('',(0.6,18.1,11.4));
#10549=CARTESIAN_POINT('',(0.6,18.1,11.4));
#10550=CARTESIAN_POINT('',(1.1,18.1,11.4));
#10551=CARTESIAN_POINT('',(1.1,18.1,11.4));
#10552=CARTESIAN_POINT('',(1.1,18.1,11.4));
#10553=CARTESIAN_POINT('',(1.1,18.1,11.4));
#10554=CARTESIAN_POINT('',(1.1,18.1,8.23055534994651));
#10555=CARTESIAN_POINT('',(1.1,18.1,8.23055534994651));
#10556=CARTESIAN_POINT('',(0.6,18.1,8.23055534994651));
#10557=CARTESIAN_POINT('',(0.6,18.1,8.23055534994651));
#10558=CARTESIAN_POINT('',(0.85,18.1,7.79754264805429));
#10559=CARTESIAN_POINT('',(0.85,18.1,7.79754264805429));
#10560=CARTESIAN_POINT('',(0.85,18.1,7.79754264805429));
#10561=CARTESIAN_POINT('',(0.85,18.1,7.79754264805429));
#10562=CARTESIAN_POINT('',(0.334641016151378,18.1,7.5));
#10563=CARTESIAN_POINT('',(0.334641016151378,18.1,7.5));
#10564=CARTESIAN_POINT('',(0.334641016151378,18.1,7.5));
#10565=CARTESIAN_POINT('',(0.334641016151378,18.1,7.5));
#10566=CARTESIAN_POINT('',(-3.83464101615138,18.1,7.5));
#10567=CARTESIAN_POINT('',(-3.83464101615138,18.1,7.5));
#10568=CARTESIAN_POINT('',(-3.83464101615138,18.1,7.5));
#10569=CARTESIAN_POINT('',(-3.83464101615138,18.1,7.5));
#10570=CARTESIAN_POINT('',(-4.85,18.1,8.08621778264911));
#10571=CARTESIAN_POINT('',(-4.85,18.1,8.08621778264911));
#10572=CARTESIAN_POINT('',(-4.6,18.1,8.51923048454132));
#10573=CARTESIAN_POINT('',(-4.6,18.1,8.51923048454132));
#10574=CARTESIAN_POINT('',(-5.1,18.1,8.51923048454133));
#10575=CARTESIAN_POINT('',(-5.1,18.1,8.51923048454133));
#10576=CARTESIAN_POINT('',(-5.1,18.1,8.51923048454133));
#10577=CARTESIAN_POINT('',(-5.1,18.1,8.51923048454133));
#10578=CARTESIAN_POINT('',(-5.1,18.1,8.55));
#10579=CARTESIAN_POINT('',(-5.1,18.1,8.55));
#10580=CARTESIAN_POINT('',(-5.3,18.1,8.55));
#10581=CARTESIAN_POINT('',(-5.3,18.1,8.55));
#10582=CARTESIAN_POINT('',(-5.3,18.1,8.75));
#10583=CARTESIAN_POINT('',(-5.3,18.1,8.75));
#10584=CARTESIAN_POINT('',(-5.3,18.1,8.75));
#10585=CARTESIAN_POINT('',(-5.3,18.1,8.75));
#10586=CARTESIAN_POINT('',(-6.8,18.1,8.75));
#10587=CARTESIAN_POINT('',(-6.8,18.1,8.75));
#10588=CARTESIAN_POINT('',(-6.8,18.1,9.05));
#10589=CARTESIAN_POINT('',(-6.8,18.1,9.05));
#10590=CARTESIAN_POINT('',(-6.8,16.4,10.55));
#10591=CARTESIAN_POINT('',(-7.1,16.4,9.05));
#10592=CARTESIAN_POINT('',(-7.1,16.4,9.05));
#10593=CARTESIAN_POINT('',(-7.1,16.4,10.55));
#10594=CARTESIAN_POINT('',(-6.8,16.4,10.55));
#10595=CARTESIAN_POINT('',(-6.8,16.4,10.85));
#10596=CARTESIAN_POINT('',(-6.8,16.4,10.85));
#10597=CARTESIAN_POINT('',(-5.29506035085059,16.4,10.85));
#10598=CARTESIAN_POINT('',(-5.2950603508506,16.4,11.05));
#10599=CARTESIAN_POINT('',(-5.09647167692635,16.4,11.0262821040349));
#10600=CARTESIAN_POINT('',(-4.6,16.4,10.9669872981078));
#10601=CARTESIAN_POINT('',(-4.85,16.4,11.4));
#10602=CARTESIAN_POINT('',(-4.85,16.4,11.4));
#10603=CARTESIAN_POINT('',(-4.1,16.4,11.8330127018922));
#10604=CARTESIAN_POINT('',(-3.85,16.4,11.4));
#10605=CARTESIAN_POINT('',(-3.85,16.4,11.9));
#10606=CARTESIAN_POINT('',(-3.85,16.4,11.9));
#10607=CARTESIAN_POINT('',(0.6,16.4,11.9));
#10608=CARTESIAN_POINT('',(0.599999999999999,16.4,11.4));
#10609=CARTESIAN_POINT('',(1.1,16.4,11.4));
#10610=CARTESIAN_POINT('',(1.1,16.4,11.4));
#10611=CARTESIAN_POINT('',(1.1,16.4,8.23055534994651));
#10612=CARTESIAN_POINT('',(0.6,16.4,8.23055534994651));
#10613=CARTESIAN_POINT('',(0.85,16.4,7.79754264805429));
#10614=CARTESIAN_POINT('',(0.85,16.4,7.79754264805429));
#10615=CARTESIAN_POINT('',(0.334641016151378,16.4,7.5));
#10616=CARTESIAN_POINT('',(0.334641016151378,16.4,7.5));
#10617=CARTESIAN_POINT('',(-3.83464101615138,16.4,7.5));
#10618=CARTESIAN_POINT('',(-3.83464101615138,16.4,7.5));
#10619=CARTESIAN_POINT('',(-4.85,16.4,8.08621778264911));
#10620=CARTESIAN_POINT('',(-4.6,16.4,8.51923048454132));
#10621=CARTESIAN_POINT('',(-5.1,16.4,8.51923048454133));
#10622=CARTESIAN_POINT('',(-5.1,16.4,8.51923048454133));
#10623=CARTESIAN_POINT('',(-5.1,16.4,8.55));
#10624=CARTESIAN_POINT('',(-5.3,16.4,8.55));
#10625=CARTESIAN_POINT('',(-5.3,16.4,8.75));
#10626=CARTESIAN_POINT('',(-5.3,16.4,8.75));
#10627=CARTESIAN_POINT('',(-6.8,16.4,8.75));
#10628=CARTESIAN_POINT('',(-6.8,16.4,9.05));
#10629=CARTESIAN_POINT('',(-6.8,19.8,9.05));
#10630=CARTESIAN_POINT('',(-6.8,19.8,8.75));
#10631=CARTESIAN_POINT('',(-7.1,19.8,9.05));
#10632=CARTESIAN_POINT('',(-5.3,19.8,8.75));
#10633=CARTESIAN_POINT('',(-5.3,19.8,8.75));
#10634=CARTESIAN_POINT('',(-5.3,19.8,8.55));
#10635=CARTESIAN_POINT('',(-5.1,19.8,8.55));
#10636=CARTESIAN_POINT('',(-5.1,19.8,8.51923048454133));
#10637=CARTESIAN_POINT('',(-5.1,19.8,8.51923048454133));
#10638=CARTESIAN_POINT('',(-4.6,19.8,8.51923048454132));
#10639=CARTESIAN_POINT('',(-4.85,19.8,8.08621778264911));
#10640=CARTESIAN_POINT('',(-3.83464101615138,19.8,7.5));
#10641=CARTESIAN_POINT('',(-3.83464101615138,19.8,7.5));
#10642=CARTESIAN_POINT('',(0.334641016151378,19.8,7.5));
#10643=CARTESIAN_POINT('',(0.334641016151378,19.8,7.5));
#10644=CARTESIAN_POINT('',(0.85,19.8,7.79754264805429));
#10645=CARTESIAN_POINT('',(0.85,19.8,7.79754264805429));
#10646=CARTESIAN_POINT('',(0.6,19.8,8.23055534994651));
#10647=CARTESIAN_POINT('',(1.1,19.8,8.23055534994651));
#10648=CARTESIAN_POINT('',(1.1,19.8,11.4));
#10649=CARTESIAN_POINT('',(1.1,19.8,11.4));
#10650=CARTESIAN_POINT('',(0.599999999999999,19.8,11.4));
#10651=CARTESIAN_POINT('',(0.6,19.8,11.9));
#10652=CARTESIAN_POINT('',(-3.85,19.8,11.9));
#10653=CARTESIAN_POINT('',(-3.85,19.8,11.9));
#10654=CARTESIAN_POINT('',(-3.85,19.8,11.4));
#10655=CARTESIAN_POINT('',(-4.1,19.8,11.8330127018922));
#10656=CARTESIAN_POINT('',(-4.85,19.8,11.4));
#10657=CARTESIAN_POINT('',(-4.85,19.8,11.4));
#10658=CARTESIAN_POINT('',(-4.6,19.8,10.9669872981078));
#10659=CARTESIAN_POINT('',(-5.09647167692635,19.8,11.0262821040349));
#10660=CARTESIAN_POINT('',(-5.2950603508506,19.8,11.05));
#10661=CARTESIAN_POINT('',(-5.29506035085059,19.8,10.85));
#10662=CARTESIAN_POINT('',(-6.8,19.8,10.85));
#10663=CARTESIAN_POINT('',(-6.8,19.8,10.85));
#10664=CARTESIAN_POINT('',(-6.8,19.8,10.55));
#10665=CARTESIAN_POINT('',(-7.1,19.8,10.55));
#10666=CARTESIAN_POINT('',(-7.1,19.8,9.05));
#10667=CARTESIAN_POINT('',(-10.6,18.4,3.9));
#10668=CARTESIAN_POINT('',(-10.6,18.4,3.9));
#10669=CARTESIAN_POINT('',(-10.6,4.8,3.9));
#10670=CARTESIAN_POINT('',(-10.6,4.8,3.9));
#10671=CARTESIAN_POINT('',(-10.6,4.6,0.));
#10672=CARTESIAN_POINT('',(-10.6,4.6,0.));
#10673=CARTESIAN_POINT('',(-10.6,4.6,0.));
#10674=CARTESIAN_POINT('',(-10.6,4.6,0.));
#10675=CARTESIAN_POINT('',(-10.6,4.8,3.7));
#10676=CARTESIAN_POINT('',(-10.6,12.6254033307585,3.75));
#10677=CARTESIAN_POINT('',(-10.6,6.40532947051059,3.7));
#10678=CARTESIAN_POINT('',(-10.6,4.6,3.7));
#10679=CARTESIAN_POINT('',(-10.6,4.6,3.7));
#10680=CARTESIAN_POINT('',(-10.6,4.8,3.7));
#10681=CARTESIAN_POINT('',(-10.6,4.8,3.7));
#10682=CARTESIAN_POINT('',(-10.6,4.6,3.7));
#10683=CARTESIAN_POINT('',(-10.6,4.6,3.7));
#10684=CARTESIAN_POINT('',(-10.6,18.4,11.4));
#10685=CARTESIAN_POINT('',(-10.6,18.4,11.4));
#10686=CARTESIAN_POINT('',(-10.6,4.8,11.4));
#10687=CARTESIAN_POINT('',(-10.6,4.8,11.4));
#10688=CARTESIAN_POINT('',(-10.6,4.6,7.5));
#10689=CARTESIAN_POINT('',(-10.6,4.6,7.5));
#10690=CARTESIAN_POINT('',(-10.6,4.6,7.5));
#10691=CARTESIAN_POINT('',(-10.6,4.6,7.5));
#10692=CARTESIAN_POINT('',(-10.6,4.8,11.2));
#10693=CARTESIAN_POINT('',(-10.6,12.6254033307585,11.25));
#10694=CARTESIAN_POINT('',(-10.6,6.40532947051059,11.2));
#10695=CARTESIAN_POINT('',(-10.6,4.6,11.2));
#10696=CARTESIAN_POINT('',(-10.6,4.6,11.2));
#10697=CARTESIAN_POINT('',(-10.6,4.8,11.2));
#10698=CARTESIAN_POINT('',(-10.6,4.8,11.2));
#10699=CARTESIAN_POINT('',(-10.6,4.6,11.2));
#10700=CARTESIAN_POINT('',(-10.6,4.6,11.2));
#10701=CARTESIAN_POINT('',(-10.9567256581192,6.70465783866992,3.75));
#10702=CARTESIAN_POINT('',(-10.9567256581192,6.70465783866992,3.75));
#10703=CARTESIAN_POINT('',(-9.2,13.4,3.75));
#10704=CARTESIAN_POINT('',(-10.8,13.4,3.75));
#10705=CARTESIAN_POINT('',(-12.85,21.05,3.75));
#10706=CARTESIAN_POINT('',(-12.6584888892203,21.2106969024216,1.00922588654526));
#10707=CARTESIAN_POINT('',(-12.708741515548,21.2705856503851,1.32183598593873));
#10708=CARTESIAN_POINT('',(-12.7797943824536,21.3,1.63602529454033));
#10709=CARTESIAN_POINT('',(-12.85,21.3,1.95000000000001));
#10710=CARTESIAN_POINT('',(-12.6584888892203,21.2106969024216,2.89077411345475));
#10711=CARTESIAN_POINT('',(-12.708741515548,21.2705856503851,2.57816401406128));
#10712=CARTESIAN_POINT('',(-12.7797943824536,21.3,2.26397470545969));
#10713=CARTESIAN_POINT('',(-12.85,21.3,1.95000000000001));
#10714=CARTESIAN_POINT('',(-7.1,11.3009244973838,3.75));
#10715=CARTESIAN_POINT('',(-10.8,13.4,3.75));
#10716=CARTESIAN_POINT('',(-10.8,17.5129063118898,3.75));
#10717=CARTESIAN_POINT('',(-10.8,17.5129063118898,3.75));
#10718=CARTESIAN_POINT('',(-12.3935822227524,15.6137489728304,4.15));
#10719=CARTESIAN_POINT('',(-10.3935822227524,17.9972561580188,3.75));
#10720=CARTESIAN_POINT('',(-10.3935822227524,17.9972561580188,4.15));
#10721=CARTESIAN_POINT('',(-12.3935822227524,15.6137489728304,4.15));
#10722=CARTESIAN_POINT('',(-12.3935822227524,15.6137489728304,4.15));
#10723=CARTESIAN_POINT('',(-12.3935822227524,15.6137489728304,4.15));
#10724=CARTESIAN_POINT('',(-10.7,18.2543712018934,3.75));
#10725=CARTESIAN_POINT('',(-10.7,18.2543712018934,4.15));
#10726=CARTESIAN_POINT('',(-10.9567256581192,6.70465783866992,11.25));
#10727=CARTESIAN_POINT('',(-10.9567256581192,6.70465783866992,11.25));
#10728=CARTESIAN_POINT('',(-9.2,13.4,11.25));
#10729=CARTESIAN_POINT('',(-10.8,13.4,11.25));
#10730=CARTESIAN_POINT('',(-12.85,21.05,11.25));
#10731=CARTESIAN_POINT('',(-12.6584888892203,21.2106969024216,8.50922588654526));
#10732=CARTESIAN_POINT('',(-12.708741515548,21.2705856503851,8.82183598593873));
#10733=CARTESIAN_POINT('',(-12.7797943824535,21.3,9.13602529454035));
#10734=CARTESIAN_POINT('',(-12.85,21.3,9.45000000000001));
#10735=CARTESIAN_POINT('',(-12.6584888892203,21.2106969024216,10.3907741134548));
#10736=CARTESIAN_POINT('',(-12.708741515548,21.2705856503851,10.0781640140613));
#10737=CARTESIAN_POINT('',(-12.7797943824535,21.3,9.76397470545967));
#10738=CARTESIAN_POINT('',(-12.85,21.3,9.45000000000001));
#10739=CARTESIAN_POINT('',(-7.1,11.3009244973838,11.25));
#10740=CARTESIAN_POINT('',(-10.8,13.4,11.25));
#10741=CARTESIAN_POINT('',(-10.8,17.5129063118898,11.25));
#10742=CARTESIAN_POINT('',(-10.8,17.5129063118898,11.25));
#10743=CARTESIAN_POINT('',(-12.3935822227524,15.6137489728304,11.65));
#10744=CARTESIAN_POINT('',(-10.3935822227524,17.9972561580188,11.25));
#10745=CARTESIAN_POINT('',(-10.3935822227524,17.9972561580188,11.65));
#10746=CARTESIAN_POINT('',(-12.3935822227524,15.6137489728304,11.65));
#10747=CARTESIAN_POINT('',(-12.3935822227524,15.6137489728304,11.65));
#10748=CARTESIAN_POINT('',(-12.3935822227524,15.6137489728304,11.65));
#10749=CARTESIAN_POINT('',(-10.7,18.2543712018934,11.25));
#10750=CARTESIAN_POINT('',(-10.7,18.2543712018934,11.65));
#10751=CARTESIAN_POINT('',(-12.7,15.870864016705,4.15));
#10752=CARTESIAN_POINT('',(-12.7,15.870864016705,4.15));
#10753=CARTESIAN_POINT('',(-12.7,15.870864016705,4.15));
#10754=CARTESIAN_POINT('',(-12.85,21.05,4.15));
#10755=CARTESIAN_POINT('',(-10.6,19.3,4.15));
#10756=CARTESIAN_POINT('',(-12.7,15.870864016705,11.65));
#10757=CARTESIAN_POINT('',(-12.7,15.870864016705,11.65));
#10758=CARTESIAN_POINT('',(-12.7,15.870864016705,11.65));
#10759=CARTESIAN_POINT('',(-12.85,21.05,11.65));
#10760=CARTESIAN_POINT('',(-10.6,19.3,11.65));
#10761=CARTESIAN_POINT('',(-10.6,19.3,0.149999999999996));
#10762=CARTESIAN_POINT('',(-10.6,20.4366231221289,3.9851124987726));
#10763=CARTESIAN_POINT('',(-10.6,16.3,1.95000000000001));
#10764=CARTESIAN_POINT('',(-10.6,21.1155841413517,3.29541791929563));
#10765=CARTESIAN_POINT('',(-10.6,20.152467298736,3.0263343867822));
#10766=CARTESIAN_POINT('',(-10.6,16.3,1.95000000000001));
#10767=CARTESIAN_POINT('',(-10.6,21.11558412342,0.604582016522243));
#10768=CARTESIAN_POINT('',(-10.6,20.152467298736,0.873665613217806));
#10769=CARTESIAN_POINT('',(-10.6,20.4366231238878,-0.0851124982513423));
#10770=CARTESIAN_POINT('',(-10.6,19.3,3.7499999999999));
#10771=CARTESIAN_POINT('',(-10.6,19.3,7.65));
#10772=CARTESIAN_POINT('',(-10.6,20.4366231221289,11.4851124987726));
#10773=CARTESIAN_POINT('',(-10.6,16.3,9.45000000000001));
#10774=CARTESIAN_POINT('',(-10.6,21.1155841413517,10.7954179192956));
#10775=CARTESIAN_POINT('',(-10.6,20.152467298736,10.5263343867822));
#10776=CARTESIAN_POINT('',(-10.6,16.3,9.45000000000001));
#10777=CARTESIAN_POINT('',(-10.6,21.11558412342,8.10458201652224));
#10778=CARTESIAN_POINT('',(-10.6,20.152467298736,8.3736656132178));
#10779=CARTESIAN_POINT('',(-10.6,20.4366231238878,7.41488750174866));
#10780=CARTESIAN_POINT('',(-10.6,19.3,11.2499999999999));
#10781=CARTESIAN_POINT('',(-6.22808899581079,13.9917626778379,13.));
#10782=CARTESIAN_POINT('',(-6.60247119664863,13.9434101422703,13.));
#10783=CARTESIAN_POINT('',(-6.60247119664863,13.9434101422703,13.));
#10784=CARTESIAN_POINT('',(-6.22808899581079,13.9917626778379,13.));
#10785=CARTESIAN_POINT('',(-6.22808899581079,13.9917626778379,13.));
#10786=CARTESIAN_POINT('',(-6.22808899581079,13.9917626778379,13.));
#10787=CARTESIAN_POINT('',(-6.5,13.15,13.));
#10788=CARTESIAN_POINT('',(-7.1157699732231,12.6392874193082,13.));
#10789=CARTESIAN_POINT('',(-7.1157699732231,12.6392874193082,13.));
#10790=CARTESIAN_POINT('',(-6.5,13.15,13.));
#10791=CARTESIAN_POINT('',(-7.1157699732231,12.6392874193083,13.));
#10792=CARTESIAN_POINT('',(-6.20788498661155,11.5446437096541,13.));
#10793=CARTESIAN_POINT('',(-6.20788498661155,11.5446437096541,13.));
#10794=CARTESIAN_POINT('',(-7.1157699732231,12.6392874193083,13.));
#10795=CARTESIAN_POINT('',(-5.9,11.8,13.));
#10796=CARTESIAN_POINT('',(-5.52433496505108,11.6626108391582,13.));
#10797=CARTESIAN_POINT('',(-5.52433496505108,11.6626108391582,13.));
#10798=CARTESIAN_POINT('',(-5.9,11.8,13.));
#10799=CARTESIAN_POINT('',(-5.52433496505108,11.6626108391582,13.));
#10800=CARTESIAN_POINT('',(-5.1608374126277,12.6565270978954,13.));
#10801=CARTESIAN_POINT('',(-5.1608374126277,12.6565270978954,13.));
#10802=CARTESIAN_POINT('',(-5.52433496505108,11.6626108391582,13.));
#10803=CARTESIAN_POINT('',(-6.1,13.,13.));
#10804=CARTESIAN_POINT('',(-6.1,13.,13.));
#10805=CARTESIAN_POINT('',(-2.8,10.444141192149,13.4));
#10806=CARTESIAN_POINT('',(-2.8,8.8,13.4));
#10807=CARTESIAN_POINT('',(-2.8,8.8,13.3647346038583));
#10808=CARTESIAN_POINT('',(-2.8,10.3885335310494,13.0846332825742));
#10809=CARTESIAN_POINT('',(-2.6,8.8,13.4));
#10810=CARTESIAN_POINT('',(-2.6,8.6,13.4));
#10811=CARTESIAN_POINT('',(-2.6,8.6,13.4));
#10812=CARTESIAN_POINT('',(-2.6,8.8,13.3647346038583));
#10813=CARTESIAN_POINT('',(-2.6,8.6,13.4));
#10814=CARTESIAN_POINT('',(-1.10801713040536,8.6,13.4));
#10815=CARTESIAN_POINT('',(-1.10801713040536,8.6,13.4));
#10816=CARTESIAN_POINT('',(-2.6,8.6,13.4));
#10817=CARTESIAN_POINT('',(-1.10801713040535,8.79999999999999,13.4));
#10818=CARTESIAN_POINT('',(-0.914831965147545,8.74823619097949,13.4));
#10819=CARTESIAN_POINT('',(-0.914831965147545,8.74823619097949,13.3738619600129));
#10820=CARTESIAN_POINT('',(-1.10801713040535,8.79999999999999,13.3647346038583));
#10821=CARTESIAN_POINT('',(-0.914831965147545,8.74823619097949,13.4));
#10822=CARTESIAN_POINT('',(-0.754368113923907,9.34709543652428,13.4));
#10823=CARTESIAN_POINT('',(-0.754368113923907,9.34709543652428,13.2682669173766));
#10824=CARTESIAN_POINT('',(-0.915951693926431,8.74405730628599,13.3745988101336));
#10825=CARTESIAN_POINT('',(-1.04414586181063,9.42474115005504,13.4));
#10826=CARTESIAN_POINT('',(-0.872072930905314,9.67048676334174,13.4));
#10827=CARTESIAN_POINT('',(-0.872072930905314,9.67048676334174,13.2112443011316));
#10828=CARTESIAN_POINT('',(-1.04414586181063,9.42474115005504,13.2545758831448));
#10829=CARTESIAN_POINT('',(-0.872072930905314,9.67048676334174,13.4));
#10830=CARTESIAN_POINT('',(-2.32792706909469,10.6898868054357,13.4));
#10831=CARTESIAN_POINT('',(-2.32792706909469,10.6898868054357,13.0314965695751));
#10832=CARTESIAN_POINT('',(-0.856593500889265,9.65964794975731,13.2131554764054));
#10833=CARTESIAN_POINT('',(-2.5,10.444141192149,13.4));
#10834=CARTESIAN_POINT('',(-2.34335942273764,10.7,13.4));
#10835=CARTESIAN_POINT('',(-2.34335942273764,10.7,13.0297133405122));
#10836=CARTESIAN_POINT('',(-2.5,10.444141192149,13.0748281515882));
#10837=CARTESIAN_POINT('',(-3.,10.7,13.0297133405122));
#10838=CARTESIAN_POINT('',(-3.,10.7,13.0297133405122));
#10839=CARTESIAN_POINT('',(-3.,8.6,13.4));
#10840=CARTESIAN_POINT('',(-6.22808899581079,13.9917626778379,13.));
#10841=CARTESIAN_POINT('',(-6.60247119664863,13.9434101422703,13.));
#10842=CARTESIAN_POINT('',(-6.5640444979054,13.6458813389189,13.3));
#10843=CARTESIAN_POINT('',(-6.18966229706755,13.6942338744865,13.3));
#10844=CARTESIAN_POINT('',(-6.18966229706755,13.6942338744865,13.3));
#10845=CARTESIAN_POINT('',(-6.22808899581079,13.9917626778379,13.));
#10846=CARTESIAN_POINT('',(-6.5,13.15,13.));
#10847=CARTESIAN_POINT('',(-7.1157699732231,12.6392874193082,13.));
#10848=CARTESIAN_POINT('',(-6.88485623326444,12.8308046370677,13.3));
#10849=CARTESIAN_POINT('',(-6.5,13.15,13.3));
#10850=CARTESIAN_POINT('',(-7.1157699732231,12.6392874193083,13.));
#10851=CARTESIAN_POINT('',(-6.20788498661155,11.5446437096541,13.));
#10852=CARTESIAN_POINT('',(-5.97697124665289,11.7361609274135,13.3));
#10853=CARTESIAN_POINT('',(-6.88485623326444,12.8308046370677,13.3));
#10854=CARTESIAN_POINT('',(-5.9,11.8,13.));
#10855=CARTESIAN_POINT('',(-5.52433496505108,11.6626108391582,13.));
#10856=CARTESIAN_POINT('',(-5.80608374126277,11.7656527097895,13.3));
#10857=CARTESIAN_POINT('',(-5.9,11.8,13.3));
#10858=CARTESIAN_POINT('',(-5.52433496505108,11.6626108391582,13.));
#10859=CARTESIAN_POINT('',(-5.1608374126277,12.6565270978954,13.));
#10860=CARTESIAN_POINT('',(-5.44258618883939,12.7595689685268,13.3));
#10861=CARTESIAN_POINT('',(-5.80608374126277,11.7656527097895,13.3));
#10862=CARTESIAN_POINT('',(-6.1,13.,13.));
#10863=CARTESIAN_POINT('',(-6.1,13.,13.3));
#10864=CARTESIAN_POINT('',(-6.5,13.15,13.3));
#10865=MECHANICAL_DESIGN_GEOMETRIC_PRESENTATION_REPRESENTATION('',(#4930,
#4931,#4932,#4933,#4934,#4935,#4936,#4937,#4938,#4939,#4940,#4941,#4942,
#4943,#4944,#4945,#4946,#4947,#4948,#4949,#4950,#4951,#4952,#4953,#4954,
#4955,#4956,#4957,#4958,#4959,#4960,#4961,#4962,#4963,#4964,#4965,#4966,
#4967,#4968,#4969,#4970,#4971,#4972,#4973,#4974,#4975,#4976,#4977,#4978,
#4979,#4980,#4981,#4982,#4983,#4984,#4985,#4986,#4987,#4988,#4989,#4990,
#4991,#4992,#4993,#4994,#4995,#4996,#4997,#4998,#4999,#5000,#5001,#5002,
#5003,#5004,#5005,#5006,#5007,#5008,#5009,#5010,#5011,#5012,#5013,#5014,
#5015,#5016,#5017,#5018,#5019,#5020,#5021,#5022,#5023,#5024,#5025,#5026,
#5027,#5028,#5029,#5030,#5031,#5032,#5033,#5034,#5035,#5036,#5037,#5038,
#5039,#5040,#5041,#5042,#5043,#5044,#5045,#5046,#5047,#5048,#5049,#5050,
#5051,#5052,#5053,#5054,#5055,#5056,#5057,#5058,#5059,#5060,#5061,#5062,
#5063,#5064,#5065,#5066,#5067,#5068,#5069,#5070,#5071,#5072,#5073,#5074,
#5075,#5076,#5077,#5078,#5079,#5080,#5081,#5082,#5083,#5084,#5085,#5086,
#5087,#5088,#5089,#5090,#5091,#5092,#5093,#5094,#5095,#5096,#5097,#5098,
#5099,#5100,#5101,#5102,#5103,#5104,#5105,#5106,#5107,#5108,#5109,#5110,
#5111,#5112,#5113,#5114,#5115,#5116,#5117,#5118,#5119,#5120,#5121,#5122,
#5123,#5124,#5125,#5126,#5127,#5128,#5129,#5130,#5131,#5132,#5133,#5134,
#5135,#5136,#5137,#5138,#5139,#5140,#5141,#5142,#5143,#5144,#5145,#5146,
#5147,#5148,#5149,#5150,#5151,#5152,#5153,#5154,#5155,#5156,#5157,#5158,
#5159,#5160,#5161,#5162,#5163,#5164,#5165,#5166,#5167,#5168,#5169,#5170,
#5171,#5172,#5173,#5174,#5175,#5176,#5177,#5178,#5179,#5180,#5181,#5182,
#5183,#5184,#5185,#5186,#5187,#5188,#5189,#5190,#5191,#5192,#5193,#5194,
#5195,#5196,#5197,#5198,#5199,#5200,#5201,#5202,#5203,#5204,#5205,#5206,
#5207,#5208,#5209,#5210,#5211,#5212,#5213,#5214,#5215,#5216,#5217),#10866);
#10866=(
GEOMETRIC_REPRESENTATION_CONTEXT(3)
GLOBAL_UNCERTAINTY_ASSIGNED_CONTEXT((#10867))
GLOBAL_UNIT_ASSIGNED_CONTEXT((#10870,#10869,#10868))
REPRESENTATION_CONTEXT('2604-3302','TOP_LEVEL_ASSEMBLY_PART')
);
#10867=UNCERTAINTY_MEASURE_WITH_UNIT(LENGTH_MEASURE(1.E-5),#10870,
'DISTANCE_ACCURACY_VALUE','Maximum Tolerance applied to model');
#10868=(
NAMED_UNIT(*)
SI_UNIT($,.STERADIAN.)
SOLID_ANGLE_UNIT()
);
#10869=(
NAMED_UNIT(*)
PLANE_ANGLE_UNIT()
SI_UNIT($,.RADIAN.)
);
#10870=(
LENGTH_UNIT()
NAMED_UNIT(*)
SI_UNIT(.MILLI.,.METRE.)
);
#10871=PRODUCT_DEFINITION_SHAPE('','',#10872);
#10872=PRODUCT_DEFINITION('','',#10874,#10873);
#10873=PRODUCT_DEFINITION_CONTEXT('',#10880,'design');
#10874=PRODUCT_DEFINITION_FORMATION_WITH_SPECIFIED_SOURCE('','',#10876,
 .NOT_KNOWN.);
#10875=PRODUCT_RELATED_PRODUCT_CATEGORY('','',(#10876));
#10876=PRODUCT('2604-3302','2604-3302','2604-3302',(#10878));
#10877=PRODUCT_CATEGORY('','');
#10878=PRODUCT_CONTEXT('',#10880,'mechanical');
#10879=APPLICATION_PROTOCOL_DEFINITION('international standard',
'ap242_managed_model_based_3d_engineering',2011,#10880);
#10880=APPLICATION_CONTEXT('managed model based 3d engineering');
ENDSEC;
END-ISO-10303-21;
